Fecha,Hora,PiezasProducidas
7/28/2025,00:01:59,849
7/28/2025,00:06:59,0
7/28/2025,00:11:59,0
7/28/2025,00:16:59,0
7/28/2025,00:21:59,0
7/28/2025,00:26:59,0
7/28/2025,00:31:59,0
7/28/2025,00:36:59,0
7/28/2025,00:41:59,0
7/28/2025,00:46:59,0
7/28/2025,00:51:59,0
7/28/2025,00:56:59,0
7/28/2025,01:01:59,0
7/28/2025,01:06:59,0
7/28/2025,01:11:59,0
7/28/2025,01:16:59,0
7/28/2025,01:21:59,0
7/28/2025,01:26:59,0
7/28/2025,01:31:59,0
7/28/2025,01:36:59,0
7/28/2025,01:41:59,0
7/28/2025,01:46:59,0
7/28/2025,01:51:59,0
7/28/2025,01:56:59,0
7/28/2025,02:01:59,0
7/28/2025,02:06:59,0
7/28/2025,02:11:59,0
7/28/2025,02:16:59,0
7/28/2025,02:21:59,0
7/28/2025,02:26:59,0
7/28/2025,02:31:59,0
7/28/2025,02:36:59,0
7/28/2025,02:41:59,0
7/28/2025,02:46:59,0
7/28/2025,02:51:59,0
7/28/2025,02:56:59,0
7/28/2025,03:01:59,0
7/28/2025,03:06:59,0
7/28/2025,03:11:59,0
7/28/2025,03:16:59,0
7/28/2025,03:21:59,0
7/28/2025,03:26:59,0
7/28/2025,03:31:59,0
7/28/2025,03:36:59,0
7/28/2025,03:41:59,0
7/28/2025,03:46:59,0
7/28/2025,03:51:59,0
7/28/2025,03:56:59,0
7/28/2025,04:01:59,0
7/28/2025,04:06:59,0
7/28/2025,04:11:59,0
7/28/2025,04:16:59,0
7/28/2025,04:21:59,0
7/28/2025,04:26:59,0
7/28/2025,04:31:59,0
7/28/2025,04:36:59,0
7/28/2025,04:41:59,0
7/28/2025,04:46:59,0
7/28/2025,04:51:59,0
7/28/2025,04:57:00,0
7/28/2025,05:02:00,0
7/28/2025,05:07:00,0
7/28/2025,05:12:00,0
7/28/2025,05:17:00,0
7/28/2025,05:22:00,0
7/28/2025,05:27:00,0
7/28/2025,05:32:00,0
7/28/2025,05:37:00,0
7/28/2025,05:42:00,0
7/28/2025,05:47:00,0
7/28/2025,05:52:00,0
7/28/2025,05:57:00,0
7/28/2025,06:02:00,0
7/28/2025,06:07:00,0
7/28/2025,06:12:00,0
7/28/2025,06:17:00,0
7/28/2025,06:22:00,0
7/28/2025,06:27:00,0
7/28/2025,06:32:00,0
7/28/2025,06:37:00,0
7/28/2025,06:42:00,0
7/28/2025,06:47:00,0
7/28/2025,06:52:00,0
7/28/2025,06:57:00,0
7/28/2025,07:02:00,0
7/28/2025,07:07:00,0
7/28/2025,07:12:00,0
7/28/2025,07:17:00,0
7/28/2025,07:22:00,0
7/28/2025,07:27:00,0
7/28/2025,07:32:00,0
7/28/2025,07:37:00,0
7/28/2025,07:42:00,0
7/28/2025,07:47:00,0
7/28/2025,07:52:00,0
7/28/2025,07:57:00,2
7/28/2025,08:02:00,0
7/28/2025,08:07:00,0
7/28/2025,08:12:00,1
7/28/2025,08:17:00,3
7/28/2025,08:22:00,0
7/28/2025,08:27:00,0
7/28/2025,08:32:00,0
7/28/2025,08:37:00,0
7/28/2025,08:42:00,0
7/28/2025,08:47:00,0
7/28/2025,08:52:00,0
7/28/2025,08:57:00,0
7/28/2025,09:02:00,0
7/28/2025,09:07:00,3
7/28/2025,09:12:00,11
7/28/2025,09:17:00,14
7/28/2025,09:22:00,14
7/28/2025,09:27:00,11
7/28/2025,09:32:00,15
7/28/2025,09:37:00,15
7/28/2025,09:42:00,4
7/28/2025,09:47:00,9
7/28/2025,09:52:00,1
7/28/2025,09:57:00,1
7/28/2025,10:02:00,9
7/28/2025,10:07:00,12
7/28/2025,10:12:00,7
7/28/2025,10:17:00,6
7/28/2025,10:22:00,6
7/28/2025,10:27:00,6
7/28/2025,10:32:00,10
7/28/2025,10:37:00,14
7/28/2025,10:42:00,11
7/28/2025,10:47:00,2
7/28/2025,10:52:00,14
7/28/2025,10:57:00,14
7/28/2025,11:02:00,10
7/28/2025,11:07:00,1
7/28/2025,11:12:00,13
7/28/2025,11:17:00,15
7/28/2025,11:22:00,14
7/28/2025,11:27:00,15
7/28/2025,11:32:00,14
7/28/2025,11:37:00,11
7/28/2025,11:42:00,15
7/28/2025,11:47:00,11
7/28/2025,11:52:00,12
7/28/2025,11:57:00,7
7/28/2025,12:02:00,7
7/28/2025,12:07:00,14
7/28/2025,12:12:00,14
7/28/2025,12:17:00,14
7/28/2025,12:22:00,10
7/28/2025,12:27:00,7
7/28/2025,12:32:00,11
7/28/2025,12:37:00,14
7/28/2025,12:42:00,14
7/28/2025,12:47:00,11
7/28/2025,12:52:00,14
7/28/2025,12:57:00,14
7/28/2025,13:02:00,5
7/28/2025,13:07:00,1
7/28/2025,13:12:00,8
7/28/2025,13:17:00,2
7/28/2025,13:22:00,3
7/28/2025,13:27:00,12
7/28/2025,13:32:00,5
7/28/2025,13:37:00,14
7/28/2025,13:42:00,14
7/28/2025,13:47:00,3
7/28/2025,13:52:00,4
7/28/2025,13:57:00,8
7/28/2025,14:02:00,1
7/28/2025,14:07:00,7
7/28/2025,14:12:00,8
7/28/2025,14:17:00,0
7/28/2025,14:22:00,6
7/28/2025,14:27:00,13
7/28/2025,14:32:00,13
7/28/2025,14:37:00,10
7/28/2025,14:42:00,7
7/28/2025,14:47:00,0
7/28/2025,14:52:00,13
7/28/2025,14:57:00,15
7/28/2025,15:02:00,2
7/28/2025,15:07:00,0
7/28/2025,15:12:00,3
7/28/2025,15:17:00,8
7/28/2025,15:22:00,13
7/28/2025,15:27:00,5
7/28/2025,15:32:00,15
7/28/2025,15:37:00,13
7/28/2025,15:42:00,14
7/28/2025,15:47:00,10
7/28/2025,15:52:00,13
7/28/2025,15:57:00,7
7/28/2025,16:02:00,2
7/28/2025,16:07:00,12
7/28/2025,16:12:00,13
7/28/2025,16:17:00,15
7/28/2025,16:22:00,14
7/28/2025,16:27:00,15
7/28/2025,16:32:00,15
7/28/2025,16:37:00,14
7/28/2025,16:42:00,14
7/28/2025,16:47:00,11
7/28/2025,16:52:00,14
7/28/2025,16:57:00,10
7/28/2025,17:02:00,13
7/28/2025,17:07:00,15
7/28/2025,17:12:00,8
7/28/2025,17:17:00,6
7/28/2025,17:22:00,1
7/28/2025,17:27:00,14
7/28/2025,17:32:00,13
7/28/2025,17:37:00,10
7/28/2025,17:42:00,9
7/28/2025,17:47:00,14
7/28/2025,17:52:00,15
7/28/2025,17:57:00,15
7/28/2025,18:02:00,13
7/28/2025,18:07:00,9
7/28/2025,18:12:00,14
7/28/2025,18:17:00,15
7/28/2025,18:22:00,15
7/28/2025,18:27:00,15
7/28/2025,18:32:00,15
7/28/2025,18:37:00,13
7/28/2025,18:42:00,14
7/28/2025,18:47:00,15
7/28/2025,18:52:00,15
7/28/2025,18:57:00,13
7/28/2025,19:02:00,15
7/28/2025,19:07:00,14
7/28/2025,19:12:00,14
7/28/2025,19:17:00,8
7/28/2025,19:22:00,14
7/28/2025,19:27:00,14
7/28/2025,19:32:00,14
7/28/2025,19:37:00,15
7/28/2025,19:42:00,14
7/28/2025,19:47:00,15
7/28/2025,19:52:00,15
7/28/2025,19:57:00,10
7/28/2025,20:02:00,15
7/28/2025,20:07:00,11
7/28/2025,20:12:00,11
7/28/2025,20:17:00,14
7/28/2025,20:22:00,8
7/28/2025,20:27:00,8
7/28/2025,20:32:00,15
7/28/2025,20:37:00,14
7/28/2025,20:42:00,14
7/28/2025,20:47:00,15
7/28/2025,20:52:00,15
7/28/2025,20:57:00,15
7/28/2025,21:02:00,13
7/28/2025,21:07:00,15
7/28/2025,21:12:00,14
7/28/2025,21:17:00,14
7/28/2025,21:22:00,15
7/28/2025,21:27:00,14
7/28/2025,21:32:00,15
7/28/2025,21:37:00,14
7/28/2025,21:42:00,15
7/28/2025,21:47:00,15
7/28/2025,21:52:00,14
7/28/2025,21:57:00,15
7/28/2025,22:02:00,14
7/28/2025,22:07:00,15
7/28/2025,22:12:00,13
7/28/2025,22:17:00,15
7/28/2025,22:22:00,13
7/28/2025,22:27:00,15
7/28/2025,22:32:00,14
7/28/2025,22:37:00,12
7/28/2025,22:42:00,7
7/28/2025,22:47:00,13
7/28/2025,22:52:00,14
7/28/2025,22:57:00,15
7/28/2025,23:02:00,1
7/28/2025,23:07:00,15
7/28/2025,23:12:00,13
7/28/2025,23:17:00,14
7/28/2025,23:22:00,14
7/28/2025,23:27:00,13
7/28/2025,23:32:00,11
7/28/2025,23:37:00,5
7/28/2025,23:42:00,14
7/28/2025,23:47:00,12
7/28/2025,23:52:00,9
7/28/2025,23:57:00,4
7/29/2025,00:02:00,13
7/29/2025,00:07:00,13
7/29/2025,00:12:00,12
7/29/2025,00:17:00,13
7/29/2025,00:22:00,5
7/29/2025,00:27:00,13
7/29/2025,00:32:00,12
7/29/2025,00:37:00,2
7/29/2025,00:42:00,10
7/29/2025,00:47:00,7
7/29/2025,00:52:00,7
7/29/2025,00:57:00,7
7/29/2025,01:02:00,7
7/29/2025,01:07:00,11
7/29/2025,01:12:00,6
7/29/2025,01:17:00,2
7/29/2025,01:22:00,14
7/29/2025,01:27:00,8
7/29/2025,01:32:00,0
7/29/2025,01:37:03,8
7/29/2025,01:42:03,14
7/29/2025,01:47:03,15
7/29/2025,01:52:03,14
7/29/2025,01:57:03,13
7/29/2025,02:02:03,14
7/29/2025,02:07:03,14
7/29/2025,02:12:03,13
7/29/2025,02:17:03,6
7/29/2025,02:22:03,4
7/29/2025,02:27:03,10
7/29/2025,02:32:03,14
7/29/2025,02:37:03,14
7/29/2025,02:42:03,15
7/29/2025,02:47:03,13
7/29/2025,02:52:03,15
7/29/2025,02:57:03,14
7/29/2025,03:02:03,14
7/29/2025,03:07:03,10
7/29/2025,03:12:03,14
7/29/2025,03:17:03,13
7/29/2025,03:22:03,14
7/29/2025,03:27:03,8
7/29/2025,03:32:03,14
7/29/2025,03:37:03,14
7/29/2025,03:42:03,9
7/29/2025,03:47:03,12
7/29/2025,03:52:03,15
7/29/2025,03:57:03,13
7/29/2025,04:02:03,11
7/29/2025,04:07:03,15
7/29/2025,04:12:03,4
7/29/2025,04:17:03,9
7/29/2025,04:22:03,15
7/29/2025,04:27:03,13
7/29/2025,04:32:03,14
7/29/2025,04:37:03,15
7/29/2025,04:42:03,14
7/29/2025,04:47:03,13
7/29/2025,04:52:03,13
7/29/2025,04:57:03,14
7/29/2025,05:02:03,15
7/29/2025,05:07:03,9
7/29/2025,05:12:03,13
7/29/2025,05:17:03,15
7/29/2025,05:22:03,12
7/29/2025,05:27:03,13
7/29/2025,05:32:03,13
7/29/2025,05:37:03,14
7/29/2025,05:42:03,14
7/29/2025,05:47:03,9
7/29/2025,05:52:03,15
7/29/2025,05:57:03,14
7/29/2025,06:02:03,14
7/29/2025,06:07:03,14
7/29/2025,06:12:03,14
7/29/2025,06:17:03,14
7/29/2025,06:22:03,14
7/29/2025,06:27:03,12
7/29/2025,06:32:03,10
7/29/2025,06:37:03,10
7/29/2025,06:42:03,9
7/29/2025,06:47:03,12
7/29/2025,06:52:03,7
7/29/2025,06:57:03,11
7/29/2025,07:02:03,2
7/29/2025,07:07:03,0
7/29/2025,07:12:03,0
7/29/2025,07:17:03,0
7/29/2025,07:22:03,1
7/29/2025,07:27:03,14
7/29/2025,07:32:03,13
7/29/2025,07:37:03,11
7/29/2025,07:42:03,11
7/29/2025,07:47:03,11
7/29/2025,07:52:03,13
7/29/2025,07:57:03,15
7/29/2025,08:02:03,14
7/29/2025,08:07:03,13
7/29/2025,08:12:03,14
7/29/2025,08:17:03,15
7/29/2025,08:22:03,5
7/29/2025,08:27:03,0
7/29/2025,08:32:03,14
7/29/2025,08:37:03,14
7/29/2025,08:42:03,10
7/29/2025,08:47:03,14
7/29/2025,08:52:03,15
7/29/2025,08:57:03,13
7/29/2025,09:02:03,15
7/29/2025,09:07:03,15
7/29/2025,09:12:03,10
7/29/2025,09:17:03,0
7/29/2025,09:22:03,6
7/29/2025,09:27:03,14
7/29/2025,09:32:03,15
7/29/2025,09:37:03,5
7/29/2025,09:42:03,7
7/29/2025,09:47:03,12
7/29/2025,09:52:03,15
7/29/2025,09:57:03,15
7/29/2025,10:02:03,14
7/29/2025,10:07:03,14
7/29/2025,10:12:03,15
7/29/2025,10:17:03,14
7/29/2025,10:22:03,14
7/29/2025,10:27:03,9
7/29/2025,10:32:03,15
7/29/2025,10:37:03,13
7/29/2025,10:42:03,14
7/29/2025,10:47:03,15
7/29/2025,10:52:03,14
7/29/2025,10:57:03,13
7/29/2025,11:02:03,11
7/29/2025,11:07:03,1
7/29/2025,11:12:03,8
7/29/2025,11:17:03,15
7/29/2025,11:22:03,15
7/29/2025,11:27:03,10
7/29/2025,11:32:03,13
7/29/2025,11:37:03,13
7/29/2025,11:42:03,12
7/29/2025,11:47:03,14
7/29/2025,11:52:03,14
7/29/2025,11:57:03,15
7/29/2025,12:02:03,11
7/29/2025,12:07:03,13
7/29/2025,12:12:03,9
7/29/2025,12:17:03,14
7/29/2025,12:22:03,9
7/29/2025,12:27:03,14
7/29/2025,12:32:03,14
7/29/2025,12:37:03,10
7/29/2025,12:42:03,12
7/29/2025,12:47:03,11
7/29/2025,12:52:03,12
7/29/2025,12:57:03,15
7/29/2025,13:02:03,3
7/29/2025,13:07:03,1
7/29/2025,13:12:03,9
7/29/2025,13:17:03,14
7/29/2025,13:22:03,14
7/29/2025,13:27:03,15
7/29/2025,13:32:03,12
7/29/2025,13:37:03,12
7/29/2025,13:42:03,14
7/29/2025,13:47:03,12
7/29/2025,13:52:03,13
7/29/2025,13:57:03,12
7/29/2025,14:02:03,1
7/29/2025,14:07:03,0
7/29/2025,14:12:03,9
7/29/2025,14:17:03,15
7/29/2025,14:22:03,15
7/29/2025,14:27:03,15
7/29/2025,14:32:03,8
7/29/2025,14:37:03,0
7/29/2025,14:42:03,2
7/29/2025,14:47:03,14
7/29/2025,14:52:03,15
7/29/2025,14:57:03,15
7/29/2025,15:02:03,0
7/29/2025,15:07:03,1
7/29/2025,15:12:03,6
7/29/2025,15:17:03,15
7/29/2025,15:22:03,15
7/29/2025,15:27:03,15
7/29/2025,15:32:03,14
7/29/2025,15:37:03,15
7/29/2025,15:42:03,2
7/29/2025,15:47:03,14
7/29/2025,15:52:03,15
7/29/2025,15:57:03,14
7/29/2025,16:02:03,15
7/29/2025,16:07:03,15
7/29/2025,16:12:03,15
7/29/2025,16:17:03,15
7/29/2025,16:22:03,15
7/29/2025,16:27:03,14
7/29/2025,16:32:03,15
7/29/2025,16:37:03,15
7/29/2025,16:42:03,15
7/29/2025,16:47:03,14
7/29/2025,16:52:03,15
7/29/2025,16:57:03,15
7/29/2025,17:02:03,15
7/29/2025,17:07:03,14
7/29/2025,17:12:03,14
7/29/2025,17:17:03,15
7/29/2025,17:22:03,15
7/29/2025,17:27:03,14
7/29/2025,17:32:03,9
7/29/2025,17:37:03,10
7/29/2025,17:42:03,13
7/29/2025,17:47:03,15
7/29/2025,17:52:03,13
7/29/2025,17:57:03,11
7/29/2025,18:02:03,15
7/29/2025,18:07:03,12
7/29/2025,18:12:03,15
7/29/2025,18:17:03,6
7/29/2025,18:22:03,15
7/29/2025,18:27:03,14
7/29/2025,18:31:41,12
7/29/2025,18:32:03,0
7/29/2025,18:37:03,14
7/29/2025,18:41:28,11
7/29/2025,18:42:27,3
7/29/2025,18:43:27,2
7/29/2025,18:44:27,3
7/29/2025,18:45:27,3
7/29/2025,18:46:27,2
7/29/2025,18:47:27,3
7/29/2025,18:48:27,2
7/29/2025,18:49:27,3
7/29/2025,18:50:27,3
7/29/2025,18:51:27,3
7/29/2025,18:52:27,2
7/29/2025,18:53:27,1
7/29/2025,18:54:27,2
7/29/2025,18:55:27,3
7/29/2025,18:56:27,3
7/29/2025,18:57:27,3
7/29/2025,18:58:27,3
7/29/2025,18:59:27,3
7/29/2025,19:00:27,3
7/29/2025,19:01:27,3
7/29/2025,19:02:27,2
7/29/2025,19:03:27,3
7/29/2025,19:04:27,3
7/29/2025,19:05:27,1
7/29/2025,19:06:27,0
7/29/2025,19:07:27,1
7/29/2025,19:08:27,3
7/29/2025,19:09:27,3
7/29/2025,19:10:27,3
7/29/2025,19:11:27,3
7/29/2025,19:12:27,2
7/29/2025,19:13:27,3
7/29/2025,19:14:27,3
7/29/2025,19:15:27,3
7/29/2025,19:16:27,1
7/29/2025,19:17:27,0
7/29/2025,19:18:27,0
7/29/2025,19:19:27,1
7/29/2025,19:20:27,2
7/29/2025,19:21:27,3
7/29/2025,19:25:27,11
7/29/2025,19:26:27,3
7/29/2025,19:27:27,3
7/29/2025,19:28:27,2
7/29/2025,19:29:27,3
7/29/2025,19:30:27,3
7/29/2025,19:31:27,3
7/29/2025,19:32:27,3
7/29/2025,19:33:27,3
7/29/2025,19:34:27,2
7/29/2025,19:35:27,3
7/29/2025,19:36:27,3
7/29/2025,19:37:27,3
7/29/2025,19:38:27,3
7/29/2025,19:39:27,3
7/29/2025,19:40:27,3
7/29/2025,19:41:27,3
7/29/2025,19:42:27,3
7/29/2025,19:43:27,3
7/29/2025,19:44:27,3
7/29/2025,19:45:27,3
7/29/2025,19:46:27,3
7/29/2025,19:47:27,3
7/29/2025,19:48:27,3
7/29/2025,19:49:27,3
7/29/2025,19:50:27,3
7/29/2025,19:51:27,3
7/29/2025,19:52:27,3
7/29/2025,19:53:27,3
7/29/2025,19:54:27,2
7/29/2025,19:55:27,3
7/29/2025,19:56:27,3
7/29/2025,19:57:27,2
7/29/2025,19:58:27,3
7/29/2025,19:59:27,3
7/29/2025,20:00:27,3
7/29/2025,20:01:27,3
7/29/2025,20:02:27,3
7/29/2025,20:03:27,3
7/29/2025,20:04:27,3
7/29/2025,20:05:27,3
7/29/2025,20:06:27,3
7/29/2025,20:07:27,3
7/29/2025,20:08:27,3
7/29/2025,20:09:27,3
7/29/2025,20:10:27,3
7/29/2025,20:11:27,3
7/29/2025,20:12:27,2
7/29/2025,20:13:27,3
7/29/2025,20:14:27,3
7/29/2025,20:15:27,3
7/29/2025,20:16:27,3
7/29/2025,20:17:27,3
7/29/2025,20:18:27,2
7/29/2025,20:19:27,3
7/29/2025,20:20:27,3
7/29/2025,20:21:27,3
7/29/2025,20:22:27,3
7/29/2025,20:23:27,3
7/29/2025,20:24:27,3
7/29/2025,20:25:27,3
7/29/2025,20:26:27,3
7/29/2025,20:27:27,3
7/29/2025,20:28:27,3
7/29/2025,20:29:27,3
7/29/2025,20:30:27,3
7/29/2025,20:31:27,2
7/29/2025,20:32:27,4
7/29/2025,20:33:27,3
7/29/2025,20:34:27,2
7/29/2025,20:35:27,3
7/29/2025,20:36:27,3
7/29/2025,20:37:27,3
7/29/2025,20:38:27,3
7/29/2025,20:39:27,3
7/29/2025,20:40:27,3
7/29/2025,20:41:27,3
7/29/2025,20:42:27,3
7/29/2025,20:43:27,3
7/29/2025,20:44:27,3
7/29/2025,20:45:27,3
7/29/2025,20:46:27,3
7/29/2025,20:47:27,3
7/29/2025,20:48:27,2
7/29/2025,20:49:27,3
7/29/2025,20:50:27,3
7/29/2025,20:51:27,3
7/29/2025,20:52:27,3
7/29/2025,20:53:27,3
7/29/2025,20:54:27,2
7/29/2025,20:55:27,3
7/29/2025,20:56:27,3
7/29/2025,20:57:27,4
7/29/2025,20:58:27,3
7/29/2025,20:59:27,2
7/29/2025,21:00:27,3
7/29/2025,21:01:27,3
7/29/2025,21:02:27,3
7/29/2025,21:03:27,3
7/29/2025,21:04:27,3
7/29/2025,21:05:27,3
7/29/2025,21:06:27,3
7/29/2025,21:07:27,3
7/29/2025,21:08:27,2
7/29/2025,21:09:27,2
7/29/2025,21:10:27,3
7/29/2025,21:11:27,3
7/29/2025,21:12:27,3
7/29/2025,21:13:27,3
7/29/2025,21:14:27,3
7/29/2025,21:15:27,3
7/29/2025,21:16:27,3
7/29/2025,21:17:27,3
7/29/2025,21:18:27,3
7/29/2025,21:19:27,3
7/29/2025,21:20:27,3
7/29/2025,21:21:27,3
7/29/2025,21:22:27,3
7/29/2025,21:23:27,3
7/29/2025,21:24:27,3
7/29/2025,21:25:27,3
7/29/2025,21:26:27,3
7/29/2025,21:27:27,3
7/29/2025,21:28:27,3
7/29/2025,21:29:27,3
7/29/2025,21:30:27,2
7/29/2025,21:31:27,3
7/29/2025,21:32:27,3
7/29/2025,21:33:27,3
7/29/2025,21:34:27,3
7/29/2025,21:35:27,3
7/29/2025,21:36:27,3
7/29/2025,21:37:27,3
7/29/2025,21:38:27,3
7/29/2025,21:39:27,2
7/29/2025,21:40:27,3
7/29/2025,21:41:27,3
7/29/2025,21:42:27,3
7/29/2025,21:43:27,3
7/29/2025,21:44:27,3
7/29/2025,21:45:27,0
7/29/2025,21:46:27,0
7/29/2025,21:47:27,3
7/29/2025,21:48:27,2
7/29/2025,21:49:27,3
7/29/2025,21:50:27,3
7/29/2025,21:51:27,3
7/29/2025,21:52:27,3
7/29/2025,21:53:27,3
7/29/2025,21:54:27,3
7/29/2025,21:55:27,3
7/29/2025,21:56:27,3
7/29/2025,21:57:27,3
7/29/2025,21:58:27,3
7/29/2025,21:59:27,3
7/29/2025,22:00:27,3
7/29/2025,22:01:27,3
7/29/2025,22:02:27,2
7/29/2025,22:03:27,3
7/29/2025,22:04:27,3
7/29/2025,22:05:27,3
7/29/2025,22:06:27,4
7/29/2025,22:07:27,2
7/29/2025,22:08:27,3
7/29/2025,22:09:27,3
7/29/2025,22:10:27,3
7/29/2025,22:11:27,3
7/29/2025,22:12:27,3
7/29/2025,22:13:27,3
7/29/2025,22:14:27,3
7/29/2025,22:15:27,3
7/29/2025,22:16:27,3
7/29/2025,22:17:27,3
7/29/2025,22:18:27,3
7/29/2025,22:19:27,2
7/29/2025,22:20:27,3
7/29/2025,22:21:27,3
7/29/2025,22:22:27,3
7/29/2025,22:23:27,3
7/29/2025,22:24:27,3
7/29/2025,22:25:27,2
7/29/2025,22:26:27,3
7/29/2025,22:27:27,3
7/29/2025,22:28:27,3
7/29/2025,22:29:27,3
7/29/2025,22:30:27,3
7/29/2025,22:31:27,2
7/29/2025,22:32:27,3
7/29/2025,22:33:27,3
7/29/2025,22:34:27,3
7/29/2025,22:35:27,2
7/29/2025,22:36:27,3
7/29/2025,22:37:27,3
7/29/2025,22:38:27,3
7/29/2025,22:39:27,3
7/29/2025,22:40:27,3
7/29/2025,22:41:27,3
7/29/2025,22:42:27,3
7/29/2025,22:43:27,3
7/29/2025,22:44:27,2
7/29/2025,22:45:27,3
7/29/2025,22:46:27,3
7/29/2025,22:47:27,3
7/29/2025,22:48:27,3
7/29/2025,22:49:27,3
7/29/2025,22:50:27,2
7/29/2025,22:51:27,3
7/29/2025,22:52:27,3
7/29/2025,22:53:27,3
7/29/2025,22:54:27,3
7/29/2025,22:55:27,3
7/29/2025,22:56:27,2
7/29/2025,22:57:27,3
7/29/2025,22:58:27,3
7/29/2025,22:59:27,3
7/29/2025,23:00:27,3
7/29/2025,23:01:27,0
7/29/2025,23:02:27,1
7/29/2025,23:03:27,0
7/29/2025,23:04:27,0
7/29/2025,23:05:27,1
7/29/2025,23:06:27,2
7/29/2025,23:07:27,3
7/29/2025,23:08:27,3
7/29/2025,23:09:27,3
7/29/2025,23:10:27,2
7/29/2025,23:11:27,2
7/29/2025,23:12:27,3
7/29/2025,23:13:27,2
7/29/2025,23:14:27,3
7/29/2025,23:15:27,3
7/29/2025,23:16:27,3
7/29/2025,23:17:27,3
7/29/2025,23:18:27,3
7/29/2025,23:19:27,3
7/29/2025,23:20:27,3
7/29/2025,23:21:27,2
7/29/2025,23:22:27,3
7/29/2025,23:23:27,3
7/29/2025,23:24:27,2
7/29/2025,23:25:27,3
7/29/2025,23:26:27,3
7/29/2025,23:27:27,3
7/29/2025,23:28:27,3
7/29/2025,23:29:27,2
7/29/2025,23:30:27,3
7/29/2025,23:31:27,3
7/29/2025,23:32:27,3
7/29/2025,23:33:27,3
7/29/2025,23:34:27,2
7/29/2025,23:35:27,3
7/29/2025,23:36:27,3
7/29/2025,23:37:27,3
7/29/2025,23:38:27,2
7/29/2025,23:39:27,3
7/29/2025,23:40:27,3
7/29/2025,23:41:27,3
7/29/2025,23:42:27,2
7/29/2025,23:43:27,3
7/29/2025,23:44:27,3
7/29/2025,23:45:27,3
7/29/2025,23:46:27,2
7/29/2025,23:47:27,3
7/29/2025,23:48:27,3
7/29/2025,23:49:27,3
7/29/2025,23:50:27,2
7/29/2025,23:51:27,3
7/29/2025,23:52:27,3
7/29/2025,23:53:27,3
7/29/2025,23:54:27,2
7/29/2025,23:55:27,3
7/29/2025,23:56:27,3
7/29/2025,23:57:27,3
7/29/2025,23:58:27,2
7/29/2025,23:59:27,3
7/30/2025,00:00:27,3
7/30/2025,00:01:27,2
7/30/2025,00:02:27,2
7/30/2025,00:03:27,3
7/30/2025,00:04:27,3
7/30/2025,00:05:27,2
7/30/2025,00:06:27,3
7/30/2025,00:07:27,3
7/30/2025,00:08:27,3
7/30/2025,00:09:27,2
7/30/2025,00:10:27,3
7/30/2025,00:11:27,3
7/30/2025,00:12:27,2
7/30/2025,00:13:27,3
7/30/2025,00:14:27,3
7/30/2025,00:15:27,2
7/30/2025,00:16:27,3
7/30/2025,00:17:27,3
7/30/2025,00:18:27,3
7/30/2025,00:19:27,2
7/30/2025,00:20:27,3
7/30/2025,00:21:27,3
7/30/2025,00:22:27,2
7/30/2025,00:23:27,3
7/30/2025,00:24:27,3
7/30/2025,00:25:27,2
7/30/2025,00:26:27,3
7/30/2025,00:27:27,2
7/30/2025,00:28:27,3
7/30/2025,00:29:27,3
7/30/2025,00:30:27,3
7/30/2025,00:31:27,2
7/30/2025,00:32:27,3
7/30/2025,00:33:27,2
7/30/2025,00:34:27,3
7/30/2025,00:35:27,3
7/30/2025,00:36:27,2
7/30/2025,00:37:27,3
7/30/2025,00:38:27,2
7/30/2025,00:39:27,3
7/30/2025,00:40:27,3
7/30/2025,00:41:27,2
7/30/2025,00:42:27,3
7/30/2025,00:43:27,3
7/30/2025,00:44:27,2
7/30/2025,00:45:27,3
7/30/2025,00:46:27,3
7/30/2025,00:47:27,2
7/30/2025,00:48:27,3
7/30/2025,00:49:27,2
7/30/2025,00:50:27,3
7/30/2025,00:51:27,3
7/30/2025,00:52:27,2
7/30/2025,00:53:27,3
7/30/2025,00:54:27,2
7/30/2025,00:55:27,3
7/30/2025,00:56:27,3
7/30/2025,00:57:27,2
7/30/2025,00:58:27,3
7/30/2025,00:59:27,2
7/30/2025,01:00:27,3
7/30/2025,01:01:27,1
7/30/2025,01:02:27,0
7/30/2025,01:03:27,0
7/30/2025,01:04:27,2
7/30/2025,01:05:27,3
7/30/2025,01:06:27,3
7/30/2025,01:07:27,2
7/30/2025,01:08:27,2
7/30/2025,01:09:27,2
7/30/2025,01:10:27,3
7/30/2025,01:11:27,3
7/30/2025,01:12:27,2
7/30/2025,01:13:27,3
7/30/2025,01:14:27,2
7/30/2025,01:15:27,3
7/30/2025,01:16:27,2
7/30/2025,01:17:27,3
7/30/2025,01:18:27,1
7/30/2025,01:19:27,0
7/30/2025,01:20:27,0
7/30/2025,01:21:27,0
7/30/2025,01:22:27,0
7/30/2025,01:23:27,0
7/30/2025,01:24:27,1
7/30/2025,01:25:27,3
7/30/2025,01:26:27,3
7/30/2025,01:27:27,3
7/30/2025,01:28:27,3
7/30/2025,01:29:27,3
7/30/2025,01:30:27,3
7/30/2025,01:31:27,3
7/30/2025,01:32:27,3
7/30/2025,01:33:27,3
7/30/2025,01:34:27,3
7/30/2025,01:35:27,3
7/30/2025,01:36:27,3
7/30/2025,01:37:27,3
7/30/2025,01:38:27,3
7/30/2025,01:39:27,2
7/30/2025,01:40:27,3
7/30/2025,01:41:27,3
7/30/2025,01:42:27,3
7/30/2025,01:43:27,3
7/30/2025,01:44:27,3
7/30/2025,01:45:27,1
7/30/2025,01:46:27,1
7/30/2025,01:47:27,0
7/30/2025,01:48:27,0
7/30/2025,01:49:27,0
7/30/2025,01:50:27,0
7/30/2025,01:51:27,0
7/30/2025,01:52:27,0
7/30/2025,01:53:27,2
7/30/2025,01:54:27,3
7/30/2025,01:55:27,3
7/30/2025,01:56:27,3
7/30/2025,01:57:27,3
7/30/2025,01:58:27,3
7/30/2025,01:59:27,3
7/30/2025,02:00:27,3
7/30/2025,02:01:27,3
7/30/2025,02:02:27,3
7/30/2025,02:03:27,3
7/30/2025,02:04:27,1
7/30/2025,02:05:27,3
7/30/2025,02:06:27,3
7/30/2025,02:07:27,3
7/30/2025,02:08:27,3
7/30/2025,02:09:27,2
7/30/2025,02:10:27,3
7/30/2025,02:11:27,3
7/30/2025,02:12:27,3
7/30/2025,02:13:27,3
7/30/2025,02:14:27,1
7/30/2025,02:15:27,1
7/30/2025,02:16:27,3
7/30/2025,02:17:27,3
7/30/2025,02:18:27,3
7/30/2025,02:19:27,3
7/30/2025,02:20:27,3
7/30/2025,02:21:27,3
7/30/2025,02:22:27,3
7/30/2025,02:23:27,3
7/30/2025,02:24:27,3
7/30/2025,02:25:27,3
7/30/2025,02:26:27,2
7/30/2025,02:27:27,2
7/30/2025,02:28:27,2
7/30/2025,02:29:27,3
7/30/2025,02:30:27,3
7/30/2025,02:31:27,3
7/30/2025,02:32:27,3
7/30/2025,02:33:27,3
7/30/2025,02:34:27,3
7/30/2025,02:35:27,3
7/30/2025,02:36:27,3
7/30/2025,02:37:27,3
7/30/2025,02:38:27,2
7/30/2025,02:39:27,3
7/30/2025,02:40:27,3
7/30/2025,02:41:27,1
7/30/2025,02:42:27,1
7/30/2025,02:43:27,3
7/30/2025,02:44:27,3
7/30/2025,02:45:27,3
7/30/2025,02:46:27,3
7/30/2025,02:47:27,3
7/30/2025,02:48:27,3
7/30/2025,02:49:27,3
7/30/2025,02:50:27,3
7/30/2025,02:51:27,2
7/30/2025,02:52:27,3
7/30/2025,02:53:27,4
7/30/2025,02:54:27,3
7/30/2025,02:55:27,2
7/30/2025,02:56:27,3
7/30/2025,02:57:27,3
7/30/2025,02:58:27,3
7/30/2025,02:59:27,3
7/30/2025,03:00:27,3
7/30/2025,03:01:27,3
7/30/2025,03:02:27,3
7/30/2025,03:03:27,3
7/30/2025,03:04:27,3
7/30/2025,03:05:27,3
7/30/2025,03:06:27,3
7/30/2025,03:07:27,3
7/30/2025,03:08:27,3
7/30/2025,03:09:27,3
7/30/2025,03:10:27,3
7/30/2025,03:11:27,3
7/30/2025,03:12:27,2
7/30/2025,03:13:27,0
7/30/2025,03:14:27,3
7/30/2025,03:15:27,3
7/30/2025,03:16:27,2
7/30/2025,03:17:27,3
7/30/2025,03:18:27,3
7/30/2025,03:19:27,3
7/30/2025,03:20:27,3
7/30/2025,03:21:27,2
7/30/2025,03:22:27,3
7/30/2025,03:23:27,3
7/30/2025,03:24:27,3
7/30/2025,03:25:27,3
7/30/2025,03:26:27,3
7/30/2025,03:27:27,3
7/30/2025,03:28:27,2
7/30/2025,03:29:27,3
7/30/2025,03:30:27,3
7/30/2025,03:31:27,3
7/30/2025,03:32:27,3
7/30/2025,03:33:27,1
7/30/2025,03:34:27,3
7/30/2025,03:35:27,3
7/30/2025,03:36:28,3
7/30/2025,03:37:28,3
7/30/2025,03:38:28,3
7/30/2025,03:39:28,2
7/30/2025,03:40:28,3
7/30/2025,03:41:28,3
7/30/2025,03:42:28,3
7/30/2025,03:43:28,3
7/30/2025,03:44:28,3
7/30/2025,03:45:28,3
7/30/2025,03:46:28,3
7/30/2025,03:47:28,3
7/30/2025,03:48:28,3
7/30/2025,03:49:28,3
7/30/2025,03:50:28,3
7/30/2025,03:51:28,3
7/30/2025,03:52:28,3
7/30/2025,03:53:28,3
7/30/2025,03:54:28,3
7/30/2025,03:55:28,3
7/30/2025,03:56:28,3
7/30/2025,03:57:28,3
7/30/2025,03:58:28,3
7/30/2025,03:59:28,2
7/30/2025,04:00:28,3
7/30/2025,04:01:28,3
7/30/2025,04:02:28,3
7/30/2025,04:03:28,3
7/30/2025,04:04:28,3
7/30/2025,04:05:28,3
7/30/2025,04:06:28,3
7/30/2025,04:07:28,3
7/30/2025,04:08:28,3
7/30/2025,04:09:28,3
7/30/2025,04:10:28,3
7/30/2025,04:11:28,3
7/30/2025,04:12:28,3
7/30/2025,04:13:28,3
7/30/2025,04:14:28,1
7/30/2025,04:15:28,3
7/30/2025,04:16:28,2
7/30/2025,04:17:28,3
7/30/2025,04:18:28,3
7/30/2025,04:19:28,3
7/30/2025,04:20:28,3
7/30/2025,04:21:28,3
7/30/2025,04:22:28,3
7/30/2025,04:23:28,2
7/30/2025,04:24:28,4
7/30/2025,04:25:28,2
7/30/2025,04:26:28,3
7/30/2025,04:27:28,3
7/30/2025,04:28:28,3
7/30/2025,04:29:28,3
7/30/2025,04:30:28,3
7/30/2025,04:31:28,3
7/30/2025,04:32:28,3
7/30/2025,04:33:28,3
7/30/2025,04:34:28,3
7/30/2025,04:35:28,2
7/30/2025,04:36:28,3
7/30/2025,04:37:28,3
7/30/2025,04:38:28,3
7/30/2025,04:39:28,3
7/30/2025,04:40:28,3
7/30/2025,04:41:28,3
7/30/2025,04:42:28,3
7/30/2025,04:43:28,2
7/30/2025,04:44:28,0
7/30/2025,04:45:28,2
7/30/2025,04:46:28,3
7/30/2025,04:47:28,3
7/30/2025,04:48:28,3
7/30/2025,04:49:28,3
7/30/2025,04:50:28,3
7/30/2025,04:51:28,3
7/30/2025,04:52:28,2
7/30/2025,04:53:28,3
7/30/2025,04:54:28,3
7/30/2025,04:55:28,3
7/30/2025,04:56:28,3
7/30/2025,04:57:28,3
7/30/2025,04:58:28,3
7/30/2025,04:59:28,3
7/30/2025,05:00:28,3
7/30/2025,05:01:28,3
7/30/2025,05:02:28,3
7/30/2025,05:03:28,2
7/30/2025,05:04:28,3
7/30/2025,05:05:28,3
7/30/2025,05:06:28,2
7/30/2025,05:07:28,3
7/30/2025,05:08:28,3
7/30/2025,05:09:28,3
7/30/2025,05:10:28,3
7/30/2025,05:11:28,3
7/30/2025,05:12:28,3
7/30/2025,05:13:28,3
7/30/2025,05:14:28,0
7/30/2025,05:15:28,2
7/30/2025,05:16:28,3
7/30/2025,05:17:28,1
7/30/2025,05:18:28,0
7/30/2025,05:19:28,0
7/30/2025,05:20:28,0
7/30/2025,05:21:28,0
7/30/2025,05:22:28,0
7/30/2025,05:23:28,0
7/30/2025,05:24:28,1
7/30/2025,05:25:28,0
7/30/2025,05:26:28,0
7/30/2025,05:27:28,0
7/30/2025,05:28:28,0
7/30/2025,05:29:28,0
7/30/2025,05:30:28,3
7/30/2025,05:31:28,3
7/30/2025,05:32:28,3
7/30/2025,05:33:28,3
7/30/2025,05:34:28,2
7/30/2025,05:35:28,3
7/30/2025,05:36:28,3
7/30/2025,05:37:28,3
7/30/2025,05:38:28,3
7/30/2025,05:39:28,3
7/30/2025,05:40:28,3
7/30/2025,05:41:28,3
7/30/2025,05:42:28,3
7/30/2025,05:43:28,3
7/30/2025,05:44:28,3
7/30/2025,05:45:28,3
7/30/2025,05:46:28,3
7/30/2025,05:47:28,3
7/30/2025,05:48:28,3
7/30/2025,05:49:28,3
7/30/2025,05:50:28,3
7/30/2025,05:51:28,3
7/30/2025,05:52:28,2
7/30/2025,05:53:28,3
7/30/2025,05:54:28,3
7/30/2025,05:55:28,3
7/30/2025,05:56:28,3
7/30/2025,05:57:28,3
7/30/2025,05:58:28,3
7/30/2025,05:59:28,3
7/30/2025,06:00:28,3
7/30/2025,06:01:28,3
7/30/2025,06:02:28,3
7/30/2025,06:03:28,3
7/30/2025,06:04:28,3
7/30/2025,06:05:28,3
7/30/2025,06:06:28,3
7/30/2025,06:07:28,2
7/30/2025,06:08:28,3
7/30/2025,06:09:28,3
7/30/2025,06:10:28,3
7/30/2025,06:11:28,3
7/30/2025,06:12:28,3
7/30/2025,06:13:28,3
7/30/2025,06:14:28,3
7/30/2025,06:15:28,3
7/30/2025,06:16:28,3
7/30/2025,06:17:28,3
7/30/2025,06:18:28,3
7/30/2025,06:19:28,3
7/30/2025,06:20:28,3
7/30/2025,06:21:28,2
7/30/2025,06:22:28,3
7/30/2025,06:23:28,3
7/30/2025,06:24:28,0
7/30/2025,06:25:28,0
7/30/2025,06:26:28,0
7/30/2025,06:27:28,0
7/30/2025,06:28:28,2
7/30/2025,06:29:28,2
7/30/2025,06:30:28,2
7/30/2025,06:31:28,0
7/30/2025,06:32:28,1
7/30/2025,06:33:28,4
7/30/2025,06:34:28,3
7/30/2025,06:35:28,3
7/30/2025,06:36:28,3
7/30/2025,06:37:28,2
7/30/2025,06:38:28,3
7/30/2025,06:39:28,3
7/30/2025,06:40:28,3
7/30/2025,06:41:28,2
7/30/2025,06:42:28,1
7/30/2025,06:43:28,2
7/30/2025,06:44:28,4
7/30/2025,06:45:28,1
7/30/2025,06:46:28,0
7/30/2025,06:47:28,1
7/30/2025,06:48:28,2
7/30/2025,06:49:28,3
7/30/2025,06:50:28,3
7/30/2025,06:51:28,3
7/30/2025,06:52:28,3
7/30/2025,06:53:28,3
7/30/2025,06:54:28,3
7/30/2025,06:55:28,3
7/30/2025,06:56:28,3
7/30/2025,06:57:28,1
7/30/2025,06:58:28,2
7/30/2025,06:59:28,3
7/30/2025,07:00:28,3
7/30/2025,07:01:28,3
7/30/2025,07:02:28,0
7/30/2025,07:03:28,0
7/30/2025,07:04:28,0
7/30/2025,07:05:28,0
7/30/2025,07:06:28,0
7/30/2025,07:07:28,1
7/30/2025,07:08:28,0
7/30/2025,07:09:28,0
7/30/2025,07:10:28,0
7/30/2025,07:11:28,0
7/30/2025,07:12:28,1
7/30/2025,07:13:28,0
7/30/2025,07:14:28,0
7/30/2025,07:15:28,2
7/30/2025,07:16:28,3
7/30/2025,07:17:28,3
7/30/2025,07:18:28,3
7/30/2025,07:19:28,3
7/30/2025,07:20:28,3
7/30/2025,07:21:28,3
7/30/2025,07:22:28,3
7/30/2025,07:23:28,3
7/30/2025,07:24:28,3
7/30/2025,07:25:28,3
7/30/2025,07:26:28,3
7/30/2025,07:27:28,3
7/30/2025,07:28:28,3
7/30/2025,07:29:28,3
7/30/2025,07:30:28,3
7/30/2025,07:31:28,3
7/30/2025,07:32:28,3
7/30/2025,07:33:28,3
7/30/2025,07:34:28,2
7/30/2025,07:35:28,3
7/30/2025,07:36:28,3
7/30/2025,07:37:28,3
7/30/2025,07:38:28,3
7/30/2025,07:39:28,3
7/30/2025,07:40:28,3
7/30/2025,07:41:28,3
7/30/2025,07:42:28,3
7/30/2025,07:43:28,3
7/30/2025,07:44:28,3
7/30/2025,07:45:28,3
7/30/2025,07:46:28,3
7/30/2025,07:47:28,3
7/30/2025,07:48:28,3
7/30/2025,07:49:28,3
7/30/2025,07:50:28,3
7/30/2025,07:51:28,2
7/30/2025,07:52:28,3
7/30/2025,07:53:28,3
7/30/2025,07:54:28,0
7/30/2025,07:55:28,0
7/30/2025,07:56:28,0
7/30/2025,07:57:28,1
7/30/2025,07:58:28,2
7/30/2025,07:59:28,2
7/30/2025,08:00:28,0
7/30/2025,08:01:28,0
7/30/2025,08:02:28,0
7/30/2025,08:03:28,0
7/30/2025,08:04:28,1
7/30/2025,08:05:28,1
7/30/2025,08:06:28,1
7/30/2025,08:07:28,3
7/30/2025,08:08:28,1
7/30/2025,08:09:28,3
7/30/2025,08:10:28,3
7/30/2025,08:11:28,3
7/30/2025,08:12:28,3
7/30/2025,08:13:28,3
7/30/2025,08:14:28,3
7/30/2025,08:15:28,3
7/30/2025,08:16:28,3
7/30/2025,08:17:28,2
7/30/2025,08:18:28,3
7/30/2025,08:19:28,3
7/30/2025,08:20:28,3
7/30/2025,08:21:28,3
7/30/2025,08:22:28,3
7/30/2025,08:23:28,3
7/30/2025,08:24:28,3
7/30/2025,08:25:28,3
7/30/2025,08:26:28,3
7/30/2025,08:27:28,2
7/30/2025,08:28:28,3
7/30/2025,08:29:28,3
7/30/2025,08:30:28,3
7/30/2025,08:31:28,3
7/30/2025,08:32:28,3
7/30/2025,08:33:28,3
7/30/2025,08:34:28,2
7/30/2025,08:35:28,3
7/30/2025,08:36:28,2
7/30/2025,08:37:28,3
7/30/2025,08:38:28,2
7/30/2025,08:39:28,3
7/30/2025,08:40:28,2
7/30/2025,08:41:28,3
7/30/2025,08:42:28,3
7/30/2025,08:43:28,3
7/30/2025,08:44:28,3
7/30/2025,08:45:28,3
7/30/2025,08:46:28,3
7/30/2025,08:47:28,3
7/30/2025,08:48:28,3
7/30/2025,08:49:28,3
7/30/2025,08:50:28,3
7/30/2025,08:51:28,3
7/30/2025,08:52:28,2
7/30/2025,08:53:28,3
7/30/2025,08:54:28,3
7/30/2025,08:55:28,3
7/30/2025,08:56:28,2
7/30/2025,08:57:28,3
7/30/2025,08:58:28,3
7/30/2025,08:59:28,3
7/30/2025,09:00:28,2
7/30/2025,09:01:28,2
7/30/2025,09:02:28,3
7/30/2025,09:03:28,3
7/30/2025,09:04:28,3
7/30/2025,09:05:28,3
7/30/2025,09:06:28,3
7/30/2025,09:07:28,3
7/30/2025,09:08:28,2
7/30/2025,09:09:28,3
7/30/2025,09:10:28,3
7/30/2025,09:11:28,3
7/30/2025,09:12:28,3
7/30/2025,09:13:28,3
7/30/2025,09:14:28,3
7/30/2025,09:15:28,3
7/30/2025,09:16:28,3
7/30/2025,09:17:28,3
7/30/2025,09:18:28,3
7/30/2025,09:19:28,3
7/30/2025,09:20:28,3
7/30/2025,09:21:28,3
7/30/2025,09:22:28,3
7/30/2025,09:23:28,3
7/30/2025,09:24:28,2
7/30/2025,09:25:28,3
7/30/2025,09:26:28,3
7/30/2025,09:27:28,3
7/30/2025,09:28:28,3
7/30/2025,09:29:28,3
7/30/2025,09:30:28,3
7/30/2025,09:31:28,3
7/30/2025,09:32:28,3
7/30/2025,09:33:28,3
7/30/2025,09:34:28,3
7/30/2025,09:35:28,3
7/30/2025,09:36:28,3
7/30/2025,09:37:28,2
7/30/2025,09:38:28,3
7/30/2025,09:39:28,3
7/30/2025,09:40:28,0
7/30/2025,09:41:28,0
7/30/2025,09:42:28,0
7/30/2025,09:43:28,0
7/30/2025,09:44:28,3
7/30/2025,09:45:28,3
7/30/2025,09:46:28,3
7/30/2025,09:47:28,3
7/30/2025,09:48:28,2
7/30/2025,09:49:28,3
7/30/2025,09:50:28,3
7/30/2025,09:51:28,3
7/30/2025,09:52:28,3
7/30/2025,09:53:28,2
7/30/2025,09:54:28,3
7/30/2025,09:55:28,3
7/30/2025,09:56:28,3
7/30/2025,09:57:28,2
7/30/2025,09:58:28,3
7/30/2025,09:59:28,3
7/30/2025,10:00:28,3
7/30/2025,10:01:28,1
7/30/2025,10:02:28,3
7/30/2025,10:03:28,3
7/30/2025,10:04:28,2
7/30/2025,10:05:28,2
7/30/2025,10:06:28,2
7/30/2025,10:07:28,3
7/30/2025,10:08:28,3
7/30/2025,10:09:28,3
7/30/2025,10:10:28,3
7/30/2025,10:11:28,3
7/30/2025,10:12:28,2
7/30/2025,10:13:28,0
7/30/2025,10:14:28,0
7/30/2025,10:15:28,0
7/30/2025,10:16:28,0
7/30/2025,10:17:28,0
7/30/2025,10:18:28,0
7/30/2025,10:19:28,0
7/30/2025,10:20:28,0
7/30/2025,10:21:28,3
7/30/2025,10:22:28,3
7/30/2025,10:23:28,3
7/30/2025,10:24:28,1
7/30/2025,10:25:28,0
7/30/2025,10:26:28,1
7/30/2025,10:27:28,3
7/30/2025,10:28:28,3
7/30/2025,10:29:28,3
7/30/2025,10:30:28,3
7/30/2025,10:31:28,3
7/30/2025,10:32:28,3
7/30/2025,10:33:28,3
7/30/2025,10:34:28,3
7/30/2025,10:35:28,2
7/30/2025,10:36:28,3
7/30/2025,10:37:28,3
7/30/2025,10:38:28,3
7/30/2025,10:39:28,3
7/30/2025,10:40:28,2
7/30/2025,10:41:28,1
7/30/2025,10:42:28,3
7/30/2025,10:43:28,3
7/30/2025,10:44:28,3
7/30/2025,10:45:28,2
7/30/2025,10:46:28,2
7/30/2025,10:47:28,3
7/30/2025,10:48:28,0
7/30/2025,10:49:28,0
7/30/2025,10:50:28,0
7/30/2025,10:51:28,1
7/30/2025,10:52:28,0
7/30/2025,10:53:28,0
7/30/2025,10:54:28,0
7/30/2025,10:55:28,3
7/30/2025,10:56:28,3
7/30/2025,10:57:28,3
7/30/2025,10:58:28,2
7/30/2025,10:59:28,3
7/30/2025,11:00:28,3
7/30/2025,11:01:28,3
7/30/2025,11:02:28,3
7/30/2025,11:03:28,3
7/30/2025,11:04:28,2
7/30/2025,11:05:28,3
7/30/2025,11:06:28,3
7/30/2025,11:07:28,3
7/30/2025,11:08:28,3
7/30/2025,11:09:28,3
7/30/2025,11:10:28,3
7/30/2025,11:11:28,3
7/30/2025,11:12:28,3
7/30/2025,11:13:28,2
7/30/2025,11:14:28,3
7/30/2025,11:15:28,3
7/30/2025,11:16:28,3
7/30/2025,11:17:28,1
7/30/2025,11:18:28,0
7/30/2025,11:19:28,0
7/30/2025,11:20:28,2
7/30/2025,11:21:28,3
7/30/2025,11:22:28,3
7/30/2025,11:23:28,3
7/30/2025,11:24:28,2
7/30/2025,11:25:28,3
7/30/2025,11:26:28,3
7/30/2025,11:27:28,3
7/30/2025,11:28:28,3
7/30/2025,11:29:28,3
7/30/2025,11:30:28,3
7/30/2025,11:31:28,3
7/30/2025,11:32:28,3
7/30/2025,11:33:28,3
7/30/2025,11:34:28,3
7/30/2025,11:35:28,3
7/30/2025,11:36:28,3
7/30/2025,11:37:28,3
7/30/2025,11:38:28,3
7/30/2025,11:39:28,3
7/30/2025,11:40:28,3
7/30/2025,11:41:28,3
7/30/2025,11:42:28,2
7/30/2025,11:43:28,3
7/30/2025,11:44:28,3
7/30/2025,11:45:28,3
7/30/2025,11:46:28,3
7/30/2025,11:47:28,3
7/30/2025,11:48:28,3
7/30/2025,11:49:28,3
7/30/2025,11:50:28,3
7/30/2025,11:51:28,3
7/30/2025,11:52:28,3
7/30/2025,11:53:28,3
7/30/2025,11:54:28,3
7/30/2025,11:55:28,3
7/30/2025,11:56:28,3
7/30/2025,11:57:28,3
7/30/2025,11:58:28,3
7/30/2025,11:59:28,2
7/30/2025,12:00:28,3
7/30/2025,12:01:28,3
7/30/2025,12:02:28,3
7/30/2025,12:03:28,3
7/30/2025,12:04:28,3
7/30/2025,12:05:28,3
7/30/2025,12:06:28,3
7/30/2025,12:07:28,3
7/30/2025,12:08:28,3
7/30/2025,12:09:28,3
7/30/2025,12:10:28,3
7/30/2025,12:11:28,3
7/30/2025,12:12:28,1
7/30/2025,12:13:28,2
7/30/2025,12:14:28,3
7/30/2025,12:15:28,3
7/30/2025,12:16:28,3
7/30/2025,12:17:28,3
7/30/2025,12:18:28,2
7/30/2025,12:19:28,3
7/30/2025,12:20:28,3
7/30/2025,12:21:28,3
7/30/2025,12:22:28,3
7/30/2025,12:23:28,3
7/30/2025,12:24:28,3
7/30/2025,12:25:28,3
7/30/2025,12:26:28,3
7/30/2025,12:27:28,3
7/30/2025,12:28:28,3
7/30/2025,12:29:28,3
7/30/2025,12:30:28,3
7/30/2025,12:31:28,3
7/30/2025,12:32:28,3
7/30/2025,12:33:28,3
7/30/2025,12:34:28,3
7/30/2025,12:35:28,2
7/30/2025,12:36:28,3
7/30/2025,12:37:28,2
7/30/2025,12:38:28,2
7/30/2025,12:39:28,2
7/30/2025,12:40:28,3
7/30/2025,12:41:28,3
7/30/2025,12:42:28,3
7/30/2025,12:43:28,3
7/30/2025,12:44:28,3
7/30/2025,12:45:28,3
7/30/2025,12:46:28,3
7/30/2025,12:47:28,3
7/30/2025,12:48:28,3
7/30/2025,12:49:28,3
7/30/2025,12:50:28,3
7/30/2025,12:51:28,3
7/30/2025,12:52:28,3
7/30/2025,12:53:28,2
7/30/2025,12:54:28,3
7/30/2025,12:55:28,3
7/30/2025,12:56:28,3
7/30/2025,12:57:28,2
7/30/2025,12:58:28,3
7/30/2025,12:59:28,3
7/30/2025,13:00:28,3
7/30/2025,13:01:28,3
7/30/2025,13:02:28,3
7/30/2025,13:03:28,3
7/30/2025,13:04:28,3
7/30/2025,13:05:28,3
7/30/2025,13:06:28,3
7/30/2025,13:07:28,3
7/30/2025,13:08:28,3
7/30/2025,13:09:28,3
7/30/2025,13:10:28,1
7/30/2025,13:11:28,1
7/30/2025,13:12:28,3
7/30/2025,13:13:28,2
7/30/2025,13:14:28,3
7/30/2025,13:15:28,3
7/30/2025,13:16:28,3
7/30/2025,13:17:28,3
7/30/2025,13:18:28,3
7/30/2025,13:19:28,3
7/30/2025,13:20:28,2
7/30/2025,13:21:28,3
7/30/2025,13:22:28,3
7/30/2025,13:23:28,3
7/30/2025,13:24:28,3
7/30/2025,13:25:28,3
7/30/2025,13:26:28,3
7/30/2025,13:27:28,3
7/30/2025,13:28:28,3
7/30/2025,13:29:28,3
7/30/2025,13:30:28,3
7/30/2025,13:31:28,3
7/30/2025,13:32:28,2
7/30/2025,13:33:28,3
7/30/2025,13:34:28,3
7/30/2025,13:35:28,2
7/30/2025,13:36:28,0
7/30/2025,13:37:28,0
7/30/2025,13:38:28,1
7/30/2025,13:39:28,2
7/30/2025,13:40:28,2
7/30/2025,13:41:28,2
7/30/2025,13:42:28,0
7/30/2025,13:43:28,2
7/30/2025,13:44:28,3
7/30/2025,13:45:28,3
7/30/2025,13:46:28,3
7/30/2025,13:47:28,1
7/30/2025,13:48:28,3
7/30/2025,13:49:28,3
7/30/2025,13:50:28,2
7/30/2025,13:51:28,3
7/30/2025,13:52:28,3
7/30/2025,13:53:28,1
7/30/2025,13:54:28,0
7/30/2025,13:55:28,0
7/30/2025,13:56:28,0
7/30/2025,13:57:28,0
7/30/2025,13:58:28,1
7/30/2025,13:59:28,3
7/30/2025,14:00:28,3
7/30/2025,14:01:28,2
7/30/2025,14:02:28,3
7/30/2025,14:03:28,3
7/30/2025,14:04:28,3
7/30/2025,14:05:28,3
7/30/2025,14:06:28,3
7/30/2025,14:07:28,3
7/30/2025,14:08:28,3
7/30/2025,14:09:28,3
7/30/2025,14:10:28,3
7/30/2025,14:11:28,3
7/30/2025,14:12:28,2
7/30/2025,14:13:28,3
7/30/2025,14:14:28,3
7/30/2025,14:15:28,3
7/30/2025,14:16:28,2
7/30/2025,14:17:28,2
7/30/2025,14:18:28,1
7/30/2025,14:19:28,2
7/30/2025,14:20:28,3
7/30/2025,14:21:28,2
7/30/2025,14:22:28,3
7/30/2025,14:23:28,3
7/30/2025,14:24:28,3
7/30/2025,14:25:28,3
7/30/2025,14:26:28,3
7/30/2025,14:27:28,3
7/30/2025,14:28:28,2
7/30/2025,14:29:28,3
7/30/2025,14:30:28,3
7/30/2025,14:31:28,3
7/30/2025,14:32:28,3
7/30/2025,14:33:28,3
7/30/2025,14:34:28,3
7/30/2025,14:35:28,2
7/30/2025,14:36:28,3
7/30/2025,14:37:28,3
7/30/2025,14:38:28,3
7/30/2025,14:39:28,3
7/30/2025,14:40:28,3
7/30/2025,14:41:28,3
7/30/2025,14:42:28,3
7/30/2025,14:43:28,3
7/30/2025,14:44:28,3
7/30/2025,14:45:28,3
7/30/2025,14:46:28,3
7/30/2025,14:47:28,3
7/30/2025,14:48:28,3
7/30/2025,14:49:28,3
7/30/2025,14:50:28,3
7/30/2025,14:51:28,3
7/30/2025,14:52:28,2
7/30/2025,14:53:28,3
7/30/2025,14:54:28,3
7/30/2025,14:55:28,3
7/30/2025,14:56:28,3
7/30/2025,14:57:28,3
7/30/2025,14:58:28,3
7/30/2025,14:59:28,3
7/30/2025,15:00:28,0
7/30/2025,15:01:28,0
7/30/2025,15:02:28,0
7/30/2025,15:03:28,0
7/30/2025,15:04:29,0
7/30/2025,15:05:29,0
7/30/2025,15:06:29,0
7/30/2025,15:07:29,0
7/30/2025,15:08:29,0
7/30/2025,15:09:29,0
7/30/2025,15:10:29,0
7/30/2025,15:11:29,2
7/30/2025,15:12:29,1
7/30/2025,15:13:29,0
7/30/2025,15:14:29,2
7/30/2025,15:15:29,3
7/30/2025,15:16:29,2
7/30/2025,15:17:29,3
7/30/2025,15:18:29,3
7/30/2025,15:19:29,2
7/30/2025,15:20:29,2
7/30/2025,15:21:29,3
7/30/2025,15:22:29,3
7/30/2025,15:23:29,3
7/30/2025,15:24:29,3
7/30/2025,15:25:29,2
7/30/2025,15:26:29,3
7/30/2025,15:27:29,3
7/30/2025,15:28:29,3
7/30/2025,15:29:29,3
7/30/2025,15:30:29,2
7/30/2025,15:31:29,3
7/30/2025,15:32:29,3
7/30/2025,15:33:29,3
7/30/2025,15:34:29,3
7/30/2025,15:35:29,3
7/30/2025,15:36:29,3
7/30/2025,15:37:29,3
7/30/2025,15:38:29,3
7/30/2025,15:39:29,3
7/30/2025,15:40:29,3
7/30/2025,15:41:29,3
7/30/2025,15:42:29,2
7/30/2025,15:43:29,3
7/30/2025,15:44:29,3
7/30/2025,15:45:29,3
7/30/2025,15:46:29,3
7/30/2025,15:47:29,3
7/30/2025,15:48:29,3
7/30/2025,15:49:29,3
7/30/2025,15:50:29,3
7/30/2025,15:51:29,3
7/30/2025,15:52:29,3
7/30/2025,15:53:29,3
7/30/2025,15:54:29,3
7/30/2025,15:55:29,2
7/30/2025,15:56:29,3
7/30/2025,15:57:29,3
7/30/2025,15:58:29,3
7/30/2025,15:59:29,3
7/30/2025,16:00:29,3
7/30/2025,16:01:29,3
7/30/2025,16:02:29,3
7/30/2025,16:03:29,3
7/30/2025,16:04:29,3
7/30/2025,16:05:29,3
7/30/2025,16:06:29,3
7/30/2025,16:07:29,1
7/30/2025,16:08:29,0
7/30/2025,16:09:29,0
7/30/2025,16:10:29,0
7/30/2025,16:11:29,0
7/30/2025,16:12:29,0
7/30/2025,16:13:29,0
7/30/2025,16:14:29,0
7/30/2025,16:15:29,0
7/30/2025,16:16:29,0
7/30/2025,16:17:29,0
7/30/2025,16:18:29,0
7/30/2025,16:19:29,0
7/30/2025,16:20:29,0
7/30/2025,16:21:29,0
7/30/2025,16:22:29,0
7/30/2025,16:23:29,2
7/30/2025,16:24:29,0
7/30/2025,16:25:29,0
7/30/2025,16:26:29,1
7/30/2025,16:27:29,3
7/30/2025,16:28:29,3
7/30/2025,16:29:29,3
7/30/2025,16:30:29,2
7/30/2025,16:31:29,3
7/30/2025,16:32:29,3
7/30/2025,16:33:29,3
7/30/2025,16:34:29,3
7/30/2025,16:35:29,3
7/30/2025,16:36:29,3
7/30/2025,16:37:29,3
7/30/2025,16:38:29,2
7/30/2025,16:39:29,3
7/30/2025,16:40:29,3
7/30/2025,16:41:29,3
7/30/2025,16:42:29,3
7/30/2025,16:43:29,2
7/30/2025,16:44:29,0
7/30/2025,16:45:29,0
7/30/2025,16:46:29,0
7/30/2025,16:47:29,0
7/30/2025,16:48:29,0
7/30/2025,16:49:29,0
7/30/2025,16:50:29,0
7/30/2025,16:51:29,0
7/30/2025,16:52:29,0
7/30/2025,16:53:29,0
7/30/2025,16:54:29,0
7/30/2025,16:55:29,0
7/30/2025,16:56:29,0
7/30/2025,16:57:29,0
7/30/2025,16:58:29,0
7/30/2025,16:59:29,0
7/30/2025,17:00:29,0
7/30/2025,17:01:29,0
7/30/2025,17:02:29,0
7/30/2025,17:03:29,0
7/30/2025,17:04:29,0
7/30/2025,17:05:29,0
7/30/2025,17:06:29,0
7/30/2025,17:07:29,0
7/30/2025,17:08:29,0
7/30/2025,17:09:29,0
7/30/2025,17:10:29,0
7/30/2025,17:11:29,3
7/30/2025,17:12:29,2
7/30/2025,17:13:29,2
7/30/2025,17:14:29,3
7/30/2025,17:15:29,4
7/30/2025,17:16:29,3
7/30/2025,17:17:29,2
7/30/2025,17:18:29,3
7/30/2025,17:19:29,1
7/30/2025,17:20:29,0
7/30/2025,17:21:29,0
7/30/2025,17:22:29,0
7/30/2025,17:23:29,0
7/30/2025,17:24:29,3
7/30/2025,17:25:29,3
7/30/2025,17:26:29,3
7/30/2025,17:27:29,3
7/30/2025,17:28:29,3
7/30/2025,17:29:29,3
7/30/2025,17:30:29,3
7/30/2025,17:31:29,3
7/30/2025,17:32:29,3
7/30/2025,17:33:29,3
7/30/2025,17:34:29,2
7/30/2025,17:35:29,3
7/30/2025,17:36:29,3
7/30/2025,17:37:29,3
7/30/2025,17:38:29,3
7/30/2025,17:39:29,3
7/30/2025,17:40:29,3
7/30/2025,17:41:30,3
7/30/2025,17:42:30,3
7/30/2025,17:43:30,3
7/30/2025,17:44:30,3
7/30/2025,17:45:30,3
7/30/2025,17:46:30,3
7/30/2025,17:47:30,3
7/30/2025,17:48:30,3
7/30/2025,17:49:30,3
7/30/2025,17:50:30,3
7/30/2025,17:51:30,2
7/30/2025,17:52:30,3
7/30/2025,17:53:30,3
7/30/2025,17:54:30,3
7/30/2025,17:55:30,3
7/30/2025,17:56:30,3
7/30/2025,17:57:30,3
7/30/2025,17:58:30,3
7/30/2025,17:59:30,3
7/30/2025,18:00:30,3
7/30/2025,18:01:30,3
7/30/2025,18:02:30,3
7/30/2025,18:03:30,2
7/30/2025,18:04:30,0
7/30/2025,18:05:30,0
7/30/2025,18:06:30,0
7/30/2025,18:07:30,0
7/30/2025,18:08:30,0
7/30/2025,18:09:30,0
7/30/2025,18:10:30,0
7/30/2025,18:11:30,0
7/30/2025,18:12:30,0
7/30/2025,18:13:30,0
7/30/2025,18:14:30,0
7/30/2025,18:15:30,0
7/30/2025,18:16:30,0
7/30/2025,18:17:30,0
7/30/2025,18:18:30,1
7/30/2025,18:19:30,3
7/30/2025,18:20:30,3
7/30/2025,18:21:30,3
7/30/2025,18:22:30,3
7/30/2025,18:23:30,2
7/30/2025,18:24:30,2
7/30/2025,18:25:30,2
7/30/2025,18:26:30,3
7/30/2025,18:27:30,2
7/30/2025,18:28:30,3
7/30/2025,18:29:30,2
7/30/2025,18:30:30,3
7/30/2025,18:31:30,2
7/30/2025,18:32:30,3
7/30/2025,18:33:30,3
7/30/2025,18:34:30,3
7/30/2025,18:35:30,3
7/30/2025,18:36:30,3
7/30/2025,18:37:30,2
7/30/2025,18:38:30,3
7/30/2025,18:39:30,3
7/30/2025,18:40:30,3
7/30/2025,18:41:30,2
7/30/2025,18:42:30,4
7/30/2025,18:43:30,3
7/30/2025,18:44:30,3
7/30/2025,18:45:30,0
7/30/2025,18:46:30,0
7/30/2025,18:47:30,2
7/30/2025,18:48:30,1
7/30/2025,18:49:30,0
7/30/2025,18:50:30,1
7/30/2025,18:51:30,0
7/30/2025,18:52:30,0
7/30/2025,18:53:30,0
7/30/2025,18:54:30,0
7/30/2025,18:55:30,0
7/30/2025,18:56:30,0
7/30/2025,18:57:30,0
7/30/2025,18:58:30,0
7/30/2025,18:59:30,0
7/30/2025,19:00:30,2
7/30/2025,19:01:30,2
7/30/2025,19:02:30,1
7/30/2025,19:03:30,3
7/30/2025,19:04:30,4
7/30/2025,19:05:30,3
7/30/2025,19:06:30,1
7/30/2025,19:07:30,0
7/30/2025,19:08:30,0
7/30/2025,19:09:30,1
7/30/2025,19:10:30,3
7/30/2025,19:11:30,3
7/30/2025,19:12:30,3
7/30/2025,19:13:30,2
7/30/2025,19:14:30,3
7/30/2025,19:15:30,3
7/30/2025,19:16:30,2
7/30/2025,19:17:30,1
7/30/2025,19:18:30,3
7/30/2025,19:19:30,3
7/30/2025,19:20:30,3
7/30/2025,19:21:30,2
7/30/2025,19:22:30,3
7/30/2025,19:23:30,3
7/30/2025,19:24:30,3
7/30/2025,19:25:30,2
7/30/2025,19:26:30,1
7/30/2025,19:27:30,1
7/30/2025,19:28:30,3
7/30/2025,19:29:30,3
7/30/2025,19:30:30,3
7/30/2025,19:31:30,3
7/30/2025,19:32:30,3
7/30/2025,19:33:30,3
7/30/2025,19:34:30,3
7/30/2025,19:35:30,3
7/30/2025,19:36:30,3
7/30/2025,19:37:30,2
7/30/2025,19:38:30,3
7/30/2025,19:39:30,3
7/30/2025,19:40:30,3
7/30/2025,19:41:30,1
7/30/2025,19:42:30,2
7/30/2025,19:43:30,3
7/30/2025,19:44:30,3
7/30/2025,19:45:30,3
7/30/2025,19:46:30,3
7/30/2025,19:47:30,3
7/30/2025,19:48:30,3
7/30/2025,19:49:30,3
7/30/2025,19:50:30,3
7/30/2025,19:51:30,3
7/30/2025,19:52:30,3
7/30/2025,19:53:30,3
7/30/2025,19:54:30,3
7/30/2025,19:55:30,3
7/30/2025,19:56:30,2
7/30/2025,19:57:30,3
7/30/2025,19:58:30,3
7/30/2025,19:59:30,0
7/30/2025,20:00:30,1
7/30/2025,20:01:30,0
7/30/2025,20:02:30,0
7/30/2025,20:03:30,0
7/30/2025,20:04:30,1
7/30/2025,20:05:30,0
7/30/2025,20:06:30,2
7/30/2025,20:07:30,2
7/30/2025,20:08:30,3
7/30/2025,20:09:30,2
7/30/2025,20:10:30,3
7/30/2025,20:11:30,3
7/30/2025,20:12:30,3
7/30/2025,20:13:30,2
7/30/2025,20:14:30,2
7/30/2025,20:15:30,3
7/30/2025,20:16:30,3
7/30/2025,20:17:30,3
7/30/2025,20:18:30,3
7/30/2025,20:19:30,3
7/30/2025,20:20:30,3
7/30/2025,20:21:30,2
7/30/2025,20:22:30,2
7/30/2025,20:23:30,0
7/30/2025,20:24:30,0
7/30/2025,20:25:30,1
7/30/2025,20:26:30,3
7/30/2025,20:27:30,2
7/30/2025,20:28:30,3
7/30/2025,20:29:30,3
7/30/2025,20:30:30,3
7/30/2025,20:31:30,3
7/30/2025,20:32:30,3
7/30/2025,20:33:30,3
7/30/2025,20:34:30,3
7/30/2025,20:35:30,3
7/30/2025,20:36:30,3
7/30/2025,20:37:30,3
7/30/2025,20:38:30,3
7/30/2025,20:39:30,2
7/30/2025,20:40:30,3
7/30/2025,20:41:30,3
7/30/2025,20:42:30,3
7/30/2025,20:43:30,3
7/30/2025,20:44:30,3
7/30/2025,20:45:30,3
7/30/2025,20:46:30,3
7/30/2025,20:47:30,3
7/30/2025,20:48:30,2
7/30/2025,20:49:30,3
7/30/2025,20:50:30,3
7/30/2025,20:51:30,3
7/30/2025,20:52:30,0
7/30/2025,20:53:30,2
7/30/2025,20:54:30,3
7/30/2025,20:55:30,3
7/30/2025,20:56:30,3
7/30/2025,20:57:30,2
7/30/2025,20:58:30,2
7/30/2025,20:59:30,1
7/30/2025,21:00:30,2
7/30/2025,21:01:30,3
7/30/2025,21:02:30,0
7/30/2025,21:03:30,0
7/30/2025,21:04:30,0
7/30/2025,21:05:30,0
7/30/2025,21:06:30,0
7/30/2025,21:07:30,0
7/30/2025,21:08:30,2
7/30/2025,21:09:30,3
7/30/2025,21:10:30,2
7/30/2025,21:11:30,3
7/30/2025,21:12:30,3
7/30/2025,21:13:30,3
7/30/2025,21:14:30,3
7/30/2025,21:15:30,3
7/30/2025,21:16:30,3
7/30/2025,21:17:30,3
7/30/2025,21:18:30,3
7/30/2025,21:19:30,3
7/30/2025,21:20:30,3
7/30/2025,21:21:30,3
7/30/2025,21:22:30,3
7/30/2025,21:23:30,3
7/30/2025,21:24:30,3
7/30/2025,21:25:30,3
7/30/2025,21:26:30,3
7/30/2025,21:27:30,3
7/30/2025,21:28:30,2
7/30/2025,21:29:30,3
7/30/2025,21:30:30,3
7/30/2025,21:31:30,3
7/30/2025,21:32:30,3
7/30/2025,21:33:30,3
7/30/2025,21:34:30,3
7/30/2025,21:35:30,3
7/30/2025,21:36:30,3
7/30/2025,21:37:30,3
7/30/2025,21:38:30,3
7/30/2025,21:39:30,3
7/30/2025,21:40:30,3
7/30/2025,21:41:30,3
7/30/2025,21:42:30,3
7/30/2025,21:43:30,3
7/30/2025,21:44:30,3
7/30/2025,21:45:30,3
7/30/2025,21:46:30,2
7/30/2025,21:47:30,3
7/30/2025,21:48:30,3
7/30/2025,21:49:30,2
7/30/2025,21:50:30,3
7/30/2025,21:51:30,3
7/30/2025,21:52:30,3
7/30/2025,21:53:30,3
7/30/2025,21:54:30,0
7/30/2025,21:55:30,0
7/30/2025,21:56:30,3
7/30/2025,21:57:30,2
7/30/2025,21:58:30,0
7/30/2025,21:59:30,0
7/30/2025,22:00:30,0
7/30/2025,22:01:30,0
7/30/2025,22:02:30,3
7/30/2025,22:03:30,3
7/30/2025,22:04:30,3
7/30/2025,22:05:30,3
7/30/2025,22:06:30,3
7/30/2025,22:07:30,2
7/30/2025,22:08:30,3
7/30/2025,22:09:30,2
7/30/2025,22:10:30,0
7/30/2025,22:11:30,0
7/30/2025,22:12:30,1
7/30/2025,22:13:30,3
7/30/2025,22:14:30,3
7/30/2025,22:15:30,3
7/30/2025,22:16:30,3
7/30/2025,22:17:30,3
7/30/2025,22:18:30,3
7/30/2025,22:19:30,3
7/30/2025,22:20:30,2
7/30/2025,22:21:30,3
7/30/2025,22:22:30,3
7/30/2025,22:23:30,3
7/30/2025,22:24:30,3
7/30/2025,22:25:30,3
7/30/2025,22:26:30,3
7/30/2025,22:27:30,3
7/30/2025,22:28:30,3
7/30/2025,22:29:30,3
7/30/2025,22:30:30,3
7/30/2025,22:31:30,3
7/30/2025,22:32:30,2
7/30/2025,22:33:30,3
7/30/2025,22:34:30,3
7/30/2025,22:35:30,2
7/30/2025,22:36:30,3
7/30/2025,22:37:30,3
7/30/2025,22:38:30,3
7/30/2025,22:39:30,3
7/30/2025,22:40:30,2
7/30/2025,22:41:30,3
7/30/2025,22:42:30,3
7/30/2025,22:43:30,3
7/30/2025,22:44:30,3
7/30/2025,22:45:30,3
7/30/2025,22:46:30,3
7/30/2025,22:47:30,3
7/30/2025,22:48:30,3
7/30/2025,22:49:30,3
7/30/2025,22:50:30,3
7/30/2025,22:51:30,3
7/30/2025,22:52:30,3
7/30/2025,22:53:30,3
7/30/2025,22:54:30,3
7/30/2025,22:55:30,3
7/30/2025,22:56:30,2
7/30/2025,22:57:30,3
7/30/2025,22:58:30,3
7/30/2025,22:59:30,3
7/30/2025,23:00:30,3
7/30/2025,23:01:30,3
7/30/2025,23:02:30,3
7/30/2025,23:03:30,3
7/30/2025,23:04:30,2
7/30/2025,23:05:30,3
7/30/2025,23:06:30,3
7/30/2025,23:07:30,3
7/30/2025,23:08:30,3
7/30/2025,23:09:30,3
7/30/2025,23:10:30,3
7/30/2025,23:11:30,3
7/30/2025,23:12:30,3
7/30/2025,23:13:30,3
7/30/2025,23:14:30,2
7/30/2025,23:15:30,3
7/30/2025,23:16:30,3
7/30/2025,23:17:30,3
7/30/2025,23:18:30,3
7/30/2025,23:19:30,3
7/30/2025,23:20:30,3
7/30/2025,23:21:30,2
7/30/2025,23:22:30,2
7/30/2025,23:23:30,3
7/30/2025,23:24:30,3
7/30/2025,23:25:30,4
7/30/2025,23:26:30,2
7/30/2025,23:27:30,3
7/30/2025,23:28:30,3
7/30/2025,23:29:30,3
7/30/2025,23:30:30,3
7/30/2025,23:31:30,3
7/30/2025,23:32:30,3
7/30/2025,23:33:30,0
7/30/2025,23:34:30,3
7/30/2025,23:35:30,3
7/30/2025,23:36:30,3
7/30/2025,23:37:30,3
7/30/2025,23:38:30,3
7/30/2025,23:39:30,2
7/30/2025,23:40:30,3
7/30/2025,23:41:30,3
7/30/2025,23:42:30,3
7/30/2025,23:43:30,3
7/30/2025,23:44:30,3
7/30/2025,23:45:30,3
7/30/2025,23:46:30,2
7/30/2025,23:47:30,2
7/30/2025,23:48:30,3
7/30/2025,23:49:30,3
7/30/2025,23:50:30,3
7/30/2025,23:51:30,3
7/30/2025,23:52:30,0
7/30/2025,23:53:30,1
7/30/2025,23:54:30,3
7/30/2025,23:55:30,3
7/30/2025,23:56:30,2
7/30/2025,23:57:30,3
7/30/2025,23:58:30,3
7/30/2025,23:59:30,3
7/31/2025,00:00:30,3
7/31/2025,00:01:30,3
7/31/2025,00:02:30,3
7/31/2025,00:03:30,3
7/31/2025,00:04:30,2
7/31/2025,00:05:30,3
7/31/2025,00:06:30,3
7/31/2025,00:07:30,3
7/31/2025,00:08:30,3
7/31/2025,00:09:30,3
7/31/2025,00:10:30,3
7/31/2025,00:11:30,3
7/31/2025,00:12:30,3
7/31/2025,00:13:30,3
7/31/2025,00:14:30,3
7/31/2025,00:15:30,3
7/31/2025,00:16:30,2
7/31/2025,00:17:30,0
7/31/2025,00:18:30,0
7/31/2025,00:19:30,0
7/31/2025,00:20:30,0
7/31/2025,00:21:30,0
7/31/2025,00:22:30,0
7/31/2025,00:23:30,3
7/31/2025,00:24:30,3
7/31/2025,00:25:30,3
7/31/2025,00:26:30,0
7/31/2025,00:27:30,2
7/31/2025,00:28:30,3
7/31/2025,00:29:30,1
7/31/2025,00:30:30,0
7/31/2025,00:31:30,2
7/31/2025,00:32:30,1
7/31/2025,00:33:30,3
7/31/2025,00:34:30,3
7/31/2025,00:35:30,2
7/31/2025,00:36:30,2
7/31/2025,00:37:30,3
7/31/2025,00:38:30,3
7/31/2025,00:39:30,3
7/31/2025,00:40:30,3
7/31/2025,00:41:30,2
7/31/2025,00:42:30,3
7/31/2025,00:43:30,3
7/31/2025,00:44:30,3
7/31/2025,00:45:30,3
7/31/2025,00:46:30,3
7/31/2025,00:47:30,3
7/31/2025,00:48:30,3
7/31/2025,00:49:30,3
7/31/2025,00:50:30,3
7/31/2025,00:51:30,3
7/31/2025,00:52:30,3
7/31/2025,00:53:30,2
7/31/2025,00:54:30,3
7/31/2025,00:55:30,3
7/31/2025,00:56:30,1
7/31/2025,00:57:30,0
7/31/2025,00:58:30,1
7/31/2025,00:59:30,2
7/31/2025,01:00:30,3
7/31/2025,01:01:30,3
7/31/2025,01:02:30,3
7/31/2025,01:03:30,3
7/31/2025,01:04:30,2
7/31/2025,01:05:30,2
7/31/2025,01:06:30,4
7/31/2025,01:07:30,3
7/31/2025,01:08:30,3
7/31/2025,01:09:30,3
7/31/2025,01:10:30,3
7/31/2025,01:11:30,3
7/31/2025,01:12:30,2
7/31/2025,01:13:30,3
7/31/2025,01:14:30,3
7/31/2025,01:15:30,3
7/31/2025,01:16:30,3
7/31/2025,01:17:30,3
7/31/2025,01:18:30,3
7/31/2025,01:19:30,3
7/31/2025,01:20:30,1
7/31/2025,01:21:30,0
7/31/2025,01:22:30,2
7/31/2025,01:23:30,2
7/31/2025,01:24:30,3
7/31/2025,01:25:30,1
7/31/2025,01:26:30,0
7/31/2025,01:27:30,0
7/31/2025,01:28:30,0
7/31/2025,01:29:30,1
7/31/2025,01:30:30,1
7/31/2025,01:31:30,3
7/31/2025,01:32:30,3
7/31/2025,01:33:30,3
7/31/2025,01:34:30,3
7/31/2025,01:35:30,3
7/31/2025,01:36:30,3
7/31/2025,01:37:30,3
7/31/2025,01:38:30,3
7/31/2025,01:39:30,3
7/31/2025,01:40:30,2
7/31/2025,01:41:30,1
7/31/2025,01:42:30,2
7/31/2025,01:43:30,2
7/31/2025,01:44:30,3
7/31/2025,01:45:30,3
7/31/2025,01:46:30,0
7/31/2025,01:47:30,3
7/31/2025,01:48:30,3
7/31/2025,01:49:30,3
7/31/2025,01:50:30,3
7/31/2025,01:51:30,3
7/31/2025,01:52:30,2
7/31/2025,01:53:30,3
7/31/2025,01:54:30,3
7/31/2025,01:55:30,3
7/31/2025,01:56:30,3
7/31/2025,01:57:30,3
7/31/2025,01:58:30,2
7/31/2025,01:59:30,3
7/31/2025,02:00:30,2
7/31/2025,02:01:30,3
7/31/2025,02:02:30,3
7/31/2025,02:03:30,3
7/31/2025,02:04:30,3
7/31/2025,02:05:30,3
7/31/2025,02:06:30,3
7/31/2025,02:07:30,3
7/31/2025,02:08:30,2
7/31/2025,02:09:30,3
7/31/2025,02:10:30,3
7/31/2025,02:11:30,2
7/31/2025,02:12:30,0
7/31/2025,02:13:30,0
7/31/2025,02:14:30,0
7/31/2025,02:15:30,0
7/31/2025,02:16:30,0
7/31/2025,02:17:30,0
7/31/2025,02:18:30,0
7/31/2025,02:19:30,1
7/31/2025,02:20:30,3
7/31/2025,02:21:30,3
7/31/2025,02:22:30,3
7/31/2025,02:23:30,1
7/31/2025,02:24:30,3
7/31/2025,02:25:30,3
7/31/2025,02:26:30,3
7/31/2025,02:27:30,2
7/31/2025,02:28:30,3
7/31/2025,02:29:30,3
7/31/2025,02:30:30,3
7/31/2025,02:31:30,3
7/31/2025,02:32:30,2
7/31/2025,02:33:30,1
7/31/2025,02:34:30,2
7/31/2025,02:35:30,3
7/31/2025,02:36:30,3
7/31/2025,02:37:30,3
7/31/2025,02:38:30,3
7/31/2025,02:39:30,3
7/31/2025,02:40:30,3
7/31/2025,02:41:30,3
7/31/2025,02:42:30,3
7/31/2025,02:43:30,3
7/31/2025,02:44:30,3
7/31/2025,02:45:30,3
7/31/2025,02:46:30,2
7/31/2025,02:47:30,3
7/31/2025,02:48:30,3
7/31/2025,02:49:30,3
7/31/2025,02:50:30,2
7/31/2025,02:51:30,2
7/31/2025,02:52:30,3
7/31/2025,02:53:30,3
7/31/2025,02:54:30,1
7/31/2025,02:55:30,3
7/31/2025,02:56:30,3
7/31/2025,02:57:30,3
7/31/2025,02:58:30,3
7/31/2025,02:59:30,2
7/31/2025,03:00:30,3
7/31/2025,03:01:30,2
7/31/2025,03:02:30,3
7/31/2025,03:03:30,3
7/31/2025,03:04:30,3
7/31/2025,03:05:30,3
7/31/2025,03:06:30,3
7/31/2025,03:07:30,3
7/31/2025,03:08:30,0
7/31/2025,03:09:30,0
7/31/2025,03:10:30,3
7/31/2025,03:11:30,3
7/31/2025,03:12:30,3
7/31/2025,03:13:30,3
7/31/2025,03:14:30,3
7/31/2025,03:15:30,2
7/31/2025,03:16:30,3
7/31/2025,03:17:30,2
7/31/2025,03:18:30,0
7/31/2025,03:19:30,0
7/31/2025,03:20:30,0
7/31/2025,03:21:30,0
7/31/2025,03:22:30,0
7/31/2025,03:23:30,2
7/31/2025,03:24:30,3
7/31/2025,03:25:30,2
7/31/2025,03:26:30,3
7/31/2025,03:27:30,3
7/31/2025,03:28:30,3
7/31/2025,03:29:30,3
7/31/2025,03:30:30,3
7/31/2025,03:31:30,3
7/31/2025,03:32:30,3
7/31/2025,03:33:30,3
7/31/2025,03:34:30,2
7/31/2025,03:35:30,3
7/31/2025,03:36:30,3
7/31/2025,03:37:30,3
7/31/2025,03:38:30,3
7/31/2025,03:39:30,3
7/31/2025,03:40:30,3
7/31/2025,03:41:30,3
7/31/2025,03:42:30,3
7/31/2025,03:43:30,3
7/31/2025,03:44:30,3
7/31/2025,03:45:30,3
7/31/2025,03:46:30,3
7/31/2025,03:47:30,3
7/31/2025,03:48:30,3
7/31/2025,03:49:30,2
7/31/2025,03:50:30,3
7/31/2025,03:51:30,3
7/31/2025,03:52:30,3
7/31/2025,03:53:30,3
7/31/2025,03:54:30,3
7/31/2025,03:55:30,3
7/31/2025,03:56:30,2
7/31/2025,03:57:30,3
7/31/2025,03:58:30,3
7/31/2025,03:59:30,3
7/31/2025,04:00:30,3
7/31/2025,04:01:30,3
7/31/2025,04:02:30,3
7/31/2025,04:03:30,2
7/31/2025,04:04:30,3
7/31/2025,04:05:30,3
7/31/2025,04:06:30,3
7/31/2025,04:07:30,3
7/31/2025,04:08:30,3
7/31/2025,04:09:30,3
7/31/2025,04:10:30,3
7/31/2025,04:11:30,2
7/31/2025,04:12:30,3
7/31/2025,04:13:30,3
7/31/2025,04:14:30,3
7/31/2025,04:15:30,3
7/31/2025,04:16:30,3
7/31/2025,04:17:30,3
7/31/2025,04:18:30,3
7/31/2025,04:19:30,3
7/31/2025,04:20:30,2
7/31/2025,04:21:30,3
7/31/2025,04:22:30,2
7/31/2025,04:23:30,3
7/31/2025,04:24:30,2
7/31/2025,04:25:30,3
7/31/2025,04:26:30,3
7/31/2025,04:27:30,3
7/31/2025,04:28:30,3
7/31/2025,04:29:30,3
7/31/2025,04:30:30,2
7/31/2025,04:31:30,3
7/31/2025,04:32:30,3
7/31/2025,04:33:30,2
7/31/2025,04:34:30,3
7/31/2025,04:35:30,3
7/31/2025,04:36:30,3
7/31/2025,04:37:30,2
7/31/2025,04:38:30,3
7/31/2025,04:39:30,2
7/31/2025,04:40:30,2
7/31/2025,04:41:30,3
7/31/2025,04:42:30,3
7/31/2025,04:43:30,3
7/31/2025,04:44:30,3
7/31/2025,04:45:30,3
7/31/2025,04:46:30,2
7/31/2025,04:47:30,3
7/31/2025,04:48:30,3
7/31/2025,04:49:30,3
7/31/2025,04:50:30,2
7/31/2025,04:51:30,3
7/31/2025,04:52:30,3
7/31/2025,04:53:30,3
7/31/2025,04:54:30,3
7/31/2025,04:55:30,3
7/31/2025,04:56:30,3
7/31/2025,04:57:30,2
7/31/2025,04:58:30,1
7/31/2025,04:59:30,3
7/31/2025,05:00:30,3
7/31/2025,05:01:30,3
7/31/2025,05:02:30,3
7/31/2025,05:03:30,2
7/31/2025,05:04:30,3
7/31/2025,05:05:30,3
7/31/2025,05:06:30,3
7/31/2025,05:07:30,3
7/31/2025,05:08:30,3
7/31/2025,05:09:30,2
7/31/2025,05:10:30,3
7/31/2025,05:11:30,3
7/31/2025,05:12:30,2
7/31/2025,05:13:30,1
7/31/2025,05:14:30,3
7/31/2025,05:15:30,3
7/31/2025,05:16:30,3
7/31/2025,05:17:30,3
7/31/2025,05:18:30,3
7/31/2025,05:19:30,3
7/31/2025,05:20:30,2
7/31/2025,05:21:30,3
7/31/2025,05:22:30,1
7/31/2025,05:23:30,3
7/31/2025,05:24:30,3
7/31/2025,05:25:30,3
7/31/2025,05:26:30,3
7/31/2025,05:27:30,3
7/31/2025,05:28:30,2
7/31/2025,05:29:30,2
7/31/2025,05:30:30,3
7/31/2025,05:31:30,2
7/31/2025,05:32:30,3
7/31/2025,05:33:30,2
7/31/2025,05:34:30,2
7/31/2025,05:35:30,3
7/31/2025,05:36:30,3
7/31/2025,05:37:30,3
7/31/2025,05:38:30,2
7/31/2025,05:39:30,3
7/31/2025,05:40:30,2
7/31/2025,05:41:30,3
7/31/2025,05:42:30,3
7/31/2025,05:43:30,2
7/31/2025,05:44:30,3
7/31/2025,05:45:30,2
7/31/2025,05:46:30,3
7/31/2025,05:47:30,3
7/31/2025,05:48:30,3
7/31/2025,05:49:30,3
7/31/2025,05:50:30,3
7/31/2025,05:51:30,2
7/31/2025,05:52:30,3
7/31/2025,05:53:30,3
7/31/2025,05:54:30,2
7/31/2025,05:55:30,3
7/31/2025,05:56:30,3
7/31/2025,05:57:30,3
7/31/2025,05:58:30,2
7/31/2025,05:59:30,3
7/31/2025,06:00:30,2
7/31/2025,06:01:30,2
7/31/2025,06:02:30,3
7/31/2025,06:03:30,3
7/31/2025,06:04:30,3
7/31/2025,06:05:30,3
7/31/2025,06:06:30,2
7/31/2025,06:07:30,2
7/31/2025,06:08:30,1
7/31/2025,06:09:30,3
7/31/2025,06:10:30,0
7/31/2025,06:11:30,0
7/31/2025,06:12:30,1
7/31/2025,06:13:30,1
7/31/2025,06:14:30,2
7/31/2025,06:15:30,3
7/31/2025,06:16:30,2
7/31/2025,06:17:30,3
7/31/2025,06:18:30,2
7/31/2025,06:19:30,1
7/31/2025,06:20:30,3
7/31/2025,06:21:30,3
7/31/2025,06:22:30,3
7/31/2025,06:23:30,2
7/31/2025,06:24:30,2
7/31/2025,06:25:30,3
7/31/2025,06:26:30,3
7/31/2025,06:27:30,3
7/31/2025,06:28:30,3
7/31/2025,06:29:30,2
7/31/2025,06:30:30,3
7/31/2025,06:31:30,3
7/31/2025,06:32:30,2
7/31/2025,06:33:30,3
7/31/2025,06:34:30,3
7/31/2025,06:35:30,2
7/31/2025,06:36:30,3
7/31/2025,06:37:30,3
7/31/2025,06:38:30,2
7/31/2025,06:39:30,3
7/31/2025,06:40:30,2
7/31/2025,06:41:30,3
7/31/2025,06:42:30,2
7/31/2025,06:43:30,3
7/31/2025,06:44:30,3
7/31/2025,06:45:30,2
7/31/2025,06:46:30,3
7/31/2025,06:47:30,1
7/31/2025,06:48:30,3
7/31/2025,06:49:30,2
7/31/2025,06:50:30,3
7/31/2025,06:51:30,3
7/31/2025,06:52:30,1
7/31/2025,06:53:30,3
7/31/2025,06:54:30,1
7/31/2025,06:55:30,3
7/31/2025,06:56:30,3
7/31/2025,06:57:30,1
7/31/2025,06:58:30,2
7/31/2025,06:59:30,3
7/31/2025,07:00:30,3
7/31/2025,07:01:30,1
7/31/2025,07:02:30,0
7/31/2025,07:03:30,0
7/31/2025,07:04:30,0
7/31/2025,07:05:30,0
7/31/2025,07:06:30,0
7/31/2025,07:07:30,0
7/31/2025,07:08:30,0
7/31/2025,07:09:30,0
7/31/2025,07:10:30,0
7/31/2025,07:11:30,0
7/31/2025,07:12:30,0
7/31/2025,07:13:30,0
7/31/2025,07:14:30,0
7/31/2025,07:15:30,0
7/31/2025,07:16:30,1
7/31/2025,07:17:30,1
7/31/2025,07:18:30,1
7/31/2025,07:19:30,3
7/31/2025,07:20:30,2
7/31/2025,07:21:30,2
7/31/2025,07:22:30,4
7/31/2025,07:23:30,3
7/31/2025,07:24:30,3
7/31/2025,07:25:30,2
7/31/2025,07:26:30,3
7/31/2025,07:27:30,3
7/31/2025,07:28:30,0
7/31/2025,07:29:30,0
7/31/2025,07:30:30,0
7/31/2025,07:31:30,0
7/31/2025,07:32:30,0
7/31/2025,07:33:30,0
7/31/2025,07:34:30,0
7/31/2025,07:35:30,0
7/31/2025,07:36:30,0
7/31/2025,07:37:30,0
7/31/2025,07:38:30,0
7/31/2025,07:39:30,0
7/31/2025,07:40:30,0
7/31/2025,07:41:30,0
7/31/2025,07:42:30,1
7/31/2025,07:43:30,2
7/31/2025,07:44:30,2
7/31/2025,07:45:30,2
7/31/2025,07:46:30,1
7/31/2025,07:47:30,2
7/31/2025,07:48:30,2
7/31/2025,07:49:30,2
7/31/2025,07:50:30,2
7/31/2025,07:51:30,2
7/31/2025,07:52:30,4
7/31/2025,07:53:30,0
7/31/2025,07:54:30,0
7/31/2025,07:55:30,0
7/31/2025,07:56:30,0
7/31/2025,07:57:30,0
7/31/2025,07:58:30,0
7/31/2025,07:59:30,0
7/31/2025,08:00:30,0
7/31/2025,08:01:30,0
7/31/2025,08:02:30,0
7/31/2025,08:03:30,0
7/31/2025,08:04:30,0
7/31/2025,08:05:30,3
7/31/2025,08:06:30,3
7/31/2025,08:07:30,3
7/31/2025,08:08:30,1
7/31/2025,08:09:30,3
7/31/2025,08:10:30,4
7/31/2025,08:11:30,2
7/31/2025,08:12:30,3
7/31/2025,08:13:30,3
7/31/2025,08:14:30,3
7/31/2025,08:15:30,3
7/31/2025,08:16:30,3
7/31/2025,08:17:30,3
7/31/2025,08:18:30,2
7/31/2025,08:19:30,3
7/31/2025,08:20:30,3
7/31/2025,08:21:30,3
7/31/2025,08:22:30,3
7/31/2025,08:23:30,2
7/31/2025,08:24:30,2
7/31/2025,08:25:30,0
7/31/2025,08:26:30,0
7/31/2025,08:27:30,3
7/31/2025,08:28:30,3
7/31/2025,08:29:30,2
7/31/2025,08:30:30,1
7/31/2025,08:31:30,1
7/31/2025,08:32:30,0
7/31/2025,08:33:30,0
7/31/2025,08:34:30,0
7/31/2025,08:35:30,0
7/31/2025,08:36:30,0
7/31/2025,08:37:30,0
7/31/2025,08:38:30,0
7/31/2025,08:39:30,0
7/31/2025,08:40:30,0
7/31/2025,08:41:30,0
7/31/2025,08:42:30,0
7/31/2025,08:43:30,0
7/31/2025,08:44:30,0
7/31/2025,08:45:30,0
7/31/2025,08:46:30,0
7/31/2025,08:47:30,1
7/31/2025,08:48:30,3
7/31/2025,08:49:30,2
7/31/2025,08:50:30,3
7/31/2025,08:51:30,3
7/31/2025,08:52:30,1
7/31/2025,08:53:30,3
7/31/2025,08:54:30,3
7/31/2025,08:55:30,3
7/31/2025,08:56:30,2
7/31/2025,08:57:30,2
7/31/2025,08:58:30,3
7/31/2025,08:59:30,3
7/31/2025,09:00:30,1
7/31/2025,09:01:30,3
7/31/2025,09:02:30,3
7/31/2025,09:03:30,3
7/31/2025,09:04:30,3
7/31/2025,09:05:30,3
7/31/2025,09:06:30,3
7/31/2025,09:07:30,3
7/31/2025,09:08:30,3
7/31/2025,09:09:30,3
7/31/2025,09:10:30,3
7/31/2025,09:11:30,3
7/31/2025,09:12:30,3
7/31/2025,09:13:30,2
7/31/2025,09:14:30,3
7/31/2025,09:15:30,3
7/31/2025,09:16:30,3
7/31/2025,09:17:30,3
7/31/2025,09:18:30,3
7/31/2025,09:19:30,3
7/31/2025,09:20:30,3
7/31/2025,09:21:30,3
7/31/2025,09:22:30,1
7/31/2025,09:23:30,0
7/31/2025,09:24:30,0
7/31/2025,09:25:30,0
7/31/2025,09:26:30,0
7/31/2025,09:27:30,0
7/31/2025,09:28:30,0
7/31/2025,09:29:30,0
7/31/2025,09:30:30,1
7/31/2025,09:31:30,3
7/31/2025,09:32:30,3
7/31/2025,09:33:30,3
7/31/2025,09:34:30,3
7/31/2025,09:35:30,3
7/31/2025,09:36:30,3
7/31/2025,09:37:30,3
7/31/2025,09:38:30,3
7/31/2025,09:39:30,3
7/31/2025,09:40:30,3
7/31/2025,09:41:30,2
7/31/2025,09:42:30,2
7/31/2025,09:43:30,3
7/31/2025,09:44:30,3
7/31/2025,09:45:30,3
7/31/2025,09:46:30,3
7/31/2025,09:47:30,3
7/31/2025,09:48:30,3
7/31/2025,09:49:30,3
7/31/2025,09:50:30,3
7/31/2025,09:51:30,3
7/31/2025,09:52:30,3
7/31/2025,09:53:30,3
7/31/2025,09:54:30,2
7/31/2025,09:55:30,3
7/31/2025,09:56:30,3
7/31/2025,09:57:30,3
7/31/2025,09:58:30,3
7/31/2025,09:59:30,3
7/31/2025,10:00:30,3
7/31/2025,10:01:30,3
7/31/2025,10:02:30,3
7/31/2025,10:03:30,3
7/31/2025,10:04:30,3
7/31/2025,10:05:30,3
7/31/2025,10:06:30,3
7/31/2025,10:07:30,2
7/31/2025,10:08:30,3
7/31/2025,10:09:30,3
7/31/2025,10:10:30,3
7/31/2025,10:11:30,0
7/31/2025,10:12:30,0
7/31/2025,10:13:30,2
7/31/2025,10:14:30,2
7/31/2025,10:15:30,3
7/31/2025,10:16:30,3
7/31/2025,10:17:30,3
7/31/2025,10:18:30,3
7/31/2025,10:19:30,3
7/31/2025,10:20:30,2
7/31/2025,10:21:30,0
7/31/2025,10:22:30,3
7/31/2025,10:23:30,3
7/31/2025,10:24:30,2
7/31/2025,10:25:30,3
7/31/2025,10:26:30,3
7/31/2025,10:27:30,3
7/31/2025,10:28:30,3
7/31/2025,10:29:30,1
7/31/2025,10:30:30,3
7/31/2025,10:31:30,3
7/31/2025,10:32:30,3
7/31/2025,10:33:30,3
7/31/2025,10:34:30,3
7/31/2025,10:35:30,3
7/31/2025,10:36:30,3
7/31/2025,10:37:30,3
7/31/2025,10:38:30,3
7/31/2025,10:39:30,3
7/31/2025,10:40:30,2
7/31/2025,10:41:30,3
7/31/2025,10:42:30,2
7/31/2025,10:43:30,3
7/31/2025,10:44:30,3
7/31/2025,10:45:30,3
7/31/2025,10:46:30,3
7/31/2025,10:47:30,3
7/31/2025,10:48:30,2
7/31/2025,10:49:30,3
7/31/2025,10:50:30,3
7/31/2025,10:51:30,3
7/31/2025,10:52:30,3
7/31/2025,10:53:30,2
7/31/2025,10:54:30,3
7/31/2025,10:55:30,3
7/31/2025,10:56:30,2
7/31/2025,10:57:30,3
7/31/2025,10:58:30,3
7/31/2025,10:59:30,3
7/31/2025,11:00:30,3
7/31/2025,11:01:30,3
7/31/2025,11:02:30,3
7/31/2025,11:03:30,2
7/31/2025,11:04:30,3
7/31/2025,11:05:30,3
7/31/2025,11:06:30,3
7/31/2025,11:07:30,3
7/31/2025,11:08:30,3
7/31/2025,11:09:30,3
7/31/2025,11:10:30,3
7/31/2025,11:11:30,3
7/31/2025,11:12:30,2
7/31/2025,11:13:30,3
7/31/2025,11:14:30,3
7/31/2025,11:15:30,3
7/31/2025,11:16:30,3
7/31/2025,11:17:30,3
7/31/2025,11:18:30,3
7/31/2025,11:19:30,3
7/31/2025,11:20:30,3
7/31/2025,11:21:30,3
7/31/2025,11:22:30,3
7/31/2025,11:23:30,3
7/31/2025,11:24:30,3
7/31/2025,11:25:30,3
7/31/2025,11:26:30,3
7/31/2025,11:27:30,3
7/31/2025,11:28:30,2
7/31/2025,11:29:30,3
7/31/2025,11:30:30,3
7/31/2025,11:31:30,3
7/31/2025,11:32:30,3
7/31/2025,11:33:30,3
7/31/2025,11:34:30,3
7/31/2025,11:35:30,3
7/31/2025,11:36:30,3
7/31/2025,11:37:30,0
7/31/2025,11:38:30,0
7/31/2025,11:39:30,2
7/31/2025,11:40:30,2
7/31/2025,11:41:30,3
7/31/2025,11:42:30,3
7/31/2025,11:43:30,1
7/31/2025,11:44:30,3
7/31/2025,11:45:30,3
7/31/2025,11:46:30,3
7/31/2025,11:47:30,3
7/31/2025,11:48:30,3
7/31/2025,11:49:30,3
7/31/2025,11:50:30,3
7/31/2025,11:51:30,3
7/31/2025,11:52:30,3
7/31/2025,11:53:30,3
7/31/2025,11:54:30,3
7/31/2025,11:55:30,3
7/31/2025,11:56:30,3
7/31/2025,11:57:30,3
7/31/2025,11:58:30,3
7/31/2025,11:59:30,3
7/31/2025,12:00:30,2
7/31/2025,12:01:30,2
7/31/2025,12:02:30,0
7/31/2025,12:03:30,0
7/31/2025,12:04:30,0
7/31/2025,12:05:30,0
7/31/2025,12:06:30,0
7/31/2025,12:07:30,0
7/31/2025,12:08:30,1
7/31/2025,12:09:30,2
7/31/2025,12:10:30,3
7/31/2025,12:11:30,0
7/31/2025,12:12:30,0
7/31/2025,12:13:30,0
7/31/2025,12:14:30,0
7/31/2025,12:15:30,2
7/31/2025,12:16:30,3
7/31/2025,12:17:30,3
7/31/2025,12:18:30,2
7/31/2025,12:19:30,3
7/31/2025,12:20:30,1
7/31/2025,12:21:30,3
7/31/2025,12:22:30,1
7/31/2025,12:23:30,1
7/31/2025,12:24:30,3
7/31/2025,12:25:30,3
7/31/2025,12:26:30,2
7/31/2025,12:27:30,2
7/31/2025,12:28:30,2
7/31/2025,12:29:30,3
7/31/2025,12:30:30,3
7/31/2025,12:31:30,3
7/31/2025,12:32:30,2
7/31/2025,12:33:30,3
7/31/2025,12:34:30,3
7/31/2025,12:35:30,3
7/31/2025,12:36:30,3
7/31/2025,12:37:30,3
7/31/2025,12:38:30,2
7/31/2025,12:39:30,3
7/31/2025,12:40:30,3
7/31/2025,12:41:30,3
7/31/2025,12:42:30,2
7/31/2025,12:43:30,3
7/31/2025,12:44:30,1
7/31/2025,12:45:30,3
7/31/2025,12:46:30,3
7/31/2025,12:47:30,3
7/31/2025,12:48:30,3
7/31/2025,12:49:30,3
7/31/2025,12:50:30,3
7/31/2025,12:51:30,3
7/31/2025,12:52:30,3
7/31/2025,12:53:30,1
7/31/2025,12:54:30,2
7/31/2025,12:55:30,2
7/31/2025,12:56:30,3
7/31/2025,12:57:30,3
7/31/2025,12:58:30,1
7/31/2025,12:59:30,4
7/31/2025,13:00:30,2
7/31/2025,13:01:30,3
7/31/2025,13:02:30,3
7/31/2025,13:03:30,3
7/31/2025,13:04:30,3
7/31/2025,13:05:30,3
7/31/2025,13:06:30,3
7/31/2025,13:07:30,2
7/31/2025,13:08:30,3
7/31/2025,13:09:30,2
7/31/2025,13:10:30,2
7/31/2025,13:11:30,1
7/31/2025,13:12:30,1
7/31/2025,13:13:30,0
7/31/2025,13:14:30,1
7/31/2025,13:15:30,2
7/31/2025,13:16:30,3
7/31/2025,13:17:30,2
7/31/2025,13:18:30,3
7/31/2025,13:19:30,3
7/31/2025,13:20:30,3
7/31/2025,13:21:30,1
7/31/2025,13:22:30,3
7/31/2025,13:23:30,3
7/31/2025,13:24:30,3
7/31/2025,13:25:30,2
7/31/2025,13:26:30,0
7/31/2025,13:27:30,2
7/31/2025,13:28:30,3
7/31/2025,13:29:30,1
7/31/2025,13:30:30,3
7/31/2025,13:31:30,3
7/31/2025,13:32:30,3
7/31/2025,13:33:30,3
7/31/2025,13:34:30,3
7/31/2025,13:35:30,3
7/31/2025,13:36:30,3
7/31/2025,13:37:30,3
7/31/2025,13:38:30,2
7/31/2025,13:39:30,3
7/31/2025,13:40:30,3
7/31/2025,13:41:30,3
7/31/2025,13:42:30,3
7/31/2025,13:43:30,3
7/31/2025,13:44:30,3
7/31/2025,13:45:30,3
7/31/2025,13:46:30,3
7/31/2025,13:47:30,3
7/31/2025,13:48:30,2
7/31/2025,13:49:30,2
7/31/2025,13:50:30,3
7/31/2025,13:51:30,1
7/31/2025,13:52:30,0
7/31/2025,13:53:30,0
7/31/2025,13:54:30,0
7/31/2025,13:55:30,0
7/31/2025,13:56:30,0
7/31/2025,13:57:30,0
7/31/2025,13:58:30,0
7/31/2025,13:59:30,1
7/31/2025,14:00:30,0
7/31/2025,14:01:30,1
7/31/2025,14:02:30,3
7/31/2025,14:03:30,3
7/31/2025,14:04:30,3
7/31/2025,14:05:30,3
7/31/2025,14:06:30,3
7/31/2025,14:07:30,3
7/31/2025,14:08:30,2
7/31/2025,14:09:30,3
7/31/2025,14:10:30,3
7/31/2025,14:11:30,3
7/31/2025,14:12:30,3
7/31/2025,14:13:30,2
7/31/2025,14:14:30,2
7/31/2025,14:15:30,3
7/31/2025,14:16:30,3
7/31/2025,14:17:30,3
7/31/2025,14:18:30,3
7/31/2025,14:19:30,3
7/31/2025,14:20:30,3
7/31/2025,14:21:30,2
7/31/2025,14:22:30,3
7/31/2025,14:23:31,3
7/31/2025,14:24:31,3
7/31/2025,14:25:31,3
7/31/2025,14:26:31,3
7/31/2025,14:27:31,3
7/31/2025,14:28:31,3
7/31/2025,14:29:31,3
7/31/2025,14:30:31,1
7/31/2025,14:31:31,3
7/31/2025,14:32:31,3
7/31/2025,14:33:31,3
7/31/2025,14:34:31,3
7/31/2025,14:35:31,3
7/31/2025,14:36:31,3
7/31/2025,14:37:31,3
7/31/2025,14:38:31,0
7/31/2025,14:39:31,3
7/31/2025,14:40:31,2
7/31/2025,14:41:31,2
7/31/2025,14:42:31,3
7/31/2025,14:43:31,2
7/31/2025,14:44:31,2
7/31/2025,14:45:31,2
7/31/2025,14:46:31,2
7/31/2025,14:47:31,3
7/31/2025,14:48:31,3
7/31/2025,14:49:31,3
7/31/2025,14:50:31,3
7/31/2025,14:51:31,3
7/31/2025,14:52:31,3
7/31/2025,14:53:31,3
7/31/2025,14:54:31,2
7/31/2025,14:55:31,2
7/31/2025,14:56:31,3
7/31/2025,14:57:31,3
7/31/2025,14:58:31,2
7/31/2025,14:59:31,2
7/31/2025,15:00:31,3
7/31/2025,15:01:31,0
7/31/2025,15:02:31,0
7/31/2025,15:03:31,0
7/31/2025,15:04:31,0
7/31/2025,15:05:31,0
7/31/2025,15:06:31,0
7/31/2025,15:07:31,0
7/31/2025,15:08:31,0
7/31/2025,15:09:31,0
7/31/2025,15:10:31,0
7/31/2025,15:11:31,0
7/31/2025,15:12:31,0
7/31/2025,15:13:31,0
7/31/2025,15:14:31,0
7/31/2025,15:15:31,0
7/31/2025,15:16:31,0
7/31/2025,15:17:31,0
7/31/2025,15:18:31,0
7/31/2025,15:19:31,0
7/31/2025,15:20:31,0
7/31/2025,15:21:31,0
7/31/2025,15:22:31,0
7/31/2025,15:23:31,1
7/31/2025,15:24:31,2
7/31/2025,15:25:31,3
7/31/2025,15:26:31,2
7/31/2025,15:27:31,2
7/31/2025,15:28:31,3
7/31/2025,15:29:31,2
7/31/2025,15:30:31,1
7/31/2025,15:31:31,0
7/31/2025,15:32:31,0
7/31/2025,15:33:31,0
7/31/2025,15:34:31,0
7/31/2025,15:35:31,0
7/31/2025,15:36:31,0
7/31/2025,15:37:31,0
7/31/2025,15:38:31,0
7/31/2025,15:39:31,0
7/31/2025,15:40:31,0
7/31/2025,15:41:31,0
7/31/2025,15:42:31,0
7/31/2025,15:43:31,0
7/31/2025,15:44:31,0
7/31/2025,15:45:31,0
7/31/2025,15:46:31,0
7/31/2025,15:47:31,0
7/31/2025,15:48:31,0
7/31/2025,15:49:31,0
7/31/2025,15:50:31,0
7/31/2025,15:51:31,0
7/31/2025,15:52:31,0
7/31/2025,15:53:31,0
7/31/2025,15:54:31,0
7/31/2025,15:55:31,0
7/31/2025,15:56:31,0
7/31/2025,15:57:31,0
7/31/2025,15:58:31,0
7/31/2025,15:59:31,0
7/31/2025,16:00:31,0
7/31/2025,16:01:31,0
7/31/2025,16:02:31,0
7/31/2025,16:03:31,0
7/31/2025,16:04:31,0
7/31/2025,16:05:31,0
7/31/2025,16:06:31,0
7/31/2025,16:07:31,0
7/31/2025,16:08:31,0
7/31/2025,16:09:31,0
7/31/2025,16:10:31,0
7/31/2025,16:11:31,0
7/31/2025,16:12:31,0
7/31/2025,16:13:31,0
7/31/2025,16:14:31,0
7/31/2025,16:15:31,1
7/31/2025,16:16:31,1
7/31/2025,16:17:31,3
7/31/2025,16:18:31,1
7/31/2025,16:19:31,3
7/31/2025,16:20:31,3
7/31/2025,16:21:31,3
7/31/2025,16:22:31,3
7/31/2025,16:23:31,2
7/31/2025,16:24:31,3
7/31/2025,16:25:31,3
7/31/2025,16:26:31,0
7/31/2025,16:27:31,2
7/31/2025,16:28:31,2
7/31/2025,16:29:31,3
7/31/2025,16:30:31,3
7/31/2025,16:31:31,3
7/31/2025,16:32:31,2
7/31/2025,16:33:31,0
7/31/2025,16:34:31,0
7/31/2025,16:35:31,0
7/31/2025,16:36:31,0
7/31/2025,16:37:31,0
7/31/2025,16:38:31,0
7/31/2025,16:39:31,1
7/31/2025,16:40:31,2
7/31/2025,16:41:31,2
7/31/2025,16:42:31,1
7/31/2025,16:43:31,2
7/31/2025,16:44:31,0
7/31/2025,16:45:31,1
7/31/2025,16:46:31,2
7/31/2025,16:47:31,3
7/31/2025,16:48:31,3
7/31/2025,16:49:31,3
7/31/2025,16:50:31,3
7/31/2025,16:51:31,3
7/31/2025,16:52:31,3
7/31/2025,16:53:31,3
7/31/2025,16:54:31,3
7/31/2025,16:55:31,3
7/31/2025,16:56:31,2
7/31/2025,16:57:31,2
7/31/2025,16:58:31,2
7/31/2025,16:59:31,4
7/31/2025,17:00:31,3
7/31/2025,17:01:31,3
7/31/2025,17:02:31,0
7/31/2025,17:03:31,3
7/31/2025,17:04:31,3
7/31/2025,17:05:31,3
7/31/2025,17:06:31,1
7/31/2025,17:07:31,3
7/31/2025,17:08:31,4
7/31/2025,17:09:31,3
7/31/2025,17:10:31,1
7/31/2025,17:11:31,3
7/31/2025,17:12:31,3
7/31/2025,17:13:31,3
7/31/2025,17:14:31,3
7/31/2025,17:15:31,3
7/31/2025,17:16:31,3
7/31/2025,17:17:31,3
7/31/2025,17:18:31,3
7/31/2025,17:19:31,3
7/31/2025,17:20:31,2
7/31/2025,17:21:31,3
7/31/2025,17:22:31,3
7/31/2025,17:23:31,2
7/31/2025,17:24:31,3
7/31/2025,17:25:31,2
7/31/2025,17:26:31,2
7/31/2025,17:27:31,2
7/31/2025,17:28:31,4
7/31/2025,17:29:31,3
7/31/2025,17:30:31,3
7/31/2025,17:31:31,2
7/31/2025,17:32:31,3
7/31/2025,17:33:31,3
7/31/2025,17:34:31,3
7/31/2025,17:35:31,3
7/31/2025,17:36:31,3
7/31/2025,17:37:31,3
7/31/2025,17:38:31,3
7/31/2025,17:39:31,3
7/31/2025,17:40:31,3
7/31/2025,17:41:31,3
7/31/2025,17:42:31,3
7/31/2025,17:43:31,3
7/31/2025,17:44:31,3
7/31/2025,17:45:31,3
7/31/2025,17:46:31,3
7/31/2025,17:47:31,2
7/31/2025,17:48:31,3
7/31/2025,17:49:31,0
7/31/2025,17:50:31,0
7/31/2025,17:51:31,0
7/31/2025,17:52:31,0
7/31/2025,17:53:31,3
7/31/2025,17:54:38,2
7/31/2025,17:55:31,2
7/31/2025,17:56:31,3
7/31/2025,17:57:31,3
7/31/2025,17:58:31,3
7/31/2025,17:59:31,1
7/31/2025,18:00:31,2
7/31/2025,18:01:31,4
7/31/2025,18:02:31,3
7/31/2025,18:03:31,3
7/31/2025,18:04:31,3
7/31/2025,18:05:31,2
7/31/2025,18:06:31,3
7/31/2025,18:07:31,2
7/31/2025,18:08:31,2
7/31/2025,18:09:31,3
7/31/2025,18:10:31,3
7/31/2025,18:11:31,3
7/31/2025,18:12:31,3
7/31/2025,18:13:31,3
7/31/2025,18:14:31,3
7/31/2025,18:15:31,3
7/31/2025,18:16:31,3
7/31/2025,18:17:31,3
7/31/2025,18:18:31,3
7/31/2025,18:19:31,3
7/31/2025,18:20:31,2
7/31/2025,18:21:31,3
7/31/2025,18:22:31,3
7/31/2025,18:23:31,3
7/31/2025,18:24:31,3
7/31/2025,18:25:31,3
7/31/2025,18:26:31,3
7/31/2025,18:27:31,3
7/31/2025,18:28:31,2
7/31/2025,18:29:31,3
7/31/2025,18:30:31,2
7/31/2025,18:31:31,0
7/31/2025,18:32:31,2
7/31/2025,18:33:31,3
7/31/2025,18:34:31,3
7/31/2025,18:35:31,3
7/31/2025,18:36:31,3
7/31/2025,18:37:31,3
7/31/2025,18:38:31,3
7/31/2025,18:39:31,2
7/31/2025,18:40:31,3
7/31/2025,18:41:31,3
7/31/2025,18:42:31,3
7/31/2025,18:43:31,2
7/31/2025,18:44:31,3
7/31/2025,18:45:31,3
7/31/2025,18:46:31,3
7/31/2025,18:47:31,3
7/31/2025,18:48:31,3
7/31/2025,18:49:31,3
7/31/2025,18:50:31,3
7/31/2025,18:51:31,3
7/31/2025,18:52:31,3
7/31/2025,18:53:31,3
7/31/2025,18:54:31,3
7/31/2025,18:55:31,3
7/31/2025,18:56:31,3
7/31/2025,18:57:31,3
7/31/2025,18:58:31,3
7/31/2025,18:59:31,2
7/31/2025,19:00:31,3
7/31/2025,19:01:31,3
7/31/2025,19:02:31,3
7/31/2025,19:03:31,3
7/31/2025,19:04:31,3
7/31/2025,19:05:31,3
7/31/2025,19:06:31,3
7/31/2025,19:07:31,3
7/31/2025,19:08:31,3
7/31/2025,19:09:31,3
7/31/2025,19:10:31,3
7/31/2025,19:11:31,3
7/31/2025,19:12:31,3
7/31/2025,19:13:31,2
7/31/2025,19:14:31,3
7/31/2025,19:15:31,3
7/31/2025,19:16:31,3
7/31/2025,19:17:31,3
7/31/2025,19:18:31,2
7/31/2025,19:19:31,1
7/31/2025,19:20:31,2
7/31/2025,19:21:31,3
7/31/2025,19:22:31,3
7/31/2025,19:23:31,3
7/31/2025,19:24:31,3
7/31/2025,19:25:31,3
7/31/2025,19:26:31,3
7/31/2025,19:27:31,3
7/31/2025,19:28:31,3
7/31/2025,19:29:31,2
7/31/2025,19:30:31,3
7/31/2025,19:31:31,3
7/31/2025,19:32:31,3
7/31/2025,19:33:31,2
7/31/2025,19:34:31,4
7/31/2025,19:35:31,2
7/31/2025,19:36:31,3
7/31/2025,19:37:31,3
7/31/2025,19:38:31,3
7/31/2025,19:39:31,3
7/31/2025,19:40:31,2
7/31/2025,19:41:31,3
7/31/2025,19:42:31,3
7/31/2025,19:43:31,3
7/31/2025,19:44:31,3
7/31/2025,19:45:31,3
7/31/2025,19:46:31,3
7/31/2025,19:47:31,3
7/31/2025,19:48:31,2
7/31/2025,19:49:31,3
7/31/2025,19:50:31,3
7/31/2025,19:51:31,3
7/31/2025,19:52:31,3
7/31/2025,19:53:31,3
7/31/2025,19:54:31,3
7/31/2025,19:55:31,3
7/31/2025,19:56:31,3
7/31/2025,19:57:31,3
7/31/2025,19:58:31,3
7/31/2025,19:59:31,3
7/31/2025,20:00:31,3
7/31/2025,20:01:31,3
7/31/2025,20:02:31,3
7/31/2025,20:03:31,2
7/31/2025,20:04:31,3
7/31/2025,20:05:31,2
7/31/2025,20:06:31,2
7/31/2025,20:07:31,3
7/31/2025,20:08:31,2
7/31/2025,20:09:31,3
7/31/2025,20:10:31,2
7/31/2025,20:11:31,2
7/31/2025,20:12:31,0
7/31/2025,20:13:31,1
7/31/2025,20:14:31,3
7/31/2025,20:15:31,3
7/31/2025,20:16:31,1
7/31/2025,20:17:31,1
7/31/2025,20:18:31,2
7/31/2025,20:19:31,1
7/31/2025,20:20:31,2
7/31/2025,20:21:31,3
7/31/2025,20:22:31,3
7/31/2025,20:23:31,2
7/31/2025,20:24:31,2
7/31/2025,20:25:31,1
7/31/2025,20:26:31,3
7/31/2025,20:27:31,2
7/31/2025,20:28:31,3
7/31/2025,20:29:31,3
7/31/2025,20:30:31,3
7/31/2025,20:31:31,3
7/31/2025,20:32:31,3
7/31/2025,20:33:31,2
7/31/2025,20:34:31,3
7/31/2025,20:35:31,3
7/31/2025,20:36:31,3
7/31/2025,20:37:31,3
7/31/2025,20:38:31,3
7/31/2025,20:39:31,3
7/31/2025,20:40:31,3
7/31/2025,20:41:31,3
7/31/2025,20:42:31,3
7/31/2025,20:43:31,2
7/31/2025,20:44:31,2
7/31/2025,20:45:31,3
7/31/2025,20:46:31,3
7/31/2025,20:47:31,3
7/31/2025,20:48:31,3
7/31/2025,20:49:31,3
7/31/2025,20:50:31,2
7/31/2025,20:51:31,3
7/31/2025,20:52:31,3
7/31/2025,20:53:31,2
7/31/2025,20:54:31,2
7/31/2025,20:55:31,3
7/31/2025,20:56:31,2
7/31/2025,20:57:31,0
7/31/2025,20:58:31,1
7/31/2025,20:59:31,3
7/31/2025,21:00:31,3
7/31/2025,21:01:31,3
7/31/2025,21:02:31,3
7/31/2025,21:03:31,3
7/31/2025,21:04:31,3
7/31/2025,21:05:31,3
7/31/2025,21:06:31,2
7/31/2025,21:07:31,3
7/31/2025,21:08:31,3
7/31/2025,21:09:31,3
7/31/2025,21:10:31,1
7/31/2025,21:11:31,3
7/31/2025,21:12:31,3
7/31/2025,21:13:31,3
7/31/2025,21:14:31,3
7/31/2025,21:15:31,3
7/31/2025,21:16:31,3
7/31/2025,21:17:31,3
7/31/2025,21:18:31,2
7/31/2025,21:19:31,3
7/31/2025,21:20:31,3
7/31/2025,21:21:31,3
7/31/2025,21:22:31,3
7/31/2025,21:23:31,3
7/31/2025,21:24:31,3
7/31/2025,21:25:31,3
7/31/2025,21:26:31,3
7/31/2025,21:27:31,3
7/31/2025,21:28:31,3
7/31/2025,21:29:31,3
7/31/2025,21:30:31,3
7/31/2025,21:31:31,3
7/31/2025,21:32:31,3
7/31/2025,21:33:31,0
7/31/2025,21:34:31,0
7/31/2025,21:35:31,0
7/31/2025,21:36:31,3
7/31/2025,21:37:31,3
7/31/2025,21:38:31,3
7/31/2025,21:39:31,3
7/31/2025,21:40:31,3
7/31/2025,21:41:31,3
7/31/2025,21:42:31,2
7/31/2025,21:43:31,3
7/31/2025,21:44:31,3
7/31/2025,21:45:31,3
7/31/2025,21:46:31,1
7/31/2025,21:47:31,3
7/31/2025,21:48:31,3
7/31/2025,21:49:31,3
7/31/2025,21:50:31,3
7/31/2025,21:51:31,3
7/31/2025,21:52:31,3
7/31/2025,21:53:31,1
7/31/2025,21:54:31,3
7/31/2025,21:55:31,3
7/31/2025,21:56:31,3
7/31/2025,21:57:31,3
7/31/2025,21:58:31,3
7/31/2025,21:59:31,2
7/31/2025,22:00:31,0
7/31/2025,22:01:31,0
7/31/2025,22:02:31,2
7/31/2025,22:03:31,2
7/31/2025,22:04:31,3
7/31/2025,22:05:31,3
7/31/2025,22:06:31,3
7/31/2025,22:07:31,3
7/31/2025,22:08:31,2
7/31/2025,22:09:31,2
7/31/2025,22:10:31,3
7/31/2025,22:11:31,3
7/31/2025,22:12:31,3
7/31/2025,22:13:31,3
7/31/2025,22:14:31,3
7/31/2025,22:15:31,3
7/31/2025,22:16:31,3
7/31/2025,22:17:31,1
7/31/2025,22:18:31,3
7/31/2025,22:19:31,2
7/31/2025,22:20:31,1
7/31/2025,22:21:31,3
7/31/2025,22:22:31,2
7/31/2025,22:23:31,2
7/31/2025,22:24:31,2
7/31/2025,22:25:31,3
7/31/2025,22:26:31,3
7/31/2025,22:27:31,3
7/31/2025,22:28:31,3
7/31/2025,22:29:31,3
7/31/2025,22:30:31,3
7/31/2025,22:31:31,0
7/31/2025,22:32:31,3
7/31/2025,22:33:31,3
7/31/2025,22:34:31,4
7/31/2025,22:35:31,2
7/31/2025,22:36:31,2
7/31/2025,22:37:31,1
7/31/2025,22:38:31,2
7/31/2025,22:39:31,2
7/31/2025,22:40:31,3
7/31/2025,22:41:31,3
7/31/2025,22:42:31,2
7/31/2025,22:43:31,1
7/31/2025,22:44:31,0
7/31/2025,22:45:31,0
7/31/2025,22:46:31,0
7/31/2025,22:47:31,0
7/31/2025,22:48:31,0
7/31/2025,22:49:31,0
7/31/2025,22:50:31,0
7/31/2025,22:51:31,0
7/31/2025,22:52:31,0
7/31/2025,22:53:31,0
7/31/2025,22:54:31,0
7/31/2025,22:55:32,0
7/31/2025,22:56:32,1
7/31/2025,22:57:32,1
7/31/2025,22:58:32,0
7/31/2025,22:59:32,3
7/31/2025,23:00:32,3
7/31/2025,23:01:32,3
7/31/2025,23:02:32,2
7/31/2025,23:03:32,3
7/31/2025,23:04:32,2
7/31/2025,23:05:32,1
7/31/2025,23:06:32,3
7/31/2025,23:07:32,3
7/31/2025,23:08:32,1
7/31/2025,23:09:32,3
7/31/2025,23:10:32,3
7/31/2025,23:11:32,3
7/31/2025,23:12:32,2
7/31/2025,23:13:32,3
7/31/2025,23:14:32,2
7/31/2025,23:15:32,2
7/31/2025,23:16:32,1
7/31/2025,23:17:32,3
7/31/2025,23:18:32,3
7/31/2025,23:19:32,2
7/31/2025,23:20:32,2
7/31/2025,23:21:32,3
7/31/2025,23:22:32,1
7/31/2025,23:23:32,2
7/31/2025,23:24:32,2
7/31/2025,23:25:32,1
7/31/2025,23:26:32,0
7/31/2025,23:27:32,2
7/31/2025,23:28:32,3
7/31/2025,23:29:32,3
7/31/2025,23:30:32,3
7/31/2025,23:31:32,2
7/31/2025,23:32:32,2
7/31/2025,23:33:32,3
7/31/2025,23:34:32,3
7/31/2025,23:35:32,3
7/31/2025,23:36:32,3
7/31/2025,23:37:32,1
7/31/2025,23:38:32,2
7/31/2025,23:39:32,3
7/31/2025,23:40:32,3
7/31/2025,23:41:32,3
7/31/2025,23:42:32,2
7/31/2025,23:43:32,0
7/31/2025,23:44:32,0
7/31/2025,23:45:32,2
7/31/2025,23:46:32,2
7/31/2025,23:47:32,1
7/31/2025,23:48:32,2
7/31/2025,23:49:32,3
7/31/2025,23:50:32,2
7/31/2025,23:51:32,3
7/31/2025,23:52:32,2
7/31/2025,23:53:32,3
7/31/2025,23:54:32,1
7/31/2025,23:55:32,3
7/31/2025,23:56:32,3
7/31/2025,23:57:32,3
7/31/2025,23:58:32,3
7/31/2025,23:59:32,0
8/1/2025,00:00:32,0
8/1/2025,00:01:32,2
8/1/2025,00:02:32,3
8/1/2025,00:03:32,3
8/1/2025,00:04:32,1
8/1/2025,00:05:32,0
8/1/2025,00:06:32,3
8/1/2025,00:07:32,3
8/1/2025,00:08:32,3
8/1/2025,00:09:32,3
8/1/2025,00:10:32,2
8/1/2025,00:11:32,1
8/1/2025,00:12:32,2
8/1/2025,00:13:32,3
8/1/2025,00:14:32,3
8/1/2025,00:15:32,2
8/1/2025,00:16:32,2
8/1/2025,00:17:32,3
8/1/2025,00:18:32,2
8/1/2025,00:19:32,1
8/1/2025,00:20:32,2
8/1/2025,00:21:32,2
8/1/2025,00:22:32,3
8/1/2025,00:23:32,2
8/1/2025,00:24:32,3
8/1/2025,00:25:32,3
8/1/2025,00:26:32,3
8/1/2025,00:27:32,3
8/1/2025,00:28:32,3
8/1/2025,00:29:32,2
8/1/2025,00:30:32,3
8/1/2025,00:31:32,2
8/1/2025,00:32:32,3
8/1/2025,00:33:32,3
8/1/2025,00:34:32,3
8/1/2025,00:35:32,3
8/1/2025,00:36:32,3
8/1/2025,00:37:32,3
8/1/2025,00:38:32,3
8/1/2025,00:39:32,2
8/1/2025,00:40:32,3
8/1/2025,00:41:32,3
8/1/2025,00:42:32,1
8/1/2025,00:43:32,2
8/1/2025,00:44:32,2
8/1/2025,00:45:32,1
8/1/2025,00:46:32,0
8/1/2025,00:47:32,0
8/1/2025,00:48:32,0
8/1/2025,00:49:32,0
8/1/2025,00:50:32,0
8/1/2025,00:51:32,0
8/1/2025,00:52:32,0
8/1/2025,00:53:32,0
8/1/2025,00:54:32,0
8/1/2025,00:55:32,0
8/1/2025,00:56:32,0
8/1/2025,00:57:32,0
8/1/2025,00:58:32,0
8/1/2025,00:59:32,0
8/1/2025,01:00:32,0
8/1/2025,01:01:32,0
8/1/2025,01:02:32,0
8/1/2025,01:03:32,0
8/1/2025,01:04:32,0
8/1/2025,01:05:32,0
8/1/2025,01:06:32,0
8/1/2025,01:07:32,0
8/1/2025,01:08:32,0
8/1/2025,01:09:32,0
8/1/2025,01:10:32,0
8/1/2025,01:11:32,0
8/1/2025,01:12:32,0
8/1/2025,01:13:32,0
8/1/2025,01:14:32,0
8/1/2025,01:15:32,0
8/1/2025,01:16:32,1
8/1/2025,01:17:32,2
8/1/2025,01:18:32,1
8/1/2025,01:19:32,2
8/1/2025,01:20:32,3
8/1/2025,01:21:32,2
8/1/2025,01:22:32,3
8/1/2025,01:23:32,2
8/1/2025,01:24:32,2
8/1/2025,01:25:32,0
8/1/2025,01:26:32,0
8/1/2025,01:27:32,0
8/1/2025,01:28:32,0
8/1/2025,01:29:32,0
8/1/2025,01:30:32,0
8/1/2025,01:31:32,0
8/1/2025,01:32:32,2
8/1/2025,01:33:32,2
8/1/2025,01:34:32,3
8/1/2025,01:35:32,3
8/1/2025,01:36:32,3
8/1/2025,01:37:32,3
8/1/2025,01:38:32,3
8/1/2025,01:39:32,2
8/1/2025,01:40:32,3
8/1/2025,01:41:32,3
8/1/2025,01:42:32,3
8/1/2025,01:43:32,2
8/1/2025,01:44:32,3
8/1/2025,01:45:32,3
8/1/2025,01:46:32,2
8/1/2025,01:47:32,3
8/1/2025,01:48:32,3
8/1/2025,01:49:32,3
8/1/2025,01:50:32,2
8/1/2025,01:51:32,3
8/1/2025,01:52:32,3
8/1/2025,01:53:32,1
8/1/2025,01:54:32,3
8/1/2025,01:55:32,3
8/1/2025,01:56:32,3
8/1/2025,01:57:32,3
8/1/2025,01:58:32,2
8/1/2025,01:59:32,3
8/1/2025,02:00:32,3
8/1/2025,02:01:32,2
8/1/2025,02:02:32,1
8/1/2025,02:03:32,3
8/1/2025,02:04:32,3
8/1/2025,02:05:32,1
8/1/2025,02:06:32,1
8/1/2025,02:07:32,1
8/1/2025,02:08:32,2
8/1/2025,02:09:32,3
8/1/2025,02:10:32,0
8/1/2025,02:11:32,1
8/1/2025,02:12:32,0
8/1/2025,02:13:32,0
8/1/2025,02:14:32,0
8/1/2025,02:15:32,2
8/1/2025,02:16:32,3
8/1/2025,02:17:32,3
8/1/2025,02:18:32,1
8/1/2025,02:19:32,2
8/1/2025,02:20:32,3
8/1/2025,02:21:32,1
8/1/2025,02:22:32,3
8/1/2025,02:23:32,3
8/1/2025,02:24:32,3
8/1/2025,02:25:32,1
8/1/2025,02:26:32,0
8/1/2025,02:27:32,0
8/1/2025,02:28:32,0
8/1/2025,02:29:32,0
8/1/2025,02:30:32,0
8/1/2025,02:31:32,0
8/1/2025,02:32:32,1
8/1/2025,02:33:32,2
8/1/2025,02:34:32,3
8/1/2025,02:35:32,3
8/1/2025,02:36:32,3
8/1/2025,02:37:32,1
8/1/2025,02:38:32,3
8/1/2025,02:39:32,3
8/1/2025,02:40:32,3
8/1/2025,02:41:32,2
8/1/2025,02:42:32,2
8/1/2025,02:43:32,3
8/1/2025,02:44:32,1
8/1/2025,02:45:32,3
8/1/2025,02:46:32,3
8/1/2025,02:47:32,3
8/1/2025,02:48:32,3
8/1/2025,02:49:32,1
8/1/2025,02:50:32,2
8/1/2025,02:51:32,3
8/1/2025,02:52:32,3
8/1/2025,02:53:32,3
8/1/2025,02:54:32,3
8/1/2025,02:55:32,3
8/1/2025,02:56:32,3
8/1/2025,02:57:32,3
8/1/2025,02:58:32,3
8/1/2025,02:59:32,2
8/1/2025,03:00:32,0
8/1/2025,03:01:32,2
8/1/2025,03:02:32,0
8/1/2025,03:03:32,0
8/1/2025,03:04:32,0
8/1/2025,03:05:32,0
8/1/2025,03:06:32,0
8/1/2025,03:07:32,0
8/1/2025,03:08:32,2
8/1/2025,03:09:32,3
8/1/2025,03:10:32,3
8/1/2025,03:11:32,3
8/1/2025,03:12:32,3
8/1/2025,03:13:32,3
8/1/2025,03:14:32,3
8/1/2025,03:15:32,3
8/1/2025,03:16:32,3
8/1/2025,03:17:32,2
8/1/2025,03:18:32,3
8/1/2025,03:19:32,3
8/1/2025,03:20:32,3
8/1/2025,03:21:32,3
8/1/2025,03:22:32,3
8/1/2025,03:23:32,2
8/1/2025,03:24:32,3
8/1/2025,03:25:32,3
8/1/2025,03:26:32,1
8/1/2025,03:27:32,3
8/1/2025,03:28:32,3
8/1/2025,03:29:32,3
8/1/2025,03:30:32,2
8/1/2025,03:31:32,3
8/1/2025,03:32:32,3
8/1/2025,03:33:32,3
8/1/2025,03:34:32,3
8/1/2025,03:35:32,3
8/1/2025,03:36:32,3
8/1/2025,03:37:32,3
8/1/2025,03:38:32,3
8/1/2025,03:39:32,3
8/1/2025,03:40:32,3
8/1/2025,03:41:32,3
8/1/2025,03:42:32,3
8/1/2025,03:43:32,3
8/1/2025,03:44:32,2
8/1/2025,03:45:32,3
8/1/2025,03:46:32,2
8/1/2025,03:47:32,3
8/1/2025,03:48:32,3
8/1/2025,03:49:32,3
8/1/2025,03:50:32,3
8/1/2025,03:51:32,3
8/1/2025,03:52:32,3
8/1/2025,03:53:32,3
8/1/2025,03:54:32,3
8/1/2025,03:55:32,3
8/1/2025,03:56:32,3
8/1/2025,03:57:32,2
8/1/2025,03:58:32,3
8/1/2025,03:59:32,3
8/1/2025,04:00:32,3
8/1/2025,04:01:32,3
8/1/2025,04:02:32,3
8/1/2025,04:03:32,3
8/1/2025,04:04:32,3
8/1/2025,04:05:32,2
8/1/2025,04:06:32,3
8/1/2025,04:07:32,3
8/1/2025,04:08:32,3
8/1/2025,04:09:32,2
8/1/2025,04:10:32,3
8/1/2025,04:11:32,3
8/1/2025,04:12:32,3
8/1/2025,04:13:32,3
8/1/2025,04:14:32,3
8/1/2025,04:15:32,3
8/1/2025,04:16:32,2
8/1/2025,04:17:32,3
8/1/2025,04:18:32,3
8/1/2025,04:19:32,3
8/1/2025,04:20:32,3
8/1/2025,04:21:32,3
8/1/2025,04:22:32,3
8/1/2025,04:23:32,3
8/1/2025,04:24:32,2
8/1/2025,04:25:32,3
8/1/2025,04:26:32,3
8/1/2025,04:27:32,3
8/1/2025,04:28:32,3
8/1/2025,04:29:32,3
8/1/2025,04:30:32,3
8/1/2025,04:31:32,3
8/1/2025,04:32:32,3
8/1/2025,04:33:32,2
8/1/2025,04:34:32,2
8/1/2025,04:35:32,3
8/1/2025,04:36:32,3
8/1/2025,04:37:32,3
8/1/2025,04:38:32,3
8/1/2025,04:39:32,3
8/1/2025,04:40:32,3
8/1/2025,04:41:32,3
8/1/2025,04:42:32,3
8/1/2025,04:43:32,2
8/1/2025,04:44:32,3
8/1/2025,04:45:32,2
8/1/2025,04:46:32,3
8/1/2025,04:47:32,3
8/1/2025,04:48:32,2
8/1/2025,04:49:32,3
8/1/2025,04:50:32,3
8/1/2025,04:51:32,3
8/1/2025,04:52:32,3
8/1/2025,04:53:32,3
8/1/2025,04:54:32,1
8/1/2025,04:55:32,3
8/1/2025,04:56:32,3
8/1/2025,04:57:32,0
8/1/2025,04:58:32,2
8/1/2025,04:59:32,3
8/1/2025,05:00:32,3
8/1/2025,05:01:32,3
8/1/2025,05:02:32,3
8/1/2025,05:03:32,3
8/1/2025,05:04:32,3
8/1/2025,05:05:32,3
8/1/2025,05:06:32,1
8/1/2025,05:07:32,2
8/1/2025,05:08:32,0
8/1/2025,05:09:32,3
8/1/2025,05:10:32,1
8/1/2025,05:11:32,2
8/1/2025,05:12:32,3
8/1/2025,05:13:32,3
8/1/2025,05:14:32,3
8/1/2025,05:15:32,1
8/1/2025,05:16:32,0
8/1/2025,05:17:32,0
8/1/2025,05:18:32,0
8/1/2025,05:19:32,0
8/1/2025,05:20:32,0
8/1/2025,05:21:32,0
8/1/2025,05:22:32,0
8/1/2025,05:23:32,1
8/1/2025,05:24:32,3
8/1/2025,05:25:32,3
8/1/2025,05:26:32,3
8/1/2025,05:27:32,3
8/1/2025,05:28:32,3
8/1/2025,05:29:32,3
8/1/2025,05:30:32,3
8/1/2025,05:31:32,2
8/1/2025,05:32:32,0
8/1/2025,05:33:32,3
8/1/2025,05:34:32,3
8/1/2025,05:35:32,3
8/1/2025,05:36:32,2
8/1/2025,05:37:32,3
8/1/2025,05:38:32,3
8/1/2025,05:39:32,3
8/1/2025,05:40:32,3
8/1/2025,05:41:32,3
8/1/2025,05:42:32,1
8/1/2025,05:43:32,1
8/1/2025,05:44:32,3
8/1/2025,05:45:32,3
8/1/2025,05:46:32,3
8/1/2025,05:47:32,3
8/1/2025,05:48:32,2
8/1/2025,05:49:32,3
8/1/2025,05:50:32,2
8/1/2025,05:51:32,3
8/1/2025,05:52:32,3
8/1/2025,05:53:32,3
8/1/2025,05:54:32,3
8/1/2025,05:55:32,3
8/1/2025,05:56:32,3
8/1/2025,05:57:32,3
8/1/2025,05:58:32,1
8/1/2025,05:59:32,3
8/1/2025,06:00:32,2
8/1/2025,06:01:32,3
8/1/2025,06:02:32,3
8/1/2025,06:03:32,3
8/1/2025,06:04:32,3
8/1/2025,06:05:32,3
8/1/2025,06:06:32,2
8/1/2025,06:07:32,3
8/1/2025,06:08:32,2
8/1/2025,06:09:32,3
8/1/2025,06:10:32,2
8/1/2025,06:11:32,2
8/1/2025,06:12:32,3
8/1/2025,06:13:32,3
8/1/2025,06:14:32,3
8/1/2025,06:15:32,3
8/1/2025,06:16:32,3
8/1/2025,06:17:32,3
8/1/2025,06:18:32,3
8/1/2025,06:19:32,3
8/1/2025,06:20:32,2
8/1/2025,06:21:32,3
8/1/2025,06:22:32,3
8/1/2025,06:23:32,1
8/1/2025,06:24:32,1
8/1/2025,06:25:32,2
8/1/2025,06:26:32,1
8/1/2025,06:27:32,3
8/1/2025,06:28:32,2
8/1/2025,06:29:32,3
8/1/2025,06:30:32,3
8/1/2025,06:31:32,3
8/1/2025,06:32:32,2
8/1/2025,06:33:32,3
8/1/2025,06:34:32,3
8/1/2025,06:35:32,3
8/1/2025,06:36:32,3
8/1/2025,06:37:32,3
8/1/2025,06:38:32,2
8/1/2025,06:39:32,3
8/1/2025,06:40:32,3
8/1/2025,06:41:32,3
8/1/2025,06:42:32,3
8/1/2025,06:43:32,3
8/1/2025,06:44:32,3
8/1/2025,06:45:32,0
8/1/2025,06:46:32,3
8/1/2025,06:47:32,2
8/1/2025,06:48:32,2
8/1/2025,06:49:32,3
8/1/2025,06:50:32,3
8/1/2025,06:51:32,3
8/1/2025,06:52:32,3
8/1/2025,06:53:32,3
8/1/2025,06:54:32,3
8/1/2025,06:55:32,3
8/1/2025,06:56:32,3
8/1/2025,06:57:32,3
8/1/2025,06:58:32,3
8/1/2025,06:59:32,2
8/1/2025,07:00:32,2
8/1/2025,07:01:32,3
8/1/2025,07:02:32,3
8/1/2025,07:03:32,2
8/1/2025,07:04:32,0
8/1/2025,07:05:32,0
8/1/2025,07:06:32,0
8/1/2025,07:07:32,0
8/1/2025,07:08:32,0
8/1/2025,07:09:32,3
8/1/2025,07:10:32,3
8/1/2025,07:11:32,2
8/1/2025,07:12:32,3
8/1/2025,07:13:32,2
8/1/2025,07:14:32,4
8/1/2025,07:15:32,1
8/1/2025,07:16:32,0
8/1/2025,07:17:32,0
8/1/2025,07:18:32,0
8/1/2025,07:19:32,0
8/1/2025,07:20:32,0
8/1/2025,07:21:32,0
8/1/2025,07:22:32,0
8/1/2025,07:23:32,0
8/1/2025,07:24:32,3
8/1/2025,07:25:32,2
8/1/2025,07:26:32,3
8/1/2025,07:27:32,2
8/1/2025,07:28:32,1
8/1/2025,07:29:32,1
8/1/2025,07:30:32,2
8/1/2025,07:31:32,2
8/1/2025,07:32:32,2
8/1/2025,07:33:32,1
8/1/2025,07:34:32,1
8/1/2025,07:35:32,2
8/1/2025,07:36:32,2
8/1/2025,07:37:32,1
8/1/2025,07:38:32,2
8/1/2025,07:39:32,0
8/1/2025,07:40:32,2
8/1/2025,07:41:32,1
8/1/2025,07:42:32,0
8/1/2025,07:43:32,0
8/1/2025,07:44:32,0
8/1/2025,07:45:32,0
8/1/2025,07:46:32,0
8/1/2025,07:47:32,2
8/1/2025,07:48:32,2
8/1/2025,07:49:32,2
8/1/2025,07:50:32,1
8/1/2025,07:51:32,3
8/1/2025,07:52:32,2
8/1/2025,07:53:32,3
8/1/2025,07:54:32,0
8/1/2025,07:55:32,2
8/1/2025,07:56:32,2
8/1/2025,07:57:32,0
8/1/2025,07:58:32,2
8/1/2025,07:59:32,3
8/1/2025,08:00:32,0
8/1/2025,08:01:32,0
8/1/2025,08:02:32,0
8/1/2025,08:03:32,0
8/1/2025,08:04:32,0
8/1/2025,08:05:32,0
8/1/2025,08:06:32,0
8/1/2025,08:07:32,0
8/1/2025,08:08:32,0
8/1/2025,08:09:32,0
8/1/2025,08:10:32,0
8/1/2025,08:11:32,0
8/1/2025,08:12:32,0
8/1/2025,08:13:32,0
8/1/2025,08:14:32,0
8/1/2025,08:15:32,0
8/1/2025,08:16:32,2
8/1/2025,08:17:32,1
8/1/2025,08:18:32,0
8/1/2025,08:19:32,0
8/1/2025,08:20:32,0
8/1/2025,08:21:32,0
8/1/2025,08:22:33,0
8/1/2025,08:23:32,0
8/1/2025,08:24:33,0
8/1/2025,08:25:32,0
8/1/2025,08:26:33,0
8/1/2025,08:27:33,0
8/1/2025,08:28:33,0
8/1/2025,08:29:33,1
8/1/2025,08:30:33,3
8/1/2025,08:31:33,3
8/1/2025,08:32:33,0
8/1/2025,08:33:33,0
8/1/2025,08:34:33,0
8/1/2025,08:35:33,0
8/1/2025,08:36:33,0
8/1/2025,08:37:33,0
8/1/2025,08:38:33,0
8/1/2025,08:39:33,0
8/1/2025,08:40:33,1
8/1/2025,08:41:33,0
8/1/2025,08:42:33,0
8/1/2025,08:43:33,0
8/1/2025,08:44:33,0
8/1/2025,08:45:33,0
8/1/2025,08:46:33,0
8/1/2025,08:47:33,0
8/1/2025,08:48:33,0
8/1/2025,08:49:33,0
8/1/2025,08:50:33,0
8/1/2025,08:51:33,0
8/1/2025,08:52:33,0
8/1/2025,08:53:33,0
8/1/2025,08:54:33,0
8/1/2025,08:55:33,0
8/1/2025,08:56:33,0
8/1/2025,08:57:33,0
8/1/2025,08:58:33,0
8/1/2025,08:59:33,0
8/1/2025,09:00:33,0
8/1/2025,09:01:33,0
8/1/2025,09:02:33,0
8/1/2025,09:03:33,0
8/1/2025,09:04:33,0
8/1/2025,09:05:33,0
8/1/2025,09:06:33,0
8/1/2025,09:07:33,0
8/1/2025,09:08:33,0
8/1/2025,09:09:33,0
8/1/2025,09:10:33,0
8/1/2025,09:11:33,0
8/1/2025,09:12:33,0
8/1/2025,09:13:33,0
8/1/2025,09:14:33,2
8/1/2025,09:15:33,3
8/1/2025,09:16:33,1
8/1/2025,09:17:33,3
8/1/2025,09:18:33,2
8/1/2025,09:19:33,3
8/1/2025,09:20:33,2
8/1/2025,09:21:33,3
8/1/2025,09:22:33,3
8/1/2025,09:23:33,3
8/1/2025,09:24:33,3
8/1/2025,09:25:33,3
8/1/2025,09:26:33,3
8/1/2025,09:27:33,3
8/1/2025,09:28:33,1
8/1/2025,09:29:33,2
8/1/2025,09:30:33,2
8/1/2025,09:31:33,4
8/1/2025,09:32:33,3
8/1/2025,09:33:33,3
8/1/2025,09:34:33,3
8/1/2025,09:35:33,3
8/1/2025,09:36:33,3
8/1/2025,09:37:33,3
8/1/2025,09:38:33,2
8/1/2025,09:39:33,3
8/1/2025,09:40:33,3
8/1/2025,09:41:33,3
8/1/2025,09:42:33,3
8/1/2025,09:43:33,2
8/1/2025,09:44:33,3
8/1/2025,09:45:33,3
8/1/2025,09:46:33,2
8/1/2025,09:47:33,3
8/1/2025,09:48:33,3
8/1/2025,09:49:33,3
8/1/2025,09:50:33,3
8/1/2025,09:51:33,3
8/1/2025,09:52:33,3
8/1/2025,09:53:33,3
8/1/2025,09:54:33,3
8/1/2025,09:55:33,3
8/1/2025,09:56:33,3
8/1/2025,09:57:33,3
8/1/2025,09:58:33,3
8/1/2025,09:59:33,2
8/1/2025,10:00:33,3
8/1/2025,10:01:33,2
8/1/2025,10:02:33,0
8/1/2025,10:03:33,2
8/1/2025,10:04:33,3
8/1/2025,10:05:33,3
8/1/2025,10:06:33,2
8/1/2025,10:07:33,2
8/1/2025,10:08:33,3
8/1/2025,10:09:33,3
8/1/2025,10:10:33,3
8/1/2025,10:11:33,3
8/1/2025,10:12:33,2
8/1/2025,10:13:33,2
8/1/2025,10:14:33,1
8/1/2025,10:15:33,3
8/1/2025,10:16:33,2
8/1/2025,10:17:33,2
8/1/2025,10:18:33,3
8/1/2025,10:19:33,3
8/1/2025,10:20:33,3
8/1/2025,10:21:33,3
8/1/2025,10:22:33,2
8/1/2025,10:23:33,3
8/1/2025,10:24:33,3
8/1/2025,10:25:33,2
8/1/2025,10:26:33,2
8/1/2025,10:27:33,2
8/1/2025,10:28:33,0
8/1/2025,10:29:33,2
8/1/2025,10:30:33,3
8/1/2025,10:31:33,3
8/1/2025,10:32:33,3
8/1/2025,10:33:33,3
8/1/2025,10:34:33,3
8/1/2025,10:35:33,2
8/1/2025,10:36:33,3
8/1/2025,10:37:33,4
8/1/2025,10:38:33,2
8/1/2025,10:39:33,3
8/1/2025,10:40:33,3
8/1/2025,10:41:33,3
8/1/2025,10:42:33,3
8/1/2025,10:43:33,2
8/1/2025,10:44:33,3
8/1/2025,10:45:33,3
8/1/2025,10:46:33,3
8/1/2025,10:47:33,3
8/1/2025,10:48:33,3
8/1/2025,10:49:33,3
8/1/2025,10:50:33,3
8/1/2025,10:51:33,2
8/1/2025,10:52:33,2
8/1/2025,10:53:33,3
8/1/2025,10:54:33,3
8/1/2025,10:55:33,3
8/1/2025,10:56:33,3
8/1/2025,10:57:33,3
8/1/2025,10:58:33,3
8/1/2025,10:59:33,3
8/1/2025,11:00:33,2
8/1/2025,11:01:33,3
8/1/2025,11:02:33,3
8/1/2025,11:03:33,3
8/1/2025,11:04:33,3
8/1/2025,11:05:33,3
8/1/2025,11:06:33,2
8/1/2025,11:07:33,3
8/1/2025,11:08:33,3
8/1/2025,11:09:33,3
8/1/2025,11:10:33,3
8/1/2025,11:11:33,2
8/1/2025,11:12:33,0
8/1/2025,11:13:33,0
8/1/2025,11:14:33,0
8/1/2025,11:15:33,0
8/1/2025,11:16:33,1
8/1/2025,11:17:33,3
8/1/2025,11:18:33,3
8/1/2025,11:19:33,3
8/1/2025,11:20:33,3
8/1/2025,11:21:33,3
8/1/2025,11:22:33,3
8/1/2025,11:23:33,2
8/1/2025,11:24:33,3
8/1/2025,11:25:33,3
8/1/2025,11:26:33,3
8/1/2025,11:27:33,3
8/1/2025,11:28:33,2
8/1/2025,11:29:33,3
8/1/2025,11:30:33,3
8/1/2025,11:31:33,3
8/1/2025,11:32:33,3
8/1/2025,11:33:33,3
8/1/2025,11:34:33,3
8/1/2025,11:35:33,3
8/1/2025,11:36:33,2
8/1/2025,11:37:33,3
8/1/2025,11:38:33,2
8/1/2025,11:39:33,3
8/1/2025,11:40:33,3
8/1/2025,11:41:33,3
8/1/2025,11:42:33,3
8/1/2025,11:43:33,3
8/1/2025,11:44:33,2
8/1/2025,11:45:33,4
8/1/2025,11:46:33,3
8/1/2025,11:47:33,3
8/1/2025,11:48:33,3
8/1/2025,11:49:33,2
8/1/2025,11:50:33,3
8/1/2025,11:51:33,2
8/1/2025,11:52:33,3
8/1/2025,11:53:33,4
8/1/2025,11:54:33,2
8/1/2025,11:55:33,0
8/1/2025,11:56:33,0
8/1/2025,11:57:33,3
8/1/2025,11:58:33,3
8/1/2025,11:59:33,3
8/1/2025,12:00:33,3
8/1/2025,12:01:33,3
8/1/2025,12:02:33,3
8/1/2025,12:03:33,3
8/1/2025,12:04:33,2
8/1/2025,12:05:33,3
8/1/2025,12:06:33,3
8/1/2025,12:07:33,3
8/1/2025,12:08:33,1
8/1/2025,12:09:33,3
8/1/2025,12:10:33,3
8/1/2025,12:11:33,3
8/1/2025,12:12:33,3
8/1/2025,12:13:33,3
8/1/2025,12:14:33,2
8/1/2025,12:15:33,2
8/1/2025,12:16:33,3
8/1/2025,12:17:33,2
8/1/2025,12:18:33,3
8/1/2025,12:19:33,3
8/1/2025,12:20:33,3
8/1/2025,12:21:33,3
8/1/2025,12:22:33,3
8/1/2025,12:23:33,3
8/1/2025,12:24:33,2
8/1/2025,12:25:33,3
8/1/2025,12:26:33,3
8/1/2025,12:27:33,2
8/1/2025,12:28:33,3
8/1/2025,12:29:33,3
8/1/2025,12:30:33,0
8/1/2025,12:31:33,0
8/1/2025,12:32:33,0
8/1/2025,12:33:33,0
8/1/2025,12:34:33,0
8/1/2025,12:35:33,0
8/1/2025,12:36:33,0
8/1/2025,12:37:33,1
8/1/2025,12:38:33,3
8/1/2025,12:39:33,3
8/1/2025,12:40:33,3
8/1/2025,12:41:33,3
8/1/2025,12:42:33,3
8/1/2025,12:43:33,2
8/1/2025,12:44:33,3
8/1/2025,12:45:33,3
8/1/2025,12:46:33,3
8/1/2025,12:47:33,3
8/1/2025,12:48:33,2
8/1/2025,12:49:33,4
8/1/2025,12:50:33,3
8/1/2025,12:51:33,2
8/1/2025,12:52:33,3
8/1/2025,12:53:33,3
8/1/2025,12:54:33,2
8/1/2025,12:55:33,3
8/1/2025,12:56:33,3
8/1/2025,12:57:33,1
8/1/2025,12:58:33,3
8/1/2025,12:59:33,2
8/1/2025,13:00:33,3
8/1/2025,13:01:33,3
8/1/2025,13:02:33,3
8/1/2025,13:03:33,3
8/1/2025,13:04:33,2
8/1/2025,13:05:33,3
8/1/2025,13:06:33,3
8/1/2025,13:07:33,3
8/1/2025,13:08:33,3
8/1/2025,13:09:33,3
8/1/2025,13:10:33,3
8/1/2025,13:11:33,3
8/1/2025,13:12:33,2
8/1/2025,13:13:33,3
8/1/2025,13:14:33,3
8/1/2025,13:15:33,2
8/1/2025,13:16:33,4
8/1/2025,13:17:33,2
8/1/2025,13:18:33,2
8/1/2025,13:19:33,3
8/1/2025,13:20:33,3
8/1/2025,13:21:33,3
8/1/2025,13:22:33,3
8/1/2025,13:23:33,1
8/1/2025,13:24:33,2
8/1/2025,13:25:33,1
8/1/2025,13:26:33,0
8/1/2025,13:27:33,0
8/1/2025,13:28:33,0
8/1/2025,13:29:33,3
8/1/2025,13:30:33,3
8/1/2025,13:31:33,3
8/1/2025,13:32:33,3
8/1/2025,13:33:33,3
8/1/2025,13:34:33,1
8/1/2025,13:35:33,3
8/1/2025,13:36:33,3
8/1/2025,13:37:33,3
8/1/2025,13:38:33,3
8/1/2025,13:39:33,3
8/1/2025,13:40:33,2
8/1/2025,13:41:33,3
8/1/2025,13:42:33,3
8/1/2025,13:43:33,3
8/1/2025,13:44:33,0
8/1/2025,13:45:33,0
8/1/2025,13:46:33,2
8/1/2025,13:47:33,2
8/1/2025,13:48:33,2
8/1/2025,13:49:33,3
8/1/2025,13:50:33,3
8/1/2025,13:51:33,3
8/1/2025,13:52:33,2
8/1/2025,13:53:33,0
8/1/2025,13:54:33,0
8/1/2025,13:55:33,1
8/1/2025,13:56:33,1
8/1/2025,13:57:33,3
8/1/2025,13:58:33,1
8/1/2025,13:59:33,3
8/1/2025,14:00:33,2
8/1/2025,14:01:33,4
8/1/2025,14:02:33,3
8/1/2025,14:03:33,3
8/1/2025,14:04:33,3
8/1/2025,14:05:33,3
8/1/2025,14:06:33,2
8/1/2025,14:07:33,2
8/1/2025,14:08:33,3
8/1/2025,14:09:33,3
8/1/2025,14:10:33,3
8/1/2025,14:11:33,3
8/1/2025,14:12:33,3
8/1/2025,14:13:33,1
8/1/2025,14:14:33,3
8/1/2025,14:15:33,4
8/1/2025,14:16:33,2
8/1/2025,14:17:33,3
8/1/2025,14:18:33,3
8/1/2025,14:19:33,3
8/1/2025,14:20:33,3
8/1/2025,14:21:33,3
8/1/2025,14:22:33,3
8/1/2025,14:23:33,3
8/1/2025,14:24:33,1
8/1/2025,14:25:33,2
8/1/2025,14:26:33,2
8/1/2025,14:27:33,2
8/1/2025,14:28:33,3
8/1/2025,14:29:33,4
8/1/2025,14:30:33,3
8/1/2025,14:31:33,2
8/1/2025,14:32:33,3
8/1/2025,14:33:33,3
8/1/2025,14:34:33,3
8/1/2025,14:35:33,2
8/1/2025,14:36:33,4
8/1/2025,14:37:33,3
8/1/2025,14:38:33,3
8/1/2025,14:39:33,3
8/1/2025,14:40:33,3
8/1/2025,14:41:33,2
8/1/2025,14:42:33,2
8/1/2025,14:43:33,3
8/1/2025,14:44:33,3
8/1/2025,14:45:33,3
8/1/2025,14:46:33,3
8/1/2025,14:47:33,3
8/1/2025,14:48:33,3
8/1/2025,14:49:33,3
8/1/2025,14:50:33,2
8/1/2025,14:51:33,3
8/1/2025,14:52:33,3
8/1/2025,14:53:33,3
8/1/2025,14:54:33,3
8/1/2025,14:55:33,3
8/1/2025,14:56:33,3
8/1/2025,14:57:33,1
8/1/2025,14:58:33,2
8/1/2025,14:59:33,3
8/1/2025,15:00:33,3
8/1/2025,15:01:33,0
8/1/2025,15:02:33,0
8/1/2025,15:03:33,0
8/1/2025,15:04:33,0
8/1/2025,15:05:33,0
8/1/2025,15:06:33,0
8/1/2025,15:07:33,1
8/1/2025,15:08:33,0
8/1/2025,15:09:33,0
8/1/2025,15:10:33,3
8/1/2025,15:11:33,0
8/1/2025,15:12:33,0
8/1/2025,15:13:33,0
8/1/2025,15:14:33,0
8/1/2025,15:15:33,3
8/1/2025,15:16:33,3
8/1/2025,15:17:33,3
8/1/2025,15:18:33,3
8/1/2025,15:19:33,3
8/1/2025,15:20:33,3
8/1/2025,15:21:33,3
8/1/2025,15:22:33,3
8/1/2025,15:23:33,3
8/1/2025,15:24:33,3
8/1/2025,15:25:33,3
8/1/2025,15:26:33,2
8/1/2025,15:27:33,3
8/1/2025,15:28:33,3
8/1/2025,15:29:33,3
8/1/2025,15:30:33,3
8/1/2025,15:31:33,3
8/1/2025,15:32:33,2
8/1/2025,15:33:33,3
8/1/2025,15:34:33,3
8/1/2025,15:35:33,3
8/1/2025,15:36:33,3
8/1/2025,15:37:33,3
8/1/2025,15:38:33,3
8/1/2025,15:39:33,3
8/1/2025,15:40:33,3
8/1/2025,15:41:33,3
8/1/2025,15:42:33,3
8/1/2025,15:43:33,3
8/1/2025,15:44:33,2
8/1/2025,15:45:33,2
8/1/2025,15:46:33,3
8/1/2025,15:47:33,2
8/1/2025,15:48:33,3
8/1/2025,15:49:33,0
8/1/2025,15:50:33,0
8/1/2025,15:51:33,0
8/1/2025,15:52:33,0
8/1/2025,15:53:33,0
8/1/2025,15:54:33,0
8/1/2025,15:55:33,0
8/1/2025,15:56:33,0
8/1/2025,15:57:33,0
8/1/2025,15:58:33,0
8/1/2025,15:59:33,2
8/1/2025,16:00:33,1
8/1/2025,16:01:33,0
8/1/2025,16:02:33,2
8/1/2025,16:03:33,2
8/1/2025,16:04:33,3
8/1/2025,16:05:33,3
8/1/2025,16:06:33,1
8/1/2025,16:07:33,3
8/1/2025,16:08:33,3
8/1/2025,16:09:33,3
8/1/2025,16:10:33,3
8/1/2025,16:11:33,2
8/1/2025,16:12:33,3
8/1/2025,16:13:33,3
8/1/2025,16:14:33,3
8/1/2025,16:15:33,3
8/1/2025,16:16:33,3
8/1/2025,16:17:33,3
8/1/2025,16:18:33,3
8/1/2025,16:19:33,3
8/1/2025,16:20:33,3
8/1/2025,16:21:33,3
8/1/2025,16:22:33,2
8/1/2025,16:23:33,3
8/1/2025,16:24:33,3
8/1/2025,16:25:33,3
8/1/2025,16:26:33,3
8/1/2025,16:27:33,2
8/1/2025,16:28:33,2
8/1/2025,16:29:33,3
8/1/2025,16:30:33,4
8/1/2025,16:31:33,2
8/1/2025,16:32:33,3
8/1/2025,16:33:33,3
8/1/2025,16:34:33,3
8/1/2025,16:35:33,3
8/1/2025,16:36:33,3
8/1/2025,16:37:33,3
8/1/2025,16:38:33,2
8/1/2025,16:39:33,3
8/1/2025,16:40:33,4
8/1/2025,16:41:33,3
8/1/2025,16:42:33,2
8/1/2025,16:43:33,2
8/1/2025,16:44:33,3
8/1/2025,16:45:33,2
8/1/2025,16:46:33,4
8/1/2025,16:47:33,3
8/1/2025,16:48:33,3
8/1/2025,16:49:33,2
8/1/2025,16:50:33,3
8/1/2025,16:51:33,1
8/1/2025,16:52:33,0
8/1/2025,16:53:33,0
8/1/2025,16:54:33,0
8/1/2025,16:55:33,0
8/1/2025,16:56:33,0
8/1/2025,16:57:33,0
8/1/2025,16:58:33,0
8/1/2025,16:59:33,0
8/1/2025,17:00:33,0
8/1/2025,17:01:33,0
8/1/2025,17:02:33,0
8/1/2025,17:03:33,0
8/1/2025,17:04:33,0
8/1/2025,17:05:33,0
8/1/2025,17:06:33,0
8/1/2025,17:07:33,0
8/1/2025,17:08:33,0
8/1/2025,17:09:33,0
8/1/2025,17:10:33,0
8/1/2025,17:11:33,0
8/1/2025,17:12:33,0
8/1/2025,17:13:33,0
8/1/2025,17:14:33,0
8/1/2025,17:15:33,3
8/1/2025,17:16:33,2
8/1/2025,17:17:33,2
8/1/2025,17:18:33,3
8/1/2025,17:19:33,3
8/1/2025,17:20:33,3
8/1/2025,17:21:33,3
8/1/2025,17:22:33,3
8/1/2025,17:23:33,3
8/1/2025,17:24:33,2
8/1/2025,17:25:33,3
8/1/2025,17:26:33,3
8/1/2025,17:27:33,3
8/1/2025,17:28:33,3
8/1/2025,17:29:33,3
8/1/2025,17:30:33,3
8/1/2025,17:31:33,3
8/1/2025,17:32:33,2
8/1/2025,17:33:33,3
8/1/2025,17:34:33,2
8/1/2025,17:35:33,3
8/1/2025,17:36:33,4
8/1/2025,17:37:33,3
8/1/2025,17:38:33,1
8/1/2025,17:39:33,0
8/1/2025,17:40:33,2
8/1/2025,17:41:33,3
8/1/2025,17:42:33,2
8/1/2025,17:43:33,3
8/1/2025,17:44:33,2
8/1/2025,17:45:33,3
8/1/2025,17:46:33,3
8/1/2025,17:47:33,1
8/1/2025,17:48:33,4
8/1/2025,17:49:33,3
8/1/2025,17:50:33,3
8/1/2025,17:51:33,3
8/1/2025,17:52:33,3
8/1/2025,17:53:33,2
8/1/2025,17:54:33,3
8/1/2025,17:55:33,3
8/1/2025,17:56:33,3
8/1/2025,17:57:33,3
8/1/2025,17:58:33,3
8/1/2025,17:59:33,3
8/1/2025,18:00:33,3
8/1/2025,18:01:33,2
8/1/2025,18:02:33,2
8/1/2025,18:03:33,4
8/1/2025,18:04:33,3
8/1/2025,18:05:33,3
8/1/2025,18:06:33,3
8/1/2025,18:07:33,3
8/1/2025,18:08:33,2
8/1/2025,18:09:33,3
8/1/2025,18:10:33,3
8/1/2025,18:11:33,3
8/1/2025,18:12:33,1
8/1/2025,18:13:33,3
8/1/2025,18:14:33,2
8/1/2025,18:15:33,3
8/1/2025,18:16:33,3
8/1/2025,18:17:33,3
8/1/2025,18:18:33,3
8/1/2025,18:19:33,3
8/1/2025,18:20:33,3
8/1/2025,18:21:33,3
8/1/2025,18:22:33,3
8/1/2025,18:23:33,3
8/1/2025,18:24:33,3
8/1/2025,18:25:33,1
8/1/2025,18:26:33,3
8/1/2025,18:27:33,3
8/1/2025,18:28:33,2
8/1/2025,18:29:33,3
8/1/2025,18:30:33,1
8/1/2025,18:31:33,4
8/1/2025,18:32:33,3
8/1/2025,18:33:33,3
8/1/2025,18:34:33,3
8/1/2025,18:35:33,3
8/1/2025,18:36:33,2
8/1/2025,18:37:33,3
8/1/2025,18:38:33,3
8/1/2025,18:39:33,3
8/1/2025,18:40:33,3
8/1/2025,18:41:33,3
8/1/2025,18:42:33,3
8/1/2025,18:43:33,2
8/1/2025,18:44:33,3
8/1/2025,18:45:33,3
8/1/2025,18:46:33,3
8/1/2025,18:47:33,2
8/1/2025,18:48:33,4
8/1/2025,18:49:33,2
8/1/2025,18:50:33,3
8/1/2025,18:51:33,3
8/1/2025,18:52:33,3
8/1/2025,18:53:33,3
8/1/2025,18:54:33,3
8/1/2025,18:55:33,3
8/1/2025,18:56:33,3
8/1/2025,18:57:33,3
8/1/2025,18:58:33,3
8/1/2025,18:59:33,2
8/1/2025,19:00:33,3
8/1/2025,19:01:33,3
8/1/2025,19:02:33,2
8/1/2025,19:03:33,3
8/1/2025,19:04:33,3
8/1/2025,19:05:33,3
8/1/2025,19:06:33,1
8/1/2025,19:07:33,2
8/1/2025,19:08:33,4
8/1/2025,19:09:33,3
8/1/2025,19:10:33,3
8/1/2025,19:11:33,2
8/1/2025,19:12:33,3
8/1/2025,19:13:33,3
8/1/2025,19:14:33,3
8/1/2025,19:15:33,2
8/1/2025,19:16:33,4
8/1/2025,19:17:33,2
8/1/2025,19:18:33,3
8/1/2025,19:19:33,2
8/1/2025,19:20:33,2
8/1/2025,19:21:33,3
8/1/2025,19:22:33,4
8/1/2025,19:23:33,3
8/1/2025,19:24:33,2
8/1/2025,19:25:33,2
8/1/2025,19:26:33,2
8/1/2025,19:27:33,2
8/1/2025,19:28:33,3
8/1/2025,19:29:33,3
8/1/2025,19:30:33,3
8/1/2025,19:31:33,2
8/1/2025,19:32:33,3
8/1/2025,19:33:33,2
8/1/2025,19:34:33,0
8/1/2025,19:35:33,0
8/1/2025,19:36:33,0
8/1/2025,19:37:33,2
8/1/2025,19:38:33,2
8/1/2025,19:39:33,3
8/1/2025,19:40:33,3
8/1/2025,19:41:33,2
8/1/2025,19:42:33,2
8/1/2025,19:43:33,3
8/1/2025,19:44:33,3
8/1/2025,19:45:33,3
8/1/2025,19:46:33,3
8/1/2025,19:47:33,3
8/1/2025,19:48:33,1
8/1/2025,19:49:33,4
8/1/2025,19:50:33,3
8/1/2025,19:51:33,3
8/1/2025,19:52:33,2
8/1/2025,19:53:33,2
8/1/2025,19:54:33,3
8/1/2025,19:55:33,3
8/1/2025,19:56:33,3
8/1/2025,19:57:33,3
8/1/2025,19:58:33,3
8/1/2025,19:59:33,3
8/1/2025,20:00:33,2
8/1/2025,20:01:33,3
8/1/2025,20:02:33,4
8/1/2025,20:03:33,2
8/1/2025,20:04:33,3
8/1/2025,20:05:33,3
8/1/2025,20:06:33,3
8/1/2025,20:07:33,3
8/1/2025,20:08:33,3
8/1/2025,20:09:33,3
8/1/2025,20:10:33,3
8/1/2025,20:11:33,2
8/1/2025,20:12:33,2
8/1/2025,20:13:33,3
8/1/2025,20:14:33,3
8/1/2025,20:15:33,3
8/1/2025,20:16:33,3
8/1/2025,20:17:33,3
8/1/2025,20:18:33,2
8/1/2025,20:19:33,0
8/1/2025,20:20:33,0
8/1/2025,20:21:33,2
8/1/2025,20:22:33,2
8/1/2025,20:23:33,1
8/1/2025,20:24:33,2
8/1/2025,20:25:33,3
8/1/2025,20:26:33,1
8/1/2025,20:27:33,4
8/1/2025,20:28:33,3
8/1/2025,20:29:33,3
8/1/2025,20:30:33,3
8/1/2025,20:31:33,3
8/1/2025,20:32:33,2
8/1/2025,20:33:33,3
8/1/2025,20:34:33,3
8/1/2025,20:35:33,3
8/1/2025,20:36:33,3
8/1/2025,20:37:33,2
8/1/2025,20:38:33,3
8/1/2025,20:39:33,4
8/1/2025,20:40:33,2
8/1/2025,20:41:33,3
8/1/2025,20:42:33,3
8/1/2025,20:43:33,3
8/1/2025,20:44:33,3
8/1/2025,20:45:33,2
8/1/2025,20:46:33,3
8/1/2025,20:47:33,3
8/1/2025,20:48:33,3
8/1/2025,20:49:33,2
8/1/2025,20:50:33,3
8/1/2025,20:51:33,3
8/1/2025,20:52:33,3
8/1/2025,20:53:33,2
8/1/2025,20:54:33,0
8/1/2025,20:55:33,1
8/1/2025,20:56:33,3
8/1/2025,20:57:33,3
8/1/2025,20:58:33,3
8/1/2025,20:59:33,3
8/1/2025,21:00:33,3
8/1/2025,21:01:33,3
8/1/2025,21:02:33,3
8/1/2025,21:03:33,3
8/1/2025,21:04:33,3
8/1/2025,21:05:33,2
8/1/2025,21:06:33,3
8/1/2025,21:07:33,3
8/1/2025,21:08:33,3
8/1/2025,21:09:33,3
8/1/2025,21:10:33,3
8/1/2025,21:11:33,3
8/1/2025,21:12:33,1
8/1/2025,21:13:33,1
8/1/2025,21:14:33,0
8/1/2025,21:15:33,1
8/1/2025,21:16:33,1
8/1/2025,21:17:33,0
8/1/2025,21:18:33,1
8/1/2025,21:19:33,1
8/1/2025,21:20:33,0
8/1/2025,21:21:33,3
8/1/2025,21:22:33,3
8/1/2025,21:23:33,3
8/1/2025,21:24:33,3
8/1/2025,21:25:33,3
8/1/2025,21:26:33,3
8/1/2025,21:27:33,2
8/1/2025,21:28:33,3
8/1/2025,21:29:33,3
8/1/2025,21:30:33,3
8/1/2025,21:31:33,3
8/1/2025,21:32:33,3
8/1/2025,21:33:33,2
8/1/2025,21:34:33,2
8/1/2025,21:35:33,0
8/1/2025,21:36:33,0
8/1/2025,21:37:33,0
8/1/2025,21:38:33,0
8/1/2025,21:39:33,2
8/1/2025,21:40:33,1
8/1/2025,21:41:33,0
8/1/2025,21:42:33,0
8/1/2025,21:43:33,3
8/1/2025,21:44:33,3
8/1/2025,21:45:33,3
8/1/2025,21:46:33,3
8/1/2025,21:47:33,2
8/1/2025,21:48:33,3
8/1/2025,21:49:33,2
8/1/2025,21:50:33,3
8/1/2025,21:51:33,3
8/1/2025,21:52:33,3
8/1/2025,21:53:33,3
8/1/2025,21:54:33,3
8/1/2025,21:55:33,3
8/1/2025,21:56:33,2
8/1/2025,21:57:33,3
8/1/2025,21:58:33,3
8/1/2025,21:59:33,3
8/1/2025,22:00:33,3
8/1/2025,22:01:33,3
8/1/2025,22:02:33,3
8/1/2025,22:03:33,3
8/1/2025,22:04:33,3
8/1/2025,22:05:33,2
8/1/2025,22:06:33,4
8/1/2025,22:07:33,3
8/1/2025,22:08:33,3
8/1/2025,22:09:33,3
8/1/2025,22:10:33,3
8/1/2025,22:11:33,3
8/1/2025,22:12:33,2
8/1/2025,22:13:33,1
8/1/2025,22:14:33,1
8/1/2025,22:15:33,2
8/1/2025,22:16:33,3
8/1/2025,22:17:33,3
8/1/2025,22:18:33,3
8/1/2025,22:19:33,3
8/1/2025,22:20:33,2
8/1/2025,22:21:33,1
8/1/2025,22:22:33,2
8/1/2025,22:23:33,3
8/1/2025,22:24:33,3
8/1/2025,22:25:33,3
8/1/2025,22:26:33,3
8/1/2025,22:27:33,3
8/1/2025,22:28:33,3
8/1/2025,22:29:33,3
8/1/2025,22:30:33,3
8/1/2025,22:31:33,3
8/1/2025,22:32:33,0
8/1/2025,22:33:33,2
8/1/2025,22:34:33,3
8/1/2025,22:35:33,3
8/1/2025,22:36:33,3
8/1/2025,22:37:33,3
8/1/2025,22:38:33,3
8/1/2025,22:39:33,3
8/1/2025,22:40:33,3
8/1/2025,22:41:33,2
8/1/2025,22:42:33,3
8/1/2025,22:43:33,3
8/1/2025,22:44:33,2
8/1/2025,22:45:33,3
8/1/2025,22:46:33,3
8/1/2025,22:47:33,3
8/1/2025,22:48:33,2
8/1/2025,22:49:33,3
8/1/2025,22:50:33,4
8/1/2025,22:51:33,3
8/1/2025,22:52:33,1
8/1/2025,22:53:33,1
8/1/2025,22:54:33,4
8/1/2025,22:55:33,3
8/1/2025,22:56:33,3
8/1/2025,22:57:33,2
8/1/2025,22:58:33,3
8/1/2025,22:59:33,3
8/1/2025,23:00:33,3
8/1/2025,23:01:33,2
8/1/2025,23:02:33,3
8/1/2025,23:03:33,3
8/1/2025,23:04:33,3
8/1/2025,23:05:33,2
8/1/2025,23:06:33,0
8/1/2025,23:07:33,2
8/1/2025,23:08:33,3
8/1/2025,23:09:33,3
8/1/2025,23:10:33,3
8/1/2025,23:11:33,3
8/1/2025,23:12:33,3
8/1/2025,23:13:33,1
8/1/2025,23:14:33,2
8/1/2025,23:15:33,2
8/1/2025,23:16:33,3
8/1/2025,23:17:33,4
8/1/2025,23:18:33,2
8/1/2025,23:19:33,2
8/1/2025,23:20:33,4
8/1/2025,23:21:33,3
8/1/2025,23:22:33,1
8/1/2025,23:23:33,0
8/1/2025,23:24:33,1
8/1/2025,23:25:33,2
8/1/2025,23:26:33,3
8/1/2025,23:27:33,3
8/1/2025,23:28:33,4
8/1/2025,23:29:33,2
8/1/2025,23:30:33,3
8/1/2025,23:31:33,3
8/1/2025,23:32:33,3
8/1/2025,23:33:33,3
8/1/2025,23:34:33,3
8/1/2025,23:35:33,3
8/1/2025,23:36:33,2
8/1/2025,23:37:33,3
8/1/2025,23:38:33,3
8/1/2025,23:39:33,3
8/1/2025,23:40:33,3
8/1/2025,23:41:33,2
8/1/2025,23:42:33,3
8/1/2025,23:43:33,3
8/1/2025,23:44:33,3