fecha;area;linea;pn;hora_paro;hora_arranque;diferencia_minutos;categoria;estacion;modo_falla;descripcion_modo_falla;descripcion,,,,,,
2025-03-10;REA;Actuadores;3140CA029;14:59;15:01;2;Producción;REA;General;TBD;Cambio de turno,,,,,,
2025-03-10;REA;Actuadores;3140CA029;15:24;15:25;1;Fallo;Robots;R75;Gripper/tool adjustments;Gripper no abrio correctamente,,,,,,
2025-03-10;REA;Actuadores;3140CA029;15:36;15:39;3;Fallo;USW;St11;Weld NOK;Se cambia cinta y se limpia,,,,,,
2025-03-10;REA;Actuadores;3140CA029;15:41;15:49;8;Fallo;USW;St11;Weld NOK;Se cambia cinta, se cambia goma,,,,,
2025-03-10;REA;Actuadores;3140CA029;16:20;16:22;2;Fallo;Press_731;General;Presence sensor;no detecto pin,,,,,,
2025-03-10;REA;Actuadores;3140CA029;16:00;16:07;7;Fallo;USW;St11;Weld NOK;cambio de cinta,,,,,,
2025-03-10;REA;Actuadores;3140CA029;16:25;16:26;1;Fallo;Aux;St_710;Presence sensor;Motor mal orientacion ,,,,,,
2025-03-10;REA;Actuadores;3140CA029;16:33;16:34;1;Fallo;Robots;R75;Motion supervision/Joint collision;Gripper 4 (gripper 2 del robot), se queda atorado,,,,,
2025-03-10;REA;Actuadores;3140CA029;16:47;16:48;1;Fallo;USW;St14;Ateq;limpieza de jig,,,,,,
2025-03-10;REA;Actuadores;3140CA029;17:17;17:19;2;Fallo;Press_731;General;Feed piston;Pin inclinado, acomodar manual,,,,,
2025-03-10;REA;Actuadores;3140CA029;17:19;17:20;1;Fallo;Robots;R80;Gripper/tool adjustments;no abrio gripper,,,,,,
2025-03-10;REA;Actuadores;3140CA029;09:46;09:49;3;Fallo;Robots;R70;Vacuum system;Ventosa caida, se repone, se revisan actuadores,,,,
2025-03-10;REA;Actuadores;3140CA029;09:35;09:38;3;Fallo;Robots;R70;Vacuum system;Ventosa rota no hace suficiente vacio, se salta algunos gears y causa lentitud en el proceso, se busca fuga, se arregla,,,
2025-03-10;REA;Actuadores;3140CA029;09:44;09:46;2;Producción;Conveyors;C_31;Presence sensor;Operador introduce blister roto, no detectable,,,,,
2025-03-10;REA;Actuadores;3140CA029;10:09;10:14;5;Fallo;REA;General;TBD;Compresor se alarma,,,,,,
2025-03-10;REA;Actuadores;3140CA029;10:26;10:30;4;Mantenimiento;REA;General;Checklist;Checklist diario,,,,,,
2025-03-10;REA;Actuadores;3140CA029;10:39;10:41;2;Fallo;EOL;;;Jig de actuador no marca cerrado, se ajusta manual,,,,,
2025-03-10;REA;Actuadores;3140CA029;17:34;17:35;1;Fallo;Conveyors;C_37;Motor;blister doblados los regreso,,,,,,
2025-03-10;REA;Actuadores;3140CA029;17:46;17:48;2;Fallo;EOL;St2;CRIO NOK;time out ST2,,,,,,
2025-03-10;REA;Actuadores;3140CA029;17:48;17:50;2;Fallo;MAT;St3;Consumible: Tornillos;Tornillos atorados en el riel,,,,,,
2025-03-10;REA;Actuadores;3140CA029;18:00;18:02;2;Producción;Conveyors;C_37;Presence sensor;sin material en conveyor,,,,,,
2025-03-10;REA;Actuadores;3140CA029;18:03;18:04;1;Producción;Conveyors;C_85;Presence sensor;conveyor vacio,,,,,,
2025-03-10;REA;Actuadores;3140CA029;18:05;18:06;1;Calidad;Robots;R70;Incorrect pick/place;gear malo,,,,,,
2025-03-10;REA;Actuadores;3140CA029;18:15;18:16;1;Fallo;Conveyors;C_31;Presence sensor;blister atorado por cilindro no detectaba sensor,,,,,,
2025-03-10;REA;Actuadores;3140CA029;18:17;18:18;1;Fallo;MAT;St3;Consumible: Tornillos;tornillos atorados en riel,,,,,,
2025-03-10;REA;Actuadores;3140CA029;18:35;18:37;2;Fallo;Press_731;General;Presence sensor;no detecto pin,,,,,,
2025-03-10;REA;Actuadores;3140CA029;18:47;18:48;1;Fallo;Press_731;General;Presence sensor;no detecto pin,,,,,,
2025-03-10;REA;Actuadores;3140CA029;19:00;19:50;50;Fallo;Aux;St_710;Presence sensor;se cambiaron sensores dañados del cilindro,,,,,,
2025-03-10;REA;Actuadores;3140CA029;20:15;20:19;4;Fallo;USW;St11;Weld NOK;cambio de cinta por alto scrap,,,,,,
2025-03-10;REA;Actuadores;3140CA029;20:41;20:45;4;Mantenimiento;CHW;St2;Consumables: Chip reel;Cambio de chip,,,,,,
2025-03-10;REA;Actuadores;3140CA029;20:50;20:51;1;Fallo;CHW;St2;Vacuum system;vacuum off,,,,,,
2025-03-10;REA;Actuadores;3140CA029;21:04;21:08;4;Fallo;USW;St11;Weld NOK;Desgaste prematuro de cinta, exceso de soldadura, diferencia de vibracion en puntas,,,,
2025-03-10;REA;Actuadores;3140CA029;21:57;21:59;2;Fallo;MAT;St3;Consumible: Tornillos;tornillos atorados en riel,,,,,,
2025-03-10;REA;Actuadores;3140CA029;21:22;21:40;18;Fallo;USW;St11;Weld NOK;Scraps continuos, ajuste de proceso, amplitud de 67% a 65%, se quita cinta,,,
2025-03-10;REA;Actuadores;3140CA029;22:11;22:12;1;Fallo;CHW;St2;Vacuum system;vacuum off,,,,,,
2025-03-10;REA;Actuadores;3140CA029;22:05;22:12;7;Fallo;USW;St11;Weld NOK;Ajuste de proceso amplitud a 60%, debido a actuadores quemados en area plana,,,,,
2025-03-10;REA;Actuadores;3140CA029;22:22;22:30;8;Fallo;USW;St11;Weld NOK;(alto scrap) se vuelve parametros originales amplitud al 67%,,,,,,
2025-03-11;REA;Actuadores;3140CA029;19:05;19:14;9;Mantenimiento;REA;General;Checklist;Limpieza, revision, consumibles,,,,
2025-03-11;REA;Actuadores;3140CA029;07:15;07:23;8;Fallo;CAW;TBD;TBD;No abre bulkhead,,,,,,
2025-03-11;REA;Actuadores;3140CA029;07:22;19:31;729;Fallo;REA;General;TBD;Perdida de secuencia por pallet no borrados,,,,,,
2025-03-11;REA;Actuadores;3140CA029;10:02;11:27;85;Mantenimiento;REA;General;Change Over;Setup up, masters,,,,,
2025-03-11;REA;Actuadores;3140CA029;11:30;00:28;-662;Fallo;Robots;R38;Gripper/tool adjustments;Herramienta del vacuum system dañada (no retrae), fue necesario reemplazarla. Al armar fue necesario ajustar mecanicamente, y ajusta robotarget para evitar problemas subsecuentes,,,,
2025-03-11;REA;Actuadores;3140CA029;12:30;13:11;41;Fallo;CHW;St3;Thermodo;Heatstake NOK, ajustes mecanicos,,,,,
2025-03-10;REA;Actuadores;3140CA029;20:39;20:42;3;Calidad;EOL;;;Scrapboxfull,,,,,,
2025-03-12;REA;Actuadores;3140CA029;20:56;21:01;5;Fallo;CAW;CPA;Feeder;Crank atorado en feeder lineal dentro de CAW,,,,,,
2025-03-12;REA;Actuadores;3140CA029;15:00;18:00;180;Fallo;USW;St11;Weld NOK;Soldadura NOK, scraps continuos, zonas sin soldar, zonas derretidas, ajuste de parámetros, trigger force, amplitud y collapse
2025-03-12;REA;Actuadores;3140CA029;19:00;19:30;30;Material/Logística;REA;General;Waiting for spare part;Materiales NOK, goma CHW para conector demasiado gruesa, impide correcto funcionamiento de maquina, colisiones y scraps,,,
2025-03-12;REA;Actuadores;3140CA029;21:48;21:53;5;Fallo;CAW;CPA;Feeder;Crank atorado,,,,,,
2025-03-11;REA;Actuadores;3140CA029;15:00;16:00;60;Calidad;REA;General;Change Over;Esperando liberacion calidad,,,,,,
2025-03-11;REA;Actuadores;3140CA029;16:00;16:11;11;Fallo;REA;General;Change Over;Paros por discrepancias en maquinas,,,,,,
2025-03-11;REA;Actuadores;3140CA029;16:17;16:27;10;Fallo;Robots;R80;Incorrect pick/place;Pick NOK, robot choca con conector, ajustar posicion,,,,
2025-03-11;REA;Actuadores;3140CA029;16:38;17:10;32;Fallo;Robots;R38;Incorrect pick/place;Previamente ajustados pick y place, fallo, se ajusto herramienta, se ajustan posiciones,,,
2025-03-12;REA;Actuadores;3140CA029;22:03;22:07;4;Fallo;CAW;CPA;Feeder;Crank atorado,,,,,,
2025-03-11;REA;Actuadores;3140CA029;17:34;17:36;2;Fallo;CHW;St4;Pressor;Soldadura NOK, ajustar flujo de gas y posicion pressor,,,,,
2025-03-11;REA;Actuadores;3140CA029;17:46;17:48;2;Fallo;Robots;R70;Vacuum system;ventosas dañadas, cambiar,,,,,
2025-03-11;REA;Actuadores;3140CA029;17:50;18:31;41;Producción;Conveyors;C_37;;Material NOK, material de motor mezclado,,,,,
2025-03-11;REA;Actuadores;3140CA029;18:49;18:53;4;Fallo;USW;St11;Weld NOK;se cambia cinta,,,,,,
2025-03-11;REA;Actuadores;3140CA029;19:07;19:08;1;Producción;Aux;St_710;;motor al reves,,,,,,
2025-03-11;REA;Actuadores;3140CA029;19:31;19:40;9;Fallo;USW;St11;Weld NOK;scraps continuos, prueba de parametros, cambio de cinta,,,,
2025-03-11;REA;Actuadores;3140CA029;19:53;19:57;4;Fallo;CAW;CPA;Feeder;No detecto presencia Crank sensor,,,,,,
2025-03-11;REA;Actuadores;3140CA029;20:02;20:08;6;Fallo;USW;St11;Weld NOK;Scraps continuos, se prueba sin cinta, se obtienen buenos resultados,,,,
2025-03-11;REA;Actuadores;3140CA029;20:10;20:13;3;Fallo;CAW;CPA;Feeder;Crank chueco en riel,,,,,,
2025-03-11;REA;Actuadores;3140CA029;20:13;20:15;2;Fallo;Main_conveyor;General;;Tornillo de locking  de prensa 750 se sale de tope mecanico,,,,,,
2025-03-11;REA;Actuadores;3140CA029;20:16;20:17;1;Fallo;Press_750;General;Tool;body se queda atorado,,,,,,
2025-03-11;REA;Actuadores;3140CA029;20:50;20:54;4;Fallo;CAW;Jig/Index;Index not in home;Falla insercion por mala alineacion,,,,,,
2025-03-11;REA;Actuadores;3140CA029;21:02;21:04;2;Fallo;Main_conveyor;;;Pallets atorados en conveyor inferior por material que cayo,,,,,,
2025-03-11;REA;Actuadores;3140CA029;21:04;21:06;2;Fallo;Press_730;General;Alphamatic Module;scraps continuos, se ajusta posicion final de 174.3 a 174.25 y sus limites de control,,,,,
2025-03-11;REA;Actuadores;3140CA029;21:07;21:08;1;Fallo;Robots;R80;Incorrect pick/place;gripper 1 atorado al dejar scrap,,,,,,
2025-03-11;REA;Actuadores;3140CA029;21:39;21:40;1;Fallo;Press_731;General;Bowl/Lineal feeder;pin inclinado,,,,,,
2025-03-11;REA;Actuadores;3140CA029;21:40;21:41;1;Fallo;S915;General;Dart sensor;ojiva caida,,,,,,
2025-03-11;REA;Actuadores;3140CA029;21:58;22:00;2;Fallo;Robots;R75;Motion supervision/Joint collision;,,,,,,
2025-03-11;REA;Actuadores;3140CA029;22:05;22:10;5;Mantenimiento;REA;General;Checklist;,,,,,,
2025-03-11;REA;Actuadores;3140CA029;22:12;22:13;1;Fallo;Press_730;General;Bowl/Lineal feeder;pin inclinado,,,,,,
2025-03-11;REA;Actuadores;3140CA029;22:21;22:25;4;Fallo;USW;St11;Weld NOK;scraps continuos, prueba de ajuste de amplitud,,,,,
2025-03-13;REA;Actuadores;3140CA027;15:55;15:56;1;Fallo;CHW;St4;Pressor;limpieza de puntas,,,,,,
2025-03-13;REA;Actuadores;3140CA027;15:59;16:15;16;Fallo;CHW;St4;Pressor;soldadura nok ;ajuste de pressor,,,,,,
2025-03-13;REA;Actuadores;3140CA027;16:40;16:45;5;Calidad;MSA;General;Lector de Datamatrix;Material nok magnet shaft,,,,,,
2025-03-13;REA;Actuadores;3140CA027;16:54;16:55;1;Producción;Conveyors;C_31;Lift;no se retiraron los blisters vacios del conveyor,,,,,,
2025-03-13;REA;Actuadores;3140CA027;16:57;17:00;3;Fallo;Robots;R70;To be defined;ajuste de pisador,,,,,,
2025-03-13;REA;Actuadores;3140CA027;17:06;17:07;1;Fallo;CHW;St2;Vacuum system;st2 vacuum off,,,,,,
2025-03-13;REA;Actuadores;3140CA027;17:17;17:19;2;Fallo;Press_620;General;Presence sensor;Material atorado,,,,,,
2025-03-13;REA;Actuadores;3140CA027;18:22;18:28;6;Calidad;EOL;;;Scrapbox,,,,,,
2025-03-13;REA;Actuadores;3140CA027;18:37;18:39;2;Fallo;Press_731;General;Bowl/Lineal feeder;Pierde pin,,,,,,
2025-03-13;REA;Actuadores;3140CA027;18:43;18:44;1;Fallo;CHW;St2;Vacuum system;vacuum off st2,,,,,,
2025-03-13;REA;Actuadores;3140CA027;18:51;18:52;1;Fallo;Press_731;General;Presence sensor;no detecto pin,,,,,,
2025-03-13;REA;Actuadores;3140CA027;19:00;19:02;2;Mantenimiento;USW;St14;Lower Jig;limpieza de goma,,,,,,
2025-03-13;REA;Actuadores;3140CA027;19:03;19:05;2;Fallo;MAT;St3;Consumible: Tornillos;tornillos atorados en riel,,,,,,
2025-03-13;REA;Actuadores;3140CA027;19:07;19:08;1;Fallo;CHW;St2;Vacuum system;vacumm off,,,,,,
2025-03-13;REA;Actuadores;3140CA027;19:14;19:15;1;Fallo;Press_731;General;Feed piston;pin inclinado,,,,,,
2025-03-13;REA;Actuadores;3140CA027;19:35;19:42;7;Fallo;REA;General;TBD;Falla compresor, se restaura linea,,,,,
2025-03-13;REA;Actuadores;3140CA027;19:42;19:45;3;Fallo;EOL;St2;Gripper NOK;Calibracion nok, ajustar por scraps continuos,,,,,
2025-03-13;REA;Actuadores;3140CA027;19:45;19:55;10;Fallo;EOL;St3;Gripper NOK;opresor de cople barrido y fuera de cople, gripper suelto, se cambia por un tornillo de la medida, se recalibra,,,
2025-03-13;REA;Actuadores;3140CA027;20:01;20:08;7;Fallo;EOL;St2;Gripper NOK;Calibracion nok, hardstop scraps,,,,,
2025-03-13;REA;Actuadores;3140CA027;20:08;20:20;12;Fallo;USW;St11;Weld NOK;Scraps continuos, analisis de fugas, fugas por overburned areas, se coloca cinta en area afectada,,,
2025-03-14;REA;Actuadores;3140CA027;15:02;15:04;2;Fallo;USW;St14;Lower Jig;limpieza de goma,,,,,,
2025-03-14;REA;Actuadores;3140CA027;15:10;15:11;1;Fallo;Press_731;General;Presence sensor;no detecta pin,,,,,,
2025-03-14;REA;Actuadores;3140CA027;15:25;15:27;2;Fallo;CHW;St2;Vacuum system;vacuum off st2 / Limpieza de pines,,,,,,
2025-03-14;REA;Actuadores;3140CA027;15:40;16:04;24;Fallo;Aux;St_710;Presence sensor;cable de sensor con falso contacto,,,,,,
2025-03-10;REA;Actuadores;3140CA029;22:30;00:20;-1330;Mantenimiento;USW;St14;;Alto scrap ajuste de parametros,,,,,,
2025-03-11;REA;Actuadores;3140CA029;00:38;00:40;2;Fallo;Robots;R75;Motion supervision/Joint collision;No ensambla,,,,,,
2025-03-11;REA;Actuadores;3140CA029;01:07;01:12;5;Fallo;EOL;St4;CRIO NOK;CRIO fail,,,,,,
2025-03-11;REA;Actuadores;3140CA029;01:19;01:21;2;Fallo;EOL;St2;Gripper NOK;Overload,,,,,,
2025-03-11;REA;Actuadores;3140CA029;01:34;01:37;3;Fallo;MSA;General;Sensor de presencia;Sensor obstruido,,,,,,
2025-03-11;REA;Actuadores;3140CA029;01:41;01:43;2;Fallo;CHW;St2;Vacuum system;Vacuum error,,,,,,
2025-03-11;REA;Actuadores;3140CA029;01:48;01:50;2;Fallo;Robots;R75;Motion supervision/Joint collision;No ensambla,,,,,,
2025-03-11;REA;Actuadores;3140CA029;01:53;02:00;7;Mantenimiento;CCC;;;Se termina resina,,,,,,
2025-03-11;REA;Actuadores;3140CA029;02:06;02:08;2;Fallo;Press_731;General;Bowl/Lineal feeder;Doble pin,,,,,,
2025-03-11;REA;Actuadores;3140CA029;02:15;02:17;2;Fallo;Press_731;General;Bowl/Lineal feeder;Pin chueco,,,,,,
2025-03-11;REA;Actuadores;3140CA029;02:35;02:38;3;Calidad;CCC;;;Scrap box full,,,,,,
2025-03-11;REA;Actuadores;3140CA029;02:48;02:51;3;Mantenimiento;USW;;;Limpieza de jig,,,,,,
2025-03-11;REA;Actuadores;3140CA029;03:00;03:07;7;Fallo;CCC;;;Se detiene secuencia,,,,,,
2025-03-11;REA;Actuadores;3140CA029;03:18;03:20;2;Fallo;Aux;St_710;Actuator NOK;Motor invertido,,,,,,
2025-03-11;REA;Actuadores;3140CA029;03:28;03:30;2;Producción;Press_730;;;Se vacia a operador,,,,,,
2025-03-11;REA;Actuadores;3140CA029;03:46;03:48;2;Fallo;Robots;R75;Motion supervision/Joint collision;No ensambla,,,,,,
2025-03-11;REA;Actuadores;3140CA029;03:53;03:59;6;Fallo;EOL;St4;CRIO NOK;Se reinicia CRIO,,,,,,
2025-03-11;REA;Actuadores;3140CA029;04:13;04:15;2;Fallo;Robots;R75;Gripper/tool adjustments;Gripper no abre correctamente,,,,,,
2025-03-11;REA;Actuadores;3140CA029;04:19;04:21;2;Fallo;Press_731;General;Bowl/Lineal feeder;Pin chueco,,,,,,
2025-03-11;REA;Actuadores;3140CA029;04:34;04:39;5;Fallo;CAW;CPA;SCARA;Se queda detenido y no avanza,,,,,,
2025-03-11;REA;Actuadores;3140CA029;04:44;04:47;3;Fallo;Conveyors;C_31;;Se atora blister,,,,,,
2025-03-11;REA;Actuadores;3140CA029;05:21;05:23;2;Fallo;Press_730;General;Bowl/Lineal feeder;Pin chueco,,,,,,
2025-03-11;REA;Actuadores;3140CA029;05:30;05:46;16;Producción;MAT;St1;Motor DM reader;Motor incorrecto,,,,,,
2025-03-11;REA;Actuadores;3140CA029;05:53;05:55;2;Fallo;Aux;St_710;Actuator NOK;Motor invertido,,,,,,
2025-03-11;REA;Actuadores;3140CA029;06:00;06:02;2;Fallo;Main_conveyor;R70;;Ogiva caida,,,,,,
2025-03-11;REA;Actuadores;3140CA029;06:02;06:05;3;Mantenimiento;USW;;;Limpieza jig,,,,,,
2025-03-11;REA;Actuadores;3140CA029;06:10;06:12;2;Fallo;Press_731;General;Bowl/Lineal feeder;Pin chueco,,,,,,
2025-03-11;REA;Actuadores;3140CA029;06:38;06:40;2;Fallo;CHW;St2;Vacuum system;Vacuum error,,,,,,
2025-03-11;REA;Actuadores;3140CA029;22:30;22:50;20;Mantenimiento;USW;St14;;Alto scrap, cambio de goma,limpieza jig y oring,,,,
2025-03-11;REA;Actuadores;3140CA029;23:09;23:15;6;Fallo;EOL;St1;PTC;PTC error,,,,,,
2025-03-11;REA;Actuadores;3140CA029;23:30;23:32;2;Fallo;MAT;St3;;Falta tornillo,,,,,,
2025-03-11;REA;Actuadores;3140CA029;23:49;23:54;5;Fallo;EOL;St1;;Jig 2 st 1 repetitivo,,,,,,
2025-03-12;REA;Actuadores;3140CA029;00:08;00:11;3;Mantenimiento;USW;;;Limpieza de jig,,,,,,
2025-03-12;REA;Actuadores;3140CA029;00:34;00:38;4;Mantenimiento;USW;St14;;Limpieza de jig,,,,,,
2025-03-12;REA;Actuadores;3140CA029;00:46;00:55;9;Mantenimiento;CAW;;;Checklist mtto,,,,,,
2025-03-12;REA;Actuadores;3140CA029;01:09;01:11;2;Fallo;Robots;R65;;Doble gear,,,,,,
2025-03-12;REA;Actuadores;3140CA029;01:12;01:16;4;Fallo;EOL;St4;CRIO NOK;Fallo st 4 y 2,,,,,,
2025-03-12;REA;Actuadores;3140CA029;01:20;01:23;3;Producción;Conveyors;C_36;;Blister atorado,,,,,,
2025-03-12;REA;Actuadores;3140CA029;01:27;01:29;2;Producción;Conveyors;C_36;;Blister atorado,,,,,,
2025-03-12;REA;Actuadores;3140CA029;01:30;01:35;5;Mantenimiento;USW;;;Limpieza de jig,,,,,,
2025-03-15;REA;Actuadores;3140CS022;15:00;15:25;25;Fallo;USW;St11;Weld NOK;ajuste de soldadura,,,,,,
2025-03-15;REA;Actuadores;3140CS022;16:00;16:03;3;Fallo;S915;General;Vision system;ogiva caida,,,,,,
2025-03-15;REA;Actuadores;3140CS022;16:10;16:12;2;Fallo;Press_731;General;Feed piston;pin inclinado,,,,,,
2025-03-15;REA;Actuadores;3140CS022;16:16;16:18;2;Fallo;Robots;R75;Motion supervision/Joint collision;cambio de lija gripper,,,,,,
2025-03-15;REA;Actuadores;3140CS022;16:26;16:27;1;Fallo;S915;General;Vision system;cambio de ogiva (se atora),,,,,,
2025-03-15;REA;Actuadores;3140CS022;16:56;16:57;1;Fallo;Press_731;General;Feed piston;pin inclinado,,,,,,
2025-03-15;REA;Actuadores;3140CS022;17:30;17:33;3;Fallo;CAW;CPA;Feeder;crank atorado en riel,,,,,,
2025-03-15;REA;Actuadores;3140CS022;17:35;17:37;2;Calidad;CHW;General;To be defined;scrap box full,,,,,,
2025-03-15;REA;Actuadores;3140CS022;17:48;17:57;9;Fallo;Robots;R75;Motion supervision/Joint collision;colision en place de USW,,,,,,
2025-03-12;REA;Actuadores;3140CA028;01:47;01:50;3;Calidad;CHW;General;;Scrapbox full,,,,,,
2025-03-12;REA;Actuadores;3140CA028;01:50;01:55;5;Mantenimiento;CHW;General;;Checklist,,,,,,
2025-03-12;REA;Actuadores;3140CA028;02:38;02:44;6;Mantenimiento;CHW;St2;Consumables: Chip reel;Cambio de rollo chip,,,,,,
2025-03-12;REA;Actuadores;3140CA028;02:50;02:52;2;Fallo;Press_731;General;Bowl/Lineal feeder;Pin chueco,,,,,,
2025-03-12;REA;Actuadores;3140CA028;03:01;03:03;2;Fallo;CHW;St2;Vacuum system;Vacuum error,,,,,,
2025-03-12;REA;Actuadores;3140CA028;03:06;03:18;12;Fallo;Robots;R75;Motion supervision/Joint collision;No ensambla,,,,,,
2025-03-12;REA;Actuadores;3140CA028;03:15;03:20;5;Fallo;Robots;R75;Motion supervision/Joint collision;No ensambla,,,,,,
2025-03-12;REA;Actuadores;3140CA028;03:26;03:30;4;Fallo;CHW;St4;Pressor;Alto scrap, limpieza de pines,,,,,
2025-03-12;REA;Actuadores;3140CA028;03:31;03:35;4;Fallo;Robots;R70;Gripper/tool adjustments;Mangueras de gripper golpean sistema de vision de st915,,,,,,
2025-03-12;REA;Actuadores;3140CA028;03:38;03:41;3;Fallo;Robots;R75;Motion supervision/Joint collision;No ensambla,,,,,,
2025-03-12;REA;Actuadores;3140CA028;03:47;03:51;4;Fallo;EOL;St1;PTC;Alto scrap,,,,,,
2025-03-12;REA;Actuadores;3140CA028;04:30;04:33;3;Fallo;EOL;St1;PTC;Alto scrap,,,,,,
2025-03-12;REA;Actuadores;3140CA028;04:49;04:51;2;Fallo;Robots;R80;Motion supervision/Joint collision;Gripper 1 no abre correctamente,,,,,,
2025-03-12;REA;Actuadores;3140CA028;05:01;05:03;2;Fallo;Robots;R80;Gripper/tool adjustments;Gripper 1 no abre correctamente,,,,,,
2025-03-12;REA;Actuadores;3140CA028;05:10;05:11;1;Fallo;Robots;R75;Gripper/tool adjustments;Gripper 1 no abre correctamente,,,,,,
2025-03-12;REA;Actuadores;3140CA028;05:11;05:13;2;Fallo;Robots;R80;Gripper/tool adjustments;Gripper 1 no abre correctamente,,,,,,
2025-03-12;REA;Actuadores;3140CA028;05:39;05:41;2;Fallo;Robots;R80;Gripper/tool adjustments;Gripper 1 no abre correctamente,,,,,,
2025-03-12;REA;Actuadores;3140CA028;05:53;05:58;5;Fallo;USW;St14;Lower Jig;Cambio de goma por alto scrap,,,,,,
2025-03-13;REA;Actuadores;3140CA027;22:38;22:41;3;Mantenimiento;USW;St14;Lower Jig;Limpieza jig,,,,,,
2025-03-13;REA;Actuadores;3140CA027;22:44;22:46;2;Fallo;Robots;R80;Module error;Gripper nok,,,,,,
2025-03-13;REA;Actuadores;3140CA027;22:46;22:50;4;Calidad;EOL;;;Scrapbox full,,,,,,
2025-03-13;REA;Actuadores;3140CA027;23:15;23:20;5;Mantenimiento;USW;St14;Lower Jig;Cambio de goma,,,,,,
2025-03-13;REA;Actuadores;3140CA027;23:20;23:40;20;Fallo;EOL;;;Se reinicia PC,,,,,,
2025-03-14;REA;Actuadores;3140CA027;00:16;00:20;4;Fallo;Robots;R80;Sensor/Wiring;Sensor no detecta posicion de gripper,,,,,,
2025-03-14;REA;Actuadores;3140CA027;00:22;00:24;2;Fallo;Robots;R80;Gripper/tool adjustments;Gripper nok,,,,,,
2025-03-14;REA;Actuadores;3140CA027;00:25;00:27;2;Fallo;Robots;R80;Gripper/tool adjustments;Gripper nok,,,,,,
2025-03-14;REA;Actuadores;3140CA027;00:27;00:30;3;Fallo;EOL;St2;Gripper NOK;Calibracion,,,,,,
2025-03-14;REA;Actuadores;3140CA027;00:30;00:35;5;Mantenimiento;CHW;;;Checklist,,,,,,
2025-03-14;REA;Actuadores;3140CA027;01:41;01:50;9;Fallo;CHW;St4;Pressor;Cambio de goma y pines,,,,,,
2025-03-14;REA;Actuadores;3140CA027;01:41;01:43;2;Fallo;USW;St11;Branson;Ajuste de parametros Collapse y amplitude,,,,,,
2025-03-14;REA;Actuadores;3140CA027;01:54;01:55;1;Fallo;Robots;R80;Gripper/tool adjustments;Se detiene al estar en EOL,,,,,,
2025-03-14;REA;Actuadores;3140CA027;01:56;01:57;1;Fallo;Press_731;General;Bowl/Lineal feeder;Pin chueco,,,,,,
2025-03-14;REA;Actuadores;3140CA027;01:58;02:00;2;Fallo;USW;St14;Lower Jig;Limpieza jig,,,,,,
2025-03-14;REA;Actuadores;3140CA027;02:04;02:08;4;Fallo;CHW;St4;Pressor;Limpieza pines,,,,,,
2025-03-14;REA;Actuadores;3140CA027;02:10;02:30;20;Mantenimiento;CHW;St4;Pressor;Ajuste de pressor,,,,,,
2025-03-14;REA;Actuadores;3140CA027;02:57;03:00;3;Fallo;MAT;St5;Axis not in home;St.5 falla,,,,,,
2025-03-14;REA;Actuadores;3140CA027;04:47;04:50;3;Fallo;EOL;St1;PTC;Alto scrap st1,,,,,,
2025-03-14;REA;Actuadores;3140CA027;05:00;05:03;3;Fallo;CHW;St2;Vacuum system;Vacuum error,,,,,,
2025-03-14;REA;Actuadores;3140CA027;05:14;05:17;3;Mantenimiento;USW;St14;Lower Jig;Limpieza a jig,,,,,,
2025-03-14;REA;Actuadores;3140CA027;05:22;05:24;2;Fallo;Robots;R80;Gripper/tool adjustments;Gripper nok,,,,,,
2025-03-14;REA;Actuadores;3140CA027;05:58;06:00;2;Fallo;Robots;R80;Gripper/tool adjustments;Gripper nok,,,,,,
2025-03-14;REA;Actuadores;3140CA027;06:17;06:20;3;Fallo;USW;St14;Lower Jig;Limpieza a jig,,,,,,
2025-03-14;REA;Actuadores;3140CA027;06:35;06:37;2;Fallo;CHW;St4;Pressor;Limpieza a pines,,,,,,
2025-03-15;REA;Actuadores;3140CS022;00:25;00:28;3;Fallo;Main_conveyor;;;Se cae ogiva,,,,,,
2025-03-15;REA;Actuadores;3140CS022;00:30;00:32;2;Fallo;CHW;St2;Vacuum system;Vacuum error,,,,,,
2025-03-15;REA;Actuadores;3140CS022;00:43;00:47;4;Fallo;EOL;St4;CRIO NOK;CRIO NOK,,,,,,
2025-03-15;REA;Actuadores;3140CS022;01:00;01:08;8;Fallo;Main_conveyor;;;Sensor inductivo de zona de R60 movido de luegar y no detecta,,,,,,
2025-03-15;REA;Actuadores;3140CS022;01:09;01:10;1;Mantenimiento;USW;St14;Lower Jig;Limpieza jig,,,,,,
2025-03-15;REA;Actuadores;3140CS022;01:11;01:14;3;Fallo;CAW;CPA;Feeder;Crank atorado en riel,,,,,,
2025-03-15;REA;Actuadores;3140CS022;01:30;01:33;3;Fallo;Press_731;General;Bowl/Lineal feeder;Doble pin,,,,,,
2025-03-15;REA;Actuadores;3140CS022;01:41;01:43;2;Fallo;Main_conveyor;;;Se atora pallet en zona de 750,,,,,,
2025-03-15;REA;Actuadores;3140CS022;01:52;01:54;2;Mantenimiento;USW;St14;Lower Jig;Limpieza jig,,,,,,
2025-03-15;REA;Actuadores;3140CS022;01:56;01:58;2;Mantenimiento;CHW;St4;Pressor;Mala soldadura,,,,,,
2025-03-15;REA;Actuadores;3140CS022;02:40;02:45;5;Fallo;CAW;CPA;Feeder;Sistema de vision rechaza crank ok,,,,,,
2025-03-15;REA;Actuadores;3140CS022;02:46;02:48;2;Fallo;Aux;;;Ogiva caida,,,,,,
2025-03-15;REA;Actuadores;3140CS022;03:15;03:18;3;Fallo;Main_conveyor;;;Se pierde secuencia por pallet adelantados y atorados en singulator en zona 620 y 730,,,,,,
2025-03-15;REA;Actuadores;3140CS022;05:02;05:26;24;Fallo;MAT;St4;CRIO;CRIO no responde,,,,,,
2025-03-15;REA;Actuadores;3140CS022;05:27;05:30;3;Mantenimiento;USW;St14;Lower Jig;Cambio de goma,,,,,,
2025-03-15;REA;Actuadores;3140CS022;05:47;05:50;3;Mantenimiento;USW;St14;Lower Jig;Limpieza jig,,,,,,
2025-03-15;REA;Actuadores;3140CS022;06:08;06:11;3;Mantenimiento;USW;St14;Lower Jig;Limpieza jig,,,,,,
2025-03-15;REA;Actuadores;3140CS022;06:32;06:35;3;Mantenimiento;USW;St14;Lower Jig;Limpieza jig,,,,,,
2025-03-12;REA;Actuadores;3140CA028;22:30;22:35;5;Mantenimiento;USW;St14;Lower Jig;Limpieza jig,,,,,,
2025-03-12;REA;Actuadores;3140CA028;22:51;22:53;2;Fallo;Robots;R75;Motion supervision/Joint collision;No ensambla,,,,,,
2025-03-12;REA;Actuadores;3140CA028;23:15;23:17;2;Fallo;Robots;R80;Gripper/tool adjustments;Gripper nok,,,,,,
2025-03-12;REA;Actuadores;3140CA028;23:43;23:46;3;Mantenimiento;USW;St14;Lower Jig;Limpieza jig,,,,,,
2025-03-13;REA;Actuadores;3140CA027;00:53;02:55;122;Producción;REA;General;Change Over;Cambio de 028 a 027 stell,,,,,,
2025-03-13;REA;Actuadores;3140CA027;03:00;04:23;83;Calidad;REA;General;Change Over;Liberacion calidad,,,,,,
2025-03-13;REA;Actuadores;3140CA027;05:58;07:00;62;Fallo;Robots;R65;Vacuum system;Falla sensor de presion para vacio,,,,,,
2025-03-19;REA;Actuadores;3140CA029;07:05;07:10;5;Fallo;USW;St11;Branson;revision de jig branson,,,,,,
2025-03-19;REA;Actuadores;3140CA029;07:10;07:13;3;Calidad;REA;General;SOP;entrega de pruebas,,,,,,
2025-03-19;REA;Actuadores;3140CA029;07:13;07:23;10;Mantenimiento;REA;General;Checklist;checklist,,,,,,
2025-03-19;REA;Actuadores;3140CA029;07:50;07:53;3;Fallo;Robots;;;R60 Vacuum off,,,,,,
2025-03-19;REA;Actuadores;3140CA029;15:27;15:29;2;Fallo;Robots;R75;Gripper/tool adjustments;no abrio gripper,,,,,,
2025-03-19;REA;Actuadores;3140CA029;08:05;08:10;5;Fallo;USW;St11;Weld NOK;se puso cinta en jig por alto scrap,,,,,,
2025-03-19;REA;Actuadores;3140CA029;08:13;08:17;4;Fallo;CAW;CPA;Feeder;time out por crank no present (se regresaba el crank),,,,,,
2025-03-19;REA;Actuadores;3140CA029;08:40;08:43;3;Fallo;Press_731;General;Feed piston;body atorado en prensa,,,,,,
2025-03-19;REA;Actuadores;3140CA029;09:10;09:15;5;Fallo;USW;St11;Weld NOK;scrap alto, limpieza de goma y cambio de cinta,,,,,
2025-03-19;REA;Actuadores;3140CA029;09:19;09:22;3;Fallo;Press_731;General;Feed piston;pin inclinado,,,,,,
2025-03-19;REA;Actuadores;3140CA029;09:34;09:36;2;Fallo;Aux;St_710;Presence sensor;Motor volteado no detecta sensor,,,,,,
2025-03-19;REA;Actuadores;3140CA029;15:40;15:41;1;Fallo;Robots;R75;Gripper/tool adjustments;gripper no abrio,,,,,,
2025-03-19;REA;Actuadores;3140CA029;15:42;15:43;1;Fallo;Robots;R70;Vacuum system;ventosa caida,,,,,,
2025-03-19;REA;Actuadores;3140CA029;09:42;09:45;3;Fallo;CHW;St2;Vacuum system;time out st 2,,,,,,
2025-03-19;REA;Actuadores;3140CA029;10:27;10:30;3;Fallo;Aux;St_980;Presence sensor;ogiva caida,,,,,,
2025-03-19;REA;Actuadores;3140CA029;10:26;10:31;5;Fallo;MAT;St3;Consumible: Tornillos;time out st 3,,,,,,
2025-03-19;REA;Actuadores;3140CA029;10:32;10:35;3;Mantenimiento;CHW;St4;Pressor;limpieza de pressor,,,,,,
2025-03-19;REA;Actuadores;3140CA029;10:37;10:41;4;Fallo;MAT;St3;Consumible: Tornillos;time out st 3,,,,,,
2025-03-19;REA;Actuadores;3140CA029;11:00;11:05;5;Fallo;EOL;St3;Axial play NOK;ajuste en st 3 por scrap,,,,,,
2025-03-19;REA;Actuadores;3140CA029;11:05;11:07;2;Fallo;CHW;St2;Vacuum system;time out st 2,,,,,,
2025-03-19;REA;Actuadores;3140CA029;11:07;11:09;2;Fallo;Press_750;General;Feed piston;body atorado en prensa,,,,,,
2025-03-19;REA;Actuadores;3140CA029;10:09;11:15;66;Fallo;S915;General;SMC module;pallet no tenia body,,,,,,
2025-03-19;REA;Actuadores;3140CA029;11:20;11:24;4;Mantenimiento;CHW;St5;Vision system;ajuste en sistema de vision,,,,,,
2025-03-19;REA;Actuadores;3140CA029;11:28;11:30;2;Fallo;MAT;St3;Consumible: Tornillos;time out st 3,,,,,,
2025-03-19;REA;Actuadores;3140CA029;15:53;15:54;1;Fallo;Robots;R75;Gripper/tool adjustments;no abrio gripper,,,,,,
2025-03-19;REA;Actuadores;3140CA029;11:28;11:31;3;Fallo;Robots;R75;Motion supervision/Joint collision;motion supervision,,,,,,
2025-03-19;REA;Actuadores;3140CA029;11:46;11:51;5;Mantenimiento;CHW;General;To be defined;checlist,,,,,,
2025-03-19;REA;Actuadores;3140CA029;12:04;12:07;3;Fallo;Robots;R75;Motion supervision/Joint collision;motion supervision al insertar cover,,,,,,
2025-03-19;REA;Actuadores;3140CA029;12:39;12:41;2;Fallo;CHW;St2;Vacuum system;time out st 2,,,,,,
2025-03-19;REA;Actuadores;3140CA029;13:34;13:36;2;Fallo;Robots;R75;Motion supervision/Joint collision;motion supervision,,,,,,
2025-03-19;REA;Actuadores;3140CA029;13:40;13:42;2;Mantenimiento;CHW;St4;Consumables: Argon;cambio de argon,,,,,,
2025-03-19;REA;Actuadores;3140CA029;13:55;14:03;8;Mantenimiento;CHW;St2;Consumables: Chip reel;cambio de chip,,,,,,
2025-03-19;REA;Actuadores;3140CA029;14:05;14:10;5;Fallo;CAW;CPA;Feeder;time out crank atorado en riel,,,,,,
2025-03-19;REA;Actuadores;3140CA029;14:12;14:14;2;Fallo;USW;St11;Presence sensor;actuador mal ensamblado,,,,,,
2025-03-19;REA;Actuadores;3140CA029;14:17;14:19;2;Fallo;Robots;R80;Gripper/tool adjustments;gripper no abrio al tirar scrap de usw,,,,,,
2025-03-19;REA;Actuadores;3140CA029;14:33;14:40;7;Fallo;Aux;Main_conveyor;Singulator NOK;singulacer no retornaba,,,,,,
2025-03-19;REA;Actuadores;3140CA029;16:01;16:24;23;Mantenimiento;Robots;R75;Incorrect pick/place;se ajusto la pocision de place (colocacion de cover),,,,,,
2025-03-19;REA;Actuadores;3140CA029;16:35;16:39;4;Calidad;CHW;General;To be defined;box full scrap,,,,,,
2025-03-19;REA;Actuadores;3140CA029;16:35;16:39;4;Fallo;Robots;R75;Gripper/tool adjustments;lubricacion de bastagos y cambio de lija,,,,,,
2025-03-19;REA;Actuadores;3140CA029;17:09;17:10;1;Fallo;CHW;St2;Vacuum system;time out st 2,,,,,,
2025-03-19;REA;Actuadores;3140CA029;17:17;17:18;1;Mantenimiento;CHW;St4;Pressor;limpieza de pines pressor,,,,,,
2025-03-19;REA;Actuadores;3140CA029;17:55;17:57;2;Calidad;Conveyors;C_55;;gear malo,,,,,,
2025-03-19;REA;Actuadores;3140CA029;18:09;18:10;1;Fallo;Aux;St_710;Presence sensor;motor volteado no detecta sensor,,,,,,
2025-03-19;REA;Actuadores;3140CA029;18:16;18:20;4;Fallo;EOL;St4;CRIO NOK;reinicio de crio,,,,,,
2025-03-19;REA;Actuadores;3140CA029;18:20;18:22;2;Calidad;EOL;;;scrap box full,,,,,,
2025-03-19;REA;Actuadores;3140CA029;19:20;19:24;4;Producción;Conveyors;C_31;;mal orientazion de blisters,,,,,,
2025-03-19;REA;Actuadores;3140CA029;19:31;19:37;6;Mantenimiento;CAW;Jig/Index;Index not in home;mesa desalineada colicion de crank con actuador / checklist,,,,,,
2025-03-19;REA;Actuadores;3140CA029;19:47;19:48;1;Fallo;Press_731;General;Feed piston;pin inclinado no detecta sensor,,,,,,
2025-03-19;REA;Actuadores;3140CA029;19:55;20:00;5;Mantenimiento;CCC;St3;Consumables: Resin;cambio de resina,,,,,,
2025-03-19;REA;Actuadores;3140CA029;21:00;21:05;5;Fallo;EOL;St3;Gripper NOK;Falla gripper,,,,,,
2025-03-19;REA;Actuadores;3140CA029;21:05;21:10;5;Producción;REA;General;TBD;Material no surtido en conveyors,,,,,,
2025-03-19;REA;Actuadores;3140CA029;21:23;21:30;7;Producción;REA;General;TBD;Material no surtido en conveyors,,,,,,
2025-03-19;REA;Actuadores;3140CA029;21:46;21:47;1;Producción;Conveyors;C_31;Presence sensor;conveyor vacio por produccion,,,,,,
2025-03-19;REA;Actuadores;3140CA029;22:23;22:25;2;Fallo;USW;St11;Weld NOK;cambio de cinta en jig y limpieza de goma,,,,,,
2025-03-19;REA;Actuadores;3140CA029;22:24;22:30;6;Fallo;USW;St11;Weld NOK;Scraps continuos,,,,,,
2025-03-20;REA;Actuadores;3140CA029;07:00;07:09;9;Mantenimiento;REA;General;Checklist;Limpieza, revision equipos, cambio consumibles preventivo,,,,
2025-03-20;REA;Actuadores;3140CA029;07:12;07:13;1;Fallo;Press_731;General;Tool;Prensa suelta el pin, causando fallas al arrancar,,,,,
2025-03-20;REA;Actuadores;3140CA029;07:20;07:23;3;Fallo;CHW;General;To be defined;St4: Samlight;Laser muy al borde de la pista,,,,,,
2025-03-20;REA;Actuadores;3140CA029;07:30;07:36;6;Fallo;USW;St11;Weld NOK;Scrap alto, se hace prueba de burbuja, se detecta overweld, se ajusta cinta,,,
2025-03-20;REA;Actuadores;3140CA029;07:09;07:11;2;Fallo;Robots;R75;To be defined;Turno anterior coloca gear invertido ante falla de robot soltando gear, causa que no pueda armar la pieza,,,,,
2025-03-20;REA;Actuadores;3140CA029;07:42;07:44;2;Fallo;Robots;R70;Vacuum system;Robot suelta el gear, completa la operacion y causa scrap. Problema detectado en turno anterior y sin accion correctva. Se reemplaza ventosa rota,,,,,
2025-03-20;REA;Actuadores;3140CA029;07:51;07:55;4;Fallo;CHW;St4;Pressor;Ajuste de pressor por scrap,,,,,,
2025-03-20;REA;Actuadores;3140CA029;08:00;08:09;9;Fallo;USW;St11;Weld NOK;Soldadura NOK quemado en partes, falta soldadura en otro. Se ajusta base, se comprueba alineacion, se ajusta con cinta para compensar,,,
2025-03-20;REA;Actuadores;3140CA029;08:31;08:32;1;Fallo;USW;St11;Weld NOK;Soldadura parte overweld, se coloca mas cinta,,,,,
2025-03-20;REA;Actuadores;3140CA029;08:32;08:33;1;Fallo;S915;General;Dart sensor;TBD: Ogiva caida,,,,,,
2025-03-20;REA;Actuadores;3140CA029;08:40;08:55;15;Fallo;USW;St11;Weld NOK;Soldadura NOK, se hacen mas pruebas variando la cinta, prueba de burbuja, se reemplaza base del jig con esponja, se elimina la cinta, se reduce el colapso de 0.93 a 0.90, monitorea
2025-03-20;REA;Actuadores;3140CA029;09:40;09:45;5;Fallo;EOL;St3;Gripper NOK;Ajuste posicion gripper por scrap falso negativo,,,,,,
2025-03-20;REA;Actuadores;3140CA029;11:03;11:05;2;Fallo;Robots;R70;Gripper/tool adjustments;No abre correctamente gripper,,,,,,
2025-03-20;REA;Actuadores;3140CA029;11:05;11:06;1;Fallo;Robots;R70;Vacuum system;Ventosa caida,,,,,,
2025-03-20;REA;Actuadores;3140CA029;13:40;14:06;26;Fallo;Aux;St_710;Actuator NOK;Cable dañado,,,,,,
2025-03-20;REA;Actuadores;3140CA029;14:07;14:14;7;Mantenimiento;REA;General;Checklist;Checklist,,,,,,
2025-03-20;REA;Actuadores;3140CA029;14:25;14:31;6;Fallo;CAW;TBD;TBD;No continua,,,,,,
2025-03-20;REA;Actuadores;3140CA029;14:42;14:45;3;Fallo;Robots;R75;Gripper/tool adjustments;Falla al ensamblar cover por mal agarre,,,,,,
2025-03-20;REA;Actuadores;3140CA029;15:30;15:32;2;Fallo;Robots;R75;Gripper/tool adjustments;no abrio gripper,,,,,,
2025-03-20;REA;Actuadores;3140CA029;15:45;15:49;4;Calidad;CHW;General;To be defined;box scrap full,,,,,,
2025-03-20;REA;Actuadores;3140CA029;16:20;16:22;2;Fallo;MAT;St3;Consumible: Tornillos;time out st 3 (tornillos atorados),,,,,,
2025-03-20;REA;Actuadores;3140CA029;16:25;16:27;2;Producción;Conveyors;C_36;Presence sensor;sin material en conveyor,,,,,,
2025-03-19;REA;Actuadores;3140CA029;17:00;17:03;3;Fallo;CHW;St5;Vision system;Revisar scraps continuos por falla de sistema de vision,,,,,,
2025-03-19;REA;Actuadores;3140CA029;17:10;17:30;20;Fallo;USW;St11;Jig;Dealineacion de actuador generado por falla de resorte en jig, genera scraps continuos,,,,,
2025-03-20;REA;Actuadores;3140CA029;18:03;18:04;1;Fallo;Robots;R75;Motion supervision/Joint collision;motion supervision,,,,,,
2025-03-20;REA;Actuadores;3140CA029;18:21;18:25;4;Fallo;USW;St11;Weld NOK;limpieza de jig y cambio de cinta,,,,,,
2025-03-20;REA;Actuadores;3140CA029;19:43;19:44;1;Fallo;CHW;St2;Vacuum system;vacuum off st 2,,,,,,
2025-03-20;REA;Actuadores;3140CA029;19:53;19:55;2;Producción;MAT;St3;Consumible: Tornillos;sin tornillos,,,,,,
2025-03-20;REA;Actuadores;3140CA029;19:58;19:59;1;Producción;Conveyors;C_36;Belt;sin material,,,,,,
2025-03-19;REA;Actuadores;3140CA029;20:30;20:37;7;Calidad;CHW;General;To be defined;Scrapbox full,,,,,,
2025-03-19;REA;Actuadores;3140CA029;22:21;22:24;3;Fallo;CAW;CPA;Feeder;crank atorado,,,,,,
2025-03-19;REA;Actuadores;3140CA029;18:49;18:57;8;Fallo;USW;St11;Weld NOK;Fallo soldadura, cambiar cinta,,,,,
2025-03-19;REA;Actuadores;3140CA029;19:25;19:32;7;Fallo;USW;St11;Jig;Falla soporte jig, cambio de soporte, cinta, ajuste de amplitud de 70 a 67%,,,
2025-03-20;REA;Actuadores;3140CA029;21:20;21:31;11;Fallo;Main conveyor;Main conveyor;RFID Reader;Pallets avanzan en las estaciones finales y se pierde secuencia, provocan colisiones en robots,,,,,
2025-03-20;REA;Actuadores;3140CA029;18:49;18:57;8;Fallo;USW;St11;Weld NOK;Scrap continuo, cambio de cinta,,,,,
2025-03-20;REA;Actuadores;3140CA029;23:05;23:08;3;Fallo;Conveyors;General;;robot 75 no pone cover,,,,,,
2025-03-20;REA;Actuadores;3140CA029;19:32;19:42;10;Fallo;USW;St11;Jig;Soporte jig provoca desalineacion de actuador al soldar, scraps continuos, cambiar  cinta, soporte y cambio de amplitud de 70 a 67,,,
2025-03-21;REA;Actuadores;3140CA029;07:02;07:16;14;Mantenimiento;REA;General;Checklist;Limpieza, cambio consumibles y partes de desgaste preventivo,,,,,
2025-03-21;REA;Actuadores;3140CA029;07:16;07:18;2;Fallo;Conveyors;General;TBD;Sensor de presencia,,,,,,
2025-03-21;REA;Actuadores;3140CA029;07:19;07:20;1;Fallo;Main conveyor;Main conveyor;Singulator NOK;Pallet queda en medio de singulator perdiendo secuencia,,,,,,
2025-03-21;REA;Actuadores;3140CA029;08:55;08:56;1;Fallo;Robots;R75;Gripper/tool adjustments;Motion supervision al ensamblar la pieza por mal agarre del gripper. Se ajusta manualmente y se revisan las temrinales del motor,,,,,,
2025-03-21;REA;Actuadores;3140CA029;10:14;10:17;3;Fallo;CAW;General;Software/PC;No continua secuencia, se queda pressor abajo sin soltar. No se identifica ninguna señal faltante o condicion anormal,,,,,
2025-03-21;REA;Actuadores;3140CA029;10:17;10:23;6;Mantenimiento;REA;General;Checklist;Checklist 500 piezas,,,,,,
2025-03-21;REA;Actuadores;3140CA029;11:38;11:41;3;Fallo;620;620;Feed piston;Bearing mal colocado en la punta del feeder no es tomado por la prensa causando scrap consecutivo,,,,,,
2025-03-21;REA;Actuadores;3140CA029;11:44;11:46;2;Fallo;MAT;St3;Feeder;Tornillo atascado, timeout,,,,,
2025-03-21;REA;Actuadores;3140CA029;11:46;11:48;2;Fallo;Main conveyor;General;TBD;Pallet caido bloquea el paso al resto en conveyor inferior, parando secuencia,,,,,
2025-03-21;REA;Actuadores;3140CA029;11:48;11:50;2;Fallo;Main conveyor;Main conveyor;RFID Reader;Rid no detecta pallet en prensa 731, se ajusta,,,,,
2025-03-21;REA;Actuadores;3140CA029;13:01;14:04;63;Fallo;CAW;General;TBD;Falla extractor de humo. Se reemplaza con el de EOL, se hacen ajustes en el arreglo para que tenga l señal de extractor OK,,,,,
2025-03-21;REA;Actuadores;3140CA029;14:38;14:43;5;Fallo;EOL;General;TBD;Index no llega a posicion, al volver pierde la secuencia. Se vacia manualmente y se borra cadena,,,,,
2025-03-21;REA;Actuadores;3140CA029;15:40;15:41;1;Producción;Conveyors;C31;Presence sensor;conveyor de retorno lleno,,,,,,
2025-03-21;REA;Actuadores;3140CA029;15:50;15:51;1;Calidad;Aux;805;NOK material;material NOK,,,,,,
2025-03-21;REA;Actuadores;3140CA029;15:57;15:58;1;Fallo;Robots;R75;Gripper/tool adjustments;no abrio gripper,,,,,,
2025-03-21;REA;Actuadores;3140CA029;16:06;16:07;1;Fallo;731;731;Feed piston;pin inclinado,,,,,,
2025-03-21;REA;Actuadores;3140CA029;17:07;17:10;3;Maintenance;CHW;Consumables;Chip reel;cambio de chip,,,,,,
2025-03-20;REA;Actuadores;3140CA029;18:45;18:48;3;Equipment Fault;Robots;R70;Vacuum system;Ventosa rota cae, se recupera,,,,,
2025-03-21;REA;Actuadores;3140CA029;19:20;19:25;5;Equipment Fault;CAW;Jig/Index;Index not in home;Mesa desalineada, crank atorado,,,,,
2025-03-21;REA;Actuadores;3140CA029;20:07;20:09;2;Equipment Fault;750;750;Feed piston;body atorado en prensa,,,,,,
2025-03-21;REA;Actuadores;3140CA029;20:39;20:40;1;Equipment Fault;Robots;R70;Vacuum system;vacuum off,,,,,,
2025-03-21;REA;Actuadores;3140CA029;21:19;21:20;1;Equipment Fault;Robots;R75;Motion supervision/Joint collision;cover mal ensamble,,,,,,
2025-03-21;REA;Actuadores;3140CA029;21:21;21:24;3;Maintenance;REA;General;Checklist; CAW,,,,,,
2025-03-20;REA;Actuadores;3140CA029;23:05;23:08;3;Production;Robots;R75;Module error;robot no pone bien cover,,,,,,
2025-03-20;REA;Actuadores;3140CA029;23:18;23:20;2;Production;MAT;St3;;Alarma se vacia feeder,,,,,,
2025-03-20;REA;Actuadores;3140CA029;23:24;23:26;2;Production;Robots;R33;;Choca gripper 1 en CHW,,,,,,
2025-03-20;REA;Actuadores;3140CA029;23:27;23:29;2;Equipment Fault;731;731;Bowl/Lineal feeder;PIN chueco,,,,,,
2025-03-20;REA;Actuadores;3140CA029;23:32;23:36;4;Equipment Fault;CAW;Jig/Index;;fail ingun,,,,,,
2025-03-20;REA;Actuadores;3140CA029;23:51;23:53;2;Equipment Fault;Robots;R75;;no ensambla,,,,,,
2025-03-20;REA;Actuadores;3140CA029;00:17;00:19;2;Equipment Fault;CHW;St2;;vacuum error,,,,,,
2025-03-20;REA;Actuadores;3140CA029;02:39;02:44;5;Equipment Fault;EOL;St4;;CRIO,,,,,,
2025-03-20;REA;Actuadores;3140CA029;02:50;02:55;5;Equipment Fault;EOL;St4;;CRIO,,,,,,
2025-03-20;REA;Actuadores;3140CA029;02:59;03:01;2;Equipment Fault;MAT;St3;;Alarma,,,,,,
2025-03-20;REA;Actuadores;3140CA029;03:17;03:19;2;Maintenance;USW;General;;limpieza,,,,,,
2025-03-20;REA;Actuadores;3140CA029;03:33;03:35;2;Maintenance;USW;General;;cambio de goma,,,,,,
2025-03-20;REA;Actuadores;3140CA029;04:15;04:18;3;Maintenance;CHW;General;;limpieza a gig,,,,,,
2025-03-20;REA;Actuadores;3140CA029;04:18;04:20;2;Equipment Fault;CAW;Jig/Index;;se detiene,,,,,,
2025-03-20;REA;Actuadores;3140CA029;04:22;04:27;5;Maintenance;USW;General;;cambio de cinta,,,,,,
2025-03-20;REA;Actuadores;3140CA029;04:33;04:35;2;Equipment Fault;Robots;R75;;NO ensambla,,,,,,
2025-03-20;REA;Actuadores;3140CA029;05:00;05:02;2;Equipment Fault;731;731;;PIN chueco,,,,,,
2025-03-20;REA;Actuadores;3140CA029;05:06;05:09;3;Production;730;General;;se vacia feeder,,,,,,
2025-03-20;REA;Actuadores;3140CA029;06:03;06:05;2;Equipment Fault;EOL;St3;;St3 y St4 se alarman,,,,,,
2025-03-20;REA;Actuadores;3140CA029;06:10;06:12;2;Equipment Fault;EOL;St2;;St2 y St4 se alarman,,,,,,
2025-03-20;REA;Actuadores;3140CA029;06:21;06:23;2;Equipment Fault;731;731;;no hace proceso,,,,,,
2025-03-20;REA;Actuadores;3140CA029;06:30;06:34;4;Production;CCC;Consumables;;cambio de resina,,,,,,
2025-03-19;REA;Actuadores;3140CA029;22:31;22:36;5;Maintenance;USW;St14;;revicion de leak test se cambia de goma,,,,,,
2025-03-19;REA;Actuadores;3140CA029;10:40;10:45;5;Maintenance;USW;St11;;cambio de cinta,,,,,,
2025-03-19;REA;Actuadores;3140CA029;22:57;23:00;3;Equipment Fault;Robots;R75;;se tardo en poner gear y se le ayuda manuel,,,,,,
2025-03-19;REA;Actuadores;3140CA029;23:10;23:14;4;Equipment Fault;MAT;Consumables;;tornillo atorado,,,,,,
2025-03-19;REA;Actuadores;3140CA029;11:40;23:44;724;Equipment Fault;Robots;R70;;Ogiva caida,,,,,,
2025-03-19;REA;Actuadores;3140CA029;00:00;00:03;3;Equipment Fault;CHW;St2;;chip atorado en gig,,,,,,
2025-03-19;REA;Actuadores;3140CA029;00:06;00:09;3;Equipment Fault;Robots;R75;;no pone bien cover,,,,,,
2025-03-19;REA;Actuadores;3140CA029;00:33;00:37;4;Maintenance;CHW;St3;;limpieza St3 y St4,,,,,,
2025-03-19;REA;Actuadores;3140CA029;00:41;00:47;6;Maintenance;EOL;General;;reset CRIO,,,,,,
2025-03-19;REA;Actuadores;3140CA029;00:48;00:50;2;Equipment Fault;Main conveyor;Main conveyor;;sing 24,,,,,,
2025-03-19;REA;Actuadores;3140CA029;00:52;00:54;2;Equipment Fault;Robots;R75;;no pone cover,,,,,,
2025-03-19;REA;Actuadores;3140CA029;01:12;01:14;2;Production;CAW;Consumables;;se vacia crank assy,,,,,,
2025-03-19;REA;Actuadores;3140CA029;01:20;01:24;4;Equipment Fault;731;731;;PIN caido,,,,,,
2025-03-19;REA;Actuadores;3140CA029;01:27;01:29;2;Equipment Fault;CHW;St2;;Chip atorado,,,,,,
2025-03-19;REA;Actuadores;3140CA029;01:47;01:50;3;Equipment Fault;Robots;R75;;no pone bien cover,,,,,,
2025-03-19;REA;Actuadores;3140CA029;02:10;02:12;2;Equipment Fault;731;731;;PIN doble,,,,,,
2025-03-19;REA;Actuadores;3140CA029;02:31;02:34;3;Equipment Fault;Robots;R75;;no pone bien cover,,,,,,
2025-03-19;REA;Actuadores;3140CA029;02:45;02:47;2;Equipment Fault;Robots;R75;;no pone bien cover,,,,,,
2025-03-19;REA;Actuadores;3140CA029;02:49;02:51;2;Equipment Fault;CHW;St2;;Chip atorado,,,,,,
2025-03-19;REA;Actuadores;3140CA029;03:05;03:08;3;Equipment Fault;731;731;;PIN caido,,,,,,
2025-03-19;REA;Actuadores;3140CA029;03:21;03:24;3;Equipment Fault;MAT;St4;;tornillo atorado,,,,,,
2025-03-19;REA;Actuadores;3140CA029;03:26;03:28;2;Equipment Fault;Robots;R75;;no pone bien cover,,,,,,
2025-03-19;REA;Actuadores;3140CA029;04:30;04:37;7;Maintenance;CHW;St4;;cambio de pines,,,,,,
2025-03-19;REA;Actuadores;3140CA029;04:40;04:42;2;Equipment Fault;Robots;R75;;no pone bien cover,,,,,,
2025-03-19;REA;Actuadores;3140CA029;04:45;04:49;4;Maintenance;Robots;R70;;cambio de bentosas,,,,,,
2025-03-19;REA;Actuadores;3140CA029;05:09;05:11;2;Maintenance;MAT;St3;;limpieza St3,,,,,,
2025-03-19;REA;Actuadores;3140CA029;05:18;05:20;2;Equipment Fault;Robots;R75;;no pone bien cover,,,,,,
2025-03-19;REA;Actuadores;3140CA029;05:30;05:32;2;Equipment Fault;Robots;R75;;no pone bien cover,,,,,,
2025-03-19;REA;Actuadores;3140CA029;05:50;05:53;3;Equipment Fault;Robots;R70;;no pone bien gear,,,,,,
2025-03-21;REA;Actuadores;3140CA029;23:24;23:26;2;Equipment Fault;Robots;R75;;no pone cover,,,,,,
2025-03-21;REA;Actuadores;3140CA029;23:29;23:31;2;Equipment Fault;USW;;;LIFT 24 no sube elebador a conbello,,,,,,
2025-03-22;REA;Actuadores;3140CA029;00:06;00:08;2;Equipment Fault;Robots;R75;;no pone bien cover,,,,,,
2025-03-22;REA;Actuadores;3140CA029;01:20;01:22;2;Equipment Fault;Robots;R70;;tira el gear,,,,,,
2025-03-22;REA;Actuadores;3140CA029;03:25;03:45;20;Equipment Fault;Conveyors;General;;actuador atorado en 750,,,,,,
2025-03-22;REA;Actuadores;3140CA029;04:00;04:05;5;Equipment Fault;REA;General;;alto scrap por pin en pallet,,,,,,
2025-03-22;REA;Actuadores;3140CA029;04:15;04:18;3;Equipment Fault;Robots;R70;;bentosas en mal estado ( cambio ),,,,,,
2025-03-22;REA;Actuadores;3140CA029;05:05;05:07;2;Equipment Fault;Robots;R75;;no pone bien cover,,,,,,
2025-03-22;REA;Actuadores;3140CA029;05:10;05:12;2;Equipment Fault;CHW;St2;Vacuum system;chip atorado en gig,,,,,,
2025-03-22;REA;Actuadores;3140CA029;05:13;05:15;2;Equipment Fault;Robots;R75;;no pone bien cover,,,,,,
2025-03-22;REA;Actuadores;3140CA029;05:20;05:23;3;Equipment Fault;Robots;R75;;no pone bien cover,,,,,,
2025-03-22;REA;Actuadores;3140CA029;05:30;05:32;2;Equipment Fault;Robots;R75;;no pone bien cover,,,,,,
2025-03-22;REA;Actuadores;3140CA029;05:34;05:36;2;Equipment Fault;CHW;St4;Argon dispensatio;baja presion,,,,,,
2025-03-22;REA;Actuadores;3140CA029;05:40;05:42;2;Equipment Fault;Robots;R75;;no pone bien cover,,,,,,
2025-03-22;REA;Actuadores;3140CA029;06:10;06:14;4;Production;MAT;St4;;falta de material (sin tornillo),,,,,,
2025-03-22;REA;Actuadores;3140CA029;06:17;06:19;2;Equipment Fault;Robots;R70;;no pone gear,,,,,,
2025-03-22;REA;Actuadores;3140CA029;07:00;07:13;13;Equipment Fault;CHW;St4;Pressor;Scrap consecutivo, se cambian puintas y goma, ajuste mecanico de pressor, ajuste en samlight,,,
2025-03-22;REA;Actuadores;3140CA029;07:13;07:17;4;Maintenance;CCC;Consumables;Resin;Cambio resina,,,,,,
2025-03-22;REA;Actuadores;3140CA029;07:17;07:26;9;Maintenance;REA;General;Checklist;Checklist,,,,,,
2025-03-22;REA;Actuadores;3140CA029;07:34;07:36;2;Equipment Fault;CHW;St2;SCARA Pick/Place;St2 falla al colocar,,,,,,
2025-03-22;REA;Actuadores;3140CA029;07:36;07:40;4;Equipment Fault;CCC;General;TBD;Scrap alto. Manguera de la resina quedo mal colocada al hacer el cambio, haciendo que no tuviera el flujo correcto. Se acomoda, se purga la linea,,,,
2025-03-22;REA;Actuadores;3140CA029;07:30;07:36;6;Equipment Fault;620;620;Tool ;Scrap consecutivo, no toma correctamente el bearing, se ajusta,,,,
2025-03-22;REA;Actuadores;3140CA029;07:36;07:44;8;Equipment Fault;CCC;General;Software/PC;App de termocamara crasheo con el robot dentro, al volver a funcionar la app no continuaba secuencia fue necesario forzar una señal en el robot para que salga y poder continuar,,,,,
2025-03-22;REA;Actuadores;3140CA029;08:50;08:55;5;Equipment Fault;Robots;R40;Motion supervision/Joint collision;Intento colocar body sobre pallet que ya tenia uno,,,,,,
2025-03-22;REA;Actuadores;3140CA029;08:00;08:10;10;Equipment Fault;620;620;Tool ;Scrap consecutivo no toma el bearing,,,,,,
2025-03-22;REA;Actuadores;3140CA029;09:10;09:13;3;Equipment Fault;Main conveyor;Main conveyor;Lift;Pallets caidos,,,,,,
2025-03-22;REA;Actuadores;3140CA029;10:08;10:12;4;Equipment Fault;620;620;Tool ;Se reemplaza el oring por scrap consecutivo,,,,,,
2025-03-22;REA;Actuadores;3140CA029;10:15;10:18;3;Quality;CCC;General;Scrapbox full;Scrapbox, esperando calidad,,,,,
2025-03-22;REA;Actuadores;3140CA029;10:44;10:46;2;Maintenance;CHW;Consumables;Argon;Cambio tanque,,,,,,
2025-03-22;REA;Actuadores;3140CA029;12:33;12:38;5;Equipment Fault;CAW;CPA;Feeder;Crank atascado,,,,,,
2025-03-22;REA;Actuadores;3140CA029;12:38;12:43;5;Maintenance;REA;General;Checklist;Checklist,,,,,,
2025-03-22;REA;Actuadores;3140CA029;13:04;13:11;7;Equipment Fault;USW;St14;Lower Jig;Scrap consecutivo,,,,,,
2025-03-22;REA;Actuadores;3140CA029;13:39;13:43;4;Equipment Fault;EOL;General;Software/PC;Latencia alta, proceso lento,,,,,
2025-03-22;REA;Actuadores;3140CA029;13:02;13:03;1;Equipment Fault;915;915;Missing ogive;Ogiva caida,,,,,,
2025-03-22;REA;Actuadores;3140CA029;15:09;15:10;1;Equipment Fault;CHW;St2;Vacuum system;Falla pick de chip, chip atorado en jig,,,,,
2025-03-22;REA;Actuadores;3140CA029;15:05;15:06;1;Equipment Fault;Robots;R70;Vacuum system;falla pick de gear,,,,,,
2025-03-22;REA;Actuadores;3140CA029;15:00;15:02;2;Equipment Fault;Robots;R75;Motion supervision/Joint collision;fallo al ensamblar por falta de grip en gripper,,,,,,
2025-03-22;REA;Actuadores;3140CA029;15:20;15:21;1;Equipment Fault;CHW;St2;Vacuum system;,,,,,,
2025-03-22;REA;Actuadores;3140CA029;15:33;15:34;1;Equipment Fault;CHW;St2;Vacuum system;,,,,,,
2025-03-22;REA;Actuadores;3140CA029;18:05;18:10;5;Maintenance;CCC;Consumables;Resin;Cambio de resina,,,,,,
2025-03-22;REA;Actuadores;3140CA029;18:10;18:15;5;Equipment Fault;CCC;General;PLC ;Falla secuencia después de alarma, restaurar maquina,,,,,
2025-03-22;REA;Actuadores;3140CA029;17:30;17:35;5;Equipment Fault;MAT;St4;CRIO App;reinicio de crio,,,,,,
2025-03-22;REA;Actuadores;3140CA029;18:28;18:29;1;Equipment Fault;Robots;R70;Vacuum system;,,,,,,
2025-03-22;REA;Actuadores;3140CA029;19:00;19:02;2;Equipment Fault;CHW;St2;Vacuum system;,,,,,,
2025-03-22;REA;Actuadores;3140CA029;19:07;19:08;1;Equipment Fault;CHW;St2;Vacuum system;,,,,,,
2025-03-22;REA;Actuadores;3140CA029;19:47;19:54;7;Equipment Fault;MSA;MSA;Gaussmeter;Falla al magnetizar, se reinicia equipo y se prueban piezas ok y nok,,,,,
2025-03-22;REA;Actuadores;3140CA029;20:02;20:05;3;Equipment Fault;Robots;R70;Vacuum system;Pierde gears al ensamblar, se revisan mangueras y se cambian ventosas,,,,,
2025-03-22;REA;Actuadores;3140CA029;22:00;22:02;2;Production;Aux;710;NOK material;Motor no lo detecta sensor posicion incorrecta,,,,,,
2025-03-22;REA;Actuadores;3140CA029;22:22;22:24;2;Equipment Fault;Robots;R75;Motion supervision/Joint collision;Cover inclinado,,,,,,
2025-03-24;REA;Actuadores;3140CA029;07:00;08:12;72;Quality;REA;General;SOP;Esperando liberacion calidad,,,,,,
2025-03-24;REA;Actuadores;3140CA029;08:47;09:00;13;Quality;CAW;General;NOK material;Se reemplaza crank por marcas en el plate,,,,,,
2025-03-24;REA;Actuadores;3140CA029;10:43;10:50;7;Maintenance;REA;General;TBD;Se para la lnea para que proveedor observe el jig st11 USW,,,,,,
2025-03-24;REA;Actuadores;3140CA029;10:13;10:15;2;Equipment Fault;CHW;St2;SCARA Pick/Place;Timeout, no coloco correctamente,,,,,
2025-03-24;REA;Actuadores;3140CA029;10:54;10:56;2;Equipment Fault;Robots;R75;Motion supervision/Joint collision;Se alarma al ensamblar cover,,,,,,
2025-03-24;REA;Actuadores;3140CA029;11:03;11:06;3;Equipment Fault;Robots;R75;Motion supervision/Joint collision;Falla al ensamblar, se mueve manual se revisa motor,,,,,
2025-03-24;REA;Actuadores;3140CA029;11:09;11:16;7;Equipment Fault;915;General;TBD;Fallas continuas en R75 al ensamblar, se encuentran ogivas deformadas causando el problema. Se retiran y reemplazan 2 ogivas,,,,,
2025-03-24;REA;Actuadores;3140CA029;11:33;11:35;2;Equipment Fault;CHW;St2;SCARA Pick/Place;Timeout, no toma correctamente,,,,,
2025-03-24;REA;Actuadores;3140CA029;12:01;12:07;6;Equipment Fault;915;915;Dart sensor;Fallos continuos, se detecta que las ogivas nuevas son muy brillante y causa que el sensor no las vea bien, se quita un poco el brillo con fibras,,,,
2025-03-24;REA;Actuadores;3140CA029;12:12;12:15;3;Equipment Fault;CHW;St2;SCARA Pick/Place;Fala st2, se pospone intervención para paro programado 24/03/25,,,,,
2025-03-24;REA;Actuadores;3140CA029;12:41;12:44;3;Maintenance;CHW;Consumables;Argon;Cambio, ajiste flujo,,,,,
2025-03-24;REA;Actuadores;3140CA029;12:44;12:52;8;Maintenance;REA;General;Checklist;Checklist 500 pz,,,,,,
2025-03-24;REA;Actuadores;3140CA029;13:55;14:03;8;Equipment Fault;CAW;General;Software/PC;No continua, no muestra alarmas,,,,,
2025-03-24;REA;Actuadores;3140CA029;13:36;13:40;4;Equipment Fault;EOL;St4;CRIO NOK;Reinicio de crio,,,,,,
2025-03-24;REA;Actuadores;3140CA029;13:40;13:46;6;Equipment Fault;CAW;General;Software/PC;No continua, no muestra alarmas,,,,,
2025-03-24;REA;Actuadores;3140CA029;15:25;15:28;3;Maintenance;CHW;Consumables;Chip reel;cambio de chip,,,,,,
2025-03-24;REA;Actuadores;3140CA029;15:30;15:34;4;Equipment Fault;EOL;St4;CRIO NOK;reinicio de crio,,,,,,
2025-03-24;REA;Actuadores;3140CA029;15:40;15:47;7;Equipment Fault;CHW;St4;Pressor;Soldadura NOK, ajuste de presion y posicion pressor, se limpia estacion,,,,
2025-03-24;REA;Actuadores;3140CA029;16:12;16:15;3;Quality;CHW;General;Scrapbox full;Esperando, maquina en paro,,,,,
2025-03-24;REA;Actuadores;3140CA029;16:20;16:22;2;Equipment Fault;750;750;Bowl/Lineal feeder;body atorado en prensa,,,,,,
2025-03-24;REA;Actuadores;3140CA029;16:39;16:40;1;Equipment Fault;Robots;R75;Motion supervision/Joint collision;Grip NOK de gripper 4 (gripper 2 de robot r75), cover chueco,,,,,
2025-03-24;REA;Actuadores;3140CA029;18:43;18:45;2;Equipment Fault;Robots;R70;Vacuum system;se callo ventosa,,,,,,
2025-03-24;REA;Actuadores;3140CA029;19:00;19:05;5;Equipment Fault;USW;St11;Branson;Trigger before pre-trigger, variacion de posicion del actuador,,,,,
2025-03-24;REA;Actuadores;3140CA029;21:10;21:15;5;Maintenance;REA;General;Checklist;Revision diaria,,,,,,
2025-03-24;REA;Actuadores;3140CA029;21:30;21:31;1;Equipment Fault;Robots;R80;Gripper/tool adjustments;no abrio gripper,,,,,,
2025-03-24;REA;Actuadores;3140CA029;22:40;22:42;2;Equipment Fault;Robots;R75;;no pone bien el cover,,,,,,
2025-03-24;REA;Actuadores;3140CA029;22:58;23:02;4;Equipment Fault;Robots;R65;;no agarra gear,,,,,,
2025-03-24;REA;Actuadores;3140CA029;23:17;23:20;3;Production;CAW;Consumables;;se vacia crank asy,,,,,,
2025-03-24;REA;Actuadores;3140CA029;23:44;23:46;2;Production;Conveyors;;;blester atorado,,,,,,
2025-03-25;REA;Actuadores;3140CA029;00:01;00:03;2;Equipment Fault;Robots;R75;;no pone bien cover,,,,,,
2025-03-25;REA;Actuadores;3140CA029;00:38;00:41;3;Equipment Fault;CAW;Consumables;;crank asy se queda atorado en el riel,,,,,,
2025-03-25;REA;Actuadores;3140CA029;00:44;00:46;2;Equipment Fault;Robots;R75;;no pone bien cover,,,,,,
2025-03-25;REA;Actuadores;3140CA029;01:17;01:22;5;Equipment Fault;EOL;St4;;Reset Crio,,,,,,
2025-03-25;REA;Actuadores;3140CA029;02:17;02:19;2;Equipment Fault;731;731;;pin chueco,,,,,,
2025-03-25;REA;Actuadores;3140CA029;02:27;02:29;2;Equipment Fault;Robots;R75;;no pone bien cover,,,,,,
2025-03-25;REA;Actuadores;3140CA029;02:40;02:43;3;Equipment Fault;CHW;General;Scrapbox full;scrap acumulado,,,,,,
2025-03-25;REA;Actuadores;3140CA029;02:51;02:56;5;Equipment Fault;CHW;General;Scrapbox full;alto scrap,,,,,,
2025-03-25;REA;Actuadores;3140CA029;03:15;03:20;5;Maintenance;CHW;General;;cambio de puntas (pines),,,,,,
2025-03-25;REA;Actuadores;3140CA029;04:22;04:25;3;Equipment Fault;Conveyors;General;;balero atorado (620),,,,,,
2025-03-25;REA;Actuadores;3140CA029;04:31;04:33;2;Equipment Fault;731;;;pin caido,,,,,,
2025-03-25;REA;Actuadores;3140CA029;05:57;06:05;8;Maintenance;CAW;General;;limpieza y cambio de goma a leak test,,,,,,
2025-03-25;REA;Actuadores;3140CA029;06:24;06:26;2;Equipment Fault;Robots;R75;;no pone bien cover,,,,,,
2025-03-25;REA;Actuadores;3140CA029;06:45;06:48;3;Production;CAW;Consumables;;crank asy volteado,,,,,,
2025-03-25;REA;Actuadores;3140CA029;07:00;07:12;12;Maintenance;REA;General;Checklist;Checklist,,,,,,
2025-03-25;REA;Actuadores;3140CA029;09:00;09:32;32;Equipment Fault;Robots;R70;Gripper/tool adjustments;Tornillo del bracket roto, se extraer, reemplaza, ajusta,,,
2025-03-25;REA;Actuadores;3140CA029;10:35;10:40;5;Equipment Fault;731;General;TBD;Body se quedo atascado en prensa, causando una falla en la secuencia del robot 40 al intentar tomar el body ausente en Lock8,,,,,
2025-03-25;REA;Actuadores;3140CA029;09:35;09:41;6;Equipment Fault;MSA;MSA;Sensor de presencia;No inicia el ciclo alarma holders,,,,,,
2025-03-25;REA;Actuadores;3140CA029;10:02;10:07;5;Equipment Fault;750;750;Bowl/Lineal feeder;Beaering atorados en bowl feeder, se vacia lineal feeder y para secuencia,,,,,
2025-03-25;REA;Actuadores;3140CA029;09:51;09:55;4;Maintenance;CHW;Consumables;Chip reel;Cambio chip,,,,,,
2025-03-25;REA;Actuadores;3140CA029;11:33;11:38;5;Equipment Fault;EOL;St4;CRIO NOK;CRIO no responde, reinicio app,,,,,
2025-03-25;REA;Actuadores;3140CA029;11:42;11:44;2;Quality;Aux;805;NOK material;Gear con rebaba se atora,,,,,,
2025-03-25;REA;Actuadores;3140CA029;11:55;11:59;4;Equipment Fault;EOL;St4;CRIO NOK;Reinicio CRIO,,,,,,
2025-03-25;REA;Actuadores;3140CA029;12:02;12:07;5;Maintenance;Main conveyor;Main conveyor;Belt;Limpieza/Lubricacion, preventivo,,,,,
2025-03-25;REA;Actuadores;3140CA029;12:07;12:19;12;Equipment Fault;Main conveyor;General;TBD;Paros consecutivos, coveyor principal no el suficiente agarre con el pallet y causa que este no avance correctamente, causando fallas en lock y singulators, despues de su lubricacion preventiva. Se limpia el lubricante,,,
2025-03-25;REA;Actuadores;3140CA029;12:45;12:48;3;Equipment Fault;Robots;R75;Motion supervision/Joint collision;Al ensamblar cover, se revisa terminales de motor,,,,,
2025-03-25;REA;Actuadores;3140CA029;12:48;12:51;3;Equipment Fault;Robots;R33;Motion supervision/Joint collision;Colision al tomar pieza del conveyor, se encontraba una pieza completa (con chip soldado, la cual no aparenta haber salido de la CHW en ese momento),,,,
2025-03-25;REA;Actuadores;3140CA029;13:11;13:35;24;Equipment Fault;Robots;R65;Electrical system;Arnes del sensor de presion roto, se reemplaza,,,,,
2025-03-25;REA;Actuadores;3140CA029;14:40;14:46;6;Maintenance;REA;General;Checklist;Checklist,,,,,,
2025-03-25;REA;Actuadores;3140CA029;15:20;15:30;10;Equipment Fault;CAW;CPA;Feeder;crank atorado em riel / checklist,,,,,,
2025-03-25;REA;Actuadores;3140CA029;15:54;15:55;1;Quality;Robots;R70;Vacuum system;gear mal moldeado,,,,,,
2025-03-25;REA;Actuadores;3140CA029;15:22;15:32;10;Equipment Fault;CHW;St4;;Soldadura NOK, se ajusta pressor, cambia lente, se ajusta presion y cambio de posiciones samlight,,,
2025-03-25;REA;Actuadores;3140CA029;16:00;16:01;1;Equipment Fault;MAT;St6;Dispensation system;se desconecto manguera de aire,,,,,,
2025-03-25;REA;Actuadores;3140CA029;20:02;20:05;3;Equipment Fault;Robots;R75;Motion supervision/Joint collision;Falla al ensamblar cover por falta de grip,,,,,,
2025-03-25;REA;Actuadores;3140CA029;20:28;20:30;2;Equipment Fault;MAT;St6;Dispensation system;Se bota manguera de grasa,,,,,,
2025-03-25;REA;Actuadores;3140CA029;20:20;20:23;3;Production;MAT;St3;Feeder;SIN TORNILLOS,,,,,,
2025-03-25;REA;Actuadores;3140CA029;17:30;17:59;29;Equipment Fault;Aux;710;Waiting for spare part;Sensor roto se repara, en espera de spare part,,,,,
2025-03-25;REA;Actuadores;3140CA029;18:00;18:20;20;Equipment Fault;Main conveyor;Main conveyor;Inductive sensor;Sensores flojos provocan multiples fallas por pallets que avanzan, discrepancias en secuencia,,,,,
2025-03-25;REA;Actuadores;3140CA029;21:03;21:06;3;Equipment Fault;Robots;R75;Motion supervision/Joint collision;Cover chueco por falta de grip en gripper,,,,,,
2025-03-25;REA;Actuadores;3140CA029;20:50;20:53;3;Equipment Fault;Robots;R75;Motion supervision/Joint collision;Falla al ensamblar, cover suelto por falta de grip en gripper,,,,,
2025-03-25;REA;Actuadores;3140CA029;21:40;21:42;2;Production;Aux;710;NOK material;Motor volteado,,,,,,
2025-03-25;REA;Actuadores;3140CA029;22:15;22:20;5;Equipment Fault;CAW;CPA;Feeder;crank atorado en riel,,,,,,
2025-03-25;REA;Actuadores;3140CA029;23:00;23:04;4;Maintenance;CHW;St4;;limpieza,,,,,,
2025-03-25;REA;Actuadores;3140CA029;23:25;23:29;4;Equipment Fault;CHW;St6;;sitema de vicion,,,,,,
2025-03-26;REA;Actuadores;3140CA029;07:02;07:13;11;Maintenance;REA;General;Checklist;Checklist,,,,,,
2025-03-26;REA;Actuadores;3140CA029;07:32;07:36;4;Equipment Fault;620;General;TBD;Prensa se quedo abajo despues de insertar (Resultado OK) y cilindro intento salir para el siguiente pick, colisionando. Esto ocurre en automatico sin una intervencion anterior en la Z1-2, se desconoce la causa,,,,
2025-03-26;REA;Actuadores;3140CA029;07:39;07:47;8;Equipment Fault;Main conveyor;Main conveyor;Inductive sensor;Sensor inductivo falsea, se intenta ajustar y finalmente se reemplaza,,,,,
2025-03-26;REA;Actuadores;3140CA029;08:04;08:06;2;Equipment Fault;CHW;St2;SCARA Pick/Place;No coloco correctamente ene le nido auxiliar,,,,,,
2025-03-26;REA;Actuadores;3140CA029;08:21;08:27;6;Equipment Fault;731;General;TBD;Requeria reset al no detectar correctamente el pallet. Tecnico en spotweld, ingeniero en moldeo,,,,,
2025-03-26;REA;Actuadores;3140CA029;08:40;08:43;3;Equipment Fault;Main conveyor;Main conveyor;Belt;Pallet atascados en conveyor inferior dejan sin pallet la secuencia,,,,,,
2025-03-26;REA;Actuadores;3140CA029;08:43;08:45;2;Equipment Fault;Robots;R75;Motion supervision/Joint collision;Al ensamblar la pieza,,,,,,
2025-03-26;REA;Actuadores;3140CA029;08:45;08:47;2;Equipment Fault;Robots;R80;Gripper/tool adjustments;Gripper no abre al tirar scrap en EOL, se desatasca,,,,,
2025-03-26;REA;Actuadores;3140CA029;08:47;08:49;2;Equipment Fault;Robots;R70;Vacuum system;Ventosa caida,,,,,,
2025-03-26;REA;Actuadores;3140CA029;15:02;15:05;3;Equipment Fault;EOL;St3;Gripper NOK;Calibracion de gripper por posicion de rotacion NOK,,,,,,
2025-03-26;REA;Actuadores;3140CA029;15:20;15:50;30;Equipment Fault;EOL;St4;;Scraps continuos de torque, revision de gripper y pines, limpieza de pines,,,,
2025-03-26;REA;Actuadores;3140CA029;18:40;19:00;20;Equipment Fault;EOL;St4;;Falla prueba, voltaje RMS y min NOK, scraps continuas, se cambian pines,,,
2025-03-26;REA;Actuadores;3140CA029;21:25;21:27;2;Quality;EOL;General;Scrapbox full;Scrapbox,,,,,,
2025-03-26;REA;Actuadores;3140CA029;20:20;20:24;4;Maintenance;MAT;Consumables;Grease;Grasa,,,,,,
2025-03-26;REA;Actuadores;3140CA029;17:10;17:45;35;Equipment Fault;EOL;Jigs;Pogopins;Cable dañado, O. soldar,,,,,
2025-03-26;REA;Actuadores;3140CA029;22:13;22:20;7;Equipment Fault;EOL;St4;;Revisar conexiones,,,,,,
2025-03-26;REA;Actuadores;3140CA029;00:30;00:33;3;Equipment Fault;731;731;;pin caido,,,,,,
2025-03-26;REA;Actuadores;3140CA029;01:35;01:40;5;Maintenance;CCC;Consumables;Resin;cambio de resin,,,,,,
2025-03-26;REA;Actuadores;3140CA029;02:36;02:57;21;Equipment Fault;CAW;Jig/Index;;alineacion de mesa,,,,,,
2025-03-26;REA;Actuadores;3140CA029;03:38;03:42;4;Equipment Fault;Robots;R70;;falla de robots 70 y 75, no pone bien cover y gear se cae.,,,,,
2025-03-26;REA;Actuadores;3140CA029;03:38;03:38;0;Equipment Fault;Robots;R75;;fallo en robots 70 y 75, tiro gear y no pone bien cover y tira ogiva,,,,,
2025-03-26;REA;Actuadores;3140CA029;03:52;03:54;2;Equipment Fault;CHW;St2;;chip atorado,,,,,,
2025-03-26;REA;Actuadores;3140CA029;03:52;03:54;2;Equipment Fault;Robots;R80;;greeper atorado,,,,,,
2025-03-26;REA;Actuadores;3140CA029;04:03;04:26;23;Equipment Fault;Robots;R80;;robots 80 colisiona, soporte de mangueras suelto.,,,,,
2025-03-26;REA;Actuadores;3140CA029;04:44;04:47;3;Equipment Fault;CHW;St2;;paro por CHW chip atorado y R731 doble pin,,,,,,
2025-03-26;REA;Actuadores;3140CA029;05:18;05:20;2;Equipment Fault;Robots;R75;;no pone bien cover,,,,,,
2025-03-26;REA;Actuadores;3140CA029;05:27;05:29;2;Equipment Fault;CHW;St2;;chip atorado,,,,,,
2025-03-26;REA;Actuadores;3140CA029;06:18;06:20;2;Maintenance;Conveyors;General;;tornillo flojo,,,,,,
2025-03-26;REA;Actuadores;3140CA029;06:30;06:36;6;Production;CHW;Consumables;Chip reel;cambio de carrete de chip (nuevo),,,,,,
2025-03-26;REA;Actuadores;3140CA029;06:40;06:44;4;Equipment Fault;Robots;R75;;no pone bien cover y tumba ogiva,,,,,,
2025-03-26;REA;Actuadores;3140CA029;22:46;22:51;5;Quality;Robots;R75;;scrap en box 980,,,,,,
2025-03-26;REA;Actuadores;3140CA029;22:57;22:59;2;Equipment Fault;Robots;R75;;no pone bien cover,,,,,,
2025-03-26;REA;Actuadores;3140CA029;23:08;23:12;4;Equipment Fault;Robots;R65;;no pone gear,,,,,,
2025-03-26;REA;Actuadores;3140CA029;23:20;23:23;3;Equipment Fault;731;731;;pin atorado,,,,,,
2025-03-26;REA;Actuadores;3140CA029;23:25;23:27;2;Equipment Fault;Robots;R80;;no abre gripper,,,,,,
2025-03-27;REA;Actuadores;3140CA029;23:32;00:37;-1375;Equipment Fault;CAW;General;;fallo en CAW y pierde secuencia robots 80,,,,,,
2025-03-27;REA;Actuadores;3140CA029;00:53;00:55;2;Equipment Fault;731;731;;pin chueco,,,,,,
2025-03-27;REA;Actuadores;3140CA029;01:24;01:26;2;Equipment Fault;Robots;R70;;tira gripper,,,,,,
2025-03-27;REA;Actuadores;3140CA029;02:41;02:44;3;Equipment Fault;CHW;St2;Vacuum system;chip atorado en gig,,,,,,
2025-03-27;REA;Actuadores;3140CA029;03:06;03:09;3;Equipment Fault;Robots;R65;;gripper atorado,,,,,,
2025-03-27;REA;Actuadores;3140CA029;03:51;03:53;2;Equipment Fault;Robots;R75;;no pone bien cover,,,,,,
2025-03-27;REA;Actuadores;3140CA029;04:12;04:15;3;Production;CHW;Consumables;Argon;cambio de argon,,,,,,
2025-03-27;REA;Actuadores;3140CA029;04:18;04:19;1;Equipment Fault;Robots;R75;;no pone bien cover,,,,,,
2025-03-27;REA;Actuadores;3140CA029;04:29;04:31;2;Equipment Fault;731;731;;doble pin,,,,,,
2025-03-27;REA;Actuadores;3140CA029;05:07;05:11;4;Maintenance;CHW;Consumables;Chip reel;se termino chip (nuevo),,,,,,
2025-03-27;REA;Actuadores;3140CA029;05:18;05:20;2;Quality;Robots;R75;;no pone bien cover,,,,,,
2025-03-27;REA;Actuadores;3140CA029;05:22;05:24;2;Equipment Fault;731;731;;pin caido,,,,,,
2025-03-27;REA;Actuadores;3140CA029;05:40;05:42;2;Equipment Fault;Robots;R65;;no pone gear,,,,,,
2025-03-27;REA;Actuadores;3140CA029;06:17;06:19;2;Equipment Fault;CHW;St2;Vacuum system;chip atorado en gig,,,,,,
2025-03-27;REA;Actuadores;3140CA029;06:41;06:43;2;Production;Conveyors;C36;;blister atorado c36,,,,,,
2025-03-27;REA;Actuadores;3140CA029;07:00;07:12;12;Maintenance;REA;General;Checklist;Checklist, cambio consumibles,,,,,
2025-03-27;REA;Actuadores;3140CA029;07:14;07:20;6;Equipment Fault;CAW;Jig/Index;Ingun actuator;No muuestra alarmas pero no avanza, se encuentra que un ingun no se retrae correctamente, se ajusta el fitting y se regula el flujo,,,,
2025-03-27;REA;Actuadores;3140CA029;07:20;07:23;3;Equipment Fault;EOL;St4;CRIO NOK;CRIO no responde, se reinicia app nuevamente. Ya se habia hecho preventivamente en el checklist,,,,,
2025-03-27;REA;Actuadores;3140CA029;15:05;15:07;2;Equipment Fault;MAT;St3;Feeder;tornillos atorados,,,,,,
2025-03-27;REA;Actuadores;3140CA029;15:20;15:22;2;Equipment Fault;EOL;General;Safety system;alarma por cortina de seguridad,,,,,,
2025-03-27;REA;Actuadores;3140CA029;15:25;15:27;2;Equipment Fault;CHW;St2;Vacuum system;,,,,,,
2025-03-27;REA;Actuadores;3140CA029;15:32;15:34;2;Quality;EOL;General;Scrapbox full;SB,,,,,,
2025-03-27;REA;Actuadores;3140CA029;16:16;16:17;1;Equipment Fault;Robots;R75;Motion supervision/Joint collision;,,,,,,
2025-03-27;REA;Actuadores;3140CA029;18:20;18:35;15;Equipment Fault;MSA;General;PLC ;se reinicio MSA,,,,,,
2025-03-27;REA;Actuadores;3140CA029;19:54;19:57;3;Equipment Fault;Robots;R75;Motion supervision/Joint collision;motion por falta de grip en gripper,,,,,,
2025-03-27;REA;Actuadores;3140CA029;19:45;19:55;10;Equipment Fault;Robots;R80;PLC ;problema de comunicacion con EOL no continuo ciclo,,,,,,
2025-03-27;REA;Actuadores;3140CA029;16:15;17:00;45;Equipment Fault;EOL;General;Safety system;Falla cortina, se pierde secuencia, repetidas veces se generan scraps, se limpia, fija y se reentrena,,
2025-03-27;REA;Actuadores;3140CA029;20:55;20:58;3;Equipment Fault;Robots;R75;Motion supervision/Joint collision;Falla ensamble de cover por falta de grip en gripper,,,,,,
2025-03-27;REA;Actuadores;3140CA029;22:15;22:18;3;Equipment Fault;Robots;R75;Motion supervision/Joint collision;falla ensamble de cover,,,,,,
2025-03-27;REA;Actuadores;3140CA029;22:34;22:36;2;Equipment Fault;Robots;R75;;no pone bien cover,,,,,,
2025-03-28;REA;Actuadores;3140CA029;00:15;00:17;2;Equipment Fault;Robots;R75;;no pone bien cover,,,,,,
2025-03-28;REA;Actuadores;3140CA029;00:52;00:55;3;Equipment Fault;MSA;MSA;Driver;,,,,,,
2025-03-28;REA;Actuadores;3140CA029;01:00;01:05;5;Maintenance;CHW;Consumables;Chip reel;cambio de chip,,,,,,
2025-03-28;REA;Actuadores;3140CA029;01:45;01:50;5;Equipment Fault;USW;St11;Weld NOK;alto scrap se remplazo cinta y limpieza de jig,,,,,,
2025-03-28;REA;Actuadores;3140CA029;01:47;01:49;2;Production;MAT;St3;;tornillo atorado,,,,,,
2025-03-27;REA;Actuadores;3140CA029;07:25;07:27;2;Equipment Fault;Robots;R80;Gripper/tool adjustments;No abre correctamente al tirar en scrap,,,,,,
2025-03-27;REA;Actuadores;3140CA029;07:32;07:34;2;Equipment Fault;CHW;St2;SCARA Pick/Place;Falla al colocar,,,,,,
2025-03-27;REA;Actuadores;3140CA029;07:40;07:43;3;Equipment Fault;Main conveyor;Main conveyor;Singulator NOK;Pallet queda en medio de locking, al restablecer se repite,,,,,
2025-03-27;REA;Actuadores;3140CA029;07:45;07:47;2;Equipment Fault;CHW;St2;Vacuum system;SCARA no levanto el chip del reel,,,,,,
2025-03-27;REA;Actuadores;3140CA029;08:25;08:37;12;Equipment Fault;Robots;R38;Safety system;Motor off, sin puerta abierta u otra alarma,,,,,
2025-03-27;REA;Actuadores;3140CA029;08:25;08:26;1;Equipment Fault;Main conveyor;Main conveyor;Inductive sensor;No detecta el pallet,,,,,,
2025-03-27;REA;Actuadores;3140CA029;09:15;09:21;6;Equipment Fault;MSA;MSA;Gaussmeter;Repite prueba consecutivamente,,,,,,
2025-03-27;REA;Actuadores;3140CA029;09:53;09:55;2;Equipment Fault;Robots;R75;Motion supervision/Joint collision;No ensambla correctamente el cover,,,,,,
2025-03-28;REA;Actuadores;3140CA029;07:00;07:04;4;Equipment Fault;Robots;R80;Gripper/tool adjustments;Se recibe falla de turno anterior,,,,,,
2025-03-28;REA;Actuadores;3140CA029;15:25;15:27;2;Equipment Fault;USW;St11;Weld NOK;ajuste por alto scrap,,,,,,
2025-03-28;REA;Actuadores;3140CA029;15:40;15:41;1;Equipment Fault;Robots;R75;Motion supervision/Joint collision;,,,,,,
2025-03-28;REA;Actuadores;3140CA029;16:15;17:00;45;Equipment Fault;USW;St11;Weld NOK;se ajusto base de jig,,,,,,
2025-03-28;REA;Actuadores;3140CA029;17:34;17:36;2;Equipment Fault;EOL;St3;Gripper NOK;se alarmo gripper,,,,,,
2025-03-28;REA;Actuadores;3140CA029;17:41;17:43;2;Equipment Fault;Robots;R75;Gripper/tool adjustments;no abrio gripper,,,,,,
2025-03-28;REA;Actuadores;3140CA029;18:20;18:23;3;Equipment Fault;USW;St11;Weld NOK;se puso cinta a jig,,,,,,
2025-03-28;REA;Actuadores;3140CA029;18:25;18:26;1;Equipment Fault;Robots;R75;Motion supervision/Joint collision;,,,,,,
2025-03-28;REA;Actuadores;3140CA029;18:30;18:31;1;Equipment Fault;Robots;R80;Gripper/tool adjustments;no abrio gripper,,,,,,
2025-03-28;REA;Actuadores;3140CA029;19:10;19:13;3;Equipment Fault;USW;St11;Weld NOK;ajuste alto scrap,,,,,,
2025-03-28;REA;Actuadores;3140CA029;19:30;19:34;4;Equipment Fault;USW;St11;Weld NOK;ajuste,,,,,,
2025-03-28;REA;Actuadores;3140CA029;20:27;20:29;2;Equipment Fault;915;915;Dart sensor;ogiva caida,,,,,,
2025-03-28;REA;Actuadores;3140CA029;20:42;20:46;4;Equipment Fault;USW;St11;Branson;buje del body movido por branson se atoro en sonotrodo,,,,,,
2025-03-28;REA;Actuadores;3140CA029;20:58;20:59;1;Equipment Fault;Robots;R75;Motion supervision/Joint collision;,,,,,,
2025-03-28;REA;Actuadores;3140CA029;21:08;21:10;2;Equipment Fault;USW;St11;Weld NOK;cambio de cinta,,,,,,
2025-03-28;REA;Actuadores;3140CA029;18:51;19:03;12;Equipment Fault;Robots;R70;Vacuum system;canbio de ventosas,,,,,,
2025-03-28;REA;Actuadores;3140CA029;22:45;22:51;6;Maintenance;REA;General;Checklist;Checklist,,,,,,
2025-03-28;REA;Actuadores;3140CA029;22:55;22:58;3;Equipment Fault;USW;St11;Branson;Buje retenedor, retainer fuera de actuador, sea atora en sonotrodo,,,,
2025-03-28;REA;Actuadores;3140CA029;23:04;23:05;1;Equipment Fault;Robots;R70;Vacuum system;Falla al tomar gear,,,,,,
2025-03-28;REA;Actuadores;3140CA029;23:48;23:50;2;Production;Aux;710;NOK material;motor volteado,,,,,,
2025-03-29;REA;Actuadores;3140CA029;00:50;00:53;3;Production;Conveyors;General;NOK material;Blister mal insertado se atora,,,,,,
2025-03-29;REA;Actuadores;3140CA029;00:55;00:57;2;Equipment Fault;Conveyors;General;;ogiva caida,,,,,,
2025-03-29;REA;Actuadores;3140CA029;01:40;01:42;2;Equipment Fault;USW;St11;Branson;Buje retenedor, retainer fuera de actuador, sea atora en sonotrodo,,,,
2025-03-29;REA;Actuadores;3140CA029;03:02;03:04;2;Equipment Fault;CHW;St0;Driver;Falla por tension nok,,,,,,
2025-03-29;REA;Actuadores;3140CA029;02:50;03:00;10;Maintenance;CHW;Consumables;Chip reel;Cambio de chip,,,,,,
2025-03-29;REA;Actuadores;3140CA029;03:18;03:23;5;Production;Conveyors;General;NOK material;Shaft girado, robot colisiona al querer escanear qr,,,,,
2025-03-29;REA;Actuadores;3140CA029;03:42;03:43;1;Equipment Fault;Robots;R65;Vacuum system;Falla vacumm al tomar gear,,,,,,
2025-03-29;REA;Actuadores;3140CA029;03:52;03:54;2;Equipment Fault;Robots;R75;;no abre gripper,,,,,,
2025-03-29;REA;Actuadores;3140CA029;04:00;04:01;1;Equipment Fault;Robots;R75;Motion supervision/Joint collision;falla al ensamblar,,,,,,
2025-03-29;REA;Actuadores;3140CA029;04:21;04:22;1;Maintenance;CHW;Consumables;Argon;cambio de tambo,,,,,,
2025-03-29;REA;Actuadores;3140CA029;05:03;05:06;3;Equipment Fault;Robots;R80;;gripper atorado,,,,,,
2025-03-29;REA;Actuadores;3140CA029;05:29;05:30;1;Equipment Fault;Robots;R80;;gripper atoradon,,,,,,
2025-03-29;REA;Actuadores;3140CA029;06:56;06:57;1;Equipment Fault;Robots;R75;;gripper no suelta cover,,,,,,
2025-03-28;REA;Actuadores;3140CA029;07:04;07:21;17;Maintenance;REA;General;Checklist;Checklist, cambio consumibles, cambio puntas y ajuste pressor,,,,
2025-03-28;REA;Actuadores;3140CA029;09:35;09:48;13;Equipment Fault;EOL;St4;Gripper NOK;Revision prueba No load en gripper por problema recurrente en la semana de falla en prueba de torque, analisis, ajuste mecanico de los coples, ruteo de cables,,,
2025-03-28;REA;Actuadores;3140CA029;07:58;08:31;33;Equipment Fault;USW;St11;Weld NOK;Overweld, scrap muy alto, ajustes mecanico, pruebas de burbuja,, sea  abren piezas, se ajustan parametros
2025-03-28;REA;Actuadores;3140CA029;10:40;10:49;9;Equipment Fault;CAW;LWS;NOK Condition;CLS1 reporta piezas con blowholes, se da limpieza en canal para el flujo de nitro en el pressor,,,,,
2025-03-28;REA;Actuadores;3140CA029;10:51;10:53;2;Equipment Fault;Main conveyor;Main conveyor;Lift;Pallets no llegan hasta el final por unas esponjas y cintas gastadas en el lift, causando que no lo detecte el sensor,,,,,
2025-03-28;REA;Actuadores;3140CA029;11:18;11:24;6;Equipment Fault;USW;St11;Weld NOK;Despues de estabilizar completamente el equipo y correr bien por un par de horas vuelve a dispararse el scrap, con piezas totalmente quemadas sin nnguna modificacion en parametros o condiciones fisicas, se ajusta nuevamente,,,,
2025-03-28;REA;Actuadores;3140CA029;11:25;11:26;1;Equipment Fault;Robots;R70;Vacuum system;Se reemplazan ventosas por tiempo de ciclo alto,,,,,,
2025-03-28;REA;Actuadores;3140CA029;11:29;12:30;61;Equipment Fault;Robots;R80;Gripper/tool adjustments;Paros repetitivos, robot no retiene la pieza en el gripper al no esta el tool paralelo, al intentar ajustar se encuentra tornillo barrido por lo que fue necesario extraerlo siendo esto el mayor tiempo de intervencion,,,,
2025-03-28;REA;Actuadores;3140CA029;12:30;13:15;45;Equipment Fault;USW;St11;Weld NOK;Ajustes por scrap alto,,,,,,
2025-03-28;REA;Actuadores;3140CA029;07:23;07:30;7;Equipment Fault;CAW;Jig/Index;Index not in home;Proceso lento por falla en insercion de crank, se ajusta mesa,,,,,
2025-03-28;REA;Actuadores;3140CA029;07:30;07:36;6;Equipment Fault;CAW;Jig/Index;Presence sensor;Al intentar arrancar falla por sensor de jig detectando por suciedad,,,,,,
2025-03-28;REA;Actuadores;3140CA029;07:40;07:46;6;Equipment Fault;731;731;Tool ;Prensa levanta body, robot 40 intenta tomarlo del pallet, falla su secuencia tras intervencion no efectiva,,,,
2025-03-28;REA;Actuadores;3140CA029;07:48;07:53;5;Equipment Fault;USW;St14;Lower Jig;Revision de orings por scrap alto,,,,,,
2025-03-29;REA;Actuadores;3140CA029;07:11;07:23;12;Maintenance;REA;General;Checklist;Checklist,,,,,,
2025-03-29;REA;Actuadores;3140CA029;07:31;07:33;2;Equipment Fault;Robots;R75;Motion supervision/Joint collision;Falla al ensamblar cover,,,,,,
2025-03-29;REA;Actuadores;3140CA029;07:44;07:46;2;Equipment Fault;731;731;Tool ;Prensa levanta body, robot intenta tomarlo del pallet,,,,,
2025-03-29;REA;Actuadores;3140CA029;07:53;07:55;2;Equipment Fault;MAT;St5;Axis not in home;MAT no continua secuencia al perder el home la St5 y no permitir girar el index,,,,,,
2025-03-29;REA;Actuadores;3140CA029;10:00;10:45;45;Equipment Fault;Robots;R80;Gripper/tool adjustments;Tool suelta pieza, herramentales gasatados, doblados, etc, ajuste, monitoreo y reajuste no toma correctamente o causa fallas al abrir,
2025-03-29;REA;Actuadores;3140CA029;10:00;10:45;45;Equipment Fault;Robots;R80;Gripper/tool adjustments;Tool suelta pieza, herramentales gasatados, doblados, etc, ajuste, monitoreo y reajuste no toma correctamente o causa fallas al abrir,
2025-03-29;REA;Actuadores;3140CA029;10:58;11:44;46;Equipment Fault;REA;General;PLC ;Z1-2 Se comienza queda en stopping sin ninguna intervencion humana, ninguna maquina en alarma, nunca termina el ciclo de parar. En el HMI aparecen multiples alarmas, se pierde secuencia y no continua,,,
2025-03-29;REA;Actuadores;3140CA029;13:52;13:56;4;Equipment Fault;Robots;R70;Motion supervision/Joint collision;Levanto cover con magnet y ogiva, colisiono al intentar poner otra ogiva. Se reestablece, se reemplaza ogiva,,,,
2025-03-29;REA;Actuadores;3140CA029;15:08;15:09;1;Equipment Fault;Robots;R70;Vacuum system;,,,,,,
2025-03-29;REA;Actuadores;3140CA029;15:10;15:11;1;Equipment Fault;Robots;R80;Gripper/tool adjustments;no abrio gripper,,,,,,
2025-03-29;REA;Actuadores;3140CA029;03:12;15:13;721;Equipment Fault;Robots;R70;Vacuum system;,,,,,,
2025-03-29;REA;Actuadores;3140CA029;15:15;15:18;3;Equipment Fault;MSA;MSA;Driver;no continuo ciclo,,,,,,
2025-03-29;REA;Actuadores;3140CA029;15:31;15:32;1;Equipment Fault;Robots;R80;Gripper/tool adjustments;no abrio gripper,,,,,,
2025-03-29;REA;Actuadores;3140CA029;15:35;15:36;1;Production;Aux;710;NOK material;motor con mal orientación,,,,,,
2025-03-29;REA;Actuadores;3140CA029;15:44;15:45;1;Equipment Fault;Robots;R80;Gripper/tool adjustments;no abrio gripper,,,,,,
2025-03-29;REA;Actuadores;3140CA029;15:51;15:52;1;Equipment Fault;Robots;R75;Motion supervision/Joint collision;,,,,,,
2025-03-29;REA;Actuadores;3140CA029;15:57;15:58;1;Equipment Fault;Robots;R80;Gripper/tool adjustments;no abrio gripper,,,,,,
2025-03-29;REA;Actuadores;3140CA029;15:58;16:02;4;Equipment Fault;EOL;St4;CRIO NOK;reinicio de crio,,,,,,
2025-03-29;REA;Actuadores;3140CA029;16:24;16:34;10;Equipment Fault;REA;General;Electrical system;sin red electrica compresor alarmado,,,,,,
2025-03-29;REA;Actuadores;3140CA029;16:39;16:40;1;Equipment Fault;Main conveyor;Main conveyor;Singulator NOK;pallet atorado por singulator,,,,,,
2025-03-29;REA;Actuadores;3140CA029;16:55;16:58;3;Equipment Fault;Robots;R80;Gripper/tool adjustments;problemas para abrir el gripper,,,,,,
2025-03-29;REA;Actuadores;3140CA029;17:20;17:25;5;Equipment Fault;Main conveyor;Main conveyor;Motor;motor desfazaado de la flecha,,,,,,
2025-03-29;REA;Actuadores;3140CA029;17:58;17:59;1;Equipment Fault;Robots;R75;Motion supervision/Joint collision;,,,,,,
2025-03-29;REA;Actuadores;3140CA029;18:02;18:04;2;Equipment Fault;Robots;R70;Vacuum system;ventosa caida (se remplazaron),,,,,,
2025-03-29;REA;Actuadores;3140CA029;19:30;19:33;3;Equipment Fault;Robots;R80;Gripper/tool adjustments;se engraso bastagos del cilindro,,,,,,
2025-03-29;REA;Actuadores;3140CA029;20:10;20:11;1;Equipment Fault;CHW;St2;Vacuum system;,,,,,,
2025-03-29;REA;Actuadores;3140CA029;20:18;20:20;2;Equipment Fault;MAT;St3;Feeder;tornillos atorados en riel,,,,,,
2025-03-29;REA;Actuadores;3140CA029;20:19;20:20;1;Equipment Fault;Robots;R80;Gripper/tool adjustments;no abrio gripper,,,,,,
2025-03-29;REA;Actuadores;3140CA029;20:24;20:25;1;Equipment Fault;CHW;St2;Vacuum system;,,,,,,
2025-03-29;REA;Actuadores;3140CA029;20:40;20:41;1;Equipment Fault;CHW;St2;Vacuum system;,,,,,,
2025-03-29;REA;Actuadores;3140CA029;20:52;20:53;1;Equipment Fault;CHW;St2;Vacuum system;,,,,,,
2025-03-29;REA;Actuadores;3140CA029;21:07;21:08;1;Equipment Fault;CHW;St2;Vacuum system;,,,,,,
2025-03-29;REA;Actuadores;3140CA029;21:12;21:13;1;Equipment Fault;Robots;R80;Gripper/tool adjustments;no abrio gripper,,,,,,
2025-03-29;REA;Actuadores;3140CA029;21:26;21:27;1;Equipment Fault;915;915;Dart sensor;se le cayo la ogiva,,,,,,
2025-03-29;REA;Actuadores;3140CA029;21:41;21:42;1;Equipment Fault;Robots;R80;Gripper/tool adjustments;no abrio gripper,,,,,,
2025-03-29;REA;Actuadores;3140CA029;21:45;21:47;2;Equipment Fault;USW;St11;Weld NOK;cambio de cinta y limpieza por alto scrap,,,,,,
2025-03-29;REA;Actuadores;3140CA029;21:51;21:52;1;Equipment Fault;MAT;St6;Dispensation system;se desconecto manguera de aire,,,,,,
2025-03-29;REA;Actuadores;3140CA029;21:55;21:56;1;Equipment Fault;Robots;R75;Motion supervision/Joint collision;,,,,,,
2025-03-29;REA;Actuadores;3140CA029;22:27;22:28;1;Equipment Fault;CHW;St2;Vacuum system;,,,,,,
2025-03-31;REA;Actuadores;3140CA029;07:00;08:13;73;Quality;REA;General;SOP;Liberación Lunes,,,,,,
2025-03-31;REA;Actuadores;3140CA029;08:13;08:20;7;Production;REA;General;No staff;Atendiendo Moldeo,,,,,,
2025-03-31;REA;Actuadores;3140CA029;08:30;08:34;4;Equipment Fault;CAW;CPA;SCARA;Falla robot, se queda en zona de pick,,,,,
2025-03-31;REA;Actuadores;3140CA029;08:34;08:42;8;Equipment Fault;REA;General;Pneumatic System;Falla compresor,,,,,,
2025-03-31;REA;Actuadores;3140CA029;08:44;08:50;6;Maintenance;CHW;Consumables;Chip reel;Cambio de chip,,,,,,
2025-03-31;REA;Actuadores;3140CA029;08:50;08:54;4;Equipment Fault;CAW;CPA;SCARA;Falla robot, se queda en zona de pick,,,,,
2025-03-31;REA;Actuadores;3140CA029;09:13;09:16;3;Equipment Fault;CAW;CPA;SCARA;Falla robot, se queda en zona de pick,,,,,
2025-03-31;REA;Actuadores;3140CA029;09:32;09:39;7;Equipment Fault;CAW;CPA;SCARA;Falla robot, se queda en zona de pick,,,,,
2025-03-31;REA;Actuadores;3140CA029;09:45;10:03;18;Equipment Fault;CAW;CPA;SCARA;Se reinicia equipo completo, Falla robot, se queda en zona de pick,,,,
2025-03-31;REA;Actuadores;3140CA029;10:50;10:51;1;Equipment Fault;Robots;R80;Incorrect pick/place;Gripper atorado en 974,,,,,,
2025-03-31;REA;Actuadores;3140CA029;10:14;10:24;10;Equipment Fault;CAW;CPA;SCARA;Falla robot, se queda en zona de pick,,,,,
2025-03-31;REA;Actuadores;3140CA029;11:01;11:02;1;Equipment Fault;731;731;Feed piston;Falla al solter pin en cavidad, cae sobre pallet y causa scraps en 730,,,,,
2025-03-31;REA;Actuadores;3140CA029;11:05;11:08;3;Equipment Fault;Robots;R75;Motion supervision/Joint collision;Falla al ensamblar cover,,,,,,
2025-03-31;REA;Actuadores;3140CA029;11:45;11:47;2;Equipment Fault;Robots;R75;Motion supervision/Joint collision;Falla al ensamblar cover,,,,,,
2025-03-31;REA;Actuadores;3140CA029;11:42;11:45;3;Equipment Fault;USW;St11;Branson;buje de body se sale por proceso de vibracion,,,,,,
2025-03-31;REA;Actuadores;3140CA029;12:01;12:10;9;Equipment Fault;EOL;St4;CRIO NOK;Falla Crio requiere reinicio de aplicacion, despues gripper se queda atorado,,,,,
2025-03-31;REA;Actuadores;3140CA029;11:25;11:26;1;Equipment Fault;MAT;St3;Feeder;tornillos atorados en riel,,,,,,
2025-03-31;REA;Actuadores;3140CA029;12:30;12:31;1;Equipment Fault;Main conveyor;Main conveyor;Singulator NOK;pallet atorado por singulator,,,,,,
2025-03-31;REA;Actuadores;3140CA029;12:47;12:49;2;Equipment Fault;Robots;R80;Gripper/tool adjustments;No abrio gripper 1,,,,,,
2025-03-31;REA;Actuadores;3140CA029;13:02;13:05;3;Equipment Fault;USW;St14;Lower Jig;rebaba genera scraps, limpieza,,,,,
2025-03-31;REA;Actuadores;3140CA029;15:12;15:15;3;Equipment Fault;Robots;R70;NOK material;se le cae bentosa,,,,,,
2025-03-31;REA;Actuadores;3140CA029;15:23;15:25;2;Equipment Fault;Conveyors;General;Waiting for spare part;pallet atorado,,,,,,
2025-03-31;REA;Actuadores;3140CA029;20:17;20:19;2;Equipment Fault;731;731;Tool ;pin mal posicionado,,,,,,
2025-03-31;REA;Actuadores;3140CA029;20:37;20:40;3;Equipment Fault;Robots;R80;Gripper/tool adjustments;gripper no abre,,,,,,
2025-03-31;REA;Actuadores;3140CA029;21:07;21:10;3;Equipment Fault;Robots;R70;Gripper/tool adjustments;no pone bien cover,,,,,,
2025-03-31;REA;Actuadores;3140CA029;21:21;21:23;2;Equipment Fault;Robots;R80;Gripper/tool adjustments;no abre gripper se queda en scrap,,,,,,
2025-03-31;REA;Actuadores;3140CA029;20:57;21:01;4;Production;MAT;St3;Feeder;se queda sin material (tornillo),,,,,,
2025-03-31;REA;Actuadores;3140CA029;22:30;22:38;8;Maintenance;REA;General;Checklist;Checklist,,,,,,
2025-03-31;REA;Actuadores;3140CA029;23:12;23:20;8;Equipment Fault;EOL;St4;Gripper NOK;Proceso lento por fallo en St4 torque RMS, al repetir pasa como OK, revision en el gripper, no se encuentra nada inusual,,,
2025-04-01;REA;Actuadores;3140CA029;03:27;03:42;15;Equipment Fault;EOL;St4;Gripper NOK;Proceso muy lento por repeticion en inspecciones, revision, reinicio, se buscan ajustes o causas,,,
2025-04-01;REA;Actuadores;3140CA029;02:44;02:52;8;Maintenance;REA;General;Checklist;Checklist 500 pz,,,,,,
2025-04-01;REA;Actuadores;3140CA029;03:47;04:00;13;Equipment Fault;EOL;General;Safety system;Equipo se alarma, index queda en medio de giro, despues no responde  y no es posible restablecer. Al responder se manda todo a scrap,,,,
2025-04-01;REA;Actuadores;3140CA029;07:00;07:30;30;Maintenance;REA;General;Checklist;Mantenimiento general,,,,,,
2025-04-01;REA;Actuadores;3140CA029;07:53;08:02;9;Equipment Fault;USW;St11;Weld NOK;Scraps continuas, ajustar parametros y colocar cinta,,,,,
2025-04-01;REA;Actuadores;3140CA029;08:04;08:11;7;Equipment Fault;CAW;General;Software/PC;Sistema de vision NOK, scraps continuos, area de inspeccion desfasada,,,,
2025-04-01;REA;Actuadores;3140CA029;08:40;08:45;5;Equipment Fault;USW;St11;Weld NOK;Scraps, ajustar parametros /  cinta,,,,,
2025-04-01;REA;Actuadores;3140CA029;09:20;09:30;10;Equipment Fault;Robots;R80;Incorrect pick/place;Se atora repetidas veces, Revisar posiciones R80,,,,,
2025-04-01;REA;Actuadores;3140CA029;10:55;11:05;10;Equipment Fault;USW;St11;Weld NOK;Scraps continuas, ajustar parametros y colocar cinta,,,,,
2025-04-01;REA;Actuadores;3140CA029;11:36;11:50;14;Equipment Fault;USW;St11;Weld NOK;Scraps continuos, ajustar parametros,,,,,
2025-04-01;REA;Actuadores;3140CA029;12:30;15:00;150;Equipment Fault;USW;St11;Weld NOK;Soldadura nok, ajustar y revisar parametros,,,,,
2025-03-31;REA;Actuadores;3140CA029;13:06;13:10;4;Quality;EOL;General;Scrapbox full;Scrapbox lleno,,,,,,
2025-03-31;REA;Actuadores;3140CA029;13:23;15:00;97;Equipment Fault;CAW;LWS;NOK Condition;Soldadura desfasada derivada de apagon de equipo, centrar samlight,,,,,
2025-04-01;REA;Actuadores;3140CA029;15:12;15:15;3;Equipment Fault;Robots;R75;Module error;gripper no abre,,,,,,
2025-04-01;REA;Actuadores;3140CA029;15:24;15:29;5;Equipment Fault;Robots;R80;Module error;gripper se queda sin abrir,,,,,,
2025-04-01;REA;Actuadores;3140CA029;15:42;15:45;3;Equipment Fault;Conveyors;General;NOK material;oghiva no detectada por sensor,,,,,,
2025-04-01;REA;Actuadores;3140CA029;15:51;15:55;4;Equipment Fault;Conveyors;General;PLC ;modulo no cierra y pallet no avanza.,,,,,,
2025-04-01;REA;Actuadores;3140CA029;16:06;16:10;4;Equipment Fault;Conveyors;General;NOK material;limpieza de ogivas,,,,,,
2025-04-01;REA;Actuadores;3140CA029;16:21;16:23;2;Equipment Fault;Robots;R80;PLC ;no abre gripper,,,,,,
2025-04-01;REA;Actuadores;3140CA029;16:44;16:47;3;Equipment Fault;Robots;R70;Vacuum system;no agarra gear,,,,,,
2025-04-01;REA;Actuadores;3140CA029;16:52;16:55;3;Equipment Fault;Conveyors;General;NOK material;no detecta pallet,,,,,,
2025-04-01;REA;Actuadores;3140CA029;17:12;17:15;3;Equipment Fault;USW;St11;Weld NOK;scrap,,,,,,
2025-04-01;REA;Actuadores;3140CA029;17:24;17:27;3;Equipment Fault;CHW;St2;Vacuum system;chip atorado en gig,,,,,,
2025-04-01;REA;Actuadores;3140CA029;17:37;17:40;3;Equipment Fault;Conveyors;General;PLC ;sensor no detecta ogiva,,,,,,
2025-04-01;REA;Actuadores;3140CA029;17:55;17:59;4;Equipment Fault;CHW;Consumables;Argon dispensatio;cambio de tambo,,,,,,
2025-04-01;REA;Actuadores;3140CA029;18:12;18:15;3;Equipment Fault;Robots;R75;NOK material;no lee ogiva,,,,,,
2025-04-01;REA;Actuadores;3140CA029;18:21;18:25;4;Equipment Fault;CHW;St2;Vacuum system;chip atorado en gij,,,,,,
2025-04-01;REA;Actuadores;3140CA029;18:34;18:37;3;Equipment Fault;Robots;R70;NOK material;tira grea,,,,,,
2025-04-01;REA;Actuadores;3140CA029;18:45;18:48;3;Equipment Fault;USW;General;NOK material;limpieza de gij,,,,,,
2025-04-01;REA;Actuadores;3140CA029;18:21;18:23;2;Equipment Fault;Main conveyor;Main conveyor;Inductive sensor;ogiva,,,,,,
2025-04-01;REA;Actuadores;3140CA029;18:37;18:39;2;Equipment Fault;Main conveyor;Main conveyor;Inductive sensor;ogiva,,,,,,
2025-04-01;REA;Actuadores;3140CA029;18:41;18:44;3;Equipment Fault;Main conveyor;Main conveyor;Inductive sensor;ogiva,,,,,,
2025-04-01;REA;Actuadores;3140CA029;18:49;18:51;2;Equipment Fault;Main conveyor;Main conveyor;Inductive sensor;ogiva,,,,,,
2025-04-01;REA;Actuadores;3140CA029;19:03;19:06;3;Equipment Fault;USW;General;Waiting for spare part;ajuste de collapse 0.95 a 0.94,,,,,,
2025-04-01;REA;Actuadores;3140CA029;20:06;20:09;3;Equipment Fault;Main conveyor;Main conveyor;Inductive sensor;sing 22 RFID falla,,,,,,
2025-04-01;REA;Actuadores;3140CA029;20:12;20:14;2;Equipment Fault;Main conveyor;Main conveyor;Inductive sensor;RFID falla,,,,,,
2025-04-01;REA;Actuadores;3140CA029;20:16;20:18;2;Equipment Fault;Robots;R75;NOK material;no pone cover,,,,,,
2025-04-01;REA;Actuadores;3140CA029;20:34;20:42;8;Production;REA;General;NOK material;motor al revez,,,,,,
2025-04-01;REA;Actuadores;3140CA029;20:39;20:42;3;Equipment Fault;731;731;Tool ;pin chueco,,,,,,
2025-04-01;REA;Actuadores;3140CA029;21:06;21:08;2;Equipment Fault;Robots;R70;NOK material; al ensamblar no abre gripper,,,,,,
2025-04-01;REA;Actuadores;3140CA029;21:14;21:16;2;Equipment Fault;Robots;R75;Waiting for spare part;no abre gripper,,,,,,
2025-04-01;REA;Actuadores;3140CA029;21:17;21:19;2;Equipment Fault;Robots;R70;NOK material;ajuste de locking 24,,,,,,
2025-04-01;REA;Actuadores;3140CA029;21:20;21:22;2;Equipment Fault;Robots;R80;Waiting for spare part;se atora ed st 974,,,,,,
2025-04-01;REA;Actuadores;3140CA029;21:26;21:28;2;Quality;Main conveyor;Main conveyor;Inductive sensor;sensor no lee ogiva,,,,,,
2025-04-01;REA;Actuadores;3140CA029;22:02;22:04;2;Production;Robots;R38;NOK material;motor al revez,,,,,,
2025-04-01;REA;Actuadores;3140CA029;22:30;22:41;11;Maintenance;REA;General;Checklist;Checklist,,,,,,
2025-04-01;REA;Actuadores;3140CA029;23:20;23:26;6;Equipment Fault;Main conveyor;Main conveyor;Inductive sensor;Ajuste altura de sensor tras fallos repetitivos,,,,,,
2025-04-02;REA;Actuadores;3140CA029;00:03;00:11;8;Equipment Fault;USW;St11;Weld NOK;Alto scrap, se revisan piezas se encuentra overweld. Se reduce amplitud de 65% a 64%, se quita el pretrigger, se aumenta colapso de 0.93 a 0.95,,,
2025-04-02;REA;Actuadores;3140CA029;00:16;00:22;6;Equipment Fault;915;915;Dart sensor;Paros repetitivos por sensor no detectando ogiva, se ajusta sensor, al continuar la falla se quita brillo de ogivas con estopa roja,,,,
2025-04-02;REA;Actuadores;3140CA029;00:29;00:30;1;Equipment Fault;620;620;Tool ;No toma correctamente el bearing,,,,,,
2025-04-02;REA;Actuadores;3140CA029;13:15;13:22;7;Equipment Fault;Robots;R75;Gripper/tool adjustments;Fallas repetitivas al ensamblar el cover, se coloca cinta en el gripper para mas agarre,,,,,
2025-04-02;REA;Actuadores;3140CA029;03:41;03:53;12;Equipment Fault;Robots;R75;Gripper/tool adjustments;No toma corretcamente el cover y falla al ensamblar,,,,,,
2025-04-02;REA;Actuadores;3140CA029;04:02;04:09;7;Equipment Fault;USW;St11;Weld NOK;Scrap alto,,,,,,
2025-04-02;REA;Actuadores;3140CA029;05:33;05:50;17;Equipment Fault;USW;St11;Weld NOK;Se presen,,,,,,
2025-04-02;REA;Actuadores;3140CA029;06:12;06:24;12;Equipment Fault;CCC;General;Software/PC;App y PC no responden,,,,,,
2025-04-02;REA;Actuadores;3140CA029;06:30;06:33;3;Maintenance;CAW;Consumables;Nitrogen;Cambio tanque,,,,,,
2025-04-02;REA;Actuadores;3140CA029;07:00;07:10;10;Maintenance;REA;General;Checklist;Checklist y revision soldadura USW,,,,,,
2025-04-02;REA;Actuadores;3140CA029;07:22;07:45;23;Equipment Fault;USW;St11;Weld NOK;Scraps continuos, paradas constantes por ajuste de parametros,,,,,
2025-03-31;REA;Actuadores;3140CA029;17:20;20:05;165;Equipment Fault;Robots;R75;TBD;soporte de mangueras se quebro,,,,,,
2025-04-02;REA;Actuadores;3140CA029;08:46;08:53;7;Equipment Fault;USW;St11;Weld NOK;Scraps continuos, cambio de soporte esponja,,,,,
2025-04-02;REA;Actuadores;3140CA029;09:10;09:15;5;Equipment Fault;USW;St11;Weld NOK;Scraps, cambio de esponja,,,,,
2025-04-02;REA;Actuadores;3140CA029;09:25;09:35;10;Equipment Fault;USW;St11;Weld NOK;Scraps, amp de 66% a 64%, ajuste en soporte y cambio de esponja,,,,
2025-04-02;REA;Actuadores;3140CA029;10:40;15:00;260;Equipment Fault;USW;St11;Branson;Sonotrodo NOK, constante scrap, instalacion de sonotrodo 129-504T,,,,
2025-04-03;REA;Actuadores;3140CA029;07:10;07:25;15;Production;REA;General;Scheduled production stop;En espera de instrucciones Plan de producción,,,,,,
2025-04-03;REA;Actuadores;3140CA029;07:25;07:40;15;Quality;REA;General;Scheduled production stop;En espera de vaciado de scrapbox después de retrabajo,,,,,,
2025-04-03;REA;Actuadores;3140CA028;22:32;22:37;5;Equipment Fault;CHW;St4;Pressor;Se ajusta pressor y samlight, como tambien se ajusta flujo de argon,,,,,
2025-04-03;REA;Actuadores;3140CA028;22:35;22:40;5;Maintenance;USW;St14;Lower Jig;Se hace checklist a usw,,,,,,
2025-04-03;REA;Actuadores;3140CA028;23:02;23:06;4;Quality;CHW;General;Scrapbox full;Scrab box full,,,,,,
2025-04-03;REA;Actuadores;3140CA028;23:11;23:13;2;Equipment Fault;Main conveyor;Main conveyor;Lock NOK;Pallet atorado,,,,,,
2025-04-03;REA;Actuadores;3140CA028;23:23;23:28;5;Equipment Fault;USW;St11;Jig;Se cambia esponja para nivelar actuador,,,,,,
2025-04-04;REA;Actuadores;3140CA028;00:20;00:22;2;Equipment Fault;Robots;R80;Incorrect pick/place;Gripper no abre en estacion 974,,,,,,
2025-04-04;REA;Actuadores;3140CA028;00:27;00:34;7;Equipment Fault;EOL;General;NOK material;Se revisan conexiones por scrap repetitivo en jig,,,,,,
2025-04-04;REA;Actuadores;3140CA028;00:36;00:38;2;Equipment Fault;Robots;R80;Incorrect pick/place;Gripper no abre correctamente en estacion 974,,,,,,
2025-04-04;REA;Actuadores;3140CA028;00:40;00:52;12;Equipment Fault;CAW;Jig/Index;Ingun actuator;Se ajusta posicion de ingun, para que hiciera buen contacto,,,,,
2025-04-04;REA;Actuadores;3140CA028;01:25;01:55;30;Equipment Fault;Robots;R80;Incorrect pick/place;Se ajusta posicion de gripper y se ajusta tornilleria,,,,,,
2025-04-04;REA;Actuadores;3140CA028;02:13;02:19;6;Equipment Fault;EOL;General;Software/PC;Se reicinia crio y aplicacion por error ptc,,,,,,
2025-04-04;REA;Actuadores;3140CA028;02:32;03:28;56;Equipment Fault;Aux;710;Electrical system;Conector de sensor en mal estado por moviento de estacion.se extiende tiempo de falla por falta de llaves allen para sensores,,,,,,
2025-04-04;REA;Actuadores;3140CA028;05:21;05:24;3;Quality;EOL;General;Scrapbox full;Scrap box full,,,,,,
2025-04-04;REA;Actuadores;3140CA028;05:25;05:30;5;Equipment Fault;Main conveyor;Main conveyor;Lock NOK;Pallet atorado, repitio falla dos veces seguidas,,,,,
2025-04-04;REA;Actuadores;3140CA028;05:50;05:56;6;Equipment Fault;EOL;Jigs;Pogopins;Sensor no llegaba a posicion final,,,,,,
2025-04-04;REA;Actuadores;3140CA028;05:58;06:00;2;Equipment Fault;731;731;Bowl/Lineal feeder;Cilindro lineal no regresaba a posicion, se reinicia ciclo,,,,,
2025-04-04;REA;Actuadores;3140CA028;06:10;06:13;3;Equipment Fault;USW;St14;Lower Jig;Se hace limpieza de jig por rebaba acumulada,,,,,,
2025-04-04;REA;Actuadores;3140CA028;06:16;06:24;8;Equipment Fault;EOL;St2;CRIO NOK;falla de st 2, repite prueba, se verifica que no sea el jig,,,,
2025-04-04;REA;Actuadores;3140CA028;06:25;06:31;6;Equipment Fault;CAW;CPA;Feeder;Crank atorado time out ,,,,,,
2025-04-04;REA;Actuadores;3140CA028;06:34;06:38;4;Equipment Fault;USW;St14;Lower Jig;Se limpia jig por scrap, rebaba acumulada,,,,,
2025-04-04;REA;Actuadores;3140CA028;12:25;12:28;3;Maintenance;MAT;Consumables;Grease;cambio de grasa,,,,,,
2025-04-04;REA;Actuadores;3140CA028;22:47;22:52;5;Quality;EOL;General;Scrapbox full;Scrap box full,,,,,,
2025-04-04;REA;Actuadores;3140CA028;11:06;11:11;5;Equipment Fault;EOL;St2;Gripper NOK;Revision de gripper por alto scrap,,,,,,
2025-04-04;REA;Actuadores;3140CA028;11:22;11:27;5;Equipment Fault;EOL;General;Software/PC;Reinicio de app por alto scrap en st 1,,,,,,
2025-04-04;REA;Actuadores;3140CA028;11:33;11:37;4;Equipment Fault;EOL;Jigs;Jig actuator;Revision de cableado por scrap repetitivo en jig 3 y 4,,,,,,
2025-04-05;REA;Actuadores;3140CA028;00:13;00:21;8;Quality;EOL;General;NOK material;Material mezclado, actuador completo con codigo con retrabajo,,,,,
2025-04-05;REA;Actuadores;3140CA028;00:35;01:06;31;Equipment Fault;EOL;General;NOK material;Material con otro angulo fallaba en st 2, se sortea material de retrabajo antes de meter a proceso,,,,,
2025-04-05;REA;Actuadores;3140CA028;02:08;04:06;118;Production;REA;General;Change Over;Calibracion de gripper para cambia a 027 ,,,,,,
2025-04-05;REA;Actuadores;3140CA027;04:20;04:28;8;Equipment Fault;REA;General;Pneumatic System;Compressor alarmado,,,,,,
2025-04-03;REA;Actuadores;3140CA028;22:50;22:53;3;Equipment Fault;MAT;St3;INTOCO;Tornillo atorado,,,,,,
2025-04-04;REA;Actuadores;3140CA028;22:32;22:42;10;Equipment Fault;EOL;St2;Gripper NOK;Recalibracion de gripper st2,,,,,,
"2025-04-04;REA;Actuadores;	3140CA028;11:35;11:55;20;Equipment Fault;USW;St14;Lower Jig;scraps continuos", mantenimiento a jig,,,,,
2025-04-04;REA;Actuadores;3140CA028;09:25;09:28;3;Equipment Fault;EOL;St3;Gripper NOK;scraps, recalibrar,,,,,
2025-04-04;REA;Actuadores;3140CA028;08:36;08:37;1;Equipment Fault;Aux;910;;Ojiva cae,,,,,,
2025-04-04;REA;Actuadores;3140CA028;08:24;08:26;2;Equipment Fault;Main conveyor;Main conveyor;;Pallet atorado en guias,,,,,,
2025-04-04;REA;Actuadores;3140CA028;08:17;08:21;4;Equipment Fault;EOL;St2;Gripper NOK;scraps, recalibracion,,,,,
2025-04-04;REA;Actuadores;3140CA028;08:12;08:13;1;Equipment Fault;Aux;910;;Se cae ojiva,,,,,,
2025-04-04;REA;Actuadores;3140CA028;08:00;08:04;4;Equipment Fault;Main conveyor;Main conveyor;Inductive sensor;Pallet avanza por falla en sensor 2 veces, se limpia,,,,,
2025-04-04;REA;Actuadores;3140CA028;07:40;07:43;3;Equipment Fault;Robots;R70;Vacuum system;Ventosas rotas, cambio despues de vacumm off,,,,,
2025-04-04;REA;Actuadores;3140CA028;07:15;07:20;5;Maintenance;REA;General;Checklist;Ademas se sacan muestras SOP,,,,,,
2025-04-03;REA;Actuadores;3140CA028;10:07;15:00;293;Quality;REA;General;Change Over;En espera de liberacion, se pasan masters y mediciones,,,,,
2025-04-03;REA;Actuadores;3140CA028;08:10;10:07;117;Maintenance;REA;General;Change Over;Set up CAW, EOL y etc. se sacan muestras,,,,,
2025-03-29;REA;Actuadores;3140CA029;23:53;23:59;6;Equipment Fault;REA;General;PLC ;Tras el fallo en la secuencia anterior, al dar la vuelta los pallets comenzo a tener problemas, colocando piezas sobre pallets que estaban completos, se tuvo que revisar y borrar,,,
2025-04-05;REA;Actuadores;3140CA027;08:10;08:25;15;Quality;USW;General;Scrapbox full;Mucho material de retrabajo NOK,,,,,,
2025-04-05;REA;Actuadores;3140CA027;08:58;09:09;11;Quality;USW;General;Scrapbox full;Mucho material de retrabajo NOK,,,,,,
2025-04-07;REA;Actuadores;3140CS022;09:00;09:05;5;Equipment Fault;CAW;CPA;Vision system;crank mal posicion para el sistema de vision,,,,,,
2025-04-07;REA;Actuadores;3140CS022;09:10;09:11;1;Equipment Fault;Main conveyor;Main conveyor;Singulator NOK;pallet atorado por singulator,,,,,,
2025-04-05;REA;Actuadores;3140CS022;14:30;15:00;30;Quality;REA;General;Change Over;Esperando liberacion,,,,,,
2025-04-05;REA;Actuadores;3140CS022;12:40;14:30;110;Maintenance;REA;General;Change Over;Set up gm22,,,,,,
2025-04-05;REA;Actuadores;3140CA027;10:36;10:46;10;Quality;USW;General;Scrapbox full;Mucho material de retrabajo NOK,,,,,,
2025-04-07;REA;Actuadores;3140CS022;07:00;08:00;60;Quality;EOL;General;Scrapbox full;Scrapbox full, EOL, CAW, USW y general,,,
2025-04-07;REA;Actuadores;3140CS022;08:20;08:25;5;Maintenance;REA;General;;Test Italy, updated PLC for new mag and press,,,,,
2025-04-07;REA;Actuadores;3140CS022;09:30;11:30;120;Equipment Fault;EOL;St1;PTC;Jig 5 falla continua, se cambian pines y jig y falla continua, pendiente soporte ITALIA,,,,
2025-04-07;REA;Actuadores;3140CS022;11:40;11:50;10;Equipment Fault;EOL;Jigs;Pogopins;Se rompe cable de pin,,,,,,
2025-04-07;REA;Actuadores;3140CS022;12:00;12:08;8;Equipment Fault;CAW;Jig/Index;Ingun actuator;Ingun causa actuador se incline y robot falle insecion de crank,,,,,,
2025-04-07;REA;Actuadores;3140CS022;13:10;15:00;110;Equipment Fault;Robots;R80;Safety system;Falla CAW, se queda trabada, Robot se queda con alarma de safety enclavada,,,,
2025-04-07;REA;Actuadores;3140CS022;11:50;12:00;10;Equipment Fault;Robots;R80;Incorrect pick/place;Pick NOk 3n EOL, se ajusta posicion,,,,,
2025-04-07;REA;Actuadores;3140CS022;17:28;17:30;2;Equipment Fault;Robots;R80;Module error;no abre gripper,,,,,,
2025-04-03;REA;Actuadores;3140CS022;16:00;16:20;20;Equipment Fault;Main conveyor;General;;elevador mo sebe,,,,,,
2025-04-03;REA;Actuadores;3140CS022;16:27;16:29;2;Equipment Fault;731;731;Presence sensor;pin doble,,,,,,
2025-04-03;REA;Actuadores;3140CS022;16:35;16:37;2;Equipment Fault;Main conveyor;General;NOK material;piston no abre,,,,,,
2025-04-03;REA;Actuadores;3140CS022;16:46;16:55;9;Equipment Fault;731;731;Feed piston;pallet no abanza,,,,,,
2025-04-07;REA;Actuadores;3140CS022;15:00;16:00;60;Equipment Fault;Robots;R80;Module error;R80 no arranca,,,,,,
2025-04-07;REA;Actuadores;3140CS022;16:00;16:07;7;Equipment Fault;Robots;R65;Waiting for spare part;MSA restort,,,,,,
2025-04-07;REA;Actuadores;3140CS022;16:15;16:17;2;Equipment Fault;620;620;Presence sensor;motor invertido,,,,,,
2025-04-07;REA;Actuadores;3140CS022;17:00;17:06;6;Quality;EOL;General;Scrapbox full;scrap,,,,,,
2025-04-07;REA;Actuadores;3140CS022;16:35;16:39;4;Equipment Fault;CAW;General;Waiting for spare part;se alinea mesa,,,,,,
2025-04-07;REA;Actuadores;3140CS022;16:47;16:49;2;Quality;Main conveyor;Main conveyor;Singulator NOK;sing 25 no libera pallet vacio,,,,,,
2025-04-07;REA;Actuadores;3140CS022;17:31;17:34;3;Equipment Fault;CAW;Jig/Index;Index not in home;St 1 falla insersion,,,,,,
2025-04-07;REA;Actuadores;3140CS022;17:55;18:15;20;Equipment Fault;CAW;Jig/Index;Presence sensor;no inicia CAW,,,,,,
2025-04-07;REA;Actuadores;3140CS022;18:25;18:27;2;Production;MAT;St3;INTOCO;NO tenia tornillo tolba,,,,,,
2025-04-07;REA;Actuadores;3140CS022;10:40;10:45;5;Production;REA;General;Checklist;Checklist,,,,,,
2025-04-07;REA;Actuadores;3140CS022;10:48;10:53;5;Equipment Fault;Main conveyor;Main conveyor;Lock NOK;Pallet atorado por locking,,,,,,
2025-04-07;REA;Actuadores;3140CS022;23:10;23:13;3;Equipment Fault;Robots;R65;Gripper/tool adjustments;Gripper no abria correctamente,,,,,,
2025-04-07;REA;Actuadores;3140CS022;23:38;12:59;-639;Equipment Fault;Robots;R80;Incorrect pick/place;Robot no no ponia la pieza correctamente en 970, se ajusta gripper,,,,,
2025-04-08;REA;Actuadores;3140CS022;01:00;01:05;5;Equipment Fault;Robots;R80;Gripper/tool adjustments;Gripper no abria correctamente en la estacion 970,,,,,,
2025-04-08;REA;Actuadores;3140CS022;01:25;01:55;30;Equipment Fault;CHW;St2;SCARA Pick/Place;Robot no ponia corectamente el chip en posicion,,,,,,
2025-04-08;REA;Actuadores;3140CS022;02:04;02:10;6;Equipment Fault;MAT;St3;Feeder;ST 3 time out, tornillo atorado,,,,,
2025-04-08;REA;Actuadores;3140CS022;02:15;02:20;5;Quality;MAT;General;Scrapbox full;Scrap box full,,,,,,
2025-04-08;REA;Actuadores;3140CS022;02:25;02:28;3;Equipment Fault;Main conveyor;Main conveyor;Lift;Lift baja dos pallet a la vez, sensor no detecto correctamente,,,,,
2025-04-04;REA;Actuadores;3140CA027;13:00;14:00;60;Maintenance;REA;General;Change Over;Set up stellantis 27 CAW y EOL, se sacan muestras,,,,,
2025-04-04;REA;Actuadores;3140CA027;14:00;15:00;60;Quality;REA;General;Change Over;Espera de liberacion,,,,,,
2025-04-08;REA;Actuadores;3140CS022;09:00;09:02;2;Maintenance;CHW;Consumables;Argon;cambio de gas argon,,,,,,
2025-04-08;REA;Actuadores;3140CS022;09:35;09:36;1;Equipment Fault;Main conveyor;Main conveyor;Singulator NOK;pallet atorado por singulator,,,,,,
2025-04-08;REA;Actuadores;3140CS022;09:50;09:53;3;Equipment Fault;CAW;CPA;Feeder;crank invertido,,,,,,
2025-04-08;REA;Actuadores;3140CS022;07:00;08:56;116;Quality;REA;General;SOP;Esperando liberacion (auditoria),,,,,,
2025-04-08;REA;Actuadores;3140CS022;14:08;14:12;4;Maintenance;CHW;Consumables;Chip reel;cambio de chip,,,,,,
2025-04-08;REA;Actuadores;3140CS022;11:23;11:48;25;Equipment Fault;EOL;General;Software/PC;Italy support for PTC with jacopo, pending check from Leonardo,,,,,
2025-04-08;REA;Actuadores;3140CS022;12:48;12:53;5;Equipment Fault;915;915;Missing ogive;Se pierde ojiva, no pallets adelante, se revisa area en general, no se encuentra ojiva, se repone,,
2025-04-08;REA;Actuadores;3140CS022;14:22;14:23;1;Equipment Fault;750;750;Bowl/Lineal feeder;body atorado en prensa,,,,,,
2025-04-08;REA;Actuadores;3140CS022;15:27;15:29;2;Equipment Fault;Robots;R80;Waiting for spare part;gripper no abre,,,,,,
2025-04-08;REA;Actuadores;3140CS022;15:48;15:50;2;Equipment Fault;731;731;Feed piston;no tenia pin,,,,,,
2025-04-08;REA;Actuadores;3140CS022;15:56;16:00;4;Equipment Fault;Conveyors;General;Waiting for spare part;no detect pallet,,,,,,
2025-04-08;REA;Actuadores;3140CS022;16:09;16:11;2;Equipment Fault;Robots;R75;Waiting for spare part;se le cae gear,,,,,,
2025-04-08;REA;Actuadores;3140CS022;16:31;16:33;2;Equipment Fault;St2;EOL;Waiting for spare part;tarda EOL St2 en hacer prueba,,,,,,
2025-04-08;REA;Actuadores;3140CS022;16:38;16:40;2;Equipment Fault;Robots;R75;Waiting for spare part;R75 tira gear,,,,,,
2025-04-08;REA;Actuadores;3140CS022;16:48;16:50;2;Equipment Fault;Main conveyor;General;Waiting for spare part;se le cae ogiva a body ogiva,,,,,,
2025-04-08;REA;Actuadores;3140CS022;17:12;17:14;2;Equipment Fault;CHW;Consumables;Argon;se sube a 57.5 (revision cada 20 min),,,,,,
2025-04-08;REA;Actuadores;3140CS022;18:01;18:03;2;Equipment Fault;Robots;R75;Waiting for spare part;no pone gear,,,,,,
2025-04-08;REA;Actuadores;3140CS022;18:10;18:13;3;Production;Main conveyor;Main conveyor;Motor;motor al reves,,,,,,
2025-04-08;REA;Actuadores;3140CS022;18:15;18:20;5;Quality;EOL;General;Scrapbox full;scrap ( calidad ),,,,,,
2025-04-09;REA;Actuadores;3140CA029;11:50;11:55;5;Quality;REA;General;Change Over;Masters prensas,,,,,,
2025-04-09;REA;Actuadores;3140CA029;10:30;11:04;34;Equipment Fault;EOL;General;Software/PC;Mesa a media vuelta, WinCC no funciona, se utiliza desde Scada, anterior se revisaron conexiones y status PLC,,,
2025-04-09;REA;Actuadores;3140CA029;09:40;09:42;2;Equipment Fault;Robots;R75;Gripper/tool adjustments;no abrio gripper,,,,,,
2025-04-09;REA;Actuadores;3140CA029;09:30;09:35;5;Equipment Fault;Conveyors;C65;Presence sensor;no detecta blister,,,,,,
2025-04-09;REA;Actuadores;3140CA029;07:00;09:00;120;Quality;REA;General;Change Over;Liberacion pendiente de calidad,,,,,,
2025-04-09;REA;Actuadores;3140CA029;13:20;13:25;5;Quality;CHW;General;Scrapbox full;Scrapboxfull,,,,,,
2025-04-09;REA;Actuadores;3140CA029;14:25;14:28;3;Maintenance;CHW;St3;Thermodo;limpieza de termodo,,,,,,
2025-04-09;REA;Actuadores;3140CA029;14:30;14:40;10;Maintenance;EOL;St4;Gripper NOK;calibracion del gripper st 4,,,,,,
2025-04-09;REA;Actuadores;3140CA029;15:15;15:17;2;Equipment Fault;Robots;R75;Waiting for spare part;no abre gripper,,,,,,
2025-04-09;REA;Actuadores;3140CA029;15:28;15:30;2;Equipment Fault;Robots;R70;Waiting for spare part;tiro gear,,,,,,
2025-04-09;REA;Actuadores;3140CA029;15:49;15:51;2;Equipment Fault;731;731;Feed piston;pin caido,,,,,,
2025-04-09;REA;Actuadores;3140CA029;15:58;16:01;3;Maintenance;CHW;Consumables;Argon;cambio de tanque,,,,,,
2025-04-02;REA;Actuadores;3140CA029;15:00;17:00;120;Maintenance;USW;St11;Branson;Cambio de sonotrodo y pruebas,,,,,,
2025-04-02;REA;Actuadores;3140CA029;18:13;19:45;92;Equipment Fault;Robots;R75;Incorrect pick/place;Paro por posicion incorrecta de pick en st.980 al querer tomar pieza de riel para retrabajo.,,,,,,
2025-04-09;REA;Actuadores;3140CA029;16:13;16:15;2;Equipment Fault;731;731;Feed piston;sin PIN,,,,,,
2025-04-03;REA;Actuadores;3140CA029;17:12;17:14;2;Equipment Fault;Robots;R75;Waiting for spare part;no pone cover,,,,,,
2025-04-03;REA;Actuadores;3140CA029;17:24;17:26;2;Equipment Fault;Robots;R80;Waiting for spare part;no abre gripper,,,,,,
2025-04-03;REA;Actuadores;3140CA029;17:36;17:40;4;Equipment Fault;Main conveyor;Main conveyor;Singulator NOK;piston no abre,,,,,,
2025-04-03;REA;Actuadores;3140CA029;17:51;17:53;2;Equipment Fault;CHW;St2;Vacuum system;chip atorado,,,,,,
2025-04-03;REA;Actuadores;3140CA029;18:05;18:10;5;Equipment Fault;CHW;General;NOK material;cambio de pines,,,,,,
2025-04-03;REA;Actuadores;3140CA029;18:21;18:23;2;Equipment Fault;Robots;R80;Waiting for spare part;gripper no abre,,,,,,
2025-04-03;REA;Actuadores;3140CA029;19:08;19:12;4;Equipment Fault;Robots;R80;Waiting for spare part;gripper no abre,,,,,,
2025-04-03;REA;Actuadores;3140CA029;19:24;19:32;8;Equipment Fault;EOL;St1;Presence sensor;jig 2 sensor ingun,,,,,,
2025-04-03;REA;Actuadores;3140CA029;19:51;19:56;5;Equipment Fault;Main conveyor;Main conveyor;Singulator NOK;se cae pallet atorado R80,,,,,,
2025-04-03;REA;Actuadores;3140CA029;20:21;20:24;3;Production;Conveyors;C36;Actuator NOK;Se vacio conv.,,,,,,
2025-04-03;REA;Actuadores;3140CA029;20:43;20:48;5;Equipment Fault;Conveyors;General;Waiting for spare part;se vacio conv.,,,,,,
2025-04-03;REA;Actuadores;3140CA029;21:19;21:22;3;Equipment Fault;CAW;General;Waiting for spare part;se atora crank en el riel,,,,,,
2025-04-03;REA;Actuadores;3140CA029;21:47;21:50;3;Equipment Fault;Robots;R80;Waiting for spare part;no abre gripper,,,,,,
2025-04-03;REA;Actuadores;3140CA029;22:10;22:12;2;Equipment Fault;MAT;St3;INTOCO;St3 no tiene tornillo,,,,,,
2025-04-09;REA;Actuadores;3140CA029;17:10;17:12;2;Equipment Fault;620;620;Feed piston;cover atorado,,,,,,
2025-04-09;REA;Actuadores;3140CA029;17:18;17:20;2;Quality;CHW;St6;Actuator;Scrap acomulado,,,,,,
2025-04-09;REA;Actuadores;3140CA029;17:34;17:39;5;Maintenance;CHW;St3;Electrodes;limpieza de St3 y St4,,,,,,
2025-04-09;REA;Actuadores;3140CA029;17:41;17:43;2;Equipment Fault;620;620;Feed piston;cover atorado en piston,,,,,,
2025-04-09;REA;Actuadores;3140CA029;17:47;17:49;2;Equipment Fault;MAT;St3;INTOCO;tornillo atorado,,,,,,
2025-04-09;REA;Actuadores;3140CA029;18:10;18:13;3;Equipment Fault;Conveyors;C31;Presence sensor;pallet atorado,,,,,,
2025-04-09;REA;Actuadores;3140CA029;22:38;22:48;10;Production;REA;General;Checklist;Checklist,,,,,,
2025-04-09;REA;Actuadores;3140CA029;22:49;22:53;4;Equipment Fault;Main conveyor;Main conveyor;Lock NOK;Pallet atorado,,,,,,
2025-04-09;REA;Actuadores;3140CA029;23:30;23:36;6;Equipment Fault;CAW;General;Empty conveyor/feeder;Crank atorado en feeder,,,,,,
2025-04-09;REA;Actuadores;3140CA029;22:46;22:48;2;Equipment Fault;731;731;Bowl/Lineal feeder;Mal posicion de pin y no detecta sensor,,,,,,
2025-04-10;REA;Actuadores;3140CA029;01:59;02:06;7;Equipment Fault;CAW;CPA;SCARA;Robot no avanza y hace tame out,,,,,,
2025-04-10;REA;Actuadores;3140CA029;02:38;02:43;5;Equipment Fault;Main conveyor;Main conveyor;Inductive sensor;Pallet se atoraba con guia y no avanzaba,,,,,,
2025-04-10;REA;Actuadores;3140CA029;03:05;03:07;2;Equipment Fault;Robots;R75;Gripper/tool adjustments;Gripper no abre,,,,,,
2025-04-10;REA;Actuadores;3140CA029;03:35;03:40;5;Production;CHW;Consumables;Chip reel;Cambio de chip (100 piezas),,,,,,
2025-04-09;REA;Actuadores;3140CA029;23:03;23:07;4;Equipment Fault;CAW;General;Software/PC;No continua secuencia,,,,,,
2025-04-10;REA;Actuadores;3140CA029;00:13;00:21;8;Production;620;General;Empty conveyor/feeder;620,730, 731 y 750 completamente vacias,,,,
2025-04-10;REA;Actuadores;3140CA029;05:47;05:59;12;Equipment Fault;CHW;St4;Argon dispensatio;No se activa la valvula, sin dispensacion de argon,,,,,
2025-04-10;REA;Actuadores;3140CA029;07:24;07:29;5;Maintenance;CCC;Consumables;Resin;rellenado de resina,,,,,,
2025-04-10;REA;Actuadores;3140CA029;07:15;07:21;6;Equipment Fault;CAW;General;;checklist,,,,,,
2025-04-10;REA;Actuadores;3140CA029;08:02;08:03;1;Equipment Fault;MAT;St3;Feeder;tornillos atorados,,,,,,
2025-04-10;REA;Actuadores;3140CA029;08:40;08:42;2;Equipment Fault;Robots;R65;Incorrect pick/place;etiqueta de blister equivocada,,,,,,
2025-04-10;REA;Actuadores;3140CA029;11:04;12:10;66;Equipment Fault;Main conveyor;Main conveyor;Lock NOK;Locking atorado por tornillos flojos de balero linea, se requiere desarmar completamente ajustar y armar,,,,,
2025-04-10;REA;Actuadores;3140CA029;12:35;12:42;7;Equipment Fault;915;915;Vision system;Dealineado, alinear singulator, para captar en camara,,,,
2025-04-10;REA;Actuadores;3140CA029;13:20;13:22;2;Maintenance;CCC;Consumables;Resin;cambio de resina,,,,,,
2025-04-10;REA;Actuadores;3140CA029;13:51;13:52;1;Equipment Fault;915;915;Dart sensor;ogiva caida,,,,,,
2025-04-10;REA;Actuadores;3140CA029;14:34;14:38;4;Equipment Fault;CAW;Jig/Index;Ingun actuator;imgun no entro a actuador,,,,,,
2025-04-09;REA;Actuadores;3140CA029;17:41;17:43;2;Equipment Fault;620;620;Feed piston;cover atorado,,,,,,
2025-04-09;REA;Actuadores;3140CA029;17:47;17:49;2;Production;MAT;St3;INTOCO;sin tornillo caja de material,,,,,,
2025-04-09;REA;Actuadores;3140CA029;18:00;18:02;2;Equipment Fault;Robots;R70;Waiting for spare part;vacuum gear,,,,,,
2025-04-09;REA;Actuadores;3140CA029;18:10;18:13;3;Equipment Fault;Main conveyor;Main conveyor;Inductive sensor;pallet atorado,,,,,,
2025-04-09;REA;Actuadores;3140CA029;18:18;18:21;3;Maintenance;CHW;Consumables;Argon;cambio de tambo,,,,,,
2025-04-09;REA;Actuadores;3140CA029;18:45;18:50;5;Equipment Fault;Robots;R65;Waiting for spare part;no detecta gear,,,,,,
2025-04-09;REA;Actuadores;3140CA029;19:18;19:20;2;Equipment Fault;731;731;Tool ;PIN atorado,,,,,,
2025-04-09;REA;Actuadores;3140CA029;19:31;19:33;2;Maintenance;MAT;Consumables;Grease;cambio de grasa,,,,,,
2025-04-09;REA;Actuadores;3140CA029;19:37;19:39;2;Production;MAT;St3;INTOCO;St3 sin tornillo,,,,,,
2025-04-09;REA;Actuadores;3140CA029;19:41;19:49;8;Equipment Fault;Robots;R75;Waiting for spare part;join collision usw St11,,,,,,
2025-04-09;REA;Actuadores;3140CA029;20:21;20:23;2;Equipment Fault;EOL;St3;Gripper NOK;gripper alrmado,,,,,,
2025-04-09;REA;Actuadores;3140CA029;21:17;21:20;3;Equipment Fault;Main conveyor;Main conveyor;Inductive sensor;piston no abre,,,,,,
2025-04-09;REA;Actuadores;3140CA029;21:31;21:33;2;Equipment Fault;Conveyors;General;Waiting for spare part;piston no abre,,,,,,
2025-04-07;REA;Actuadores;3140CS022;15:00;16:23;83;Equipment Fault;Robots;R80;Electrical system;No funciona robot en auto, se encuentra contactor averiado,,,,,
2025-04-07;REA;Actuadores;3140CS022;18:00;18:15;15;Quality;CAW;General;Scrapbox full;No reestablece CAW por bandeja llena de scrap de Crank,,,,,,
2025-04-07;REA;Actuadores;3140CS022;19:29;20:30;61;Equipment Fault;USW;St11;Weld NOK;Sonotrodo al soldar marca actuador dejando un defecto en el plastico,  se encuentra el jig desnivelado,,,,,
2025-04-07;REA;Actuadores;3140CS022;21:45;22:20;35;Equipment Fault;CAW;CPA;SCARA;Falla insersion de crank, se desarma y se limpia correderas de jig 1 y queda ok,,,,,
2025-04-04;REA;Actuadores;3140CA028;17:40;17:45;5;Equipment Fault;EOL;St4;CRIO NOK;CRIO Reset,,,,,,
2025-04-04;REA;Actuadores;3140CA028;18:35;18:45;10;Equipment Fault;EOL;St3;Gripper NOK;Calibracion gripper alto scrap,,,,,,
2025-04-04;REA;Actuadores;3140CA028;22:20;22:25;5;Equipment Fault;EOL;Jigs;Jig actuator;Falla logica se vacia EOL,,,,,,
2025-04-04;REA;Actuadores;3140CA028;16:30;16:40;10;Equipment Fault;EOL;St2;Gripper NOK;Calibracion gripper alto scrap,,,,,,
2025-04-04;REA;Actuadores;3140CA028;17:26;17:36;10;Equipment Fault;EOL;St4;Gripper NOK;Calibracion gripper alto scrap,,,,,,
2025-04-09;REA;Actuadores;3140CS022;21:44;18:46;-178;Equipment Fault;Main conveyor;Main conveyor;Inductive sensor;pallet atorado,,,,,,
2025-04-09;REA;Actuadores;3140CS022;21:48;21:50;2;Maintenance;CHW;St3;Thermodo;limpieza,,,,,,
2025-04-09;REA;Actuadores;3140CS022;22:00;22:02;2;Equipment Fault;Main conveyor;Main conveyor;Inductive sensor;blister atorado,,,,,,
2025-04-09;REA;Actuadores;3140CS022;22:20;22:24;4;Equipment Fault;EOL;General;Waiting for spare part;CRIO,,,,,,
2025-04-10;REA;Actuadores;3140CS022;15:18;15:20;2;Equipment Fault;Robots;R75;Waiting for spare part;no abre gripper,,,,,,
2025-04-10;REA;Actuadores;3140CS022;15:49;15:52;3;Equipment Fault;Main conveyor;Main conveyor;Inductive sensor;blister en riel tapando sensor,,,,,,
2025-04-10;REA;Actuadores;3140CS022;16:29;16:31;2;Equipment Fault;Robots;R80;Waiting for spare part;gripper no abre,,,,,,
2025-04-10;REA;Actuadores;3140CS022;17:04;17:07;3;Equipment Fault;MAT;St3;INTOCO;sin tornillo,,,,,,
2025-04-10;REA;Actuadores;3140CS022;17:09;17:12;3;Equipment Fault;Robots;R75;Waiting for spare part;gripper no abre,,,,,,
2025-04-10;REA;Actuadores;3140CS022;17:34;17:36;2;Quality;Robots;R75;Waiting for spare part;gripper no abre,,,,,,
2025-04-10;REA;Actuadores;3140CS022;17:59;18:03;4;Equipment Fault;731;731;Feed piston;pin caido,,,,,,
2025-04-10;REA;Actuadores;3140CS022;18:14;18:16;2;Equipment Fault;731;731;Feed piston;body atorado en 731,,,,,,
2025-04-10;REA;Actuadores;3140CS022;18:57;19:00;3;Equipment Fault;Main conveyor;Main conveyor;Inductive sensor;blister atorado,,,,,,
2025-04-10;REA;Actuadores;3140CS022;19:14;19:16;2;Equipment Fault;Main conveyor;Main conveyor;Lock NOK;tornillo flojo,,,,,,
2025-04-10;REA;Actuadores;3140CS022;19:36;19:38;2;Equipment Fault;731;731;Feed piston;pin atorado,,,,,,
2025-04-10;REA;Actuadores;3140CS022;20:45;20:47;2;Equipment Fault;Robots;R80;Waiting for spare part;no abre gripper,,,,,,
2025-04-10;REA;Actuadores;3140CS022;20:52;20:55;3;Equipment Fault;Main conveyor;Main conveyor;Inductive sensor;piston de cover no abre,,,,,,
2025-04-10;REA;Actuadores;3140CS022;21:05;21:08;3;Equipment Fault;Main conveyor;Main conveyor;Inductive sensor;blister atorado,,,,,,
2025-04-10;REA;Actuadores;3140CS022;21:22;21:25;3;Equipment Fault;731;731;Feed piston;pin caido,,,,,,
2025-04-10;REA;Actuadores;3140CS022;21:28;21:31;3;Equipment Fault;Robots;R75;Waiting for spare part;ogiva caida,,,,,,
2025-04-10;REA;Actuadores;3140CS022;21:58;22:00;2;Equipment Fault;Robots;R38;Waiting for spare part;motor al revez,,,,,,
2025-04-10;REA;Actuadores;3140CS022;23:01;23:10;9;Production;REA;General;Checklist;Checklist,,,,,,
2025-04-10;REA;Actuadores;3140CS022;23:18;23:20;2;Equipment Fault;915;915;Missing ogive;OJIVA CAIDA,,,,,,
2025-04-10;REA;Actuadores;3140CS022;23:55;23:57;2;Equipment Fault;731;731;Presence sensor;No detectaba pieza,,,,,,
2025-04-10;REA;Actuadores;3140CS022;00:02;00:04;2;Production;Aux;710;NOK material;Motor al reves,,,,,,
2025-04-11;REA;Actuadores;3140CS022;00:12;00:17;5;Production;CHW;Consumables;Chip reel;Cambio de rollo de chip,,,,,,
2025-04-11;REA;Actuadores;3140CS022;01:15;04:25;190;Maintenance;REA;General;Scheduled maintenance;Paro programado por Italia,,,,,,
2025-04-11;REA;Actuadores;3140CS022;04:47;04:49;2;Equipment Fault;Robots;R70;Vacuum system;Vacuum off,,,,,,
2025-04-11;REA;Actuadores;3140CS022;04:35;04:38;3;Equipment Fault;Robots;R75;Incorrect pick/place;Robot no ensambla correctamente el cover,,,,,,
2025-04-11;REA;Actuadores;3140CS022;05:15;05:18;3;Equipment Fault;Robots;R75;Gripper/tool adjustments;R75 no abre gripper correctamente  despues de ensamblar cover,,,,,,
2025-04-11;REA;Actuadores;3140CS022;06:19;06:23;4;Equipment Fault;Robots;R70;Vacuum system;Cambio de ventosas,,,,,,
2025-04-11;REA;Actuadores;3140CS022;06:39;06:42;3;Equipment Fault;MAT;St3;Feeder;St 3 time out, tornillo atorado en feeder lineal,,,,,
2025-04-11;REA;Actuadores;3140CA029;07:00;07:15;15;Equipment Fault;REA;General;Checklist;checklist y entrega de muestras,,,,,,
2025-04-11;REA;Actuadores;3140CA029;07:36;07:40;4;Maintenance;EOL;General;TBD;ciclo de trabaj lento, reinicio de crio y ps,,,,,
2025-04-11;REA;Actuadores;3140CA029;07:58;07:59;1;Equipment Fault;Conveyors;C31;Presence sensor;blister atorado,,,,,,
2025-04-11;REA;Actuadores;3140CA029;08:19;08:21;2;Equipment Fault;Robots;R75;Gripper/tool adjustments;no abrio gripper,,,,,,
2025-04-11;REA;Actuadores;3140CA029;08:41;08:42;1;Equipment Fault;Robots;R75;Gripper/tool adjustments;no abrio gripper,,,,,,
2025-04-11;REA;Actuadores;3140CA029;10:25;11:40;75;Equipment Fault;Robots;R75;Incorrect pick/place;ajuste de posicion pick,,,,,,
2025-04-11;REA;Actuadores;3140CA029;11:50;11:54;4;Equipment Fault;EOL;St4;CRIO NOK;reinicio de crio,,,,,,
2025-04-11;REA;Actuadores;3140CA029;12:02;12:03;1;Equipment Fault;915;915;Dart sensor;ogiva caida,,,,,,
2025-04-11;REA;Actuadores;3140CA029;12:30;12:40;10;Equipment Fault;Robots;R75;Software/PC;se ajusto velocidad en unir cover con body,,,,,,
2025-04-11;REA;Actuadores;3140CA029;13:20;13:23;3;Equipment Fault;CAW;CPA;Feeder;crank atorado en riel,,,,,,
2025-04-11;REA;Actuadores;3140CA029;15:13;15:18;5;Equipment Fault;EOL;General;Waiting for spare part;reset crio,,,,,,
2025-04-11;REA;Actuadores;3140CA029;23:00;23:15;15;Equipment Fault;CHW;St4;Pressor;Soldadura inestable, scrap alto. Ajustes pressor, samlight,,,,
2025-04-11;REA;Actuadores;3140CA029;23:35;23:37;2;Quality;CHW;General;Scrapbox full;Scrapbox full,,,,,,
2025-04-12;REA;Actuadores;3140CA029;00:10;00:17;7;Equipment Fault;Robots;R80;Gripper/tool adjustments;Pieza se cae del gripper 2 entre el trayecto de CAW a EOL, repetitivo. Ajuste mecanico del gripper,,,,,
2025-04-12;REA;Actuadores;3140CA029;00:22;00:25;3;Production;MAT;General;Blister NOK/Wrong PN;Sin tornillo,,,,,,
2025-04-12;REA;Actuadores;3140CA029;00:18;00:21;3;Equipment Fault;EOL;General;Software/PC;Proceso lento, reinicio nde app, latencia acumulada,,,,
2025-04-12;REA;Actuadores;3140CA029;00:24;00:35;11;Equipment Fault;Robots;R80;Gripper/tool adjustments;Gripper 2 se atasca o suelta pieza, multiples ajustes hasta que quede funcional,,,,,
2025-04-12;REA;Actuadores;3140CA029;01:09;01:14;5;Equipment Fault;CHW;Consumables;Chip reel;Cambio de rollo de chip,,,,,,
2025-04-12;REA;Actuadores;3140CA029;01:16;01:20;4;Production;Conveyors;General;Blister NOK/Wrong PN;Blister equivocado en linea,,,,,,
2025-04-12;REA;Actuadores;3140CA029;02:52;03:44;52;Quality;CHW;General;NOK material;Cover con variacion en cavidad 2A causa alto scrap. Se revisa scrap, se sortea para hacer pruebas, se corre una muestra comprobando que el defecto se presenta unicamente en ese cover,,,,
2025-04-12;REA;Actuadores;3140CA029;03:55;04:02;7;Equipment Fault;620;620;Tool ;Prensa levanta cover 3 veces,,,,,,
2025-04-12;REA;Actuadores;3140CA029;05:10;05:16;6;Equipment Fault;CCC;General;Software/PC;No responde app termocamara,,,,,,
2025-04-12;REA;Actuadores;3140CA029;02:34;02:43;9;Equipment Fault;Robots;R80;Gripper/tool adjustments;Gripper se resbala la pieza, se pone cinta para mayor fuerza,,,,,
2025-04-12;REA;Actuadores;3140CA029;06:30;06:36;6;Equipment Fault;Main conveyor;Main conveyor;Lock NOK;Tornillos flojos evitan que el cilindro slide table regrese a posicion,,,,,,
2025-04-12;REA;Actuadores;3140CA029;05:47;05:51;4;Equipment Fault;USW;General;NOK material;Body con bushing NOK se atora en sonotrodo,,,,,,
2025-04-12;REA;Actuadores;3140CA029;07:10;07:11;1;Equipment Fault;Robots;R80;Gripper/tool adjustments;no abrio gripper,,,,,,
2025-04-12;REA;Actuadores;3140CA029;07:20;07:21;1;Equipment Fault;Robots;R80;Gripper/tool adjustments;no abrio gripper,,,,,,
2025-04-12;REA;Actuadores;3140CA029;08:19;08:20;1;Equipment Fault;Robots;R75;Motion supervision/Joint collision;cover con lip seal retainer mal moldeado,,,,,,
2025-04-12;REA;Actuadores;3140CA029;07:30;07:40;10;Equipment Fault;Robots;R80;Electrical system;falso contacto en sensor de gripper 3,,,,,,
2025-04-12;REA;Actuadores;3140CA029;08:25;08:26;1;Equipment Fault;USW;St14;Lower Jig;limpieza de jig,,,,,,
2025-04-12;REA;Actuadores;3140CA029;08:28;08:30;2;Equipment Fault;Robots;R80;Gripper/tool adjustments;no abrio gripper,,,,,,
2025-04-12;REA;Actuadores;3140CA029;08:34;08:35;1;Equipment Fault;Main conveyor;Main conveyor;Lift;no subio lift por pallet atorados,,,,,,
2025-04-12;REA;Actuadores;3140CA029;08:47;08:49;2;Quality;CHW;St1;DM reader;cover sin DM,,,,,,
2025-04-12;REA;Actuadores;3140CA029;09:03;09:33;30;Equipment Fault;CHW;St3;Thermodo;ajuste lineal de termodo,,,,,,
2025-04-12;REA;Actuadores;3140CA029;10:10;10:38;28;Equipment Fault;CHW;St3;Thermodo;ajustes para reducur scrap,,,,,,
2025-04-12;REA;Actuadores;3140CA029;11:02;11:03;1;Equipment Fault;915;915;Missing ogive;Ogiva caida,,,,,,
2025-04-12;REA;Actuadores;3140CA029;11:25;11:26;1;Maintenance;CHW;Consumables;Argon;Cambio de Argon,,,,,,
2025-04-12;REA;Actuadores;3140CA029;11:35;11:36;1;Maintenance;CHW;St4;Pressor;Limpieza de pines por mala soldadura,,,,,,
2025-04-12;REA;Actuadores;3140CA029;11:51;11:53;2;Quality;CHW;General;Scrapbox full;Scrapbox full,,,,,,
2025-04-12;REA;Actuadores;3140CA029;11:55;11:56;1;Equipment Fault;Robots;R75;Motion supervision/Joint collision;Motion sup,,,,,,
2025-04-12;REA;Actuadores;3140CA029;12:20;12:30;10;Equipment Fault;CHW;St4;Pressor;Ajuste alto scrap,,,,,,
2025-04-12;REA;Actuadores;3140CA029;12:32;12:33;1;Equipment Fault;915;915;Missing ogive;Ogiva caida,,,,,,
2025-04-12;REA;Actuadores;3140CA029;13:02;13:03;1;Equipment Fault;CHW;St3;Thermodo;Limpieza heat stake,,,,,,
2025-04-12;REA;Actuadores;3140CA029;13:12;13:13;1;Maintenance;MAT;Consumables;Grease;Cambio de grasa,,,,,,
2025-04-12;REA;Actuadores;3140CA029;13:41;13:42;1;Equipment Fault;Main conveyor;Main conveyor;RFID Reader;Pallet atorado 915,,,,,,
2025-04-12;REA;Actuadores;3140CA029;13:50;13:51;1;Equipment Fault;Robots;R70;Incorrect pick/place;Gear mal colocado,,,,,,
2025-04-12;REA;Actuadores;3140CA029;14:00;15:00;60;Equipment Fault;CHW;St4;Pressor;Alto scrap, ajuste mala soldadura,,,,,
2025-04-12;REA;Actuadores;3140CA029;15:00;15:30;30;Equipment Fault;CHW;St4;Pressor;Cambio de pines en pressor y ajuste,,,,,,
2025-04-12;REA;Actuadores;3140CA029;16:15;16:25;10;Equipment Fault;Robots;R33;Motion supervision/Joint collision;Robot choca con jig por pieza plastica defectuosa de moldeo, ocaciona choque el cover al dejarlo,,,,,
2025-04-12;REA;Actuadores;3140CA029;16:30;16:40;10;Equipment Fault;CAW;Jig/Index;Index not in home;Falla insercion por mesa desalineada,,,,,,
2025-04-12;REA;Actuadores;3140CA029;16:45;16:47;2;Equipment Fault;Robots;R80;Gripper/tool adjustments;Gripper 1 no abre,,,,,,
2025-04-12;REA;Actuadores;3140CA029;16:50;16:55;5;Equipment Fault;Main conveyor;Main conveyor;Lift;Pallet no avanza cuando esta en el lift,,,,,,
2025-04-12;REA;Actuadores;3140CA029;18:13;18:15;2;Equipment Fault;Robots;R80;Gripper/tool adjustments;Gripper 1 no abre,,,,,,
2025-04-12;REA;Actuadores;3140CA029;18:16;18:18;2;Equipment Fault;EOL;General;Safety system;Interrupcion de cortina de seguridad despues de una intervencion en la linea ocaciona timeout en st4,,,,,,
2025-04-12;REA;Actuadores;3140CA029;18:26;18:28;2;Production;MAT;St3;Feeder;Se llena en exceso el feeder de tornillo,,,,,,
2025-04-12;REA;Actuadores;3140CA029;20:14;20:17;3;Equipment Fault;CHW;St3;Thermodo;Limpieza de heat stake (exceso de material adherido),,,,,,
2025-04-12;REA;Actuadores;3140CA029;20:18;20:24;6;Maintenance;CCC;Consumables;Resin;Cambio de recipiente con resina,,,,,,
2025-04-11;REA;Actuadores;3140CA029;22:31;22:53;22;Equipment Fault;CHW;St3;Thermodo;Scrap alto por heatstake NOK, se continua intervencion desde turno anterior. ajuste termodo,,,,,
2025-04-11;REA;Actuadores;3140CA029;19:30;22:30;180;Equipment Fault;CHW;St3;Thermodo;Alto scrap ajuste,,,,,,
2025-04-12;REA;Actuadores;3140CA029;11:53;11:55;2;Equipment Fault;620;620;Tool ;Prensa levanta pieza, no avanza secuencia al esperar,,,,,
2025-04-14;REA;Actuadores;3140CA029;15:45;15:47;2;Equipment Fault;Robots;R75;Waiting for spare part;no abre gripper,,,,,,
2025-04-14;REA;Actuadores;3140CA029;15:50;15:51;1;Equipment Fault;Robots;R70;Vacuum system;no agarra gear,,,,,,
2025-04-14;REA;Actuadores;3140CA029;16:57;16:59;2;Equipment Fault;Robots;R80;Waiting for spare part;no abre gripper,,,,,,
2025-04-14;REA;Actuadores;3140CA029;17:04;17:06;2;Equipment Fault;731;731;Feed piston;pin caido,,,,,,
2025-04-14;REA;Actuadores;3140CA029;17:10;17:12;2;Equipment Fault;Robots;R80;Waiting for spare part;no abre gripper,,,,,,
2025-04-14;REA;Actuadores;3140CA029;17:15;17:16;1;Equipment Fault;Robots;R75;Waiting for spare part;no abre gripper y no deja cover,,,,,,
2025-04-14;REA;Actuadores;3140CA029;17:22;17:24;2;Equipment Fault;Main conveyor;Main conveyor;Inductive sensor;ogiva caida,,,,,,
2025-04-14;REA;Actuadores;3140CA029;18:03;18:05;2;Equipment Fault;731;731;Feed piston;no pone pin,,,,,,
2025-04-14;REA;Actuadores;3140CA029;18:13;18:15;2;Equipment Fault;Robots;R75;Waiting for spare part;no abre gripper,,,,,,
2025-04-14;REA;Actuadores;3140CA029;18:28;18:30;2;Equipment Fault;Robots;R75;NOK material;no abre gripper,,,,,,
2025-04-14;REA;Actuadores;3140CA029;18:50;19:00;10;Quality;Main conveyor;Main conveyor;Inductive sensor;piston no bajaba,,,,,,
2025-04-14;REA;Actuadores;3140CA029;19:51;19:54;3;Maintenance;CHW;General;Waiting for spare part;limpieza de pines,,,,,,
2025-04-14;REA;Actuadores;3140CA029;20:31;20:33;2;Equipment Fault;Robots;R75;Waiting for spare part;no abre gripper,,,,,,
2025-04-14;REA;Actuadores;3140CA029;20:54;20:58;4;Equipment Fault;CHW;St2;Vacuum system;chip atorado,,,,,,
2025-04-14;REA;Actuadores;3140CA029;21:10;21:22;12;Maintenance;Robots;R70;Waiting for spare part;soporte suelto (se capo um tornillo de la base),,,,,,
2025-04-14;REA;Actuadores;3140CA029;22:30;22:45;15;Equipment Fault;915;915;Vision system;Robot choca con camara y pierde alineacion,,,,,,
2025-04-14;REA;Actuadores;3140CA029;22:48;22:58;10;Maintenance;REA;General;Checklist;Checklist,,,,,,
2025-04-14;REA;Actuadores;3140CA029;23:26;23:32;6;Equipment Fault;Robots;R75;Gripper/tool adjustments;Falla repetitiva al ensamblar cover, gripper no tiene buen agarre,,,,,
2025-04-15;REA;Actuadores;3140CA029;00:13;00:16;3;Maintenance;CHW;Consumables;Chip reel;Cambio chip,,,,,,
2025-04-15;REA;Actuadores;3140CA029;00:16;00:18;2;Maintenance;CHW;Consumables;Argon;Cambio argon,,,,,,
2025-04-15;REA;Actuadores;3140CA029;01:07;01:10;3;Quality;USW;St14;Lower Jig;Scrap por suciedad en jig,,,,,,
2025-04-15;REA;Actuadores;3140CA029;01:54;02:00;6;Equipment Fault;Robots;R80;Gripper/tool adjustments;Gripper se atora constantemente, ajuste mecanico,,,,,
2025-04-14;REA;Actuadores;3140CA029;07:00;07:40;40;Quality;REA;General;SOP;Liberacion calidad,,,,,,
2025-04-14;REA;Actuadores;3140CA029;07:58;07:58;0;Quality;Aux;805;NOK material;Defecto en gear,,,,,,
2025-04-14;REA;Actuadores;3140CA029;09:12;09:20;8;Equipment Fault;Robots;R80;Gripper/tool adjustments;Gripper no abre correctamente,,,,,,
2025-04-14;REA;Actuadores;3140CA029;09:26;09:27;1;Equipment Fault;Robots;R80;Gripper/tool adjustments;Gripper se atasca,,,,,,
2025-04-14;REA;Actuadores;3140CA029;09:33;09:34;1;Maintenance;CHW;Consumables;Argon;Cambio argon,,,,,,
2025-04-14;REA;Actuadores;3140CA029;09:49;09:50;1;Equipment Fault;CAW;Jig/Index;Ingun actuator;Sensor no detecta fin de carrera del cilindro,,,,,,
2025-04-14;REA;Actuadores;3140CA029;11:31;11:37;6;Equipment Fault;CAW;Jig/Index;Ingun actuator;Ajuste sensor ingun jig 3,,,,,,
2025-04-14;REA;Actuadores;3140CA029;11:45;11:50;5;Equipment Fault;Robots;R80;Gripper/tool adjustments;Gripper no abre correctamente,,,,,,
2025-04-14;REA;Actuadores;3140CA029;12:20;12:23;3;Maintenance;REA;General;Checklist;Checlist,,,,,,
2025-04-14;REA;Actuadores;3140CA029;12:36;12:37;1;Equipment Fault;Robots;R80;Gripper/tool adjustments;No abre,,,,,,
2025-04-14;REA;Actuadores;3140CA029;12:41;12:43;2;Equipment Fault;Robots;R80;Gripper/tool adjustments;Lubricacion de cilindro por falla repetitiva del gripper,,,,,,
2025-04-14;REA;Actuadores;3140CA029;13:01;13:03;2;Equipment Fault;USW;St14;Lower Jig;Limpieza por scrap,,,,,,
2025-04-14;REA;Actuadores;3140CA029;13:10;13:12;2;Equipment Fault;Robots;R80;Motion supervision/Joint collision;Gripper 1 no abre,,,,,,
2025-04-14;REA;Actuadores;3140CA029;14:25;14:28;3;Maintenance;REA;General;Checklist;Checklist,,,,,,
2025-04-14;REA;Actuadores;3140CA029;14:29;14:31;2;Equipment Fault;915;915;Missing ogive;Ogiva caida,,,,,,
2025-04-14;REA;Actuadores;3140CA029;14:47;14:49;2;Equipment Fault;Robots;R75;Gripper/tool adjustments;Falla al ensamblar, se atasca gripper,,,,,
2025-04-14;REA;Actuadores;3140CA029;15:59;16:00;1;Maintenance;CHW;Consumables;Argon;cambio de tambo,,,,,,
2025-04-15;REA;Actuadores;3140CA029;16:30;16:32;2;Equipment Fault;Robots;R38;Waiting for spare part;motor al revez,,,,,,
2025-04-15;REA;Actuadores;3140CA029;16:48;16:51;3;Equipment Fault;EOL;St2;Gripper NOK;pieza nok,,,,,,
2025-04-15;REA;Actuadores;3140CA029;16:56;17:02;6;Maintenance;CHW;Consumables;Chip reel;cambio,,,,,,
2025-04-15;REA;Actuadores;3140CA029;17:14;17:16;2;Production;Robots;R38;Waiting for spare part;motor al revez (se reviso blister y se enconto masa de la mitad con la misma condicion, de eigalmanera en los blister a pasar.,,,,,
2025-04-15;REA;Actuadores;3140CA029;17:40;17:42;2;Equipment Fault;731;731;Feed piston;pin caido,,,,,,
2025-04-15;REA;Actuadores;3140CA029;17:57;18:01;4;Maintenance;Conveyors;General;Waiting for spare part;pallet atorado,,,,,,
2025-04-15;REA;Actuadores;3140CA029;18:28;18:35;7;Maintenance;CAW;Jig/Index;Presence sensor;ajuiaste de alineaccion de mesa,,,,,,
2025-04-15;REA;Actuadores;3140CA029;19:40;19:45;5;Maintenance;CHW;St4;Pressor;cambio de pines,,,,,,
2025-04-15;REA;Actuadores;3140CA029;19:52;19:55;3;Equipment Fault;Robots;R65;Waiting for spare part;no agarra gear,,,,,,
2025-04-15;REA;Actuadores;3140CA029;20:09;20:12;3;Equipment Fault;Robots;R75;Waiting for spare part;no abre gripper,,,,,,
2025-04-15;REA;Actuadores;3140CA029;20:31;20:36;5;Quality;Robots;R80;Waiting for spare part;atorado con una pieza,,,,,,
2025-04-15;REA;Actuadores;3140CA029;21:06;21:08;2;Equipment Fault;Robots;R75;Waiting for spare part;no abre gripper,,,,,,
2025-04-15;REA;Actuadores;3140CA029;21:11;21:14;3;Production;MAT;St3;Feeder;sin tornillo,,,,,,
2025-04-15;REA;Actuadores;3140CA029;21:30;21:32;2;Production;Robots;R38;Waiting for spare part;motor al revez,,,,,,
2025-04-15;REA;Actuadores;3140CA029;21:54;21:56;2;Equipment Fault;Main conveyor;Main conveyor;Inductive sensor;ajuste en conveyor,,,,,,
2025-04-15;REA;Actuadores;3140CA029;22:00;22:05;5;Quality;CHW;General;Scrapbox full;scrap lleno,,,,,,
2025-04-15;REA;Actuadores;3140CA029;22:30;22:39;9;Maintenance;REA;General;Checklist;Checklist,,,,,,
2025-04-15;REA;Actuadores;3140CA029;22:39;22:50;11;Equipment Fault;CHW;St4;Pressor;Scrap alto soldadura NOK, se toma desde el turno anterior,,,,,
2025-04-15;REA;Actuadores;3140CA029;23:06;23:32;26;Equipment Fault;CHW;St4;Pressor;Soldadura inestable, se cambia goma de pressor, limpieza del lente, ajustes samlight,,,
2025-04-15;REA;Actuadores;3140CA029;23:01;23:06;5;Quality;CHW;General;Scrapbox full;Esperando a calidad,,,,,,
2025-04-16;REA;Actuadores;3140CA029;00:22;00:25;3;Equipment Fault;Main conveyor;Main conveyor;Lift;Pallet atorado en lift zona 2,,,,,,
2025-04-16;REA;Actuadores;3140CA029;02:09;02:16;7;Equipment Fault;Main conveyor;Main conveyor;Lift;Sensor del lift Z3-4 no detecta correctamente, causa pallets caer y acumularse. Se acomodan todos los pallets, se ajusta posicion y set del sensor,,,,
2025-04-16;REA;Actuadores;3140CA029;03:23;03:25;2;Equipment Fault;Robots;R75;Gripper/tool adjustments;Falla al ensamblar se atasca gripper 1,,,,,,
2025-04-16;REA;Actuadores;3140CA029;03:39;03:44;5;Equipment Fault;CHW;St4;Pressor;Ajuste por scrap alto,,,,,,
2025-04-16;REA;Actuadores;3140CA029;04:01;04:12;11;Maintenance;REA;General;Checklist;Checklist,,,,,,
2025-04-16;REA;Actuadores;3140CA029;04:15;04:46;31;Equipment Fault;CHW;St4;Pressor;Soldadura inestable, multiples ajustes, no se mantiene,,,,
2025-04-16;REA;Actuadores;3140CA029;05:06;05:21;15;Equipment Fault;CHW;St4;IPG/Samlight;Continua sin mantenerse por tiempo prologando la soldadura OK. Se cambia protector del laser,,,,,,
2025-04-16;REA;Actuadores;3140CA029;05:30;05:32;2;Equipment Fault;915;915;Missing ogive;Ogiva caida,,,,,,
2025-04-16;REA;Actuadores;3140CA029;05:36;05:38;2;Equipment Fault;Robots;R70;Vacuum system;Se reemplaza ventosas,,,,,,
2025-04-16;REA;Actuadores;3140CA029;06:07;06:12;5;Equipment Fault;CAW;CPA;Feeder;Crank atascadob en salida de bowl, feeder lineal vacio,,,,,
2025-04-16;REA;Actuadores;3140CA029;06:24;06:29;5;Equipment Fault;CAW;CPA;Feeder;Crank atascado,,,,,,
2025-04-16;REA;Actuadores;3140CA029;06:40;06:50;10;Equipment Fault;Robots;R75;Gripper/tool adjustments;Falla continua, se coloca cinta en gripper para compensar la falta de grip,,,,,
2025-04-16;REA;Actuadores;3140CA029;07:00;07:28;28;Quality;REA;General;Test approval;liberacion y checklist,,,,,,
2025-04-16;REA;Actuadores;3140CA029;07:38;07:40;2;Equipment Fault;MAT;St5;Axis not in home;axis no deja girar mesa,,,,,,
2025-04-16;REA;Actuadores;3140CA029;07:51;07:52;1;Equipment Fault;Robots;R75;Motion supervision/Joint collision;,,,,,,
2025-04-16;REA;Actuadores;3140CA029;08:25;08:30;5;Equipment Fault;CAW;CPA;Feeder;crank invertido,,,,,,
2025-04-16;REA;Actuadores;3140CA029;08:33;08:35;2;Equipment Fault;Robots;R70;Vacuum system;cambio de ventosas,,,,,,
2025-04-16;REA;Actuadores;3140CA029;08:38;08:40;2;Quality;CCC;General;Scrapbox full;cover atorado en sensor, marcaba full box,,,,,
2025-04-16;REA;Actuadores;3140CA029;08:52;08:54;2;Equipment Fault;Main conveyor;Main conveyor;Lift;ajuste de sensor lift,,,,,,
2025-04-16;REA;Actuadores;3140CA029;09:21;09:31;10;Equipment Fault;EOL;St4;CRIO NOK;reinicio de crio,,,,,,
2025-04-16;REA;Actuadores;3140CA029;09:43;09:46;3;Equipment Fault;Main conveyor;Main conveyor;Lock NOK;locking 620 tornillos flojos, se atoraba al abrir cilindro,,,,,
2025-04-16;REA;Actuadores;3140CA029;10:15;10:16;1;Equipment Fault;Robots;R75;Gripper/tool adjustments;se puso cinta a gripper,,,,,,
2025-04-16;REA;Actuadores;3140CA029;10:28;10:30;2;Equipment Fault;Robots;R80;Motion supervision/Joint collision;,,,,,,
2025-04-16;REA;Actuadores;3140CA029;10:47;10:50;3;Equipment Fault;EOL;St4;CRIO NOK;reinicio de crio,,,,,,
2025-04-16;REA;Actuadores;3140CA029;11:06;11:07;1;Equipment Fault;731;731;Feed piston;pin inclinado,,,,,,
2025-04-16;REA;Actuadores;3140CA029;11:25;11:27;2;Equipment Fault;915;915;Dart sensor;ogiva caida,,,,,,
2025-04-16;REA;Actuadores;3140CA029;12:10;12:11;1;Equipment Fault;EOL;Jigs;Ingun actuator;no detecto sensor,,,,,,
2025-04-16;REA;Actuadores;3140CA029;12:16;12:17;1;Equipment Fault;Main conveyor;Main conveyor;Lock NOK;ajuste tornillos locking (620),,,,,,
2025-04-16;REA;Actuadores;3140CA029;12:38;12:40;2;Maintenance;CHW;Consumables;Chip reel;cambio de chip,,,,,,
2025-04-16;REA;Actuadores;3140CA029;13:20;13:30;10;Equipment Fault;Robots;R80;Gripper/tool adjustments;no abrio gripper,,,,,,
2025-04-16;REA;Actuadores;3140CA029;13:45;13:50;5;Quality;CHW;General;Scrapbox full;,,,,,,
2025-04-16;REA;Actuadores;3140CA029;15:00;15:10;10;Quality;MAT;General;Scrapbox full;Scrapbox,,,,,,
2025-04-16;REA;Actuadores;3140CA029;15:30;15:35;5;Equipment Fault;EOL;General;Safety system;reset crio,,,,,,
2025-04-16;REA;Actuadores;3140CA029;15:51;15:56;5;Quality;CHW;General;Scrapbox full;Scrapbox,,,,,,
2025-04-16;REA;Actuadores;3140CA029;16:06;16:09;3;Equipment Fault;Main conveyor;Main conveyor;Inductive sensor;piston de conveyor no abre,,,,,,
2025-04-16;REA;Actuadores;3140CA029;16:42;16:47;5;Maintenance;CHW;St4;Pressor;cambio de puntas St4,,,,,,
2025-04-16;REA;Actuadores;3140CA029;17:01;17:03;2;Quality;Robots;R38;Waiting for spare part;motor al revez,,,,,,
2025-04-16;REA;Actuadores;3140CA029;17:18;17:18;0;Equipment Fault;Main conveyor;Main conveyor;Inductive sensor;piston no abre,,,,,,
2025-04-16;REA;Actuadores;3140CA029;17:30;17:34;4;Production;Main conveyor;General;NOK material;falta de material (cover),,,,,,
2025-04-15;REA;Actuadores;3140CA029;07:00;07:37;37;Quality;REA;General;SOP;Liberacion,,,,,,
2025-04-15;REA;Actuadores;3140CA029;08:04;08:10;6;Equipment Fault;CHW;St4;Pressor;Cmabio de goma pressor,,,,,,
2025-04-15;REA;Actuadores;3140CA029;08:15;08:16;1;Equipment Fault;Conveyors;General;Waiting for spare part;pallet atorado en lift,,,,,,
2025-04-15;REA;Actuadores;3140CA029;08:20;08:21;1;Quality;731;731;Feed piston;pin inclinado,,,,,,
2025-04-15;REA;Actuadores;3140CA029;08:37;08:38;1;Equipment Fault;Robots;R70;Waiting for spare part;gripper no abre (4),,,,,,
2025-04-15;REA;Actuadores;3140CA029;09:03;09:05;2;Equipment Fault;Robots;R75;Waiting for spare part;gripper no abre (4),,,,,,
2025-04-15;REA;Actuadores;3140CA029;09:25;09:26;1;Equipment Fault;Main conveyor;Main conveyor;Inductive sensor;pin inclinado,,,,,,
2025-04-15;REA;Actuadores;3140CA029;09:38;09:39;1;Equipment Fault;Conveyors;General;Waiting for spare part;pallet atorado,,,,,,
2025-04-15;REA;Actuadores;3140CA029;10:00;10:15;15;Maintenance;CHW;St4;Pressor;cambio de puntas de pressor,,,,,,
2025-04-15;REA;Actuadores;3140CA029;10:37;10:38;1;Equipment Fault;Robots;R75;Waiting for spare part;gripper no abre,,,,,,
2025-04-15;REA;Actuadores;3140CA029;11:18;11:19;1;Equipment Fault;Robots;R80;Waiting for spare part;gripper (1) no abrio,,,,,,
2025-04-15;REA;Actuadores;3140CA029;11:32;11:33;1;Maintenance;USW;St14;Lower Jig;Limpieza,,,,,,
2025-04-15;REA;Actuadores;3140CA029;12:12;12:13;1;Equipment Fault;Robots;R75;Gripper/tool adjustments;Gripper no abre,,,,,,
2025-04-15;REA;Actuadores;3140CA029;12:20;12:22;2;Quality;USW;St14;Lower Jig;Alto scrap,,,,,,
2025-04-15;REA;Actuadores;3140CA029;13:34;13:35;1;Equipment Fault;731;731;Bowl/Lineal feeder;Pin inclinado,,,,,,
2025-04-15;REA;Actuadores;3140CA029;14:38;14:40;2;Equipment Fault;CHW;St4;Pressor;Limpieza,,,,,,
2025-04-15;REA;Actuadores;3140CA029;14:42;14:43;1;Equipment Fault;Main conveyor;Main conveyor;RFID Reader;Pallet atorado,,,,,,
2025-04-15;REA;Actuadores;3140CA029;14:45;14:46;1;Equipment Fault;Robots;R80;Gripper/tool adjustments;Gripper no abre,,,,,,
2025-04-16;REA;Actuadores;3140CA029;22:35;22:47;12;Maintenance;REA;General;Checklist;Checklist,,,,,,
2025-04-16;REA;Actuadores;3140CA029;23:04;23:06;2;Equipment Fault;915;915;Missing ogive;Ogiva caida,,,,,,
2025-04-16;REA;Actuadores;3140CA029;23:24;23:29;5;Equipment Fault;CHW;St4;Pressor;Soldadura NOK, ajuste pressor,,,,,
2025-04-17;REA;Actuadores;3140CA029;00:29;00:33;4;Quality;USW;General;NOK material;Body con bushing salido se atasca en sonotrodo causando colision y alarma,,,,,,
2025-04-17;REA;Actuadores;3140CA029;00:41;00:47;6;Equipment Fault;EOL;St4;CRIO NOK;Crio no responde, se reinicia en NI,,,,,
2025-04-17;REA;Actuadores;3140CA029;00:49;00:53;4;Equipment Fault;CAW;General;Software/PC;App no responde,,,,,,
2025-04-17;REA;Actuadores;3140CA029;03:41;03:43;2;Equipment Fault;USW;General;NOK material;Pieza copn bushing fuera atascada en sonotrodo,,,,,,
2025-04-17;REA;Actuadores;3140CA029;05:02;05:11;9;Maintenance;REA;General;Checklist;Checklist 1000 pz,,,,,,
2025-04-17;REA;Actuadores;3140CA029;05:20;05:24;4;Maintenance;CCC;Consumables;Resin;Cambio resina,,,,,,
2025-04-17;REA;Actuadores;3140CA029;05:17;05:20;3;Maintenance;CHW;Consumables;Chip reel;Cambio chip reel,,,,,,
2025-04-17;REA;Actuadores;3140CA029;06:20;06:31;11;Material/Logistics;MAT;General;Empty conveyor/feeder;Sin grasa en el area,,,,,,
2025-04-17;REA;Actuadores;3140CA029;07:00;07:27;27;Quality;REA;General;Test approval;liberacion y checklist,,,,,,
2025-04-17;REA;Actuadores;3140CA029;07:35;07:40;5;Equipment Fault;CAW;General;Software/PC;no continuo ciclo,,,,,,
2025-04-17;REA;Actuadores;3140CA029;08:40;08:42;2;Maintenance;CHW;St4;Pressor;limpieza de pines,,,,,,
2025-04-17;REA;Actuadores;3140CA029;08:50;08:52;2;Quality;CHW;General;Scrapbox full;,,,,,,
2025-04-17;REA;Actuadores;3140CA029;09:05;09:10;5;Maintenance;EOL;St4;CRIO NOK;reinicio de crio,,,,,,
2025-04-17;REA;Actuadores;3140CA029;10:20;10:30;10;Maintenance;EOL;St4;Gripper NOK;ajuste de gripper, ciclo lento,,,,,
2025-04-17;REA;Actuadores;3140CA029;10:42;10:47;5;Equipment Fault;CAW;CPA;Feeder;crank atorado en feeder,,,,,,
2025-04-17;REA;Actuadores;3140CA029;10:55;10:56;1;Production;Conveyors;C31;Presence sensor;blister llenos en conveyor de retorno,,,,,,
2025-04-17;REA;Actuadores;3140CA029;10:56;10:58;2;Maintenance;CHW;St4;Pressor;limpieza,,,,,,
2025-04-17;REA;Actuadores;3140CA029;12:00;12:30;30;Production;REA;General;;paro de linea para comer,,,,,,
2025-04-17;REA;Actuadores;3140CA029;12:40;12:41;1;Equipment Fault;Main conveyor;Main conveyor;Lock NOK;pallet atorado por locking,,,,,,
2025-04-17;REA;Actuadores;3140CA029;13:20;13:30;10;Maintenance;EOL;St4;Gripper NOK;ajuste de gripper alto scrap,,,,,,
2025-04-17;REA;Actuadores;3140CA029;13:33;13:35;2;Production;Conveyors;C37;Presence sensor;sin material en banda,,,,,,
2025-04-17;REA;Actuadores;3140CA029;13:43;13:45;2;Quality;MAT;General;Scrapbox full;,,,,,,
2025-04-17;REA;Actuadores;3140CA029;14:56;14:57;1;Maintenance;CHW;Consumables;Argon;cambio de argon,,,,,,
2025-04-21;REA;Actuadores;3140CA029;07:49;07:50;1;Equipment Fault;Aux;710;NOK material;motor en posision incorrecta,,,,,,
2025-04-21;REA;Actuadores;3140CA029;09:05;09:10;5;Equipment Fault;CAW;Jig/Index;Blade orienter actuator;Se queda extendido, se regula presion,,,,,
2025-04-21;REA;Actuadores;3140CA029;07:00;07:16;16;Production;REA;General;Wrong PN;Crank mezclado, alenta proceso de SOP,,,,,
2025-04-21;REA;Actuadores;3140CA029;07:16;07:33;17;Quality;REA;General;SOP;Esperando liberacion (lunes),,,,,,
2025-04-21;REA;Actuadores;3140CA029;08:03;08:08;5;Equipment Fault;MSA;MSA;Sensor de presencia;No continua ciclo, se ajusta posicion y se reinicia estacion,,,,,
2025-04-21;REA;Actuadores;3140CA029;08:35;08:37;2;Equipment Fault;MAT;St3;Feeder;Tornillos atorados,,,,,,
2025-04-21;REA;Actuadores;3140CA029;11:12;11:14;2;Equipment Fault;731;731;Bowl/Lineal feeder;Sin pin, reiniciar estacion,,,,,
2025-04-21;REA;Actuadores;3140CA029;13:40;13:42;2;Maintenance;CHW;Consumables;Chip reel;cambio de chip,,,,,,
2025-04-21;REA;Actuadores;3140CA029;11:19;11:24;5;Equipment Fault;EOL;General;Software/PC;No continua ciclo de st2 y st4, se reinicia app,,,,,
2025-04-21;REA;Actuadores;3140CA029;11:30;11:40;10;Equipment Fault;EOL;General;TBD;Test O. No repetir st.4,,,,,,
2025-04-21;REA;Actuadores;3140CA029;12:30;12:50;20;Equipment Fault;CAW;General;Software/PC;No continua ciclo, sin memoria, back up pendientes,,,,
2025-04-21;REA;Actuadores;3140CA029;22:30;22:40;10;Maintenance;REA;General;Checklist;Checklist,,,,,,
2025-04-21;REA;Actuadores;3140CA029;23:10;23:20;10;Equipment Fault;CAW;General;Software/PC;Aplicacion se queda congelada,,,,,,
2025-04-21;REA;Actuadores;3140CA029;11:40;11:45;5;Equipment Fault;CAW;CPA;SCARA;Robot se queda para al agarrar crank, no continua secuencia,,,,,
2025-04-21;REA;Actuadores;3140CA029;23:48;23:54;6;Equipment Fault;USW;St11;Weld NOK;Se cambia esponja por alto scrap en soldadura,,,,,,
2025-04-22;REA;Actuadores;3140CA029;01:12;01:16;4;Equipment Fault;Conveyors;C36;Actuator NOK;No permite avanzar a los blisters, se mueve la valvula de forma manual, esto se repite nuevamente,,,,
2025-04-22;REA;Actuadores;3140CA029;02:18;02:26;8;Equipment Fault;Robots;R80;Gripper/tool adjustments;Gripper 1 suelta pieza, se ajusta mecanicamente,,,,,
2025-04-22;REA;Actuadores;3140CA029;05:14;05:22;8;Equipment Fault;USW;St11;Weld NOK;Spike scrap alto,,,,,,
2025-04-22;REA;Actuadores;3140CA029;05:31;05:36;5;Equipment Fault;EOL;St1;DM reader;Lector DM Body sucio, falla inspeccion. Se limpia, se configura en auto el lector,,,,
2025-04-22;REA;Actuadores;3140CA029;05:55;06:00;5;Equipment Fault;EOL;St4;CRIO NOK;]Crio no responde, reinicio,,,,,
2025-04-22;REA;Actuadores;3140CA029;06:06;06:11;5;Equipment Fault;EOL;St1;DM reader;Viruta cae sobre lector de DM, scrap consecutivo, se detecta hasta que todos los jigs estan rechazados y tira la primera pieza,,,,
2025-04-22;REA;Actuadores;3140CA029;07:00;07:15;15;Maintenance;REA;General;Scheduled maintenance;Checklist Diario,,,,,,
2025-04-22;REA;Actuadores;3140CA029;07:15;08:10;55;Equipment Fault;USW;St11;Weld NOK;Scraps continuos desde turno anterior presenta problemas, ajuste de parametros despues de prueba de burbuja,,,,,
2025-04-22;REA;Actuadores;3140CA029;08:28;09:02;34;Equipment Fault;USW;St11;Weld NOK;Scraps continuos, ajuste de parametros y pruebas,,,,,
2025-04-22;REA;Actuadores;3140CA029;10:00;10:40;40;Equipment Fault;CHW;St3;Thermodo;Ajuste de heatstake O.,,,,,,
2025-04-22;REA;Actuadores;3140CA029;14:46;15:00;14;Equipment Fault;CHW;St4;Pressor;Scraps, cambio de puntas,,,,,
2025-04-22;REA;Actuadores;3140CA029;02:55;03:36;41;Equipment Fault;USW;St11;Weld NOK;Spike scrap al 70%+. Se cambia goma, se limpia jig st14, se revisa oring, se hace jig test,,,
2025-04-22;REA;Actuadores;3140CA029;10:40;10:53;13;Equipment Fault;915;915;Vision system;Camara nok, ajustar posicion y herramientas,,,,,
2025-04-22;REA;Actuadores;3140CA029;11:04;12:50;106;Equipment Fault;CHW;St3;Thermodo;Cambio de termodo, se prueban nuevos electrodos,,,,,
2025-04-22;REA;Actuadores;3140CA029;12:50;14:00;70;Equipment Fault;USW;St11;Weld NOK;Soldadura NOK, ajuste de parametros, se quita pretrigger O.,,,,
2025-04-22;REA;Actuadores;3140CA029;01:24;01:31;7;Equipment Fault;Main conveyor;Main conveyor;Inductive sensor;Sensor inductivo conveyor inferior Z1-2 falla, pallets se atoran repetitivo, se ajusta sensor,,,,
2025-04-22;REA;Actuadores;3140CA029;15:12;16:40;88;Maintenance;REA;General;Safety system;Ajustes,,,,,,
2025-04-22;REA;Actuadores;3140CA029;17:21;17:23;2;Equipment Fault;CHW;St2;SCARA Pick/Place;chip atorado,,,,,,
2025-04-22;REA;Actuadores;3140CA029;17:35;17:38;3;Equipment Fault;730;730;Presence sensor;pin atorado,,,,,,
2025-04-22;REA;Actuadores;3140CA029;18:09;18:11;2;Maintenance;CHW;St4;Actuator;limpieza lente,,,,,,
2025-04-22;REA;Actuadores;3140CA029;18:21;18:24;3;Maintenance;CHW;St4;Pressor;limpieza de pines,,,,,,
2025-04-22;REA;Actuadores;3140CA029;18:33;18:35;2;Equipment Fault;731;731;Feed piston;pin doble,,,,,,
2025-04-22;REA;Actuadores;3140CA029;18:46;18:49;3;Equipment Fault;750;750;Feed piston;body atorado,,,,,,
2025-04-22;REA;Actuadores;3140CA029;19:16;19:18;2;Quality;CHW;General;Scrapbox full;scrap lleno,,,,,,
2025-04-22;REA;Actuadores;3140CA029;19:20;19:22;2;Maintenance;CHW;St3;Thermodo;limpieza por rebaba,,,,,,
2025-04-22;REA;Actuadores;3140CA029;22:31;22:39;8;Maintenance;REA;General;Checklist;Checklist,,,,,,
2025-04-22;REA;Actuadores;3140CA029;22:42;23:05;23;Equipment Fault;CHW;St3;Thermodo;Diferencia de temperatura en termopares, cable NOK, se inspecciona para encontrar causa raiz, se repara conexión,,,
2025-04-22;REA;Actuadores;3140CA029;23:15;23:59;44;Equipment Fault;Robots;R80;Module error;Gripper atascado con pieza mal colocado, no es posible retirarla. Al continuar esto vuelve a suceder, pieza se mueve en el trayecto y golpea en jig de EOL al bajar, causando que se atasque mas en el gripper,,,
2025-04-23;REA;Actuadores;3140CA029;00:00;00:15;15;Equipment Fault;Robots;R80;Gripper/tool adjustments;Continuacion del paro de gripper 2 de R80 que no toma correctamente la pieza y/o se atasca,,,,,,
2025-04-22;REA;Actuadores;3140CA029;23:06;23:08;2;Equipment Fault;Main conveyor;Main conveyor;Singulator NOK;Pallet quedo enmedio del singulator antes de la operacion de gear 2,,,,,,
2025-04-23;REA;Actuadores;3140CA029;00:21;00:22;1;Equipment Fault;Main conveyor;Main conveyor;Singulator NOK;Pallet atorado en sing antes de insercion de g3,,,,,,
2025-04-23;REA;Actuadores;3140CA029;01:54;01:55;1;Equipment Fault;Main conveyor;Main conveyor;Singulator NOK;Pallet atorado, se identifica que es petetible el numero de pallet, se retira pallet 65,,,,
2025-04-23;REA;Actuadores;3140CA029;01:42;01:48;6;Equipment Fault;CHW;St4;Pressor;Scrap alto, ajuste,,,,,
2025-04-23;REA;Actuadores;3140CA029;05:40;05:51;11;Equipment Fault;USW;St11;Weld NOK;Se habia mantenido desde la ultima intervencion (500pz atras) scrap del 0.5%, se da un spike de scrap en el que aumenta sustancialmente, piezas se observan quemadas con los mismos parametros que estaba corriendo anteriormente. Se redice colapso de 1 a .98 y amplitud de 70 a 68,,,,
2025-04-23;REA;Actuadores;3140CA029;06:05;06:11;6;Equipment Fault;CHW;St4;Pressor;Soldadura inestable, todo se ve correcto, píezas perfectamente soldadas seguidas de piezas mal soldadas. Se intentan multiples ajustes a lo largo del turno,,,,
2025-04-23;REA;Actuadores;3140CA029;06:14;06:18;4;Equipment Fault;USW;St14;Lower Jig;Goma dañada, scrap alto,,,,,
2025-04-23;REA;Actuadores;3140CA029;05:59;06:03;4;Equipment Fault;MSA;General;PLC ;Robot intenta poner MS y gear a pieza que ya los tiene, se sospecha se origina en el problema  de las dos lineas en paro y secuencia perdida (que el pallet haya dado vuelta),,,,,
2025-04-23;REA;Actuadores;3140CA029;06:37;06:50;13;Equipment Fault;EOL;General;Software/PC;PC se reinicia por actualizacion,,,,,,
2025-04-23;REA;Actuadores;3140CA029;06:50;06:53;3;Quality;EOL;General;Scrapbox full;Scrap lleno,,,,,,
2025-04-23;REA;Actuadores;3140CA029;04:23;05:06;43;Equipment Fault;REA;General;TBD;Se paran ambos lados de la linea, colocandose en manual, sin intervencion humana. Al querer restablecer se ha perdido la secuencia, robots intentan colocar material en palets que tienen piezas, otras estaciones no continuan. Es necesario comenzar a mover en manual y replicar condiciones para reestablecer la lina,,
2025-04-23;REA;Actuadores;3140CA029;01:04;01:06;2;Equipment Fault;Main conveyor;Main conveyor;Singulator NOK;Pallet atorado en sing 8,,,,,,
2025-04-23;REA;Actuadores;3140CA029;00:24;01:01;37;Equipment Fault;USW;St11;Weld NOK;Scrap alto, turno anterior 15%, recien arrancado la linea tras otras intervenciones se mantiene ese scrap del 15-20%. Se hace prueba de burbuja, se revisa alineacion. Se ajusta colapso de  0.98 a 1, amplitud de 68 a 70, downspeed de 45 a 40, pretrigger de off a on en 60%
2025-04-23;REA;Actuadores;3140CA029;21:00;21:01;1;Equipment Fault;750;750;Feed piston;body atorado en prensa,,,,,,
2025-04-23;REA;Actuadores;3140CA029;00:16;00:20;4;Equipment Fault;EOL;St4;CRIO NOK;Crio no responde en st4 y st2, reinicio,,,,,
2025-04-23;REA;Actuadores;3140CA029;07:00;07:25;25;Maintenance;REA;General;Checklist;Mantenimiento general, ajuste principal en pressor CHW,,,,,
2025-04-23;REA;Actuadores;3140CA029;07:40;08:30;50;Equipment Fault;USW;St11;Weld NOK;Scraps continuos, ajuste de parametros,,,,,
2025-04-23;REA;Actuadores;3140CA029;12:12;12:13;1;Equipment Fault;CHW;St3;Thermodo;timeout,,,,,,
2025-04-23;REA;Actuadores;3140CA029;12:33;13:29;56;Equipment Fault;CHW;St4;Pressor;soldadura nok, ajustes mecanicos en cilindro,,,,,
2025-04-23;REA;Actuadores;3140CA029;12:17;12:19;2;Quality;CHW;General;Scrapbox full;Scrapbox,,,,,,
2025-04-21;REA;Actuadores;3140CA029;15:25;15:30;5;Material/Logistics;CHW;St5;Vision system;cover con codigo QR defectuoso,,,,,,
2025-04-21;REA;Actuadores;3140CA029;15:33;15:38;5;Equipment Fault;EOL;St4;CRIO NOK;falla crio,,,,,,
2025-04-21;REA;Actuadores;3140CA029;16:48;16:51;3;Equipment Fault;Main conveyor;Main conveyor;Inductive sensor;pallet atorado en sing,,,,,,
2025-04-21;REA;Actuadores;3140CA029;17:21;17:24;3;Quality;CHW;General;Scrapbox full;Scrapbox full,,,,,,
2025-04-21;REA;Actuadores;3140CA029;17:27;17:30;3;Maintenance;USW;General;Scrapbox full;alto scrap limpieza,,,,,,
2025-04-21;REA;Actuadores;3140CA029;18:17;18:19;2;Equipment Fault;Conveyors;C85;Presence sensor;blister atorado,,,,,,
2025-04-21;REA;Actuadores;3140CA029;18:47;18:50;3;Equipment Fault;CHW;General;NOK material;se detiene secuencia,,,,,,
2025-04-21;REA;Actuadores;3140CA029;19:40;19:44;4;Maintenance;CHW;General;Scrapbox full;alto scrap limpieza,,,,,,
2025-04-21;REA;Actuadores;3140CA029;21:01;21:04;3;Maintenance;USW;General;Scrapbox full;cambio de goma,,,,,,
2025-04-21;REA;Actuadores;3140CA029;21:33;21:34;1;Production;915;915;Dart sensor;motor invertido,,,,,,
2025-04-21;REA;Actuadores;3140CA029;21:39;21:41;2;Equipment Fault;Main conveyor;Main conveyor;Inductive sensor;pallet atorado en sing,,,,,,
2025-04-21;REA;Actuadores;3140CA029;21:43;21:45;2;Equipment Fault;Main conveyor;Main conveyor;Inductive sensor;pallet no detecta RFID,,,,,,
2025-04-21;REA;Actuadores;3140CA029;22:19;22:22;3;Maintenance;USW;General;Scrapbox full;alto scrap limpieza,,,,,,
2025-04-23;REA;Actuadores;3140CA029;15:42;15:44;2;Equipment Fault;Robots;R65;Vacuum system;vacuum off,,,,,,
2025-04-23;REA;Actuadores;3140CA029;15:48;15:53;5;Maintenance;CHW;Consumables;Chip reel;cambio de carrete de chip,,,,,,
2025-04-23;REA;Actuadores;3140CA029;16:08;16:10;2;Equipment Fault;Main conveyor;Main conveyor;Inductive sensor;se atora pallet en sing,,,,,,
2025-04-23;REA;Actuadores;3140CA029;16:44;16:47;3;Equipment Fault;730;730;Presence sensor;sensor no detecta pallet,,,,,,
2025-04-23;REA;Actuadores;3140CA029;17:32;17:37;5;Quality;CHW;General;Scrapbox full;Scrapbox full,,,,,,
2025-04-23;REA;Actuadores;3140CA029;17:41;17:44;3;Equipment Fault;730;730;Presence sensor;sensor no detecta pallet,,,,,,
2025-04-23;REA;Actuadores;3140CA029;16:49;16:52;3;Equipment Fault;730;730;Presence sensor;sensor no detecta pallet,,,,,,
2025-04-23;REA;Actuadores;3140CA029;17:56;18:00;4;Equipment Fault;730;730;Presence sensor;sensor no detecta pallet,,,,,,
2025-04-23;REA;Actuadores;3140CA029;18:03;18:05;2;Maintenance;Main conveyor;Main conveyor;Inductive sensor;arranque linea,,,,,,
2025-04-17;REA;Actuadores;3140CA029;15:05;15:08;3;Equipment Fault;Robots;R33;Motion supervision/Joint collision;motion sup cplisiono con jig CHW,,,,,,
2025-04-21;REA;Actuadores;3140CA029;23:32;23:37;5;Maintenance;USW;St14;Lower Jig;Limpieza de jig por alto scrap,,,,,,
2025-04-15;REA;Actuadores;3140CA029;21:42;21:44;2;Equipment Fault;731;731;Feed piston;pallet atorado,,,,,,
2025-04-21;REA;Actuadores;3140CA029;20:37;20:40;3;Maintenance;CHW;Consumables;Argon;cambio de tambo,,,,,,
2025-04-17;REA;Actuadores;3140CA029;16:09;16:11;2;Equipment Fault;EOL;St2;Gripper NOK;St2,,,,,,
2025-04-17;REA;Actuadores;3140CA029;16:17;16:19;2;Quality;EOL;General;Scrapbox full;scrap,,,,,,
2025-04-17;REA;Actuadores;3140CA029;17:20;17:25;5;Quality;CCC;General;Scrapbox full;scrapfull,,,,,,
2025-04-17;REA;Actuadores;3140CA029;17:30;17:35;5;Maintenance;CHW;St4;Pressor;cambio de puntas,,,,,,
2025-04-17;REA;Actuadores;3140CA029;17:37;17:40;3;Quality;731;731;Feed piston;doble pin,,,,,,
2025-04-17;REA;Actuadores;3140CA029;18:12;18:15;3;Quality;EOL;General;Scrapbox full;scrapfull,,,,,,
2025-04-17;REA;Actuadores;3140CA029;18:20;18:23;3;Maintenance;CCC;Consumables;Resin;cambio de resina,,,,,,
2025-04-17;REA;Actuadores;3140CA029;18:33;18:35;2;Equipment Fault;EOL;St2;Gripper NOK;falla St2,,,,,,
2025-04-17;REA;Actuadores;3140CA029;18:40;18:45;5;Equipment Fault;EOL;General;Safety system;reinicio de crio,,,,,,
2025-04-17;REA;Actuadores;3140CA029;19:12;19:14;2;Maintenance;CHW;St3;Thermodo;limpieza,,,,,,
2025-04-17;REA;Actuadores;3140CA029;19:18;19:20;2;Equipment Fault;Main conveyor;Main conveyor;Lift;lift 24 no avanza,,,,,,
2025-04-17;REA;Actuadores;3140CA029;20:00;20:30;30;Production;REA;General;NOK material;comida,,,,,,
2025-04-21;REA;Actuadores;3140CA029;19:30;19:40;10;Maintenance;CHW;St4;Pressor;cambio de pines,,,,,,
2025-04-21;REA;Actuadores;3140CA029;22:30;22:56;26;Equipment Fault;EOL;St1;DM reader;Sensor no leia correctamente codigo QR, se calibra,,,,,
2025-04-21;REA;Actuadores;3140CA029;23:08;23:13;5;Quality;CHW;General;Scrapbox full;Scrapbox Full,,,,,,
2025-04-21;REA;Actuadores;3140CA029;23:15;23:21;6;Maintenance;REA;General;Checklist;Checklist,,,,,,
2025-04-21;REA;Actuadores;3140CA029;23:36;23:39;3;Production;Robots;R65;NOK material;Gear volteado causa colision,,,,,,
2025-04-21;REA;Actuadores;3140CA029;23:48;23:52;4;Equipment Fault;EOL;St4;CRIO NOK;Se reinicia crio,,,,,,
2025-04-21;REA;Actuadores;3140CA029;23:52;23:53;1;Equipment Fault;CHW;St2;SCARA Pick/Place;Robot no agarra corectamente el chip,,,,,,
2025-04-21;REA;Actuadores;3140CA029;23:54;23:56;2;Equipment Fault;Main conveyor;Main conveyor;Lift;Se reinicia ciclo porque no continuaba,,,,,,
2025-04-24;REA;Actuadores;3140CA029;00:10;00:15;5;Equipment Fault;Robots;R80;Gripper/tool adjustments;Robot no abre correctamento el gripper,,,,,,
2025-04-24;REA;Actuadores;3140CA029;01:15;01:18;3;Production;Robots;R70;NOK material;gear en blister equivocado, estaba al reves,,,,,
2025-04-24;REA;Actuadores;3140CA029;01:22;01:24;2;Maintenance;USW;St14;Lower Jig;Limpieza de jig por rebaba,,,,,,
2025-04-24;REA;Actuadores;3140CA029;01:35;01:38;3;Maintenance;CHW;General;Scheduled maintenance;Checklist,,,,,,
2025-04-24;REA;Actuadores;3140CA029;02:03;02:09;6;Equipment Fault;CHW;St4;Pressor;Se limpian y liman puntas de pressor por alto scrap, puntas estaban dosparejas,,,,,
2025-04-24;REA;Actuadores;3140CA029;02:30;02:32;2;Equipment Fault;Robots;R80;Gripper/tool adjustments;Gripper no abre correctamente,,,,,,
2025-04-24;REA;Actuadores;3140CA029;02:35;02:45;10;Quality;CHW;St1;DM reader;Cover sin codigo y otras piezas con grabado en mal estado,,,,,,
2025-04-24;REA;Actuadores;3140CA029;03:01;03:02;1;Equipment Fault;CHW;St3;Thermodo;Time out st 3,,,,,,
2025-04-24;REA;Actuadores;3140CA029;03:50;03:56;6;Maintenance;REA;General;Checklist;Checklist a caw y usw,,,,,,
2025-04-24;REA;Actuadores;3140CA029;04:25;04:27;2;Equipment Fault;Main conveyor;Main conveyor;Inductive sensor;Sensor no detectaba pallet,,,,,,
2025-04-24;REA;Actuadores;3140CA029;04:32;04:34;2;Equipment Fault;620;620;Presence sensor;Sensor no detectaba pieza,,,,,,
2025-04-24;REA;Actuadores;3140CA029;04:38;04:40;2;Equipment Fault;Robots;R65;Vacuum system;Vacumm off,,,,,,
2025-04-24;REA;Actuadores;3140CA029;04:54;05:19;25;Equipment Fault;Robots;R70;Motion supervision/Joint collision;Se capa tornillo de base de convolute,,,,,,
2025-04-24;REA;Actuadores;3140CA029;05:36;05:39;3;Equipment Fault;USW;St14;Lower Jig;Limpieza de jig por scrap consecutivo, tenia rebaba,,,,,
2025-04-24;REA;Actuadores;3140CA029;05:52;05:58;6;Equipment Fault;CAW;Jig/Index;Ingun actuator;Se revisa ingun por alto scrap,,,,,,
2025-04-24;REA;Actuadores;3140CA029;06:05;06:07;2;Maintenance;USW;St14;Lower Jig;Se revisa jig por alto scrap usw, se hace limpieza,,,,,
2025-04-24;REA;Actuadores;3140CA029;06:15;06:23;8;Equipment Fault;USW;St11;Weld NOK;Se hace cambio de cinta en jig por desgaste.,,,,,,
2025-04-24;REA;Actuadores;3140CA029;06:28;06:30;2;Equipment Fault;Robots;R65;Vacuum system;Vacuum off, se reincia,,,,,
2025-04-24;REA;Actuadores;3140CA029;13:28;13:34;6;Equipment Fault;CHW;St4;Pressor;Se sube pressor, reducir contacto,,,,,
2025-04-24;REA;Actuadores;3140CA029;07:00;07:10;10;Maintenance;REA;General;Checklist;Checklist diario,,,,,,
2025-04-24;REA;Actuadores;3140CA029;13:02;13:10;8;Maintenance;CHW;Consumables;Chip reel;cambio de chip,,,,,,
2025-04-24;REA;Actuadores;3140CA029;14:05;14:10;5;Equipment Fault;CHW;St4;Pressor;scraps continuos, ajuste de posicion pressor,,,,,
2025-04-24;REA;Actuadores;3140CA029;12:40;12:45;5;Equipment Fault;Aux;;;915 Camara falla herramienta, se reduce area de inspeccion,,,,,
2025-04-24;REA;Actuadores;3140CA029;10:15;10:49;34;Equipment Fault;USW;St11;Weld NOK;Soldadura Nok, ajuste de parametros,,,,,
2025-04-24;REA;Actuadores;3140CA029;07:35;09:50;135;Equipment Fault;USW;St11;Weld NOK;Scraps continuos, revision de soldadura y ajuste de parametros,,,,,
2025-04-24;REA;Actuadores;3140CA029;14:30;14:33;3;Quality;CHW;General;Scrapbox full;En espera,,,,,,
2025-04-24;REA;Actuadores;3140CA029;11:58;12:03;5;Equipment Fault;CHW;St4;Pressor;Scraps continuos ajuste de presion, regular gas,,,,,
2025-04-21;REA;Actuadores;3140CA029;20:39;20:42;3;Production;REA;General;NOK material;Comida 30 min.,,,,,,
2025-04-21;REA;Actuadores;3140CA029;20:39;20:42;3;Maintenance;CHW;St4;Pressor;limpieza St3 y St4,,,,,,
2025-04-21;REA;Actuadores;3140CA029;20:45;20:50;5;Equipment Fault;CAW;General;Safety system;se alarma por sensro de ingun,,,,,,
2025-04-21;REA;Actuadores;3140CA029;20:55;21:02;7;Maintenance;CHW;St4;Pressor;ajuste,,,,,,
2025-04-21;REA;Actuadores;3140CA029;21:40;21:50;10;Equipment Fault;CHW;St3;Thermodo;Ajustes,,,,,,
2025-04-21;REA;Actuadores;3140CA029;22:00;22:05;5;Equipment Fault;Main conveyor;Main conveyor;Inductive sensor;falla del sensor inductivo,,,,,,
2025-04-21;REA;Actuadores;3140CA029;22:07;22:09;2;Maintenance;CHW;St4;Pressor;limpieza pines,,,,,,
2025-04-21;REA;Actuadores;3140CA029;22:10;22:20;10;Equipment Fault;Main conveyor;Main conveyor;Inductive sensor;falla sensor inductivo,,,,,,
2025-04-23;REA;Actuadores;3140CA029;18:28;18:31;3;Production;731;731;Feed piston;pin atorado,,,,,,
2025-04-23;REA;Actuadores;3140CA029;19:07;19:10;3;Equipment Fault;Main conveyor;Main conveyor;Lift;lift 24,,,,,,
2025-04-23;REA;Actuadores;3140CA029;19:16;19:20;4;Equipment Fault;Robots;R33;Waiting for spare part;choca con cover,,,,,,
2025-04-23;REA;Actuadores;3140CA029;19:47;19:49;2;Maintenance;CHW;St4;Pressor;limpieza,,,,,,
2025-04-23;REA;Actuadores;3140CA029;20:00;20:05;5;Equipment Fault;730;730;Feed piston;guia de [in chueca,,,,,,
2025-04-23;REA;Actuadores;3140CA029;20:20;20:22;2;Equipment Fault;Robots;R65;Vacuum system;vacuum off,,,,,,
2025-04-23;REA;Actuadores;3140CA029;21:34;21:44;10;Equipment Fault;EOL;General;Waiting for spare part;reset ala APP de EOL,,,,,,
2025-04-24;REA;Actuadores;3140CA029;16:48;16:53;5;Quality;CHW;General;Scrapbox full;Scrapbox full,,,,,,
2025-04-24;REA;Actuadores;3140CA029;17:06;17:08;2;Equipment Fault;731;731;Presence sensor;pin caido,,,,,,
2025-04-24;REA;Actuadores;3140CA029;17:11;17:17;6;Maintenance;CHW;St4;Pressor;Ajuste St4,,,,,,
2025-04-24;REA;Actuadores;3140CA029;17:20;17:26;6;Maintenance;CHW;St4;Pressor;Ajuste st4,,,,,,
2025-04-24;REA;Actuadores;3140CA029;17:29;17:35;6;Maintenance;CHW;General;NOK material;cambio de pines,,,,,,
2025-04-24;REA;Actuadores;3140CA029;17:38;17:40;2;Maintenance;CHW;St4;Pressor;Ajuste st4,,,,,,
2025-04-24;REA;Actuadores;3140CA029;17:57;18:02;5;Equipment Fault;EOL;General;Safety system;reset crio,,,,,,
2025-04-24;REA;Actuadores;3140CA029;18:04;18:06;2;Quality;CHW;General;Scrapbox full;scrapbox,,,,,,
2025-04-24;REA;Actuadores;3140CA029;19:15;19:17;2;Maintenance;MAT;St6;Grease sensor;se slio manguera de grasera,,,,,,
2025-04-24;REA;Actuadores;3140CA029;19:38;19:40;2;Equipment Fault;730;730;Feed piston;pallet atorado,,,,,,
2025-04-24;REA;Actuadores;3140CA029;20:06;20:11;5;Equipment Fault;CAW;Jig/Index;Presence sensor;ajuste del sensor,,,,,,
2025-04-24;REA;Actuadores;3140CA029;20:15;20:40;25;Maintenance;CAW;Jig/Index;Presence sensor;ajustes del sensero y cambio de balbul;a de aire,,,,,,
2025-04-24;REA;Actuadores;3140CA029;21:05;21:10;5;Maintenance;CAW;Jig/Index;Presence sensor;ajuste de sensor,,,,,,
2025-04-24;REA;Actuadores;3140CA029;21:17;21:21;4;Maintenance;CAW;Jig/Index;Presence sensor;Ajuste,,,,,,
2025-04-24;REA;Actuadores;3140CA029;21:34;21:37;3;Equipment Fault;Main conveyor;Main conveyor;Inductive sensor;pallet atorado,,,,,,
2025-04-24;REA;Actuadores;3140CA029;21:41;21:43;2;Equipment Fault;Main conveyor;Main conveyor;Inductive sensor;pallet atorado,,,,,,
2025-04-24;REA;Actuadores;3140CA029;21:44;21:46;2;Equipment Fault;731;731;Feed piston;pin chueco,,,,,,
2025-04-24;REA;Actuadores;3140CA029;22:00;22:02;2;Equipment Fault;Robots;R80;Waiting for spare part;gripper 1 no abre,,,,,,
2025-04-24;REA;Actuadores;3140CA029;21:26;21:39;13;Maintenance;CAW;Jig/Index;Presence sensor;Ajuste de sensor,,,,,,
2025-04-25;REA;Actuadores;3140CA029;00:00;00:05;5;Quality;CAW;Jig/Index;Blade orienter actuator;Se libera angulo de actuador por mantenimiento a blade,,,,,,
2025-04-25;REA;Actuadores;3140CA029;00:10;00:12;2;Equipment Fault;CHW;St3;Thermodo;St 3 time out,,,,,,
2025-04-25;REA;Actuadores;3140CA029;00:12;00:15;3;Equipment Fault;Main conveyor;Main conveyor;Singulator NOK;Pallet atorado,,,,,,
2025-04-25;REA;Actuadores;3140CA029;00:38;00:42;4;Equipment Fault;Main conveyor;Main conveyor;Inductive sensor;Sensor no detecta pallet y se atora en locking,,,,,,
2025-04-25;REA;Actuadores;3140CA029;00:54;00:59;5;Equipment Fault;USW;St11;Weld NOK;Se revisa jig de branson por alto scrap, se cambia esponja y cinta,,,,,
2025-04-25;REA;Actuadores;3140CA029;01:04;03:08;124;Equipment Fault;Robots;R75;Electrical system;Cable de sensores se trozan por friccion con convolute, se empatan y se protegen con cinta,,,,,
2025-04-25;REA;Actuadores;3140CA029;03:08;03:23;15;Equipment Fault;USW;St11;Weld NOK;Se revisa leak test y branson por alto scrap,,,,,,
2025-04-25;REA;Actuadores;3140CA029;03:23;03:43;20;Equipment Fault;CHW;St3;Thermodo;Scrap alto por st 3 time out, se revisa conexiones de termopares, cable no hacia totalmente contacto,,,,
2025-04-25;REA;Actuadores;3140CA029;04:05;04:09;4;Equipment Fault;Main conveyor;Main conveyor;Inductive sensor;Sensor no decteta correctamente y se atora pallet,,,,,,
2025-04-25;REA;Actuadores;3140CA029;04:11;04:16;5;Equipment Fault;Robots;R33;Motion supervision/Joint collision;Robot colisiona en st 1 al poner la pieza en chw,,,,,,
2025-04-25;REA;Actuadores;3140CA029;04:26;05:48;82;Equipment Fault;CHW;St3;Thermodo;Se estuvo revisando la falla de st3, se apreto tornilleria y conexiones electrica,,,,,
2025-04-25;REA;Actuadores;3140CA029;06:03;06:06;3;Equipment Fault;Main conveyor;Main conveyor;Singulator NOK;Se atora pallet en singulator,,,,,,
2025-04-25;REA;Actuadores;3140CA029;06:36;07:00;24;Equipment Fault;REA;General;Electrical system;paro por fallo en suministro de energia electrica,,,,,,
2025-04-25;REA;Actuadores;3140CA029;07:00;10:56;236;Equipment Fault;REA;General;Software/PC;restauracion de equipos y robots por falla en energia electrica, se pasaron masters en todas las estaciones,,,,,
2025-04-25;REA;Actuadores;3140CA029;10:56;12:38;102;Quality;REA;General;SOP;entrega de muestras y liberacion soladura nok profundidad,,,,,,
2025-04-25;REA;Actuadores;3140CA029;12:38;14:00;82;Quality;REA;General;SOP;entrega de muestras con ajuste(cambio de lente),,,,,,
2025-04-25;REA;Actuadores;3140CA029;15:00;16:30;90;Equipment Fault;CAW;General;Waiting for spare part;Ajuste y Liberacion,,,,,,
2025-04-25;REA;Actuadores;3140CA029;17:21;17:25;4;Maintenance;CHW;St1;Presence sensor;ajuste de camara,,,,,,
2025-04-25;REA;Actuadores;3140CA029;17:41;17:43;2;Equipment Fault;Conveyors;C36;Presence sensor;no abre pistones,,,,,,
2025-04-25;REA;Actuadores;3140CA029;17:59;18:04;5;Quality;CHW;General;Scrapbox full;scrapbox,,,,,,
2025-04-25;REA;Actuadores;3140CA029;18:28;18:31;3;Equipment Fault;Conveyors;C36;Presence sensor;no abre piston,,,,,,
2025-04-25;REA;Actuadores;3140CA029;18:47;18:52;5;Equipment Fault;Main conveyor;Main conveyor;Lift;lift z4 pego en motor, se ajusto,,,,,
2025-04-25;REA;Actuadores;3140CA029;19:42;19:51;9;Equipment Fault;EOL;St3;Gripper NOK;St3 no respondia,,,,,,
2025-04-25;REA;Actuadores;3140CA029;20:38;20:41;3;Maintenance;CHW;Consumables;Argon;cambio de tanque,,,,,,
2025-04-25;REA;Actuadores;3140CA029;22:17;22:19;2;Equipment Fault;731;731;Feed piston;pin caido,,,,,,
2025-04-25;REA;Actuadores;3140CA029;22:24;22:27;3;Maintenance;CHW;St3;Gefran module;limpieza St3,,,,,,
2025-04-25;REA;Actuadores;3140CA029;23:30;23:35;5;Production;CHW;Consumables;Chip reel;Cambio de chip,,,,,,
2025-04-25;REA;Actuadores;3140CA029;22:56;23:02;6;Maintenance;REA;General;Checklist;Checklist,,,,,,
2025-04-25;REA;Actuadores;3140CA029;23:07;23:10;3;Maintenance;Robots;R70;Vacuum system;Cambio de ventosas,,,,,,
2025-04-25;REA;Actuadores;3140CA029;23:40;23:44;4;Equipment Fault;Robots;R75;Motion supervision/Joint collision;Robot ensambla mal el cover en body,,,,,,
2025-04-25;REA;Actuadores;3140CA029;00:03;00:05;2;Equipment Fault;CHW;St3;Thermodo;time out,,,,,,
2025-04-25;REA;Actuadores;3140CA029;00:06;00:10;4;Quality;CHW;General;Scrapbox full;Scrabox full,,,,,,
2025-04-25;REA;Actuadores;3140CA029;00:36;00:38;2;Equipment Fault;CHW;St3;Thermodo;gap de temperatura,,,,,,
2025-04-26;REA;Actuadores;3140CA029;02:05;02:10;5;Equipment Fault;REA;General;Checklist;Checklist,,,,,,
2025-04-26;REA;Actuadores;3140CA029;02:34;02:35;1;Equipment Fault;CHW;St3;Thermodo;gat temperatura,,,,,,
2025-04-26;REA;Actuadores;3140CA029;02:50;03:06;16;Equipment Fault;MSA;MSA;Driver;No restablecia. se alarmaba,,,,,,
2025-04-26;REA;Actuadores;3140CA029;03:10;03:13;3;Maintenance;CHW;General;Scheduled maintenance;Checklist,,,,,,
2025-04-26;REA;Actuadores;3140CA029;04:18;04:22;4;Equipment Fault;CHW;St3;Gefran module;Gap de temperatura,,,,,,
2025-04-26;REA;Actuadores;3140CA029;04:25;04:30;5;Maintenance;REA;General;Checklist;Checklist a caw,,,,,,
2025-04-26;REA;Actuadores;3140CA029;04:30;04:35;5;Equipment Fault;EOL;St4;CRIO NOK;Se reinicia crio,,,,,,
2025-04-26;REA;Actuadores;3140CA029;04:35;04:42;7;Equipment Fault;CHW;St3;Thermodo;Scrap por time out,,,,,,
2025-04-26;REA;Actuadores;3140CA029;04:52;04:54;2;Equipment Fault;CHW;St3;Thermodo;time out,,,,,,
2025-04-26;REA;Actuadores;3140CA029;05:05;05:10;5;Production;Robots;R33;;operador mete mal blister de cover y robot colisiona,,,,,,
2025-04-26;REA;Actuadores;3140CA029;05:17;05:20;3;Equipment Fault;Main conveyor;Main conveyor;Lock NOK;Pallet atorado,,,,,,
2025-04-26;REA;Actuadores;3140CA029;06:02;06:05;3;Maintenance;USW;St14;Lower Jig;Se limpia gomas por rebaba generaba scrap,,,,,,
2025-04-26;REA;Actuadores;3140CA029;06:15;06:17;2;Equipment Fault;Conveyors;C36;Guides ;Guias atoraban blister, no avanzaba,,,,,
2025-04-26;REA;Actuadores;3140CA029;06:33;06:36;3;Equipment Fault;CHW;St4;Pressor;Limpieza de pressor por scrap,,,,,,
2025-04-26;REA;Actuadores;3140CA029;06:18;06:21;3;Equipment Fault;Main conveyor;Main conveyor;Singulator NOK;Pallet atorado, se tira pallet de linea por atorarse repetidas ocasiones,,,,,
2025-04-26;REA;Actuadores;3140CA029;07:21;07:25;4;Maintenance;CCC;Consumables;Resin;Cambio,,,,,,
2025-04-25;REA;Actuadores;3140CA029;17:49;17:55;6;Equipment Fault;MSA;MSA;Sensor de presencia;no detecta magne,,,,,,
2025-04-24;REA;Actuadores;3140CA029;22:44;23:59;75;Quality;CAW;Jig/Index;Blade orienter actuator;Se manda a liberar angulo a actuador por mantenimiento a blade,,,,,,
2025-04-24;REA;Actuadores;3140CA029;03:40;03:46;6;Equipment Fault;Main conveyor;Main conveyor;Inductive sensor;Sensor no detecta pallet,,,,,,
2025-04-22;REA;Actuadores;3140CA029;23:01;23:05;4;Equipment Fault;CHW;St4;Pressor;Soldadura inestable,,,,,,
2025-04-26;REA;Actuadores;3140CA029;11:03;11:04;1;Equipment Fault;Robots;R75;Gripper/tool adjustments;Se atora gripper,,,,,,
2025-04-26;REA;Actuadores;3140CA029;11:20;11:25;5;Maintenance;CHW;Consumables;Argon;Se acaba argon, tanques vacios mal etiquetados,,,,,
2025-04-26;REA;Actuadores;3140CA029;13:01;13:03;2;Equipment Fault;Robots;R80;Gripper/tool adjustments;gripper no abrio,,,,,,
2025-04-26;REA;Actuadores;3140CA029;13:36;13:37;1;Equipment Fault;Robots;R75;Incorrect pick/place;Falla al abrir gripper en place de cover,,,,,,
2025-04-26;REA;Actuadores;3140CA029;12:45;12:48;3;Equipment Fault;Robots;R70;Vacuum system;cambio de ventosas,,,,,,
2025-04-26;REA;Actuadores;3140CA029;14:23;14:24;1;Equipment Fault;Main conveyor;Main conveyor;Singulator NOK;pallet atorado por singulator,,,,,,
2025-04-26;REA;Actuadores;3140CA029;15:15;15:19;4;Equipment Fault;CAW;LWS;NOK Condition;no resacciona,,,,,,
2025-04-26;REA;Actuadores;3140CA029;15:33;15:36;3;Equipment Fault;CAW;LWS;NOK Condition;no reacciona,,,,,,
2025-04-26;REA;Actuadores;3140CA029;15:48;15:51;3;Equipment Fault;CAW;LWS;NOK Condition;fallo no reacciona,,,,,,
2025-04-26;REA;Actuadores;3140CA029;16:20;16:22;2;Equipment Fault;Main conveyor;Main conveyor;Inductive sensor;pallet atorado,,,,,,
2025-04-26;REA;Actuadores;3140CA029;17:13;17:17;4;Equipment Fault;Main conveyor;Main conveyor;Inductive sensor;pallet atorado,,,,,,
2025-04-26;REA;Actuadores;3140CA029;18:27;18:32;5;Maintenance;CHW;Consumables;Chip reel;cambio de carrete,,,,,,
2025-04-26;REA;Actuadores;3140CA029;18:44;18:46;2;Maintenance;USW;St14;Lower Jig;limpieza,,,,,,
2025-04-26;REA;Actuadores;3140CA029;18:54;18:55;1;Equipment Fault;Conveyors;C36;Presence sensor;reset,,,,,,
2025-04-26;REA;Actuadores;3140CA029;19:10;19:13;3;Quality;CHW;General;Scrapbox full;Scrapbox full,,,,,,
2025-04-26;REA;Actuadores;3140CA029;20:31;20:33;2;Equipment Fault;CAW;General;;se detiene y no avanza,,,,,,
2025-04-27;REA;Actuadores;3140CA029;07:57;08:00;3;Equipment Fault;EOL;St4;CRIO NOK;Reiniciar CRIO y NI app,,,,,,
2025-04-27;REA;Actuadores;3140CA029;07:00;07:10;10;Maintenance;REA;General;Checklist;Inicio de turno checklist,,,,,,
2025-04-27;REA;Actuadores;3140CA029;07:10;07:36;26;Quality;REA;General;SOP;Esperando liberacion por paro de fin de semana,,,,,,
2025-04-27;REA;Actuadores;3140CA029;08:50;08:55;5;Equipment Fault;EOL;St2;CRIO NOK;reinicio de crio,,,,,,
2025-04-27;REA;Actuadores;3140CA029;09:32;09:38;6;Maintenance;MAT;Consumables;Grease;Cambio de grasa,,,,,,
2025-04-27;REA;Actuadores;3140CA029;09:25;09:27;2;Equipment Fault;731;731;Bowl/Lineal feeder;Se atora pin, no lo detecta el sensor,,,,,
2025-04-27;REA;Actuadores;3140CA029;09:38;09:39;1;Equipment Fault;Robots;R75;Incorrect pick/place;Se atora gripper en ensamble de cover,,,,,,
2025-04-27;REA;Actuadores;3140CA029;09:27;09:30;3;Equipment Fault;USW;St11;Branson;Trigger timeout,,,,,,
2025-04-27;REA;Actuadores;3140CA029;09:53;09:55;2;Maintenance;CHW;Consumables;Argon;cambio de gas argon,,,,,,
2025-04-27;REA;Actuadores;3140CA029;10:22;10:26;4;Equipment Fault;Main conveyor;Main conveyor;Inductive sensor;Falla sensor despues de lock de MSA,,,,,,
2025-04-27;REA;Actuadores;3140CA029;10:20;10:21;1;Equipment Fault;620;620;Alphamatic Module;pick nok,,,,,,
2025-04-27;REA;Actuadores;3140CA029;10:57;10:59;2;Equipment Fault;Robots;R75;Motion supervision/Joint collision;cambio de cinta a gripper,,,,,,
2025-04-27;REA;Actuadores;3140CA029;11:01;11:02;1;Equipment Fault;620;620;Alphamatic Module;pick nok,,,,,,
2025-04-27;REA;Actuadores;3140CA029;11:05;11:06;1;Equipment Fault;915;915;Dart sensor;sensor no detecta ogiva,,,,,,
2025-04-27;REA;Actuadores;3140CA029;11:35;11:36;1;Equipment Fault;731;731;Presence sensor;pin inclinado,,,,,,
2025-04-27;REA;Actuadores;3140CA029;13:54;13:57;3;Quality;MAT;General;Scrapbox full;Scraps continuos por picos en la lectura de FFT,,,,,,
2025-04-27;REA;Actuadores;3140CA029;14:25;14:26;1;Equipment Fault;731;731;Feed piston;pin inclinado,,,,,,
2025-04-27;REA;Actuadores;3140CA029;15:05;15:08;3;Quality;MAT;General;Scrapbox full;scrap box full,,,,,,
2025-04-28;REA;Actuadores;3140CA029;07:00;19:33;753;Quality;REA;General;SOP;Liberacion,,,,,,
2025-04-28;REA;Actuadores;3140CA029;07:10;11:30;260;Maintenance;REA;General;Scheduled maintenance;mtto a robots (R70,R75) Y ajustes,,,,,
2025-04-28;REA;Actuadores;3140CA029;11:39;11:41;2;Equipment Fault;Conveyors;C36;Presence sensor;no abrio piston,,,,,,
2025-04-28;REA;Actuadores;3140CA029;13:45;13:47;2;Equipment Fault;731;731;Feed piston;pin chueco,,,,,,
2025-04-28;REA;Actuadores;3140CA029;15:16;15:20;4;Equipment Fault;Main conveyor;Main conveyor;Inductive sensor;Sensor estaba suelto y no sensaba cuando llegaba el pallet,,,,,,
2025-04-28;REA;Actuadores;3140CA029;15:00;15:08;8;Maintenance;REA;General;Checklist;Checklist a Linea,,,,,,
2025-04-28;REA;Actuadores;3140CA029;15:12;15:14;2;Production;Conveyors;C36;Guides ;Blister atorado en guias de conveyor, no avanza,,,,,
2025-04-28;REA;Actuadores;3140CA029;17:13;17:18;5;Equipment Fault;731;731;Feed piston;body se queda atorado en prensa y r40 colisiona poruqe no habia body en pallet,,,,,,
2025-04-28;REA;Actuadores;3140CA029;17:18;17:22;4;Equipment Fault;REA;General;Pneumatic System;se alarma compresor,,,,,,
2025-04-28;REA;Actuadores;3140CA029;16:21;16:26;5;Equipment Fault;CAW;General;Empty conveyor/feeder;Crank se queda atorado en riel y hace time out,,,,,,
2025-04-28;REA;Actuadores;3140CA029;17:38;17:40;2;Equipment Fault;Main conveyor;Main conveyor;Lock NOK;Pallet atorado,,,,,,
2025-04-28;REA;Actuadores;3140CA029;18:05;18:08;3;Equipment Fault;USW;St14;Lower Jig;Scrap, cambio de goma,,,,,
2025-04-28;REA;Actuadores;3140CA029;18:17;18:19;2;Equipment Fault;731;731;Tool ;Pin cae en mal posicion,,,,,,
2025-04-28;REA;Actuadores;3140CA029;19:05;19:08;3;Production;CHW;Consumables;Argon;Cambio de argon,,,,,,
2025-04-28;REA;Actuadores;3140CA029;19:10;19:16;6;Equipment Fault;Main conveyor;Main conveyor;Singulator NOK;Singulator no cierra correctamente y sensores no marcan presencia,,,,,,
2025-04-28;REA;Actuadores;3140CA029;20:52;22:19;87;Equipment Fault;CCC;General;Software/PC;Memoria llena, computadora ciclada,,,,,
2025-04-28;REA;Actuadores;3140CA029;22:44;22:46;2;Equipment Fault;MSA;MSA;Sensor de presencia;place nok,,,,,,
2025-04-28;REA;Actuadores;3140CA029;23:30;23:31;1;Equipment Fault;731;731;Bowl/Lineal feeder;perdio secuencia,,,,,,
2025-04-29;REA;Actuadores;3140CA029;00:01;00:06;5;Material/Logistics;CAW;CPA;Feeder;material pin nok,,,,,,
2025-04-29;REA;Actuadores;3140CA029;00:41;00:46;5;Equipment Fault;CAW;General;Software/PC;no continuo ciclo,,,,,,
2025-04-29;REA;Actuadores;3140CA029;03:11;03:15;4;Equipment Fault;Robots;R80;Electrical system;Sensor falla, cable dañado, reparacion temporal,,,,
2025-04-29;REA;Actuadores;3140CA029;06:10;06:15;5;Equipment Fault;CAW;CPA;Feeder;Crank atorado, timeout,,,,,
2025-04-29;REA;Actuadores;3140CA029;03:05;03:10;5;Maintenance;REA;General;Checklist;checklist,,,,,,
2025-04-29;REA;Actuadores;3140CA029;06:30;06:35;5;Quality;REA;General;TBD;Israel solicita muestras,,,,,,
2025-04-29;REA;Actuadores;3140CA029;07:00;07:06;6;Maintenance;REA;General;Checklist;checklist,,,,,,
2025-04-29;REA;Actuadores;3140CA029;07:10;07:12;2;Equipment Fault;731;731;Feed piston;pin chueco,,,,,,
2025-04-29;REA;Actuadores;3140CA029;15:00;15:10;10;Maintenance;REA;General;Checklist;Checklist,,,,,,
2025-04-29;REA;Actuadores;3140CA029;15:30;15:35;5;Quality;CHW;General;NOK material;Cover con doble codigo QR,,,,,,
2025-04-29;REA;Actuadores;3140CA029;15:34;15:37;3;Equipment Fault;Conveyors;C55;Presence sensor;Sensor no dectaba blister,,,,,,
2025-04-29;REA;Actuadores;3140CA029;17:27;17:29;2;Equipment Fault;USW;St11;Jig;Se cambia cinta en jig por alto scrap,,,,,,
2025-04-29;REA;Actuadores;3140CA029;17:02;17:04;2;Equipment Fault;USW;St14;Lower Jig;Se hace limpieza de goma por rebaba,,,,,,
2025-04-29;REA;Actuadores;3140CA029;16:05;16:12;7;Production;CHW;Consumables;Chip reel;Cambio de chip,,,,,,
2025-04-29;REA;Actuadores;3140CA029;19:20;19:23;3;Production;MAT;St3;Feeder;Feeder de tornillos vacio,,,,,,
2025-04-29;REA;Actuadores;3140CA029;19:50;20:00;10;Maintenance;REA;General;Checklist;Checklist,,,,,,
2025-04-29;REA;Actuadores;3140CA029;21:32;21:34;2;Equipment Fault;Robots;R75;Gripper/tool adjustments;No abre gripper,,,,,,
2025-04-29;REA;Actuadores;3140CA029;20:40;21:48;68;Equipment Fault;Robots;R80;Motion supervision/Joint collision;Robot toma mal la pieza y al poner en jig colisiona,,,,,,
2025-04-29;REA;Actuadores;3140CA029;22:25;22:27;2;Equipment Fault;Robots;R75;Gripper/tool adjustments;Robot no abre gripper,,,,,,
2025-04-29;REA;Actuadores;3140CA029;22:02;22:06;4;Equipment Fault;CHW;St2;SCARA Pick/Place;Robot no agarra chip,,,,,,
2025-04-30;REA;Actuadores;3140CA029;02:00;02:15;15;Equipment Fault;CAW;General;Software/PC;Trabada despues de back up, restablecer app, soldadura aun ok,,,,
2025-04-30;REA;Actuadores;3140CA029;02:15;02:20;5;Equipment Fault;CAW;CPA;Feeder;Cranks atorados,,,,,,
2025-04-30;REA;Actuadores;3140CA029;00:10;01:28;78;Quality;REA;General;NOK material;Liberacion despues de ajuste de centrado de soldadura,,,,,,
2025-04-29;REA;Actuadores;3140CA029;23:20;24:00;40;Equipment Fault;CAW;LWS;NOK Condition;Soldadura NOK, descentrada, se ajustan parametros,,,,
2025-04-30;REA;Actuadores;3140CA029;02:27;02:30;3;Equipment Fault;CAW;CPA;SCARA;place nok scara,,,,,,
2025-04-30;REA;Actuadores;3140CA029;03:05;03:06;1;Equipment Fault;Robots;R75;Gripper/tool adjustments;gripper no abrio,,,,,,
2025-04-30;REA;Actuadores;3140CA029;03:13;03:16;3;Equipment Fault;CHW;St2;Vacuum system;falla al tomar chip 2 veces,,,,,,
2025-04-30;REA;Actuadores;3140CA029;04:45;04:50;5;Equipment Fault;CAW;CPA;Feeder;crank material nok,,,,,,
2025-04-30;REA;Actuadores;3140CA029;05:35;05:38;3;Maintenance;CCC;Consumables;Resin;cambio de resina,,,,,,
2025-04-30;REA;Actuadores;3140CA029;06:04;06:07;3;Equipment Fault;CAW;CPA;Feeder;crank invertido,,,,,,
2025-04-30;REA;Actuadores;3140CA029;06:07;06:08;1;Equipment Fault;Main conveyor;Main conveyor;Lock NOK;Lock no cierra correctamente,robot no recoge body de pallet,,,,,
2025-04-30;REA;Actuadores;3140CA029;06:31;06:33;2;Equipment Fault;Robots;R75;Incorrect pick/place;se atora gripper 2 veces,,,,,,
2025-04-30;REA;Actuadores;3140CA029;07:00;07:10;10;Maintenance;REA;General;Checklist;checklist (CHW, EOL, USW, CAW),,,
2025-04-30;REA;Actuadores;3140CA029;08:00;08:02;2;Equipment Fault;CHW;St2;Vacuum system;falla St2,,,,,,
2025-04-30;REA;Actuadores;3140CA029;08:30;08:32;2;Equipment Fault;731;731;Feed piston;pin caido,,,,,,
2025-04-30;REA;Actuadores;3140CA029;08:35;08:36;1;Equipment Fault;Robots;R70;Gripper/tool adjustments;no abre gripper 3,,,,,,
2025-04-30;REA;Actuadores;3140CA029;09:08;09:10;2;Equipment Fault;Robots;R75;Gripper/tool adjustments;no abre gripper 3,,,,,,
2025-04-28;REA;Actuadores;3140CA029;11:47;11:49;2;Equipment Fault;Robots;R80;Gripper/tool adjustments;no abre gripper,,,,,,
2025-04-26;REA;Actuadores;3140CA029;20:00;20:28;28;Equipment Fault;Robots;R70;Gripper/tool adjustments;sensor de gripper no enciende falla al levantar gear.,,,,,,
2025-04-26;REA;Actuadores;3140CA029;21:13;21:15;2;Quality;Robots;R75;Motion supervision/Joint collision;motion sup,,,,,,
2025-04-26;REA;Actuadores;3140CA029;21:10;21:12;2;Equipment Fault;Robots;R70;Vacuum system;se cae gear (cambio de ventosas),,,,,,
2025-04-26;REA;Actuadores;3140CA029;20:48;20:50;2;Production;710;710;Presence sensor;motor al revez,,,,,,
2025-04-26;REA;Actuadores;3140CA029;20:42;20:44;2;Production;915;710;Presence sensor;motor al revez,,,,,,
2025-04-26;REA;Actuadores;3140CA029;19:55;19:58;3;Equipment Fault;CAW;General;Waiting for spare part;se detiene y no avanza,,,,,,
2025-04-26;REA;Actuadores;3140CA029;19:48;19:50;2;Production;915;710;Presence sensor;motor al revez,,,,,,
2025-04-26;REA;Actuadores;3140CA029;19:41;19:43;2;Production;915;710;Presence sensor;motor al revez,,,,,,
2025-04-26;REA;Actuadores;3140CA029;19:31;19:34;3;Equipment Fault;Robots;R75;Gripper/tool adjustments;no abre gripper,,,,,,
2025-04-26;REA;Actuadores;3140CA029;16:35;16:38;3;Equipment Fault;CAW;General;Waiting for spare part;no responde y se reinicia,,,,,,
2025-04-26;REA;Actuadores;3140CA029;16:56;16:59;3;Equipment Fault;CAW;General;Waiting for spare part;no reacciona y se reinicia,,,,,,
2025-04-26;REA;Actuadores;3140CA029;15:58;16:00;2;Equipment Fault;EOL;St2;Gripper NOK;reset alarma,,,,,,
2025-04-26;REA;Actuadores;3140CA029;17:40;17:43;3;Equipment Fault;Robots;R75;Vacuum system;vacuum gripper 1,,,,,,
2025-04-26;REA;Actuadores;3140CA029;17:56;17:58;2;Equipment Fault;Robots;R75;Vacuum system;vacuum griper 1,,,,,,
2025-04-26;REA;Actuadores;3140CA029;14:39;14:44;5;Equipment Fault;CAW;General;Software/PC;no continuo ciclo,,,,,,
2025-04-26;REA;Actuadores;3140CA029;15:24;15:26;2;Equipment Fault;Robots;R75;Vacuum system;vacuum gripper1,,,,,,
2025-04-26;REA;Actuadores;3140CA029;09:09;09:13;4;Equipment Fault;CAW;General;Software/PC;no continuo ciclo,,,,,,
2025-04-24;REA;Actuadores;3140CA029;22:15;22:18;3;Maintenance;CAW;Jig/Index;Presence sensor;Ajuste,,,,,,
2025-04-24;REA;Actuadores;3140CA029;19:44;19:46;2;Equipment Fault;Robots;R80;Gripper/tool adjustments;no abre gripper,,,,,,
2025-04-24;REA;Actuadores;3140CA029;18:10;18:14;4;Equipment Fault;CAW;Laser module;Waiting for spare part;laser no sube,,,,,,
2025-04-23;REA;Actuadores;3140CA029;21:08;21:16;8;Equipment Fault;CAW;Laser module;Waiting for spare part;presor se queda abajo,,,,,,
2025-04-23;REA;Actuadores;3140CA029;21:20;21:22;2;Production;Aux;710;Presence sensor;motor invertido,,,,,,
2025-04-23;REA;Actuadores;3140CA029;18:59;19:01;2;Equipment Fault;Robots;R33;Vacuum system;colisiona con gear caido en blister,,,,,,
2025-04-21;REA;Actuadores;3140CA029;21:17;21:21;4;Equipment Fault;Robots;R80;Gripper/tool adjustments;se atora gripper,,,,,,
2025-04-17;REA;Actuadores;3140CA029;22:05;22:09;4;Maintenance;CHW;St4;Pressor;ajuste,,,,,,
2025-04-17;REA;Actuadores;3140CA029;21:51;21:56;5;Quality;CHW;St4;Pressor;ajuste,,,,,,
2025-04-17;REA;Actuadores;3140CA029;21:12;21:17;5;Maintenance;CHW;St4;Pressor;limpieza,,,,,,
2025-04-17;REA;Actuadores;3140CA029;19:40;19:45;5;Equipment Fault;Robots;R80;Gripper/tool adjustments;no abre gripper,,,,,,
2025-04-17;REA;Actuadores;3140CA029;17:45;17:49;4;Equipment Fault;CAW;CPA;Feeder;crank atorado en feeder,,,,,,
2025-04-17;REA;Actuadores;3140CA029;17:59;18:03;4;Equipment Fault;CAW;CPA;Feeder;crank invertido,,,,,,
2025-04-17;REA;Actuadores;3140CA029;15:10;15:15;5;Maintenance;CHW;General;Checklist;checklist,,,,,,
2025-04-21;REA;Actuadores;3140CA029;19:55;20:00;5;Maintenance;CHW;St4;Pressor;cambio de pines,,,,,,
2025-04-21;REA;Actuadores;3140CA029;18:34;18:35;1;Equipment Fault;CHW;St6;PTC;alarma profinet St 3,4 y 5,,,,,
2025-04-21;REA;Actuadores;3140CA029;19:13;19:15;2;Production;710;710;Presence sensor;motor invertido,,,,,,
2025-04-21;REA;Actuadores;3140CA029;19:47;19:49;2;Maintenance;Robots;R33;Motion supervision/Joint collision;choca en CHW,,,,,,
2025-04-21;REA;Actuadores;3140CA029;21:19;21:20;1;Production;710;710;Presence sensor;motor invertido,,,,,,
2025-04-21;REA;Actuadores;3140CA029;21:10;21:11;1;Production;710;710;Presence sensor;motor invertido,,,,,,
2025-04-21;REA;Actuadores;3140CA029;15:45;15:47;2;Equipment Fault;Robots;R75;Motion supervision/Joint collision;motion sup al ensamblar,,,,,,
2025-04-21;REA;Actuadores;3140CA029;15:58;15:59;1;Equipment Fault;Robots;R75;Motion supervision/Joint collision;motion sup al ensamblar,,,,,,
2025-04-21;REA;Actuadores;3140CA029;16:08;16:10;2;Equipment Fault;Robots;R75;Motion supervision/Joint collision;motion sup al ensamblar,,,,,,
2025-04-21;REA;Actuadores;3140CA029;16:28;16:32;4;Equipment Fault;CAW;General;Waiting for spare part;se detiene secuencia,,,,,,
2025-04-21;REA;Actuadores;3140CA029;15:10;15:12;2;Production;710;710;Presence sensor;motor invertido,,,,,,
2025-04-29;REA;Actuadores;3140CA029;08:03;08:08;5;Maintenance;Robots;R80;Electrical system;Falla sensor de gripper 2, se ajusta cable y conector,,,,,
2025-04-29;REA;Actuadores;3140CA029;08:13;08:15;2;Equipment Fault;Robots;R70;Vacuum system;Ventosa rota,,,,,,
2025-04-29;REA;Actuadores;3140CA029;08:35;09:44;69;Quality;CAW;LSW;Pressor;Profundidad efectiva NOK, se manda a liberar por calidad,,,,,
2025-04-29;REA;Actuadores;3140CA029;09:44;11:30;106;Maintenance;Robots;R80;Electrical system;2 cables de sensor para gripper en mal estado y con falso contacto, se reemplazan,,,,,
2025-04-30;REA;Actuadores;3140CA029;09:28;09:30;2;Maintenance;Main conveyor;Main conveyor;Inductive sensor;sensor no detecto el pallet de body,,,,,,
2025-04-30;REA;Actuadores;3140CA029;09:32;09:33;1;Maintenance;Robots;R75;Motion supervision/Joint collision;R80 no abre gripper al ensamblar cover,,,,,,
2025-04-30;REA;Actuadores;3140CA029;10:49;10:54;5;Maintenance;REA;General;Checklist;checklist CAW,,,,,,
2025-04-30;REA;Actuadores;3140CA029;10:54;10:58;4;Maintenance;REA;General;Checklist;Checklist CHW,,,,,,
2025-04-30;REA;Actuadores;3140CA029;11:21;11:22;1;Maintenance;Robots;R75;Motion supervision/Joint collision;no abre gripper 3 al ensamblar cover,,,,,,
2025-04-30;REA;Actuadores;3140CA029;11:08;11:09;1;Maintenance;Robots;R75;Motion supervision/Joint collision;no abre gripper al ensamblar cover,,,,,,
2025-04-30;REA;Actuadores;3140CA029;10:46;10:47;1;Maintenance;Robots;R75;Motion supervision/Joint collision;no abre gripper al ensamblar cover,,,,,,
2025-04-30;REA;Actuadores;3140CA029;10:13;10:15;2;Maintenance;Conveyors;C31;Presence sensor;piston no abre y no avanza blister,,,,,,
2025-04-30;REA;Actuadores;3140CA029;10:42;10:43;1;Maintenance;Robots;R75;Motion supervision/Joint collision;no abre gripper al ensamblar cover,,,,,,
2025-04-30;REA;Actuadores;3140CA029;11:49;11:50;1;Maintenance;Robots;R75;Motion supervision/Joint collision;no abre gripper 3 al ensamblar cover,,,,,,
2025-04-30;REA;Actuadores;3140CA029;12:09;12:10;1;Maintenance;Robots;R75;Motion supervision/Joint collision;no abre gripper 3 al ensamblar cover,,,,,,
2025-04-30;REA;Actuadores;3140CA029;12:13;12:14;1;Maintenance;Robots;R75;Motion supervision/Joint collision;no abre gripper 3 al ensamblar cover,,,,,,
2025-04-30;REA;Actuadores;3140CA029;13:09;13:14;5;Maintenance;CHW;Consumables;Chip reel;cambio de rollo chip,,,,,,
2025-04-30;REA;Actuadores;3140CA029;13:22;13:23;1;Maintenance;Conveyors;C36;Presence sensor;no abre piston y pallet se queda atorado,,,,,,
2025-04-30;REA;Actuadores;3140CA029;13:45;13:47;2;Maintenance;Robots;R75;Motion supervision/Joint collision;no abre gripper 3 al ensamblar cover,,,,,,
2025-04-30;REA;Actuadores;3140CA029;14:00;14:02;2;Maintenance;Robots;R75;Motion supervision/Joint collision;no abre gripper 3 al ensamblar cover,,,,,,
2025-04-30;REA;Actuadores;3140CA029;15:00;15:08;8;Maintenance;REA;General;Checklist;Checklist,,,,,,
2025-04-30;REA;Actuadores;3140CA029;15:08;15:10;2;Equipment Fault;MAT;St5;Axis not in home;Mesa no puede girar por axis, se mueve en manual,,,,,
2025-04-30;REA;Actuadores;3140CA029;15:21;15:22;1;Equipment Fault;Robots;R75;Gripper/tool adjustments;Gripper 2 no abre correctamente,,,,,,
2025-04-30;REA;Actuadores;3140CA029;15:44;15:50;6;Equipment Fault;Main conveyor;Main conveyor;Inductive sensor;Sensor falla, al ajustar causa problemas en secuencia, se ajusta nuevamente,,,,
2025-04-30;REA;Actuadores;3140CA029;16:15;16:17;2;Equipment Fault;MAT;St4;Power supply CRIO;Alarma en PS,,,,,,
2025-04-30;REA;Actuadores;3140CA029;16:10;16:15;5;Equipment Fault;Robots;R75;Gripper/tool adjustments;Se atora repetitivamente, lubricacion,,,,,
2025-04-30;REA;Actuadores;3140CA029;16:02;16:04;2;Equipment Fault;Robots;R70;Vacuum system;Tomo mal el gear, quedo desfasado al intentar colocarlo,,,,,
2025-04-30;REA;Actuadores;3140CA029;16:20;16:22;2;Equipment Fault;EOL;St2;Gripper NOK;Overload, se revisa la pieza,,,,,
2025-04-30;REA;Actuadores;3140CA029;16:24;16:28;4;Equipment Fault;Robots;R75;Gripper/tool adjustments;No toma bien la pieza, causa que se atasque al ensamblar, se coloca lija en el gripper,,,,
2025-04-30;REA;Actuadores;3140CA029;18:50;19:05;15;Equipment Fault;REA;General;Electrical system;Sin energia en planta, se detiene REA, al volver se espera a restablecer compresor,,,,
2025-04-30;REA;Actuadores;3140CA029;19:05;19:13;8;Quality;USW;General;NOK material;Body con bushing se atasca en sonotrodo y colisiona con el siguiente. Al retirarlo en la siguiente pieza rechina de forma inusual por lo que se revisa que no tenga daño importante antes de continuar,,,,,,
2025-04-30;REA;Actuadores;3140CA029;18:06;18:45;39;Quality;Robots;R75;NOK material;Falla al ensamblar debido a rebaba en cover, esto causa que se atore en el pallet y no quede en posicion correcta al ensamblar. Cada vez es necesario mover el robot en manual, desatascar el gripper, entrar a la celda a revisar la pieza. Esto mas tiempo de intervenciones tratando de minimizar el problema, se cambia material,,
2025-04-30;REA;Actuadores;3140CA029;19:28;19:34;6;Equipment Fault;CAW;CPA;Feeder;Crank atascado, feeder vacio,,,,,
2025-05-01;REA;Actuadores;3140CS023;04:00;06:00;120;Maintenance;REA;General;Change Over;ser up gm23,,,,,,
2025-05-01;REA;Actuadores;3140CS023;06:00;07:00;60;Quality;REA;General;Change Over;Esperando liberacion,,,,,,
2025-05-01;REA;Actuadores;3140CS023;01:50;01:52;2;Equipment Fault;Main conveyor;Main conveyor;Inductive sensor;Deja pasar pallet y se atora,,,,,,
2025-05-01;REA;Actuadores;3140CS023;01:45;01:50;5;Equipment Fault;MSA;MSA;Driver;no continua ciclo, reiniciar manual, desde pantalla de maquina,,,,
2025-04-30;REA;Actuadores;3140CS023;23:10;23:15;5;Maintenance;REA;General;Checklist;Checklist,,,,,,
2025-05-01;REA;Actuadores;3140CS023;00:30;00:34;4;Equipment Fault;Robots;R80;Incorrect pick/place;Sensor no detecta correctamente y gripper atorado,,,,,,
2025-05-02;REA;Actuadores;3140CS023;15:40;15:45;5;Equipment Fault;REA;General;Pneumatic System;Manguera de alimentacion de aire a manifold fugaba aier, se corta el pedazo y se vuelve a conectar,,,,,
2025-05-02;REA;Actuadores;3140CS023;15:00;15:20;20;Equipment Fault;CAW;LWS;NOK Condition;Se recibe turno con problemas en caw, se ajusta la posicion de pressor para mejorar la condicion en pin manchado por humo,,,,,
2025-05-02;REA;Actuadores;3140CA029;16:19;17:03;44;Equipment Fault;MAT;St4;CRIO App;Scrap alto por voltaje de motor, tambien alto scrap en EOL,,,,,
2025-05-02;REA;Actuadores;3140CA029;17:12;19:33;141;Equipment Fault;EOL;St4;CRIO NOK;Scrap alto del 70-80% por torque. Se revisa la estacion mecanica y electricamente.,,,,,,
2025-05-02;REA;Actuadores;3140CA029;21:40;22:03;23;Equipment Fault;EOL;St4;Gripper NOK;Continua el scrap alto, de forma menos drastica 10-15%.,,,,,
2025-05-02;REA;Actuadores;3140CS023;23:05;23:12;7;Equipment Fault;EOL;St4;CRIO NOK;Timeout, reiniciar, restaurar ciclo gripper se queda abajo,,,,
2025-05-02;REA;Actuadores;3140CS023;23:26;23:29;3;Quality;EOL;General;Scrapbox full;Falla torque average min, scrap constante,,,,,
2025-05-02;REA;Actuadores;3140CS023;23:36;23:41;5;Quality;CHW;General;Scrapbox full;Scrapbox llena,,,,,,
2025-05-02;REA;Actuadores;3140CS023;00:40;00:43;3;Equipment Fault;Main conveyor;Main conveyor;Belt;Pallets atorados por pallet chueco por guias,,,,,,
2025-05-03;REA;Actuadores;3140CS023;00:50;00:52;2;Equipment Fault;Main conveyor;Main conveyor;Belt;Pallets atorados por pallet chueco por guias,,,,,,
2025-05-03;REA;Actuadores;3140CS023;00:55;00:57;2;Equipment Fault;Robots;R75;Gripper/tool adjustments;Sensor desconectado,,,,,,
2025-05-03;REA;Actuadores;3140CS023;01:03;01:05;2;Equipment Fault;EOL;General;NOK material;Desviacion de torque implementada torque minimo de 1.80 a 1.75 y average minimo de 1.85 a 1.80,,,,,,
2025-05-03;REA;Actuadores;3140CS023;01:55;02:03;8;Equipment Fault;730;General;PLC ;perdio secuencia,,,,,,
2025-05-03;REA;Actuadores;3140CS023;04:15;04:16;1;Quality;EOL;General;Scrapbox full;,,,,,,
2025-05-03;REA;Actuadores;3140CS023;04:40;05:00;20;Equipment Fault;MSA;MSA;Driver;Constantemente avanza y se regresa en home, No se puede restablecer, se borra ciclo despues de reiniciar equipo,,,,
2025-05-03;REA;Actuadores;3140CS023;05:00;07:00;120;Maintenance;REA;General;Change Over;Set up Ford 29,,,,,,
2025-05-02;REA;Actuadores;3140CS023;22:46;22:50;4;Quality;EOL;General;Scrapbox full;Scrapbox,,,,,,
2025-05-02;REA;Actuadores;3140CS023;07:00;12:03;303;Quality;REA;General;Change Over;en espera de liberacion GM023,,,,,,
2025-05-02;REA;Actuadores;3140CS023;12:03;14:06;123;Maintenance;EOL;St5;Vision system;En espera de soporte de Italia,,,,,,
2025-05-02;REA;Actuadores;3140CS023;14:40;15:00;20;Maintenance;CAW;CPA;Feeder;Ajuste de Ckrank,,,,,,
2025-05-02;REA;Actuadores;3140CS023;11:35;11:37;2;Maintenance;Robots;R70;Vacuum system;vacuum off se reinicia robot,,,,,,
2025-05-02;REA;Actuadores;3140CS023;11:49;11:50;1;Maintenance;Robots;R70;Vacuum system;vacuum off se reinicia robot,,,,,,
2025-05-03;REA;Actuadores;3140CA029;07:00;10:14;194;Quality;REA;General;Change Over;Liberacion,,,,,,
2025-05-03;REA;Actuadores;3140CA029;10:23;10:27;4;Equipment Fault;730;730;Bowl/Lineal feeder;Pin atorado en piston de salida en feeder hacia manguera a la prensa,,,,,,
2025-05-03;REA;Actuadores;3140CA029;10:41;10:45;4;Production;CAW;CPA;Vision system;Crank assy incorrecto,,,,,,
2025-05-03;REA;Actuadores;3140CA029;10:56;10:59;3;Equipment Fault;Main conveyor;Main conveyor;RFID Reader;No detecta pallet en st731,,,,,,
2025-05-03;REA;Actuadores;3140CA029;11:38;11:41;3;Equipment Fault;MAT;St3;Feeder;No le llega tornillo,,,,,,
2025-05-03;REA;Actuadores;3140CA029;12:15;12:18;3;Equipment Fault;EOL;St3;Axial play NOK;St.3 timeout,,,,,,
2025-05-03;REA;Actuadores;3140CA029;12:24;12:25;1;Equipment Fault;Robots;R75;Motion supervision/Joint collision;Se alarma por motion supervision al ensamblar,,,,,,
2025-05-03;REA;Actuadores;3140CA029;12:28;12:29;1;Maintenance;EOL;St3;Gripper NOK;falla en St3 timeout (REPETIR PRUEBA),,,,,,
2025-05-03;REA;Actuadores;3140CA029;12:36;12:38;2;Maintenance;Robots;R75;Gripper/tool adjustments;NO ABRE GRIPPE 3,,,,,,
2025-05-03;REA;Actuadores;3140CA029;12:50;12:54;4;Maintenance;CAW;Jig/Index;Presence sensor;se limpian jigs,,,,,,
2025-05-03;REA;Actuadores;3140CA029;13:15;13:17;2;Maintenance;Robots;R75;Gripper/tool adjustments;no abre gripper 3,,,,,,
2025-05-03;REA;Actuadores;3140CA029;13:27;13:28;1;Maintenance;Robots;R70;Vacuum system;vacuum off se reinicia R70,,,,,,
2025-05-03;REA;Actuadores;3140CA029;13:39;13:40;1;Maintenance;Robots;R75;Gripper/tool adjustments;no abre gripper 3,,,,,,
2025-05-03;REA;Actuadores;3140CA029;13:54;13:57;3;Maintenance;EOL;St2;Gripper NOK;actuador bloqueado,,,,,,
2025-05-03;REA;Actuadores;3140CA029;14:27;14:28;1;Maintenance;Robots;R70;Vacuum system;vacuum off R70 se reinicia,,,,,,
2025-05-03;REA;Actuadores;3140CA029;14:47;14:48;1;Maintenance;Robots;R70;Vacuum system;vacuum off,,,,,,
2025-05-03;REA;Actuadores;3140CA029;15:00;15:07;7;Maintenance;REA;General;Checklist;Checklist,,,,,,
2025-05-03;REA;Actuadores;3140CA029;15:07;15:16;9;Equipment Fault;CAW;Jig/Index;Blade orienter actuator;Blade orientes no llega a posicion final dos veces consecutivas, se ajusta la carrera del actruador y el sensor,,,,,
2025-05-03;REA;Actuadores;3140CA029;15:21;15:22;1;Equipment Fault;Main conveyor;Main conveyor;RFID Reader;Pallet reparado reintroducido a linea no es leido correctamente, se retira,,,,,
2025-05-03;REA;Actuadores;3140CA029;15:45;15:47;2;Equipment Fault;Main conveyor;Main conveyor;Lock NOK;Pallet 112 (retrabajado, reintroducido) se atasca repetidamente, se retira,,,,
2025-05-03;REA;Actuadores;3140CA029;15:54;15:59;5;Maintenance;CHW;Consumables;Chip reel;Se reemplaza chip reel,,,,,,
2025-05-03;REA;Actuadores;3140CA029;15:32;15:35;3;Equipment Fault;EOL;St3;Gripper NOK;Falla la St3, se ajustan los coples,,,,,
2025-05-03;REA;Actuadores;3140CA029;17:41;17:47;6;Equipment Fault;CAW;CPA;Feeder;Crank atascado,,,,,,
2025-05-03;REA;Actuadores;3140CA029;17:52;17:57;5;Equipment Fault;CAW;CPA;Feeder;Crnk invertido,,,,,,
2025-05-03;REA;Actuadores;3140CA029;17:58;17:59;1;Equipment Fault;Robots;R70;Vacuum system;Se reemplazan ventosas por falla repetitiva al tomar gear,,,,,,
2025-05-03;REA;Actuadores;3140CA029;17:16;17:18;2;Equipment Fault;EOL;General;Electrical system;Modulo i/o alarmado, se le da reset nomas,,,,,
2025-05-03;REA;Actuadores;3140CA029;18:20;18:25;5;Equipment Fault;CAW;General;Software/PC;No continua secuencia, se restablece,,,,,
2025-05-03;REA;Actuadores;3140CA029;20:01;20:05;4;Equipment Fault;CAW;CPA;Feeder;Crank invertido,,,,,,
2025-05-03;REA;Actuadores;3140CA029;20:08;20:10;2;Equipment Fault;MAT;General;TBD;Cilindro jig 4 atascado, se desatasca y lubrica,,,,,
2025-05-03;REA;Actuadores;3140CA029;16:11;16:21;10;Equipment Fault;Main conveyor;Main conveyor;Lock NOK;Lock atora pallets,,,,,,
2025-05-03;REA;Actuadores;3140CA029;20:14;20:20;6;Maintenance;REA;General;Checklist;Checklist,,,,,,
2025-05-03;REA;Actuadores;3140CA029;20:35;20:45;10;Equipment Fault;731;731;Bowl/Lineal feeder;Piston lineal se atoraba con pin, en repetidas ocasiones,,,,,
2025-05-03;REA;Actuadores;3140CA029;20:48;20:51;3;Equipment Fault;Main conveyor;Main conveyor;Lock NOK;Pallets atorados en repetidas ocasiones,,,,,,
2025-05-03;REA;Actuadores;3140CA029;21:02;21:04;2;Equipment Fault;Conveyors;C36;Guides ;Blister atorado,,,,,,
2025-05-03;REA;Actuadores;3140CA029;20:23;21:25;62;Equipment Fault;Robots;R75;Gripper/tool adjustments;No abre correctamente,,,,,,
2025-05-04;REA;Actuadores;3140CA029;08:17;08:20;3;Maintenance;Robots;R75;Gripper/tool adjustments;no abre gripper,,,,,,
2025-05-04;REA;Actuadores;3140CA029;08:31;08:32;1;Maintenance;Robots;R70;Vacuum system;vacuum off,,,,,,
2025-05-04;REA;Actuadores;3140CA029;08:37;08:38;1;Maintenance;Robots;R75;Gripper/tool adjustments;no abre gripper,,,,,,
2025-05-04;REA;Actuadores;3140CA029;08:42;08:43;1;Maintenance;Robots;R75;Gripper/tool adjustments;no abre gripper,,,,,,
2025-05-04;REA;Actuadores;3140CA029;08:54;08:55;1;Maintenance;Robots;R70;Vacuum system;vacuum off,,,,,,
2025-05-04;REA;Actuadores;3140CA029;09:02;09:03;1;Maintenance;Robots;R75;Gripper/tool adjustments;no abre gripper,,,,,,
2025-05-04;REA;Actuadores;3140CA029;09:25;09:35;10;Maintenance;Robots;R75;Motion supervision/Joint collision;ajuste en gripper ( cambio de sinta doble cara ),,,,,,
2025-05-04;REA;Actuadores;3140CA029;09:56;09:58;2;Equipment Fault;EOL;General;PLC ;se pierde comunicacion i/o,,,,,,
2025-05-04;REA;Actuadores;3140CA029;10:08;10:10;2;Equipment Fault;EOL;General;PLC ;se pierde comunicacion i/o,,,,,,
2025-05-04;REA;Actuadores;3140CA029;10:21;10:22;1;Equipment Fault;EOL;General;PLC ;se pierde comunicacion i/o,,,,,,
2025-05-04;REA;Actuadores;3140CA029;10:48;11:22;34;Maintenance;EOL;Jigs;Pogopins;reparacion de pogopins,,,,,,
2025-05-04;REA;Actuadores;3140CA029;11:22;11:31;9;Maintenance;CHW;St4;Pressor;cambio de puntas,,,,,,
2025-05-04;REA;Actuadores;3140CA029;11:53;11:56;3;Maintenance;EOL;St2;CRIO NOK;reset crio,,,,,,
2025-05-04;REA;Actuadores;3140CA029;12:18;12:23;5;Equipment Fault;EOL;General;PLC ;Se revisa conexiones por falla de modulo I/O,,,,,,
2025-05-04;REA;Actuadores;3140CA029;12:26;12:30;4;Equipment Fault;Robots;R80;Gripper/tool adjustments;Sensor de gripper 3 desconectado,,,,,,
2025-05-04;REA;Actuadores;3140CA029;13:05;13:09;4;Equipment Fault;Main conveyor;Main conveyor;Singulator NOK;Singulator atoraba el pallet,,,,,,
2025-05-04;REA;Actuadores;3140CA029;12:13;12:16;3;Maintenance;EOL;St2;CRIO NOK;reset a crio,,,,,,
2025-05-04;REA;Actuadores;3140CA029;13:12;13:14;2;Maintenance;Conveyors;C85;Presence sensor;no abrio piston y blister ae atoro,,,,,,
2025-05-04;REA;Actuadores;3140CA029;13:44;13:46;2;Maintenance;731;731;Feed piston;pin doble,,,,,,
2025-05-04;REA;Actuadores;3140CA029;13:51;13:52;1;Maintenance;Conveyors;C85;Presence sensor;piston no abrio y blister se atoro,,,,,,
2025-05-04;REA;Actuadores;3140CA029;14:12;14:13;1;Maintenance;Robots;R70;Vacuum system;reste a R70,,,,,,
2025-05-04;REA;Actuadores;3140CA029;14:27;14:29;2;Maintenance;CHW;Consumables;Argon;cambio de tanque,,,,,,
2025-05-04;REA;Actuadores;3140CA029;15:03;15:06;3;Equipment Fault;Main conveyor;Main conveyor;Singulator NOK;Pallet atorado,,,,,,
2025-05-04;REA;Actuadores;3140CA029;15:44;15:47;3;Equipment Fault;EOL;St3;Gripper NOK;Time out st 3,,,,,,
2025-05-04;REA;Actuadores;3140CA029;15:49;15:52;3;Equipment Fault;Main conveyor;Main conveyor;Singulator NOK;Palett atorado,,,,,,
2025-05-04;REA;Actuadores;3140CA029;15:54;15:56;2;Quality;MAT;General;Scrapbox full;scrapbox full,,,,,,
2025-05-05;REA;Actuadores;3140CA029;07:00;07:28;28;Quality;REA;General;SOP;Liberación calidad,,,,,,
2025-05-05;REA;Actuadores;3140CA029;07:28;07:48;20;Maintenance;CAW;General;Scheduled maintenance;Mantenimiento a CAW,,,,,,
2025-05-05;REA;Actuadores;3140CA029;07:48;07:59;11;Maintenance;EOL;General;Scheduled maintenance;Mantenimiento a EOL,,,,,,
2025-05-05;REA;Actuadores;3140CA029;08:00;08:10;10;Maintenance;CHW;General;Scheduled maintenance;Mantenimiento a CHW,,,,,,
2025-05-05;REA;Actuadores;3140CA029;08:10;08:15;5;Maintenance;731;General;Scheduled maintenance;Mantenimiento a prensa 731,,,,,,
2025-05-05;REA;Actuadores;3140CA029;08:15;08:20;5;Maintenance;730;General;Scheduled maintenance;Mantenimiento a prensa 730,,,,,,
2025-05-05;REA;Actuadores;3140CA029;08:20;08:25;5;Maintenance;750;General;Scheduled maintenance;Mantenimiento a prensa 750,,,,,,
2025-05-05;REA;Actuadores;3140CA029;08:25;08:28;3;Maintenance;620;General;Scheduled maintenance;Mantenimiento a prensa 620,,,,,,
2025-05-05;REA;Actuadores;3140CA029;09:00;09:02;2;Equipment Fault;Robots;R70;Incorrect pick/place;No termina de ensamblar gear en actuador, se coloca manualmente.,,,,,
2025-05-05;REA;Actuadores;3140CA029;09:04;09:07;3;Equipment Fault;CAW;CPA;Vision system;Crank invertido,,,,,,
2025-05-05;REA;Actuadores;3140CA029;09:49;09:52;3;Maintenance;Robots;R70;Vacuum system;cambio de ventosas,,,,,,
2025-05-05;REA;Actuadores;3140CA029;10:36;10:42;6;Maintenance;CAW;LSW;Pressor;limpieza,,,,,,
2025-05-05;REA;Actuadores;3140CA029;10:42;10:46;4;Quality;CAW;General;Scrapbox full;se retiro el scrap ( CRANK A Y ACTUADOR ),,,,,,
2025-05-04;REA;Actuadores;3140CA029;07:08;07:18;10;Equipment Fault;Main conveyor;Main conveyor;RFID Reader;Pallet no avanzaba porque traia body completo y en pallet page no tenia informacion,,,,,,
2025-05-04;REA;Actuadores;3140CA029;07:20;07:50;30;Quality;REA;General;Change Over;Liberacion,,,,,,
2025-05-05;REA;Actuadores;3140CA029;11:08;11:09;1;Maintenance;Robots;R75;Gripper/tool adjustments;NO ABRE GRIPPER AL PONER COVER,,,,,,
2025-05-05;REA;Actuadores;3140CA029;11:18;11:20;2;Maintenance;Robots;R65;Vacuum system;NO AGARRA GEAR,,,,,,
2025-05-05;REA;Actuadores;3140CA029;11:25;11:26;1;Maintenance;Robots;R65;Vacuum system;NO AGARRA GEAR,,,,,,
2025-05-05;REA;Actuadores;3140CA029;11:33;11:36;3;Maintenance;Robots;R75;Gripper/tool adjustments;R75 NO AGARRA ACTUADOR, SE QUEDO ABIRTO, SE ENSAMBLO MANUAL.,,,,
2025-05-05;REA;Actuadores;3140CA029;12:10;12:14;4;Maintenance;CHW;Consumables;Chip reel;cambio de carrete,,,,,,
2025-05-05;REA;Actuadores;3140CA029;12:24;12:27;3;Maintenance;Main conveyor;Main conveyor;Inductive sensor;sensor no detecta pallet y se queda en espera,,,,,,
2025-05-05;REA;Actuadores;3140CA029;13:06;13:14;8;Maintenance;CHW;St3;Thermodo;revicion de St3,,,,,,
2025-05-05;REA;Actuadores;3140CA029;13:16;13:19;3;Maintenance;CAW;Consumables;Nitrogen;cambio de tanque,,,,,,
2025-05-05;REA;Actuadores;3140CA029;13:48;13:50;2;Maintenance;Main conveyor;Main conveyor;Singulator NOK;sing. no respondian (reset en controlador),,,,,,
2025-05-05;REA;Actuadores;3140CA029;14:40;14:42;2;Maintenance;CHW;St2;Vacuum system;chip atorado,,,,,,
2025-05-05;REA;Actuadores;3140CA029;16:15;16:17;2;Equipment Fault;CHW;St2;Vacuum system;Vacuum error,,,,,,
2025-05-05;REA;Actuadores;3140CA029;15:00;15:08;8;Equipment Fault;REA;General;Checklist;Checklist,,,,,,
2025-05-05;REA;Actuadores;3140CA029;15:15;15:20;5;Equipment Fault;Main conveyor;Main conveyor;Inductive sensor;Pallets acumulados atorados en zona 1,,,,,,
2025-05-05;REA;Actuadores;3140CA029;15:26;15:28;2;Equipment Fault;731;731;Bowl/Lineal feeder;Pin atorado en piston,,,,,,
2025-05-05;REA;Actuadores;3140CA029;15:52;16:25;33;Equipment Fault;EOL;St2;Gripper NOK;st 2 overload,,,,,,
2025-05-05;REA;Actuadores;3140CA029;16:06;16:08;2;Equipment Fault;EOL;St3;Gripper NOK;st 3 time out,,,,,,
2025-05-05;REA;Actuadores;3140CA029;15:36;15:38;2;Equipment Fault;CHW;St0;Prescense sensor;sensor no detecta chip,,,,,,
2025-05-05;REA;Actuadores;3140CA029;15:41;15:43;2;Equipment Fault;CHW;St0;Prescense sensor;Se limpia sensor de fibra porque no detectaba luz suficiente,,,,,,
2025-05-05;REA;Actuadores;3140CA029;17:07;17:11;4;Equipment Fault;EOL;St4;CRIO NOK;Reinicio crio, app no responde,,,,,
2025-05-05;REA;Actuadores;3140CA029;17:21;17:23;2;Maintenance;CHW;Consumables;Argon;Cambio de argon,,,,,,
2025-05-05;REA;Actuadores;3140CA029;18:12;18:33;21;Equipment Fault;730;730;Presence sensor;10 Scraps consecutivos, sensor siempre en 1,,,,,
2025-05-05;REA;Actuadores;3140CA029;20:43;20:46;3;Production;MAT;General;Empty conveyor/feeder;Sin tornillos,,,,,,
2025-05-05;REA;Actuadores;3140CA029;20:36;20:43;7;Production;MAT;General;Empty conveyor/feeder;Sin tornillo,,,,,,
2025-05-05;REA;Actuadores;3140CA029;22:03;22:07;4;Production;Conveyors;General;Blister NOK/Wrong PN;Motor mal colocado, se vacia linea,,,,,
2025-05-05;REA;Actuadores;3140CA029;22:58;23:01;3;Equipment Fault;EOL;St3;Gripper NOK;No continua ciclo, home a gripper,,,,,
2025-05-05;REA;Actuadores;3140CA029;22:30;22:33;3;Equipment Fault;EOL;St4;CRIO NOK;Reiniciar crio,,,,,,
2025-05-05;REA;Actuadores;3140CA029;23:33;23:47;14;Equipment Fault;EOL;St3;Gripper NOK;Scraps continuos, no continua ciclo, se recalibra,,,,
2025-05-06;REA;Actuadores;3140CA029;00:17;00:20;3;Equipment Fault;EOL;St3;Axial play NOK;time out st3,,,,,,
2025-05-06;REA;Actuadores;3140CA029;00:35;00:50;15;Equipment Fault;Robots;R80;Electrical system;cable de tablilla de sensores a sensor falla, (sensor OK),,,,,
2025-05-06;REA;Actuadores;3140CA029;00:50;00:55;5;Quality;REA;General;TBD;Muestras de calidad por marca en cover desde moldeo (solicita Juan),,,,,,
2025-05-06;REA;Actuadores;3140CA029;01:12;01:15;3;Equipment Fault;EOL;St3;Axial play NOK;Timeout, no hace prueba, parece bajar de mas gripper,,,,
2025-05-06;REA;Actuadores;3140CA029;01:00;01:05;5;Equipment Fault;MSA;MSA;Sensor de presencia;No continua ciclo, limpiar sensor, acomodar magnet,,,,
2025-05-06;REA;Actuadores;3140CA029;02:00;03:40;100;Equipment Fault;Robots;R80;Electrical system;Falla sensor de gripper al cerrar, cable negro de señal previamente reparado, se rutea y repara hasta la mitad por falta de cable de la longitud necesaria,,,,
2025-05-06;REA;Actuadores;3140CA029;03:53;03:54;1;Equipment Fault;915;915;Missing ogive;Se cae ojiva,,,,,,
2025-05-06;REA;Actuadores;3140CA029;06:05;06:12;7;Equipment Fault;EOL;St3;Axial play NOK;Ajustar parametros y pasar masters, torque stop value up y axis torque set up,,,,,
2025-05-06;REA;Actuadores;3140CS023;06:15;06:17;2;Equipment Fault;REA;General;Electrical system;Fallas en suministro de energia, se apaga compresor, se alarma USW,,,,
2025-05-06;REA;Actuadores;3140CA029;07:00;07:10;10;Maintenance;915;915;Vision system;pallet incompleto,,,,,,
2025-05-06;REA;Actuadores;3140CA029;07:10;08:00;50;Maintenance;EOL;St3;Gripper NOK;St3 falla (cople flojo),,,,,,
2025-05-06;REA;Actuadores;3140CA029;08:58;09:00;2;Maintenance;Robots;R75;Motion supervision/Joint collision;motion sup, al ensamblar,,,,,
2025-05-06;REA;Actuadores;3140CA029;09:24;09:25;1;Maintenance;Robots;R75;Motion supervision/Joint collision;motion suo, al ensamblar,,,,,
2025-05-06;REA;Actuadores;3140CA029;09:47;09:48;1;Maintenance;Robots;R70;Vacuum system;no agarra gear,,,,,,
2025-05-06;REA;Actuadores;3140CA029;10:15;10:20;5;Maintenance;CHW;Consumables;Chip reel;cambio de carrete,,,,,,
2025-05-06;REA;Actuadores;3140CA029;11:48;11:50;2;Maintenance;CHW;Consumables;Argon;cambio de tanque,,,,,,
2025-05-06;REA;Actuadores;3140CA029;00:13;00:15;2;Quality;EOL;General;Scrapbox full;Scrapboxx full,,,,,,
2025-05-06;REA;Actuadores;3140CA029;12:15;12:20;5;Maintenance;CAW;General;Scheduled maintenance;checklist,,,,,,
2025-05-06;REA;Actuadores;3140CA029;11:41;11:45;4;Maintenance;CHW;General;Scheduled maintenance;checklist,,,,,,
2025-05-06;REA;Actuadores;3140CA029;12:44;12:46;2;Maintenance;Main conveyor;Main conveyor;Lift;no responde lift, (reset),,,,,
2025-05-06;REA;Actuadores;3140CA029;13:34;13:38;4;Maintenance;EOL;St4;CRIO NOK;reset de crio,,,,,,
2025-05-06;REA;Actuadores;3140CA029;14:08;14:12;4;Maintenance;CAW;Jig/Index;Presence sensor;Ajuste de sensor,,,,,,
2025-05-06;REA;Actuadores;3140CA029;14:30;14:40;10;Maintenance;730;730;Bowl/Lineal feeder;pin atorado (entro al alimentador un pin fuera de dimencion),,,,,,
2025-05-06;REA;Actuadores;3140CA029;23:40;23:46;6;Equipment Fault;730;730;Alphamatic Module;Pasa body sin pin y termina en actuador bloqueado, se revisa prensa,,,,,
2025-05-06;REA;Actuadores;3140CA029;23:30;23:34;4;Equipment Fault;EOL;General;NOK material;falla 731 Pasa body sin pin y termina en actuador bloqueado, se revisa prensa,,,,,
2025-05-06;REA;Actuadores;3140CA029;22:45;22:50;5;Equipment Fault;Robots;R75;Gripper/tool adjustments;falla en esamble de cover repetidas veces y se cambia grip,,,,,,
2025-05-07;REA;Actuadores;3140CA029;00:55;01:00;5;Equipment Fault;CAW;CPA;Feeder;cranck atorado en riel,,,,,,
2025-05-07;REA;Actuadores;3140CA029;01:20;01:24;4;Equipment Fault;CAW;CPA;Feeder;crank atorado en riel,,,,,,
2025-05-06;REA;Actuadores;3140CA029;01:37;01:39;2;Quality;CCC;General;Scrapbox full;Scrapbox,,,,,,
2025-05-07;REA;Actuadores;3140CA029;04:36;04:37;1;Equipment Fault;Robots;R65;Vacuum system;,,,,,,
2025-05-07;REA;Actuadores;3140CA029;04:41;04:43;2;Equipment Fault;620;620;Alphamatic Module;Se queda en posicion de pick,,,,,,
2025-05-07;REA;Actuadores;3140CA029;05:09;05:13;4;Maintenance;CHW;Consumables;Chip reel;cambio de chip,,,,,,
2025-05-07;REA;Actuadores;3140CA029;02:00;02:06;6;Maintenance;REA;General;Checklist;Checklist,,,,,,
2025-05-07;REA;Actuadores;3140CA029;07:10;07:14;4;Maintenance;CAW;General;Scheduled maintenance;Checklist mtto,,,,,,
2025-05-07;REA;Actuadores;3140CA029;07:14;07:18;4;Maintenance;CHW;General;Scheduled maintenance;Checklist mtto,,,,,,
2025-05-07;REA;Actuadores;3140CA029;07:30;07:34;4;Maintenance;REA;General;Pneumatic System;Compresor alarmado,,,,,,
2025-05-07;REA;Actuadores;3140CA029;07:37;07:46;9;Maintenance;CCC;St6;Thermocamara;No avanza mesa por baja presión de aire por el compresor alarmado y no toma la imagen,,,,,,
2025-05-07;REA;Actuadores;3140CA029;08:03;08:08;5;Equipment Fault;750;750;Tool ;Se atora body y se sube con la herramienta de la prensa y se atora cuando va a tomar otro bearing, además ocasiona se pare st915 por falta de body y sus componentes.,,,,,
2025-05-07;REA;Actuadores;3140CA029;08:10;08:12;2;Equipment Fault;731;731;Bowl/Lineal feeder;Doble pin,,,,,,
2025-05-07;REA;Actuadores;3140CA029;08:59;09:01;2;Equipment Fault;Robots;R80;Electrical system;Conector de cable para sensor desconectado.,,,,,,
2025-05-07;REA;Actuadores;3140CA029;09:29;09:31;2;Equipment Fault;CAW;CPA;Feeder;Timeout por crank assy atorado en el riel,,,,,,
2025-05-07;REA;Actuadores;3140CA029;10:43;10:45;2;Maintenance;EOL;St2;Gripper NOK;Cranck bloqueado,,,,,,
2025-05-07;REA;Actuadores;3140CA029;10:46;10:48;2;Maintenance;Main conveyor;Main conveyor;Singulator NOK;sing. 25 no abre,,,,,,
2025-05-07;REA;Actuadores;3140CA029;10:51;10:53;2;Maintenance;CHW;Consumables;;cambio de tanque,,,,,,
2025-05-07;REA;Actuadores;3140CA029;10:54;10:56;2;Maintenance;Main conveyor;Main conveyor;Lock NOK;se atora pallet con locking,,,,,,
2025-05-07;REA;Actuadores;3140CA029;11:17;11:20;3;Maintenance;MAT;Consumables;Grease;cambio de grasa,,,,,,
2025-05-07;REA;Actuadores;3140CA029;12:08;12:10;2;Maintenance;Main conveyor;Main conveyor;Lock NOK;pallet atorado,,,,,,
2025-05-07;REA;Actuadores;3140CA029;12:42;12:44;2;Maintenance;Robots;R75;Gripper/tool adjustments;no abre gripper,,,,,,
2025-05-07;REA;Actuadores;3140CA029;13:08;13:12;4;Quality;CHW;General;Scrapbox full;Scrap box full,,,,,,
2025-05-07;REA;Actuadores;3140CA029;13:12;13:16;4;Maintenance;EOL;St2;CRIO NOK;Reset crio,,,,,,
2025-05-07;REA;Actuadores;3140CA029;13:21;13:25;4;Maintenance;CHW;St4;Pressor;limpieza de pines,,,,,,
2025-05-07;REA;Actuadores;3140CA029;13:29;13:33;4;Maintenance;CHW;St4;Pressor;cambio de pines,,,,,,
2025-05-07;REA;Actuadores;3140CA029;14:22;14:22;0;Maintenance;Robots;R75;Gripper/tool adjustments;no abre gripper,,,,,,
2025-05-07;REA;Actuadores;3140CA029;14:57;15:00;3;Maintenance;CAW;CPA;Vision system;Crank atorado,,,,,,
2025-05-06;REA;Actuadores;3140CA029;15:00;15:12;12;Maintenance;REA;General;Checklist;Checklist,,,,,,
2025-05-06;REA;Actuadores;3140CA029;15:12;15:16;4;Maintenance;CCC;Consumables;Resin;Cambio de resina, sin resina en el area,,,,,
2025-05-06;REA;Actuadores;3140CA029;15:51;17:02;71;Equipment Fault;730;General;TBD;Se detecta pieza bloqueada en EOL, al abrirse se encuentra que no tiene el shaft de la prensa 730. ,,,,,
2025-05-06;REA;Actuadores;3140CA029;17:12;17:22;10;Equipment Fault;CCC;General;TBD;Falla al girar la index.,,,,,,
2025-05-06;REA;Actuadores;3140CA029;17:22;17:26;4;Quality;CCC;General;Scrapbox full;Esperando calidad,,,,,,
2025-05-06;REA;Actuadores;3140CA029;17:47;17:51;4;Equipment Fault;CAW;General;Software/PC;No continua ciclo,,,,,,
2025-05-06;REA;Actuadores;3140CA029;19:14;19:18;4;Equipment Fault;CAW;General;Software/PC;No continua secuencia,,,,,,
2025-05-06;REA;Actuadores;3140CA029;21:26;21:32;6;Equipment Fault;CAW;CPA;Feeder;Crank atascado, feeder vacio,,,,,
2025-05-06;REA;Actuadores;3140CA029;20:44;20:50;6;Equipment Fault;USW;St14;Lower Jig;Scrap alto, goma,,,,,
2025-05-07;REA;Actuadores;3140CA029;18:37;18:41;4;Equipment Fault;620;620;Bowl/Lineal feeder;Prensa no agarro bearing,,,,,,
2025-05-07;REA;Actuadores;3140CA029;19:00;19:06;6;Maintenance;REA;General;Checklist;Checklist 500 pz,,,,,,
2025-05-07;REA;Actuadores;3140CA029;15:00;15:09;9;Maintenance;REA;General;Checklist;Checkjlist,,,,,,
2025-05-07;REA;Actuadores;3140CA029;16:10;16:28;18;Equipment Fault;Main conveyor;Main conveyor;RFID Reader;Se alinea rfdi ya que no detectaba los pallets,,,,,,
2025-05-07;REA;Actuadores;3140CA029;18:32;18:40;8;Equipment Fault;730;730;Bowl/Lineal feeder;Se limpia fibra ya que detectaba sin pieza en bowl,,,,,,
2025-05-07;REA;Actuadores;3140CA029;15:19;15:21;2;Equipment Fault;Robots;R75;Gripper/tool adjustments;R75 no abre gripper correctamente,,,,,,
2025-05-07;REA;Actuadores;3140CA029;18:55;18:58;3;Equipment Fault;Robots;R80;Gripper/tool adjustments;Robot para por sensor desconectado en gripper 1,,,,,,
2025-05-07;REA;Actuadores;3140CA029;15:38;15:42;4;Equipment Fault;Main conveyor;Main conveyor;RFID Reader;Se sacan pallets de la linea por no detecr rfd,,,,,,
2025-05-07;REA;Actuadores;3140CA029;19:25;19:33;8;Equipment Fault;CAW;CPA;Feeder;Feeder desalineado, se atora el crank antes de llegar al nicho,,,,,
2025-05-07;REA;Actuadores;3140CA029;20:02;20:06;4;Equipment Fault;MAT;St4;CRIO App;Reinicio de crio, no responde,,,,,
2025-05-07;REA;Actuadores;3140CA029;20:50;21:01;11;Equipment Fault;915;915;SMC module;Sensor de piston de smc no detectaba, se ajusta aposicion,,,,,
2025-05-07;REA;Actuadores;3140CA029;22:09;22:13;4;Equipment Fault;915;General;TBD;Falla sensor en gripper de SMC,,,,,,
2025-05-07;REA;Actuadores;3140CA029;20:48;20:52;4;Equipment Fault;CCC;General;Software/PC;Crash termocamara,,,,,,
2025-05-07;REA;Actuadores;3140CA029;22:15;22:18;3;Maintenance;CHW;Consumables;Chip reel;Cambio chip,,,,,,
2025-05-07;REA;Actuadores;3140CA029;22:15;22:19;4;Production;CHW;Consumables;Chip reel;Cambio de chip,,,,,,
2025-05-07;REA;Actuadores;3140CA029;23:50;23:51;1;Equipment Fault;Robots;R70;Vacuum system;cambio de ventosas,,,,,,
2025-05-08;REA;Actuadores;3140CA029;10:44;10:45;1;Equipment Fault;Robots;R70;Vacuum system;Pierde gear,,,,,,
2025-05-08;REA;Actuadores;3140CA029;02:00;02:15;15;Equipment Fault;915;915;SMC module;Nocontinua ciclo, Sensor al cerrar no detecta, ajustar,,,,
2025-05-08;REA;Actuadores;3140CA029;02:15;02:20;5;Maintenance;CHW;Consumables;Argon;Cambio de argon, se alarma por flujo no ok, falla de regulador,,,,
2025-05-08;REA;Actuadores;3140CA029;04:00;04:05;5;Equipment Fault;EOL;St4;CRIO NOK;reinicio de crio,,,,,,
2025-05-08;REA;Actuadores;3140CA029;04:30;04:33;3;Equipment Fault;USW;St14;Lower Jig;Rebaba,,,,,,
2025-05-08;REA;Actuadores;3140CS045;05:00;07:00;120;Maintenance;REA;General;Change Over;Mitsubishi set up M45,,,,,,
2025-05-08;REA;Actuadores;3140CS045;15:00;22:30;450;Maintenance;REA;General;Scheduled production stop;Ajustes y adaptaciones para corrida de prueba de Mitsubishi 45,,,,,,
2025-05-09;REA;Actuadores;3140CS045;15:00;17:00;120;Maintenance;REA;General;Change Over;Setup, masters, ajustes SV CAW,,,,
2025-05-09;REA;Actuadores;3140CS045;17:00;18:50;110;Quality;REA;General;Change Over;Liberacion,,,,,,
2025-05-09;REA;Actuadores;3140CS045;21:37;21:42;5;Equipment Fault;EOL;General;Electrical system;Profinet NOK,,,,,,
2025-05-09;REA;Actuadores;3140CS045;21:45;21:49;4;Equipment Fault;750;750;Bowl/Lineal feeder;Tornillos flojos en linear feeder, causan que el cilindro no llegue a fin de carrera,,,,,
2025-05-11;REA;Actuadores;3140CA029;10:40;10:42;2;Maintenance;Conveyors;C31;Presence sensor;blister no avanza, se atorra con piston,,,,,
2025-05-11;REA;Actuadores;3140CA029;11:07;11:09;2;Maintenance;731;731;Presence sensor;doble pin,,,,,,
2025-05-11;REA;Actuadores;3140CA029;11:28;11:30;2;Maintenance;731;731;Presence sensor;no pone pin se resetea 731,,,,,,
2025-05-11;REA;Actuadores;3140CA029;11:47;11:48;1;Maintenance;Robots;R75;Gripper/tool adjustments;no abre gripper,,,,,,
2025-05-11;REA;Actuadores;3140CA029;11:59;12:00;1;Maintenance;Robots;R75;Motion supervision/Joint collision;deja cover abierto y robot no abanza,,,,,,
2025-05-11;REA;Actuadores;3140CA029;13:30;13:32;2;Equipment Fault;731;731;Feed piston;pin inclinado,,,,,,
2025-05-11;REA;Actuadores;3140CA029;10:31;10:37;6;Equipment Fault;Robots;R80;Incorrect pick/place;incorrect pick,,,,,,
2025-05-11;REA;Actuadores;3140CA029;09:41;09:43;2;Maintenance;731;731;Feed piston;pin atorado,,,,,,
2025-05-11;REA;Actuadores;3140CA029;07:00;07:35;35;Quality;REA;General;SOP;entrega de muestras y liberacion,,,,,,
2025-05-11;REA;Actuadores;3140CA029;09:24;09:30;6;Maintenance;Conveyors;C85;Presence sensor;Ajuste de guia de blister,,,,,,
2025-05-11;REA;Actuadores;3140CA029;09:12;09:15;3;Maintenance;Conveyors;C85;Presence sensor;blister atorado,,,,,,
2025-05-11;REA;Actuadores;3140CA029;09:08;09:09;1;Equipment Fault;731;731;Feed piston;pin inclinado,,,,,,
2025-05-11;REA;Actuadores;3140CA029;07:55;08:36;41;Quality;CAW;General;Scrapbox full;no continuo ciclo por scrap crank assy,,,,,,
2025-05-11;REA;Actuadores;3140CA029;07:40;07:50;10;Equipment Fault;EOL;Jigs;Jig actuator;manguera de aire doblada por jig ingun,,,,,,
2025-05-11;REA;Actuadores;3140CA029;12:25;12:30;5;Maintenance;CAW;Jig/Index;Presence sensor;Ajuste,,,,,,
2025-05-11;REA;Actuadores;3140CA029;13:30;13:33;3;Equipment Fault;731;731;Feed piston;PIN INCLINADO,,,,,,
2025-05-11;REA;Actuadores;3140CA029;13:46;13:50;4;Maintenance;CCC;Consumables;Resin;cambio de resina,,,,,,
2025-05-11;REA;Actuadores;3140CA029;13:15;13:17;2;Maintenance;731;731;Feed piston;pin caido,,,,,,
2025-05-11;REA;Actuadores;3140CA029;14:14;14:15;1;Equipment Fault;731;731;Feed piston;pin inclinado,,,,,,
2025-05-11;REA;Actuadores;3140CA029;13:38;13:39;1;Maintenance;731;731;Feed piston;reset a prueba 731,,,,,,
2025-05-11;REA;Actuadores;3140CA029;13:49;13:50;1;Maintenance;Conveyors;C85;Presence sensor;blister atorado,,,,,,
2025-05-11;REA;Actuadores;3140CA029;14:02;14:04;2;Maintenance;Robots;R75;Gripper/tool adjustments;no pone ogiva,,,,,,
2025-05-11;REA;Actuadores;3140CA029;14:28;14:30;2;Quality;CAW;General;Scrapbox full;scrap crank assy,,,,,,
2025-05-11;REA;Actuadores;3140CA029;14:45;14:50;5;Maintenance;CHW;Consumables;Chip reel;cambio de carrete de chip/ limpieza de pines,,,,,,
2025-05-11;REA;Actuadores;3140CA029;15:18;15:20;2;Maintenance;Main conveyor;Main conveyor;Inductive sensor;no abanza pallet, limpieza de sensor.,,,,,
2025-05-11;REA;Actuadores;3140CA029;15:50;15:55;5;Equipment Fault;CAW;General;Software/PC;no continuo ciclo,,,,,,
2025-05-11;REA;Actuadores;3140CA029;16:28;16:29;1;Equipment Fault;Robots;R70;Vacuum system;mal vacio pick gear,,,,,,
2025-05-08;REA;Actuadores;3140CS045;07:00;15:00;480;Maintenance;REA;General;Scheduled production stop;Ajustes y adaptaciones para corrida de prueba de Mitsubishi 045,,,,,,
2025-05-08;REA;Actuadores;3140CS045;22:30;23:59;89;Maintenance;REA;General;Scheduled production stop;Ajustes y adaptaciones para corrida de prueba de Mitsubishi 045,,,,,,
2025-05-09;REA;Actuadores;3140CS045;00:00;07:00;420;Maintenance;REA;General;Scheduled production stop;Ajustes y adaptaciones para corrida de prueba de Mitsubishi 045,,,,,,
2025-05-09;REA;Actuadores;3140CS045;07:00;12:00;300;Maintenance;REA;General;Scheduled production stop;Ajustes y adaptaciones para corrida de prueba de Mitsubishi 045,,,,,,
2025-05-12;REA;Actuadores;3140CA029;07:00;08:06;66;Quality;REA;General;SOP;Liberación REA,,,,,,
2025-05-12;REA;Actuadores;3140CA029;08:08;08:34;26;Maintenance;REA;General;Scheduled maintenance;Mantenimiento programado de Lunes a linea REA,,,,,,
2025-05-12;REA;Actuadores;3140CA029;08:38;08:40;2;Maintenance;730;730;Alphamatic Module;Ajuste de parametros debido a rechazo por minima fuerza no superada,,,,,,
2025-05-12;REA;Actuadores;3140CA029;08:40;08:43;3;Maintenance;CAW;CPA;Vision system;Crank invertido,,,,,,
2025-05-12;REA;Actuadores;3140CA029;08:52;08:59;7;Maintenance;730;730;Alphamatic Module;Ajuste de parámetros debido a rechazo por fuerza excedida,,,,,,
2025-05-12;REA;Actuadores;3140CA029;09:32;09:34;2;Maintenance;730;730;Alphamatic Module;Ajuste de parámetros debido a rechazo por fuerza excedida,,,,,,
2025-05-12;REA;Actuadores;3140CA029;09:46;09:48;2;Maintenance;Robots;R70;Gripper/tool adjustments;No abre gripper,,,,,,
2025-05-12;REA;Actuadores;3140CA029;10:18;10:20;2;Maintenance;731;731;Bowl/Lineal feeder;Pin chueco,,,,,,
2025-05-12;REA;Actuadores;3140CA029;10:26;10:28;2;Maintenance;731;731;Bowl/Lineal feeder;Doble pin,,,,,,
2025-05-12;REA;Actuadores;3140CA029;10:32;10:34;2;Maintenance;750;750;Tool ;No hace inserción,,,,,,
2025-05-12;REA;Actuadores;3140CA029;11:00;11:03;3;Maintenance;CAW;General;TBD;Mesa no gira después de R80 colocar pieza, no presenta ninguna alarma.,,,,,
2025-05-12;REA;Actuadores;3140CA029;11:03;11:05;2;Maintenance;731;731;Bowl/Lineal feeder;Pin chueco,,,,,,
2025-05-12;REA;Actuadores;3140CA029;11:06;11:08;2;Maintenance;750;750;Tool ;Se atora bearing,,,,,,
2025-05-12;REA;Actuadores;3140CA029;11:12;11:14;2;Maintenance;Conveyors;C85;TBD;Blister atorado y no avanza,,,,,,
2025-05-12;REA;Actuadores;3140CA029;11:25;11:27;2;Maintenance;731;731;Bowl/Lineal feeder;Pin chueco,,,,,,
2025-05-12;REA;Actuadores;3140CA029;11:52;11:56;4;Quality;CAW;General;Scrapbox full;Scrap box full Crank,,,,,,
2025-05-12;REA;Actuadores;3140CA029;11:56;12:01;5;Maintenance;CAW;General;Scheduled maintenance;Checklist,,,,,,
2025-05-12;REA;Actuadores;3140CA029;12:01;12:05;4;Maintenance;CHW;General;Scheduled maintenance;Checklist,,,,,,
2025-05-12;REA;Actuadores;3140CA029;12:18;12:20;2;Maintenance;731;731;Bowl/Lineal feeder;Pin chueco,,,,,,
2025-05-12;REA;Actuadores;3140CA029;12:20;12:23;3;Maintenance;CCC;General;TBD;Mesa fuera de posición, se reestablece,,,,,
2025-05-12;REA;Actuadores;3140CA029;13:08;13:10;2;Maintenance;731;731;Bowl/Lineal feeder;Pin chueco,,,,,,
2025-05-12;REA;Actuadores;3140CA029;13:57;14:00;3;Maintenance;CHW;St3;Thermodo;Alto scrap por exceso de plastico adherido a heat stake,,,,,,
2025-05-12;REA;Actuadores;3140CA029;14:10;14:12;2;Maintenance;USW;St14;Lower Jig;Limpieza alto scrap,,,,,,
2025-05-12;REA;Actuadores;3140CA029;15:00;15:05;5;Maintenance;REA;General;Checklist;Checklist,,,,,,
2025-05-12;REA;Actuadores;3140CA029;15:05;15:17;12;Equipment Fault;CAW;General;TBD;Bin de scrap de crank asy lleno, no manda alarma,,,,,
2025-05-12;REA;Actuadores;3140CA029;15:51;15:54;3;Equipment Fault;Robots;R75;Motion supervision/Joint collision;Robot colisiona al ensamblar cover , no lo agarra correctamente,,,,,
2025-05-12;REA;Actuadores;3140CA029;16:03;16:06;3;Equipment Fault;Robots;R75;Motion supervision/Joint collision;Robot no agarra corectamente la pieza y colisiona al ensamblar cover,,,,,,
2025-05-12;REA;Actuadores;3140CA029;16:38;16:46;8;Maintenance;Robots;R38;TBD;Orlando, conexión remota a robot. Proceso pausado,,,,,
2025-05-12;REA;Actuadores;3140CA029;16:46;16:50;4;Equipment Fault;Robots;R75;Gripper/tool adjustments;Falla al ensamblar pieza. Compensacion del gripper con cinta,,,,,,
2025-05-12;REA;Actuadores;3140CA029;19:32;19:33;1;Equipment Fault;Robots;R80;Gripper/tool adjustments;Se desconecto un conector rapido del gripper 3,,,,,,
2025-05-12;REA;Actuadores;3140CA029;19:52;20:10;18;Equipment Fault;MAT;St4;CRIO App;St4 time out, crio no responde, se reincia crio desde NI, se reinician las fuentes, se reinicia el modulo de NI, ninguno funciona. Se hace un hard reset con lo cual se restablece,
2025-05-12;REA;Actuadores;3140CA029;21:11;21:14;3;Production;CHW;Consumables;Argon;Cambio de argon,,,,,,
2025-05-12;REA;Actuadores;3140CA029;21:23;21:25;2;Equipment Fault;Robots;R80;Gripper/tool adjustments;Sensor de gripper suelto,,,,,,
2025-05-12;REA;Actuadores;3140CA029;22:39;22:40;1;Equipment Fault;731;731;Feed piston;pin inclinado,,,,,,
2025-05-12;REA;Actuadores;3140CA029;22:57;22:58;1;Equipment Fault;731;731;Feed piston;pin inclinado,,,,,,
2025-05-12;REA;Actuadores;3140CA029;23:27;23:30;3;Maintenance;CHW;Consumables;Chip reel;cambio de chip,,,,,,
2025-05-12;REA;Actuadores;3140CA029;23:19;23:23;4;Quality;CAW;General;Scrapbox full;Esperando vaciado, se requirió restablecer,,,,,
2025-05-09;REA;Actuadores;3140CA029;12:00;15:00;180;Maintenance;REA;General;Change Over;Setup a Ford 029,,,,,,
2025-05-13;REA;Actuadores;3140CA029;01:00;01:03;3;Equipment Fault;MSA;MSA;Sensor de presencia;falla, no continua ciclo, limpieza,,,,
2025-05-13;REA;Actuadores;3140CA029;02:07;02:11;4;Maintenance;REA;General;Checklist;Checklist,,,,,,
2025-05-13;REA;Actuadores;3140CA029;02:45;02:47;2;Equipment Fault;Robots;R80;Electrical system;sensor desconectado de gripper 3,,,,,,
2025-05-13;REA;Actuadores;3140CA029;02:55;02:56;1;Equipment Fault;731;731;Feed piston;pin inclinado,,,,,,
2025-05-13;REA;Actuadores;3140CA029;04:40;04:41;1;Equipment Fault;750;750;Alphamatic Module;se quedo en posicion de pick y no continuo,,,,,,
2025-05-13;REA;Actuadores;3140CA029;05:40;05:42;2;Equipment Fault;620;620;Alphamatic Module;no continuo ciclo,,,,,,
2025-05-13;REA;Actuadores;3140CA029;05:48;05:50;2;Equipment Fault;750;750;Alphamatic Module;no continuo ciclo,,,,,,
2025-05-13;REA;Actuadores;3140CA029;06:19;06:23;4;Equipment Fault;Robots;R80;Gripper/tool adjustments;no abrio gripper,,,,,,
2025-05-13;REA;Actuadores;3140CA029;05:50;05:55;5;Maintenance;REA;General;Checklist;Checklist , pendiente CAW,,,,,
2025-05-13;REA;Actuadores;3140CA029;05:55;05:58;3;Equipment Fault;CAW;Jig/Index;Blade orienter actuator;Vastago flojo, no llega a final de carrera,,,,,
2025-05-13;REA;Actuadores;3140CA029;06:30;06:32;2;Equipment Fault;USW;St11;Weld NOK;Scraps continuos, revisar jig,,,,,
2025-05-13;REA;Actuadores;3140CA029;06:41;06:42;1;Equipment Fault;Robots;R80;Incorrect pick/place;Falla place en 974, no abre gripper,,,,,
2025-05-13;REA;Actuadores;3140CA029;07:12;07:13;1;Maintenance;Robots;R80;Gripper/tool adjustments;no agarra pieza,,,,,,
2025-05-13;REA;Actuadores;3140CA029;07:14;07:15;1;Maintenance;Robots;R75;Gripper/tool adjustments;gripper no abre,,,,,,
2025-05-13;REA;Actuadores;3140CA029;07:26;07:27;1;Maintenance;Robots;R75;Gripper/tool adjustments;gripper no abre,,,,,,
2025-05-13;REA;Actuadores;3140CA029;07:31;07:34;3;Maintenance;730;730;Feed piston;pin atorado,,,,,,
2025-05-13;REA;Actuadores;3140CA029;07:37;07:39;2;Maintenance;CCC;Consumables;Resin;cambio de resina,,,,,,
2025-05-13;REA;Actuadores;3140CA029;07:48;07:50;2;Maintenance;Robots;R80;Motion supervision/Joint collision;se le cae pieza al llegar a EOL,,,,,,
2025-05-13;REA;Actuadores;3140CA029;08:02;08:04;2;Maintenance;Robots;R75;Gripper/tool adjustments;Griper no abre,,,,,,
2025-05-13;REA;Actuadores;3140CA029;08:06;08:08;2;Maintenance;Main conveyor;Main conveyor;Lift;lift z4 no sube,,,,,,
2025-05-13;REA;Actuadores;3140CA029;09:27;09:28;1;Maintenance;Robots;R75;Gripper/tool adjustments;griper no abre,,,,,,
2025-05-13;REA;Actuadores;3140CA029;10:06;10:09;3;Maintenance;915;915;Missing ogive;ogiva caida,,,,,,
2025-05-13;REA;Actuadores;3140CA029;09:26;09:27;1;Maintenance;Robots;R75;Gripper/tool adjustments;gripper no abre,,,,,,
2025-05-13;REA;Actuadores;3140CA029;10:43;10:48;5;Maintenance;REA;General;Scheduled maintenance;Checklist (CAW,EOL,CHW,USW),,,
2025-05-13;REA;Actuadores;3140CA029;12:38;12:40;2;Maintenance;750;750;Bowl/Lineal feeder;Se atora bearing con prensa,,,,,,
2025-05-13;REA;Actuadores;3140CA029;13:09;13:12;3;Maintenance;Robots;R75;Motion supervision/Joint collision;No ensambla,,,,,,
2025-05-13;REA;Actuadores;3140CA029;13:30;13:33;3;Maintenance;Robots;R75;Motion supervision/Joint collision;No ensambla,,,,,,
2025-05-13;REA;Actuadores;3140CA029;13:57;14:00;3;Maintenance;Robots;R80;Electrical system;Cable de sensor desconectado,,,,,,
2025-05-13;REA;Actuadores;3140CA029;15:00;15:13;13;Equipment Fault;MAT;St6;Grease sensor;Tubo de grasa vacio, sensor no lo detecto correctamente y continuo. Totalidad de los pallets completos sin grasa, se pone grasa manualmente. Sin grasa en el area de REA,,,,
2025-05-13;REA;Actuadores;3140CA029;16:10;16:13;3;Equipment Fault;750;750;Bowl/Lineal feeder;Cilindro que libera el bearing atascado, no avanza,,,,,
2025-05-13;REA;Actuadores;3140CA029;16:01;16:06;5;Equipment Fault;Conveyors;C36;Presence sensor;Conveyor de body no avanzo, se vacia la linea,,,,,
2025-05-13;REA;Actuadores;3140CA029;15:33;15:34;1;Equipment Fault;Robots;R75;Gripper/tool adjustments;Gripper se atasca,,,,,,
2025-05-13;REA;Actuadores;3140CA029;15:40;15:41;1;Equipment Fault;Robots;R75;Gripper/tool adjustments;Gripper se atasca,,,,,,
2025-05-13;REA;Actuadores;3140CA029;16:23;16:26;3;Equipment Fault;Robots;R75;Gripper/tool adjustments;Se engrasa gripper por atascamiento repetitivo,,,,,,
2025-05-13;REA;Actuadores;3140CA029;16:35;16:37;2;Maintenance;750;General;TBD;Se para para tomar unas fotos, Orlando,,,,,
2025-05-13;REA;Actuadores;3140CA029;16:37;16:39;2;Equipment Fault;Robots;R75;Gripper/tool adjustments;Se reemplaza la cinta para compensar el mal agarre, debido a fallos repetitivos,,,,,
2025-05-13;REA;Actuadores;3140CA029;16:41;16:48;7;Equipment Fault;MAT;St4;CRIO App;No responde crio, inspeccion St4 ToBeDone despues de timeout, unica solucion reiniciar el equipo,,,,
2025-05-13;REA;Actuadores;3140CA029;16:52;16:53;1;Equipment Fault;EOL;St1;Presence sensor;Sensor falseo, discrepancia. Se limpia y ajusta sensor, se retira pieza,,,,
2025-05-13;REA;Actuadores;3140CA029;20:28;20:30;2;Equipment Fault;USW;St14;Lower Jig;Scrap consecutivo por suciedad en jig,,,,,,
2025-05-13;REA;Actuadores;3140CA029;21:25;21:27;2;Production;Conveyors;C56;TBD;Blister de magnet shaft roto de atora,,,,,,
2025-05-13;REA;Actuadores;3140CA029;21:08;21:11;3;Equipment Fault;750;750;Bowl/Lineal feeder;Prensa se atora en piston y no deja que detecte el sensor de carrera,,,,,,
2025-05-13;REA;Actuadores;3140CA029;22:33;22:34;1;Equipment Fault;USW;St14;Lower Jig;limpieza de jig,,,,,,
2025-05-13;REA;Actuadores;3140CA029;22:45;22:46;1;Equipment Fault;CHW;St4;Pressor;limpieza de pines,,,,,,
2025-05-14;REA;Actuadores;3140CA029;02:25;02:27;2;Equipment Fault;750;750;Alphamatic Module;no continuo ciclo se quedo en posicion pick,,,,,,
2025-05-14;REA;Actuadores;3140CA029;02:42;02:50;8;Maintenance;MAT;General;Software/PC;actualizacion de windows,,,,,,
2025-05-14;REA;Actuadores;3140CA029;00:00;01:34;94;Equipment Fault;REA;General;PLC ;Para sin alarmas, PLC error, falla comunicación a módulos de bus de campo, Italia da soporte para encontrarlos,,,
2025-05-14;REA;Actuadores;3140CA029;03:10;03:11;1;Equipment Fault;Robots;R80;Gripper/tool adjustments;gripper 1 no abrio,,,,,,
2025-05-14;REA;Actuadores;3140CA029;04:05;04:10;5;Equipment Fault;EOL;St4;CRIO NOK;reinicio de crio,,,,,,
2025-05-14;REA;Actuadores;3140CA029;05:25;05:30;5;Equipment Fault;CAW;General;Scrapbox full;No continua ciclo por scrapbox de crank,,,,,,
2025-05-14;REA;Actuadores;3140CA029;04:47;05:00;13;Equipment Fault;CCC;General;PLC ;Mesa girada,,,,,,
2025-05-14;REA;Actuadores;3140CA029;04:50;04:55;5;Maintenance;REA;General;Checklist;Checklist,,,,,,
2025-05-14;REA;Actuadores;3140CA029;05:42;05:45;3;Maintenance;CCC;Consumables;Resin;cambio de resina,,,,,,
2025-05-14;REA;Actuadores;3140CA029;06:55;07:00;5;Equipment Fault;CAW;General;Software/PC;No continua ciclo,,,,,,
2025-05-14;REA;Actuadores;3140CA029;07:00;07:05;5;Maintenance;CAW;General;Scheduled maintenance;checklist,,,,,,
2025-05-14;REA;Actuadores;3140CA029;07:05;07:08;3;Maintenance;EOL;General;Scheduled maintenance;Checklist,,,,,,
2025-05-14;REA;Actuadores;3140CA029;07:08;07:11;3;Maintenance;CHW;General;Scheduled maintenance;Checklist,,,,,,
2025-05-14;REA;Actuadores;3140CA029;07:14;07:16;2;Maintenance;EOL;St4;Gripper NOK;falla st4,,,,,,
2025-05-14;REA;Actuadores;3140CA029;07:34;07:36;2;Maintenance;Robots;R80;Gripper/tool adjustments;Gripper 1 no abre,,,,,,
2025-05-14;REA;Actuadores;3140CA029;08:46;08:50;4;Maintenance;CHW;St4;Pressor;cambio de pines,,,,,,
2025-05-14;REA;Actuadores;3140CA029;09:03;09:05;2;Maintenance;EOL;St2;CRIO NOK;st2,st4 alarma crio,,,,,
2025-05-14;REA;Actuadores;3140CA029;09:11;09:13;2;Maintenance;Robots;R80;Gripper/tool adjustments;Gripper 1 choca con scrapbox,,,,,,
2025-05-14;REA;Actuadores;3140CA029;09:43;09:48;5;Maintenance;CHW;Consumables;Chip reel;cambio de carrete de chip,,,,,,
2025-05-14;REA;Actuadores;3140CA029;09:56;10:00;4;Maintenance;CAW;Jig/Index;Index not in home;Mesa desalineada,,,,,,
2025-05-14;REA;Actuadores;3140CA029;10:07;10:10;3;Maintenance;Robots;R75;Gripper/tool adjustments;gripper no abre,,,,,,
2025-05-14;REA;Actuadores;3140CA029;10:30;10:33;3;Maintenance;CHW;General;Scheduled maintenance;Checklist mtto 500 pz,,,,,,
2025-05-14;REA;Actuadores;3140CA029;10:33;10:38;5;Maintenance;CAW;General;Scheduled maintenance;Checklist mtto 500 pz,,,,,,
2025-05-14;REA;Actuadores;3140CA029;10:39;10:41;2;Maintenance;915;915;Vision system;Falso rechazo pallet mal acomodado,,,,,,
2025-05-14;REA;Actuadores;3140CA029;10:43;10:45;2;Maintenance;Robots;R75;Motion supervision/Joint collision;Alarma al intentar ensamblar actuador,,,,,,
2025-05-14;REA;Actuadores;3140CA029;10:39;10:41;2;Maintenance;915;915;Vision system;foto rechazada falso rechazo,,,,,,
2025-05-14;REA;Actuadores;3140CA029;10:43;10:45;2;Maintenance;Robots;R75;Gripper/tool adjustments;no ensambla y no abre gripper,,,,,,
2025-05-14;REA;Actuadores;3140CA029;11:25;11:28;3;Maintenance;Robots;R80;Gripper/tool adjustments;se atora bearing,,,,,,
2025-05-14;REA;Actuadores;3140CA029;11:31;11:33;2;Maintenance;Robots;R75;Gripper/tool adjustments;no ensambla,,,,,,
2025-05-14;REA;Actuadores;3140CA029;11:40;11:44;4;Production;Robots;R70;Vacuum system;gear atorado vacuum falla,,,,,,
2025-05-14;REA;Actuadores;3140CA029;12:21;12:23;2;Maintenance;Robots;R75;Motion supervision/Joint collision;No abre gripper,,,,,,
2025-05-14;REA;Actuadores;3140CA029;13:03;13:05;2;Maintenance;Robots;R75;Gripper/tool adjustments;No abre gripper,,,,,,
2025-05-14;REA;Actuadores;3140CA029;13:07;13:10;3;Quality;CAW;General;Scrapbox full;Scrap box full de crank assy,,,,,,
2025-05-14;REA;Actuadores;3140CA029;13:40;14:00;20;Maintenance;MSA;MSA;Driver;Magnetshaft atascado adentro. y ocaciona se rompa el riel plastico.,,,,,,
2025-05-14;REA;Actuadores;3140CA029;15:47;15:50;3;Production;CAW;Consumables;Nitrogen;Cambio de nitrogeno,,,,,,
2025-05-14;REA;Actuadores;3140CA029;15:58;16:00;2;Equipment Fault;Robots;R75;Gripper/tool adjustments;Gripper no abre correctamente despues de ensamblar cover,,,,,,
2025-05-14;REA;Actuadores;3140CA029;16:03;16:05;2;Equipment Fault;Robots;R75;Gripper/tool adjustments;Gripper no abre correctamente al ensamblar cover,,,,,,
2025-05-14;REA;Actuadores;3140CA029;16:09;16:13;4;Equipment Fault;Robots;R75;Gripper/tool adjustments;Se cambia cinta de gripper de robot por constante fallo,,,,,,
2025-05-14;REA;Actuadores;3140CA029;15:00;15:09;9;Maintenance;REA;General;Checklist;Se realiza checklist,,,,,,
2025-05-14;REA;Actuadores;3140CA029;15:23;15:32;9;Equipment Fault;MSA;MSA;Sensor de presencia;Sensor de presencia no detectaba por base suelta,,,,,,
2025-05-14;REA;Actuadores;3140CA029;16:22;16:24;2;Production;CHW;Consumables;Argon;Cambio de argon,,,,,,
2025-05-14;REA;Actuadores;3140CA029;17:43;17:47;4;Equipment Fault;USW;St15;Presence sensor;Sensor falseo, Robot 80 quedo esperando, al activarlo fue necesario saltar la instruccion del robot para que continuara desde el pendant,,,,
2025-05-14;REA;Actuadores;3140CA029;18:58;19:01;3;Equipment Fault;CAW;General;Software/PC;No continua secuencia,,,,,,
2025-05-14;REA;Actuadores;3140CA029;19:01;19:06;5;Maintenance;REA;General;Checklist;Checklist 500 pz,,,,,,
2025-05-14;REA;Actuadores;3140CA029;19:48;19:52;4;Equipment Fault;CAW;Jig/Index;Index not in home;Se mueve index y causa fallas en la insercion de crank. Se ajusta mesa, se revisa que el centrado de la soldadura siga OK (Se da home basandose en que la pieza quede centrada en la region de inspeccion existnte),,,,,
2025-05-14;REA;Actuadores;3140CA029;19:15;19:17;2;Maintenance;CHW;St4;Pressor;Se realiza checklist por alto scrap en chw,,,,,,
2025-05-14;REA;Actuadores;3140CA029;20:04;20:22;18;Equipment Fault;CAW;CPA;Vision system;Sistema de vision con falso rechazo, proceso lento por rechazo consecutivo. Scrap se llena y para maquina sin alarmas, dias con esta condicion.,,,,
2025-05-14;REA;Actuadores;3140CA029;23:25;23:27;2;Equipment Fault;750;750;Alphamatic Module;no continuo ciclo se quedo en posicion de pick,,,,,,
2025-05-15;REA;Actuadores;3140CA029;01:00;03:12;132;Equipment Fault;Aux;710;Electrical system;Sensores falla intermitente, cable  dañado y sensor dañado, sensor encendía ademas funcionaba intermitente pero fallaba la señal lo que dificulto el debugeo, toma tiempo reemplazo de componentes,,,
2025-05-15;REA;Actuadores;3140CA029;03:12;03:15;3;Equipment Fault;750;750;Feed piston;Se atora prensa o no continua ciclo en posicion de pick,,,,,,
2025-05-15;REA;Actuadores;3140CA029;00:45;00:50;5;Production;REA;General;TBD;Blisters volteados(2) y conveyor se vacia (2),,,,,,
2025-05-15;REA;Actuadores;3140CA029;05:05;05:07;2;Maintenance;CHW;Consumables;Chip reel;cambio de chip,,,,,,
2025-05-15;REA;Actuadores;3140CA029;06:50;07:00;10;Equipment Fault;731;731;Presence sensor;Falla fibra, sin spare part, reparacion, intento de uso de alternativo,,,
2025-05-15;REA;Actuadores;3140CA029;07:00;07:05;5;Maintenance;CAW;General;Scheduled maintenance;checklist,,,,,,
2025-05-15;REA;Actuadores;3140CA029;07:05;07:08;3;Maintenance;CHW;General;Scheduled maintenance;checklist,,,,,,
2025-05-15;REA;Actuadores;3140CA029;07:08;07:10;2;Quality;REA;General;SOP;liberacion,,,,,,
2025-05-15;REA;Actuadores;3140CA029;08:44;08:48;4;Maintenance;731;731;Vacuum;falla en vacuum del piston,,,,,,
2025-05-15;REA;Actuadores;3140CA029;09:08;09:11;3;Maintenance;EOL;St2;CRIO NOK;reset crio,,,,,,
2025-05-15;REA;Actuadores;3140CA029;10:40;10:43;3;Quality;915;General;Scrapbox full;scrapbox full,,,,,,
2025-05-15;REA;Actuadores;3140CA029;10:54;10:57;3;Maintenance;CAW;General;TBD;Checklist de 500 pzs.,,,,,,
2025-05-15;REA;Actuadores;3140CA029;10:57;11:00;3;Maintenance;CHW;General;Scheduled maintenance;checklist de 500 pzs.,,,,,,
2025-05-15;REA;Actuadores;3140CA029;11:00;11:05;5;Maintenance;731;731;Feed piston;ajuste de alineacion de piston,,,,,,
2025-05-15;REA;Actuadores;3140CA029;11:12;11:17;5;Maintenance;731;731;Feed piston;no pasa el pin a sensor,,,,,,
2025-05-15;REA;Actuadores;3140CA029;11:21;11:23;2;Maintenance;731;731;Presence sensor;pin atorado,,,,,,
2025-05-15;REA;Actuadores;3140CA029;11:29;11:49;20;Maintenance;CAW;LSW;Pressor;ajuste a pressor por alineacion en crank assy,,,,,,
2025-05-15;REA;Actuadores;3140CA029;13:58;14:02;4;Maintenance;CAW;General;Scheduled maintenance;limpieza de preso,,,,,,
2025-05-15;REA;Actuadores;3140CA029;14:07;14:09;2;Maintenance;Robots;R65;Vacuum system;no agarraba gear se bricaba de pieza, se cambia de blister,,,,,
2025-05-15;REA;Actuadores;3140CA029;22:50;22:53;3;Equipment Fault;Robots;R75;Gripper/tool adjustments;cambio de cinta a gripper,,,,,,
2025-05-16;REA;Actuadores;3140CA029;01:10;01:15;5;Equipment Fault;CAW;General;Software/PC;no continuo ciclo / check list,,,,,,
2025-05-16;REA;Actuadores;3140CA029;02:44;02:45;1;Equipment Fault;731;731;Feed piston;pin inclinado,,,,,,
2025-05-16;REA;Actuadores;3140CA029;03:05;03:08;3;Equipment Fault;CAW;CPA;SCARA;no continuo ciclo,,,,,,
2025-05-16;REA;Actuadores;3140CA029;03:39;03:41;2;Equipment Fault;Main conveyor;Main conveyor;Singulator NOK;pallet atorado por singulator,,,,,,
2025-05-16;REA;Actuadores;3140CA029;04:20;04:23;3;Equipment Fault;CHW;St2;Vacuum system;Falla al tomar chip repetidas veces en un periodo de tiempo corto,,,,,,
2025-05-16;REA;Actuadores;3140CA029;04:30;04:33;3;Quality;CHW;General;Scrapbox full;Se llena scrapbox,,,,,,
2025-05-16;REA;Actuadores;3140CA029;04:35;04:42;7;Maintenance;CCC;Consumables;Resin;Cambio de resina, se rellena con sobrante anterior, se deja nueva acondicionandose,,,,
2025-05-16;REA;Actuadores;3140CA029;02:25;02:30;5;Equipment Fault;CAW;Jig/Index;Blade orienter actuator;Blades no cierran correctamente, limpieza y ajustar regulador por crank chueco ya que un blade cerraba muy rapido,,,,,
2025-05-16;REA;Actuadores;3140CA029;06:04;06:06;2;Equipment Fault;MSA;MSA;Sensor de presencia;falla sensor de presencia, se limpia,,,,,
2025-05-16;REA;Actuadores;3140CA029;07:00;07:10;10;Maintenance;REA;General;Checklist;Checklist, SOP,,,,,
2025-05-16;REA;Actuadores;3140CA029;07:15;07:30;15;Equipment Fault;USW;St11;Weld NOK;Scrap alto, se revisa goma, se abre pieza, se hace jig test, bubble test. Se cambia la goma de la base del jig de branson por una azul (provisional) no funciona, se encuentra otra goma blanca y se reemplaza,
2025-05-16;REA;Actuadores;3140CA029;07:41;07:42;1;Equipment Fault;CHW;St2;Vacuum system;Falla dos veces consecutivas, el chip estaba atorado en el reel,,,,,
2025-05-16;REA;Actuadores;3140CA029;07:44;07:46;2;Equipment Fault;CHW;St4;IPG/Samlight;Scrap, terminal quemada, se ve pr el punto que esta a la orilla de la terminal. Se mueve el punto de 3.45 a 3.5,,,,
2025-05-16;REA;Actuadores;3140CA029;07:50;07:52;2;Equipment Fault;EOL;Jigs;Ingun actuator;No etntra el ingun en jig 3, se ajusta mangueras y fitting,,,,,
2025-05-16;REA;Actuadores;3140CA029;08:28;08:59;31;Quality;CAW;General;NOK material;Crank con defecto, se vacia la linea, se espera a que se sortee el material (unico existente),,,,
2025-05-15;REA;Actuadores;3140CA029;15:00;15:11;11;Maintenance;REA;General;Checklist;Checklist,,,,,,
2025-05-15;REA;Actuadores;3140CA029;17:55;18:01;6;Maintenance;REA;General;Checklist;Checklist 500pz,,,,,,
2025-05-15;REA;Actuadores;3140CA029;22:07;22:10;3;Maintenance;REA;General;Checklist;Checklist,,,,,,
2025-05-15;REA;Actuadores;3140CA029;21:14;21:17;3;Equipment Fault;USW;St14;Lower Jig;Scrap alto, cambio de goma,,,,,
2025-05-15;REA;Actuadores;3140CA029;17:33;17:36;3;Maintenance;CHW;Consumables;Chip reel;Cambio de chip,,,,,,
2025-05-15;REA;Actuadores;3140CA029;17:12;17:15;3;Maintenance;MAT;Consumables;Grease;Cambio grasa,,,,,,
2025-05-15;REA;Actuadores;3140CA029;17:44;17:48;4;Equipment Fault;731;731;Presence sensor;Scrap por piezas sin shaft, se desarma para limpiar por donde pasa la fibra,,,,,
2025-05-15;REA;Actuadores;3140CA029;17:51;17:52;1;Equipment Fault;Robots;R33;Motion supervision/Joint collision;Choca con jig CHW,,,,,,
2025-05-15;REA;Actuadores;3140CA029;18:23;18:25;2;Equipment Fault;CHW;St2;Vacuum system;No toma correctamente el chip,,,,,,
2025-05-15;REA;Actuadores;3140CA029;18:36;18:38;2;Production;Conveyors;General;Blister NOK/Wrong PN;Blister con etiqueta incorrecta que se habia retirado previamente se vuelve a introducir,,,,,,
2025-05-15;REA;Actuadores;3140CA029;17:02;17:07;5;Production;Conveyors;General;TBD;Falla el robot al tomar blisters con DM incorrecto, esto se repite. Se retiran todos los blister y se reemplazan,,,,,
2025-05-16;REA;Actuadores;3140CA029;10:31;10:33;2;Equipment Fault;EOL;St4;CRIO NOK;Reinicio,,,,,,
2025-05-16;REA;Actuadores;3140CA029;12:51;12:55;4;Equipment Fault;EOL;St4;CRIO NOK;Reinicio crio,,,,,,
2025-05-16;REA;Actuadores;3140CA029;13:33;13:49;16;Equipment Fault;CCC;General;Software/PC;Crash app termocamara,,,,,,
2025-05-16;REA;Actuadores;3140CA029;14:20;14:25;5;Maintenance;CHW;Consumables;Chip reel;Cambio de chip,,,,,,
2025-05-16;REA;Actuadores;3140CA029;15:27;15:37;10;Equipment Fault;CCC;General;Software/PC;Se traba aplicacion, no se reiniciaba,,,,,
2025-05-16;REA;Actuadores;3140CA029;15:49;16:00;11;Equipment Fault;CCC;General;Software/PC;Error en aplicacion de termo camara,,,,,,
2025-05-16;REA;Actuadores;3140CA029;18:05;18:07;2;Maintenance;Robots;R70;Vacuum system;Gear atorado y vacuum no es suficiente para levantarlo,,,,,,
2025-05-16;REA;Actuadores;3140CA029;18:10;18:13;3;Maintenance;Robots;R75;Motion supervision/Joint collision;Se alarma al ensamblar y se cae ogiva al conveyor, se recupera y se coloca.,,,,,
2025-05-16;REA;Actuadores;3140CA029;19:15;19:17;2;Maintenance;731;731;Bowl/Lineal feeder;Pin chueco,,,,,,
2025-05-16;REA;Actuadores;3140CA029;19:17;19:19;2;Maintenance;Robots;R80;Gripper/tool adjustments;Gripper 1 no abre,,,,,,
2025-05-16;REA;Actuadores;3140CA029;15:15;15:25;10;Maintenance;REA;General;Checklist;Checklist,,,,,,
2025-05-16;REA;Actuadores;3140CA029;23:00;23:01;1;Equipment Fault;Robots;R75;Gripper/tool adjustments;gripper no abrio,,,,,,
2025-05-16;REA;Actuadores;3140CA029;23:33;23:34;1;Equipment Fault;Robots;R80;Gripper/tool adjustments;no abrio gripper,,,,,,
2025-05-17;REA;Actuadores;3140CA029;00:58;01:00;2;Equipment Fault;Robots;R80;Incorrect pick/place;falla place, actudor desfasado, no cierra gripper 974,,,,
2025-05-17;REA;Actuadores;3140CA029;01:03;01:05;2;Equipment Fault;Conveyors;C36;Presence sensor;blister atorado,,,,,,
2025-05-17;REA;Actuadores;3140CA029;01:31;01:35;4;Equipment Fault;EOL;St4;Gripper NOK;gipper en error, queda abajo cerrado con el crank, al rehacer falla la prueba,,,,
2025-05-17;REA;Actuadores;3140CA029;01:50;01:51;1;Maintenance;CHW;Consumables;Argon;cambio de argon,,,,,,
2025-05-17;REA;Actuadores;3140CA029;02:55;02:57;2;Quality;CHW;General;Scrapbox full;scrapbox full,,,,,,
2025-05-17;REA;Actuadores;3140CA029;03:03;03:04;1;Equipment Fault;Robots;R70;Vacuum system;cambio de ventosas,,,,,,
2025-05-17;REA;Actuadores;3140CA029;02:44;02:47;3;Quality;CAW;General;Scrapbox full; scrapbox full,,,,,,
2025-05-17;REA;Actuadores;3140CA029;03:27;03:30;3;Quality;CHW;General;Scrapbox full;Vaciado de scrapbox,,,,,,
2025-05-17;REA;Actuadores;3140CA029;04:00;04:06;6;Equipment Fault;CAW;CPA;SCARA;No continua ciclo, robot en media secuencia, se hace checklist,,,,
2025-05-17;REA;Actuadores;3140CA029;05:34;05:35;1;Equipment Fault;731;731;Feed piston;pin inclinado,,,,,,
2025-05-17;REA;Actuadores;3140CA029;06:42;06:45;3;Maintenance;CCC;Consumables;Resin;Cambio de resina, se coloca resina nueva,,,,,
2025-05-17;REA;Actuadores;3140CA029;06:30;06:35;5;Maintenance;CHW;Consumables;Chip reel;cambio de chip,,,,,,
2025-05-17;REA;Actuadores;3140CA029;06:52;06:53;1;Equipment Fault;Robots;R75;Gripper/tool adjustments;no abrio gripper,,,,,,
2025-05-17;REA;Actuadores;3140CA029;07:00;07:05;5;Maintenance;CAW;General;Scheduled maintenance;Checklist,,,,,,
2025-05-17;REA;Actuadores;3140CA029;07:06;07:09;3;Maintenance;CHW;General;TBD;Checklist,,,,,,
2025-05-17;REA;Actuadores;3140CA029;07:30;07:45;15;Maintenance;Aux;710;Electrical system;Sensor dañado,,,,,,
2025-05-17;REA;Actuadores;3140CA029;07:45;08:30;45;Maintenance;Aux;710;Pneumatic System;Electroválvula no se activa,,,,,,
2025-05-17;REA;Actuadores;3140CA029;10:20;10:22;2;Maintenance;Robots;R75;Gripper/tool adjustments;No abre gripper,,,,,,
2025-05-17;REA;Actuadores;3140CA029;10:43;10:45;2;Maintenance;Robots;R75;Incorrect pick/place;No abre gripper,,,,,,
2025-05-17;REA;Actuadores;3140CA029;10:57;11:02;5;Maintenance;CAW;LSW;Pressor;Ajuste de pressor por no planicidad en soldadura de crank,,,,,,
2025-05-17;REA;Actuadores;3140CA029;11:07;11:10;3;Maintenance;EOL;St4;CRIO NOK;Reset CRIO,,,,,,
2025-05-17;REA;Actuadores;3140CA029;11:11;11:12;1;Maintenance;Main conveyor;Main conveyor;RFID Reader;No abre sing 25,,,,,,
2025-05-17;REA;Actuadores;3140CA029;11:16;11:18;2;Maintenance;Robots;R80;Gripper/tool adjustments;Gripper flojo se cae pieza,,,,,,
2025-05-17;REA;Actuadores;3140CA029;11:28;11:30;2;Maintenance;Robots;R75;Incorrect pick/place;No abre gripper,,,,,,
2025-05-17;REA;Actuadores;3140CA029;11:31;11:33;2;Maintenance;Robots;R80;Motion supervision/Joint collision;Robot choca con scrapbox de USW,,,,,,
2025-05-17;REA;Actuadores;3140CA029;11:33;11:37;4;Maintenance;CAW;General;Scheduled maintenance;Checklist 500pz,,,,,,
2025-05-17;REA;Actuadores;3140CA029;11:37;11:40;3;Maintenance;CHW;General;Scheduled maintenance;Checklist 500pz,,,,,,
2025-05-17;REA;Actuadores;3140CA029;11:47;11:48;1;Maintenance;Conveyors;C36;Presence sensor;Sensor bloqueado por blister vacio atorado,,,,,,
2025-05-17;REA;Actuadores;3140CA029;11:51;11:53;2;Maintenance;USW;St11;Presence sensor;Sensor obstruido por esponja de jig levantada,,,,,,
2025-05-17;REA;Actuadores;3140CA029;12:05;12:07;2;Maintenance;USW;St11;Presence sensor;Sensor obstruido por esponja de jig levantada,,,,,,
2025-05-17;REA;Actuadores;3140CA029;12:09;12:11;2;Maintenance;USW;St11;Branson;Pieza atorada en sonotrodo,,,,,,
2025-05-17;REA;Actuadores;3140CA029;12:22;12:24;2;Maintenance;USW;St11;Branson;Pieza atorada en sonotrodo,,,,,,
2025-05-17;REA;Actuadores;3140CA029;12:30;12:32;2;Maintenance;USW;St11;Branson;Pieza atorada en sonotrodo,,,,,,
2025-05-17;REA;Actuadores;3140CA029;12:32;12:36;4;Maintenance;CAW;Jig/Index;Index not in home;Mesa desalineada,,,,,,
2025-05-17;REA;Actuadores;3140CA029;13:23;13:25;2;Maintenance;Robots;R75;Incorrect pick/place;No abre gripper,,,,,,
2025-05-17;REA;Actuadores;3140CA029;13:35;13:40;5;Maintenance;CAW;General;Scheduled maintenance;Cambio de lente por horas de servicio,,,,,,
2025-05-17;REA;Actuadores;3140CA029;15:00;15:09;9;Maintenance;REA;General;Checklist;Checklist,,,,,,
2025-05-17;REA;Actuadores;3140CA029;16:08;16:10;2;Equipment Fault;EOL;St4;CRIO NOK;Reinicio crio no responde,,,,,,
2025-05-17;REA;Actuadores;3140CA029;16:47;16:50;3;Maintenance;CHW;Consumables;Argon;Cambio argon,,,,,,
2025-05-17;REA;Actuadores;3140CA029;16:38;16:42;4;Equipment Fault;Robots;R40;Gripper/tool adjustments;Robot no agarra correctamente el body y choca,,,,,,
2025-05-17;REA;Actuadores;3140CA029;16:47;16:49;2;Equipment Fault;Robots;R75;Gripper/tool adjustments;Robot no abre correctamente el gripper,,,,,,
2025-05-17;REA;Actuadores;3140CA029;18:25;18:27;2;Maintenance;CHW;St4;Pressor;Limpieza de pressor,,,,,,
2025-05-17;REA;Actuadores;3140CA029;18:41;18:43;2;Quality;USW;General;NOK material;Bushing salido atorado en USW,,,,,,
2025-05-17;REA;Actuadores;3140CA029;18:53;18:56;3;Equipment Fault;CHW;St4;Pressor;Scrap alto,,,,,,
2025-05-17;REA;Actuadores;3140CA029;19:04;19:17;13;Equipment Fault;730;General;TBD;Scrap consecutivo, baja sin shaft, tambien se encunetran piezas con el shaft sobre el body (no insertado), scrap alto por fuerza minima nok tambien detectado en el monitoreo,,,
2025-05-17;REA;Actuadores;3140CA029;19:25;19:28;3;Equipment Fault;USW;St14;Lower Jig;Scrap alto, cambio d goma,,,,,
2025-05-17;REA;Actuadores;3140CA029;19:33;19:40;7;Quality;Robots;R80;NOK material;Bushing salido causa que pieza no entre en jigde caw, causando colision en el joint del robot,,,,,
2025-05-17;REA;Actuadores;3140CA029;20:46;20:50;4;Equipment Fault;730;730;Alphamatic Module;Scrap por fuerza max,,,,,,
2025-05-17;REA;Actuadores;3140CA029;21:38;21:41;3;Equipment Fault;USW;St11;Weld NOK;Se agrega un pedazo de cinta en jig por scrap consecutivo en usw,,,,,,
2025-05-17;REA;Actuadores;3140CA029;21:53;21:55;2;Equipment Fault;Robots;R75;Gripper/tool adjustments;Robot no abre correctamente gripper,,,,,,
2025-05-18;REA;Actuadores;3140CA029;07:00;07:05;5;Maintenance;CAW;General;Scheduled maintenance;checklist,,,,,,
2025-05-18;REA;Actuadores;3140CA029;07:05;07:10;5;Production;CHW;General;Scheduled maintenance;checklist,,,,,,
2025-05-18;REA;Actuadores;3140CA029;07:10;07:15;5;Maintenance;EOL;General;Scheduled maintenance;checklist,,,,,,
2025-05-18;REA;Actuadores;3140CA029;07:15;07:45;30;Quality;REA;General;SOP;SOP,,,,,,
2025-05-18;REA;Actuadores;3140CA029;07:45;08:10;25;Maintenance;USW;General;Scheduled maintenance;ajustes y reparacion de jog,,,,,,
2025-05-18;REA;Actuadores;3140CA029;08:25;08:27;2;Maintenance;Robots;R75;Gripper/tool adjustments;no abre gripper,,,,,,
2025-05-18;REA;Actuadores;3140CA029;08:32;08:34;2;Maintenance;Robots;R80;Gripper/tool adjustments;gripper 1 se queda en EOL,,,,,,
2025-05-18;REA;Actuadores;3140CA029;08:51;08:52;1;Maintenance;Robots;R75;Gripper/tool adjustments;no ensambla cover,,,,,,
2025-05-18;REA;Actuadores;3140CA029;09:12;09:14;2;Maintenance;731;731;Presence sensor;pin caido,,,,,,
2025-05-18;REA;Actuadores;3140CA029;09:26;09:29;3;Production;Conveyors;C31;Presence sensor;blister de cover al reves,,,,,,
2025-05-18;REA;Actuadores;3140CA029;09:47;09:49;2;Maintenance;Robots;R80;Motion supervision/Joint collision;ajuste al soporte del R80,,,,,,
2025-05-18;REA;Actuadores;3140CA029;10:03;10:08;5;Maintenance;CHW;Consumables;Chip reel;cambio de carrete de chip,,,,,,
2025-05-18;REA;Actuadores;3140CA029;10:24;10:25;1;Maintenance;Robots;R75;Gripper/tool adjustments;no abre gripper,,,,,,
2025-05-18;REA;Actuadores;3140CA029;12:52;12:58;6;Equipment Fault;CAW;CPA;Feeder;Crank invertido, aplicacion no se podiarestablecer,,,,,
2025-05-18;REA;Actuadores;3140CA029;11:14;11:39;25;Production;REA;General;NOK material;Se acabo material de cover,,,,,,
2025-05-18;REA;Actuadores;3140CA029;11:39;11:50;11;Equipment Fault;CAW;General;Software/PC;Aplicacion no respondia,,,,,,
2025-05-18;REA;Actuadores;3140CA029;15:47;16:47;60;Equipment Fault;USW;St14;Lower Jig;Rosca de jig barrida, se barrena y se hace rosca nueva,,,,,
2025-05-19;REA;Actuadores;3140CA029;15:00;15:08;8;Maintenance;REA;General;Checklist;Checklist,,,,,,
2025-05-19;REA;Actuadores;3140CA029;15:08;15:12;4;Equipment Fault;CAW;General;Software/PC;Aplicacion no iniciaba en automatico,,,,,,
2025-05-19;REA;Actuadores;3140CA029;15:46;15:50;4;Equipment Fault;USW;St14;Lower Jig;Se revisa jig de leak test por scrap,,,,,,
2025-05-19;REA;Actuadores;3140CA029;15:50;15:54;4;Equipment Fault;CAW;Jig/Index;Index not in home;Se ajusta posicion de mesa, ya que falla el robot al poner crank en actuador,,,,,
2025-05-19;REA;Actuadores;3140CA029;16:03;16:07;4;Equipment Fault;730;730;Alphamatic Module;Scrap, se monitorea y se encuentra que excede la fuerza maxima. Se reduce la distancia de 149 a 148.5, al monitorear se encuentra que falla entonces por fuerza minima, se modifica a 148.8,,,
2025-05-19;REA;Actuadores;3140CA029;16:50;16:53;3;Equipment Fault;USW;St14;Lower Jig;Cambio de goma por scrap alto,,,,,,
2025-05-19;REA;Actuadores;3140CA029;16:20;16:36;16;Equipment Fault;USW;St11;Weld NOK;Scrap alto, se revisa leak test, se pasa master, se abren piezas, se cambia goma blanca de jig branson, se retira la parte plastica mvil para limpiar y lubricarla, se revisa la correcta alineacion del sonotrodo
2025-05-19;REA;Actuadores;3140CA029;17:04;17:06;2;Equipment Fault;USW;St11;Jig;Se agrega un pedazo de cinta en jig por alto scrap, quema la pieza,,,,,
2025-05-19;REA;Actuadores;3140CA029;17:13;17:15;2;Equipment Fault;USW;St11;Branson;Se da el horn scan por peak power alto, si hubo un ligero desfase en la frecuencia. El impacto no fue el esperado, se reduce el peak power pero se mantiene por encima de lo ideal, posible desgaste de sonotrodo,,,
2025-05-19;REA;Actuadores;3140CA029;19:46;19:48;2;Production;Robots;R38;NOK material;Robot no continuaba secuencia porque motor estaba al reves,,,,,,
2025-05-19;REA;Actuadores;3140CA029;19:56;19:58;2;Equipment Fault;731;731;Bowl/Lineal feeder;Pin atorado en piston lineal,,,,,,
2025-05-19;REA;Actuadores;3140CA029;19:58;20:01;3;Equipment Fault;MAT;St5;Axis not in home;Mat no continuaba, axis de st 6 no estaba en home,,,,,
2025-05-19;REA;Actuadores;3140CA029;20:04;20:06;2;Equipment Fault;Robots;R70;Pneumatic System;Vacuum off,,,,,,
2025-05-19;REA;Actuadores;3140CA029;21:17;21:28;11;Maintenance;REA;General;Checklist;Checklist,,,,,,
2025-05-19;REA;Actuadores;3140CA029;22:19;22:21;2;Equipment Fault;Robots;R75;Gripper/tool adjustments;Gripper no abre correctamente,,,,,,
2025-05-19;REA;Actuadores;3140CA029;22:50;22:55;5;Equipment Fault;CAW;General;Software/PC;no continuo ciclo,,,,,,
2025-05-19;REA;Actuadores;3140CA029;23:06;23:10;4;Quality;CHW;General;Scrapbox full;scrap box full,,,,,,
2025-05-19;REA;Actuadores;3140CA029;23:27;23:30;3;Equipment Fault;Robots;R70;Vacuum system;vacuum failed,,,,,,
2025-05-19;REA;Actuadores;3140CA029;23:40;23:41;1;Equipment Fault;Robots;R75;Gripper/tool adjustments;no abrio gripper,,,,,,
2025-05-19;REA;Actuadores;3140CA029;23:50;23:54;4;Maintenance;CHW;Consumables;Chip reel;cambio de chip,,,,,,
2025-05-20;REA;Actuadores;3140CA029;03:07;03:10;3;Maintenance;CCC;Consumables;Resin;cambio de resina,,,,,,
2025-05-20;REA;Actuadores;3140CA029;03:26;03:27;1;Equipment Fault;Conveyors;C36;Presence sensor;no abrio locking,,,,,,
2025-05-20;REA;Actuadores;3140CA029;03:45;03:50;5;Equipment Fault;EOL;St4;CRIO NOK;reinicio de crio,,,,,,
2025-05-20;REA;Actuadores;3140CA029;04:15;04:17;2;Equipment Fault;Robots;R70;Vacuum system;vacuum fail,,,,,,
2025-05-20;REA;Actuadores;3140CA029;05:24;05:26;2;Equipment Fault;Robots;R70;Vacuum system;cambio de ventosas,,,,,,
2025-05-20;REA;Actuadores;3140CA029;05:39;05:40;1;Equipment Fault;Robots;R75;Gripper/tool adjustments;no abrio gripper,,,,,,
2025-05-20;REA;Actuadores;3140CA029;06:37;06:40;3;Equipment Fault;Robots;R75;Gripper/tool adjustments;cambio de cinta a gripper,,,,,,
2025-05-20;REA;Actuadores;3140CA029;07:00;07:12;12;Maintenance;REA;General;Checklist;Checklist, SOP,,,,,
2025-05-20;REA;Actuadores;3140CA029;07:13;07:16;3;Maintenance;USW;St14;Lower Jig;Cambio de goma,,,,,,
2025-05-20;REA;Actuadores;3140CA029;07:24;07:26;2;Maintenance;USW;St14;Lower Jig;Se ajusta tornillos de jig a con piston,,,,,,
2025-05-20;REA;Actuadores;3140CA029;07:33;07:36;3;Maintenance;USW;St14;Lower Jig;Cambio de goma blanca de jig,,,,,,
2025-05-20;REA;Actuadores;3140CA029;08:12;08:19;7;Maintenance;CHW;St5;Vision system;Ajuste sistema de vision,,,,,,
2025-05-20;REA;Actuadores;3140CA029;08:27;08:28;1;Maintenance;USW;St14;Lower Jig;Limpieza de jig,,,,,,
2025-05-20;REA;Actuadores;3140CA029;08:56;09:06;10;Quality;CAW;LWS;NOK Condition;Ajuste angulo crank,,,,,,
2025-05-20;REA;Actuadores;3140CA029;09:07;09:10;3;Equipment Fault;EOL;St3;Gripper NOK;Falla st3,,,,,,
2025-05-20;REA;Actuadores;3140CA029;09:20;09:22;2;Equipment Fault;USW;St11;Branson;Ajustes a sonotrodo,,,,,,
2025-05-20;REA;Actuadores;3140CA029;09:31;09:35;4;Equipment Fault;EOL;St3;Gripper NOK;Falla gripper st3,,,,,,
2025-05-20;REA;Actuadores;3140CA029;09:45;09:49;4;Equipment Fault;EOL;St4;Gripper NOK;Falla st4 CRIO,,,,,,
2025-05-20;REA;Actuadores;3140CA029;10:05;10:07;2;Equipment Fault;CHW;St4;Pressor;Limpieza a puntas de pressor por alto scrap,,,,,,
2025-05-20;REA;Actuadores;3140CA029;10:55;11:00;5;Equipment Fault;CHW;St4;Pressor;Cambio de pines por alto scrap,,,,,,
2025-05-20;REA;Actuadores;3140CA029;11:45;11:50;5;Maintenance;REA;General;Checklist;Checklist 500pz,,,,,,
2025-05-20;REA;Actuadores;3140CA029;12:52;12:53;1;Equipment Fault;Robots;R70;Vacuum system;Vacuum off,,,,,,
2025-05-20;REA;Actuadores;3140CA029;13:02;13:05;3;Equipment Fault;Robots;R80;Gripper/tool adjustments;No abre gripper 1,,,,,,
2025-05-19;REA;Actuadores;3140CA029;07:00;07:59;59;Quality;REA;General;SOP;Liberacion calidad,,,,,,
2025-05-19;REA;Actuadores;3140CA029;07:59;08:20;21;Maintenance;USW;St14;Lower Jig;Reparacion jig dañado de una rosca,,,,,,
2025-05-19;REA;Actuadores;3140CA029;08:20;08:29;9;Maintenance;Robots;R80;Scheduled maintenance;Reparación de manguera y cables,,,,,,
2025-05-19;REA;Actuadores;3140CA029;09:40;14:00;260;Quality;CAW;LWS;NOK Condition;Angulo incorrecto en crank soldado, liberacion de calidad,,,,,
2025-05-20;REA;Actuadores;3140CA029;13:15;13:17;2;Equipment Fault;Robots;R70;Vacuum system;Se cae ventosa,,,,,,
2025-05-20;REA;Actuadores;3140CA029;13:27;13:29;2;Equipment Fault;Robots;R75;Gripper/tool adjustments;No abre gripper,,,,,,
2025-05-20;REA;Actuadores;3140CA029;15:00;15:11;11;Maintenance;REA;General;Checklist;Checklist,,,,,,
2025-05-20;REA;Actuadores;3140CA029;15:15;15:17;2;Production;Conveyors;C31;Lift;Lift no subia por blister lleno abajo,,,,,,
2025-05-20;REA;Actuadores;3140CA029;16:18;16:38;20;Equipment Fault;USW;St14;Upper Jig;Se revisa leak test por alto scrap, se encuentra conector neumatico con fuga,,,,,
2025-05-20;REA;Actuadores;3140CA029;16:53;16:58;5;Production;CHW;Consumables;Chip reel;Cambio de chip,,,,,,
2025-05-20;REA;Actuadores;3140CA029;17:03;17:07;4;Production;CAW;Consumables;Nitrogen;Cambio de nitrogeno,,,,,,
2025-05-20;REA;Actuadores;3140CA029;17:40;17:44;4;Equipment Fault;CAW;General;Software/PC;No responde, se reestablece,,,,,
2025-05-20;REA;Actuadores;3140CA029;18:31;18:35;4;Equipment Fault;EOL;St3;Gripper NOK;Gripper error signal,,,,,,
2025-05-20;REA;Actuadores;3140CA029;18:42;18:48;6;Equipment Fault;USW;St11;Weld NOK;Spikes de scrap, proceso inestable. Se revisa USW y branson,,,,,
2025-05-20;REA;Actuadores;3140CA029;19:10;19:14;4;Equipment Fault;EOL;St4;CRIO NOK;Crio reset,,,,,,
2025-05-20;REA;Actuadores;3140CA029;19:05;19:08;3;Quality;Robots;R65;NOK material;Gear con exceso de plastico por dentro y se atorado,,,,,,
2025-05-20;REA;Actuadores;3140CA029;19:22;19:27;5;Equipment Fault;CHW;St4;Pressor;Scrap, soldadura inestable, ajuste pos de pressor,,,,
2025-05-20;REA;Actuadores;3140CA029;19:28;19:30;2;Production;Conveyors;General;Blister NOK/Wrong PN;Motor invertido,,,,,,
2025-05-20;REA;Actuadores;3140CA029;19:52;19:55;3;Equipment Fault;731;731;Bowl/Lineal feeder;Atascado, no alimenta, para secuencia,,,,
2025-05-20;REA;Actuadores;3140CA029;20:11;20:14;3;Equipment Fault;EOL;St3;Gripper NOK;Gripper signal error,,,,,,
2025-05-20;REA;Actuadores;3140CA029;21:44;21:46;2;Equipment Fault;Robots;R33;Motion supervision/Joint collision;Toma mal cover y colisiona al tratar de ponerlo en CHW,,,,,,
2025-05-20;REA;Actuadores;3140CA029;21:28;21:33;5;Equipment Fault;Robots;R80;Gripper/tool adjustments;Fallas continuas al colocar en 974, ajuste gripper,,,,,
2025-05-20;REA;Actuadores;3140CA029;21:32;21:34;2;Equipment Fault;USW;St11;Branson;Alarma energy limit, pieza mal colocada,,,,,
2025-05-20;REA;Actuadores;3140CA029;21:12;21:14;2;Equipment Fault;Main conveyor;Main conveyor;Lift;Pallet quedo debajo del lift, otros problemas relacionados a la secuencia del locking despues de eso,,,,,
2025-05-20;REA;Actuadores;3140CA029;22:12;22:15;3;Equipment Fault;USW;General;NOK material;Pieza atascada en sonotrodo, bushing nok,,,,,
2025-05-20;REA;Actuadores;3140CA029;22:15;22:18;3;Equipment Fault;Robots;R65;NOK material;Gear diametro NOK atascado en 815,,,,,,
2025-05-20;REA;Actuadores;3140CA029;23:20;23:25;5;Equipment Fault;EOL;St4;CRIO NOK;reinicio de crio,,,,,,
2025-05-20;REA;Actuadores;3140CA029;23:45;23:50;5;Maintenance;CAW;LSW;Pressor;checklist,,,,,,
2025-05-21;REA;Actuadores;3140CA029;00:50;00:55;5;Equipment Fault;USW;St11;Branson;body atorado por bushing en sonotrodo,,,,,,
2025-05-21;REA;Actuadores;3140CA029;01:17;01:18;1;Maintenance;CHW;St4;Pressor;limpieza de pines,,,,,,
2025-05-21;REA;Actuadores;3140CA029;02:00;02:03;3;Equipment Fault;Robots;R33;TBD;Falla en place de CHW, a la larga sucede pero el robtarget parece estar OK en general,,,,,
2025-05-21;REA;Actuadores;3140CA029;02:45;02:50;5;Equipment Fault;USW;St11;Weld NOK;Scraps continuos, revision, limpieza y monitoreo,,,,
2025-05-21;REA;Actuadores;3140CA029;04:00;04:05;5;Equipment Fault;Robots;R80;Gripper/tool adjustments;no abrio gripper,,,,,,
2025-05-21;REA;Actuadores;3140CA029;04:05;04:11;6;Maintenance;Robots;R80;Electrical system;cables de sensores sueltos, se rutearon,,,,,
2025-05-21;REA;Actuadores;3140CA029;03:35;03:40;5;Equipment Fault;Robots;R80;Incorrect pick/place;Cilindro no abre al tomar pieza en CAW, ademas aseguran sensores suelotos,,,,,
2025-05-21;REA;Actuadores;3140CA029;06:10;06:12;2;Equipment Fault;USW;St11;Branson;Vibraciones sacan retenedor de actuador y se queda atorado en sonotrodo,,,,,,
2025-05-21;REA;Actuadores;3140CA029;06:45;06:46;1;Equipment Fault;Robots;R80;Gripper/tool adjustments;gripper atorado al tomar pieza en CAW,,,,,,
2025-05-21;REA;Actuadores;3140CA029;06:27;06:30;3;Maintenance;REA;General;Checklist;Checklist,,,,,,
2025-05-21;REA;Actuadores;3140CA029;07:00;07:12;12;Maintenance;REA;General;Checklist;Checklist,,,,,,
2025-05-21;REA;Actuadores;3140CA029;07:15;07:17;2;Maintenance;MAT;Consumables;Grease;Cambio de grasera,,,,,,
2025-05-21;REA;Actuadores;3140CA029;08:58;09:02;4;Maintenance;CHW;Consumables;Chip reel;Cambio de rollo chip,,,,,,
2025-05-21;REA;Actuadores;3140CA029;09:40;09:44;4;Maintenance;CCC;Consumables;Resin;Cambio de contenedor de resina,,,,,,
2025-05-21;REA;Actuadores;3140CA029;09:44;09:45;1;Maintenance;CHW;Consumables;Argon;Cambio de tanque Argon,,,,,,
2025-05-21;REA;Actuadores;3140CA029;10:45;10:53;8;Maintenance;REA;General;Checklist;Checklist general por 500pz,,,,,,
2025-05-21;REA;Actuadores;3140CA029;10:54;10:56;2;Equipment Fault;731;731;Bowl/Lineal feeder;Doble pin,,,,,,
2025-05-21;REA;Actuadores;3140CA029;12:06;12:10;4;Equipment Fault;MAT;St3;Feeder;St.3 falla se atora un tornillo con otras dimenciones en feeder,,,,,,
2025-05-21;REA;Actuadores;3140CA029;12:58;13:03;5;Maintenance;Robots;R80;Electrical system;Falla en gripper, se ajusta sensor de posicion,,,,,
2025-05-21;REA;Actuadores;3140CA029;13:27;13:29;2;Maintenance;915;915;Missing ogive;Ogiva caida,,,,,,
2025-05-21;REA;Actuadores;3140CA029;13:39;13:43;4;Maintenance;Robots;R80;Electrical system;Sensor no detecta posicion de gripper y se detiene secuencia, no hay ninguna alarma,,,,,
2025-05-21;REA;Actuadores;3140CA029;13:51;13:53;2;Maintenance;Robots;R80;Electrical system;Conector de sensor con falso se desconectaba al no estar bien sujeto,,,,,,
2025-05-21;REA;Actuadores;3140CA029;13:59;14:01;2;Maintenance;Robots;R80;Motion supervision/Joint collision;Colisiona con scrapbox de USW,,,,,,
2025-05-21;REA;Actuadores;3140CA029;15:00;15:10;10;Maintenance;REA;General;Checklist;Checklist,,,,,,
2025-05-21;REA;Actuadores;3140CA029;18:50;18:51;1;Production;EOL;General;TBD;Pieza con codigo en RW,,,,,,
2025-05-21;REA;Actuadores;3140CA029;18:48;18:49;1;Production;EOL;General;TBD;Pieza con codigo en RW,,,,,,
2025-05-21;REA;Actuadores;3140CA029;18:41;18:44;3;Production;REA;General;No staff;Sin operador,,,,,,
2025-05-21;REA;Actuadores;3140CA029;18:35;18:37;2;Quality;EOL;General;Scrapbox full;Scrapbox lleno,,,,,,
2025-05-21;REA;Actuadores;3140CA029;18:03;18:06;3;Equipment Fault;Robots;R80;Motion supervision/Joint collision;Deja mal pieza en EOL,,,,,,
2025-05-21;REA;Actuadores;3140CA029;16:40;17:02;22;Quality;REA;General;TBD;Esperando material RW,,,,,,
2025-05-21;REA;Actuadores;3140CA029;17:21;17:28;7;Equipment Fault;Robots;R75;Gripper/tool adjustments;No toma correctamente de 980, pieza queda mal colocada a diferente altura del robot,,,,,
2025-05-21;REA;Actuadores;3140CA029;17:47;17:52;5;Equipment Fault;EOL;St3;Gripper NOK;Scrap por st3, se revisa la calibracion con master, se encuentra una pequeñavariacion en el angulo entre las piezas rechazadas y la master por lo que se permite seguir scrapeando si es necesario. Se notifica a calidad la situacion para esperar indicaciones sobre un posible ajuste (REWORK),,,,
2025-05-22;REA;Actuadores;3140CA029;02:15;02:18;3;Equipment Fault;USW;St14;Lower Jig;Suciedad, limpieza,,,,,
2025-05-22;REA;Actuadores;3140CS022;04:30;07:00;150;Maintenance;REA;General;Change Over;Change over a GM22,,,,,,
2025-05-22;REA;Actuadores;3140CA029;15:48;15:59;11;Equipment Fault;CAW;Jig/Index;Ingun actuator;Ingun mueve pieza al entrar, falla continua de insercion de crank solo en jig 1, se ajusta,,,,
2025-05-22;REA;Actuadores;3140CA029;15:23;15:27;4;Equipment Fault;CHW;St4;Pressor;Soldadura inestable, ajuste pressor,,,,,
2025-05-22;REA;Actuadores;3140CA029;15:02;15:07;5;Equipment Fault;CHW;St4;Pressor;Soldadura inestable, ajuste pressor,,,,,
2025-05-22;REA;Actuadores;3140CA029;15:11;15:15;4;Equipment Fault;Robots;R80;Gripper/tool adjustments;Fallas continuas al colocar en 974, pieza se desliza en el gripper y queda en posicion incorrecta. Se ajusta el gripper mecanicamente,,,,,
2025-05-22;REA;Actuadores;3140CA029;17:11;17:18;7;Equipment Fault;CAW;Jig/Index;Blade orienter actuator;Sensor al de presencia el blade retraido en el limite, a veces enciende y a veces no, se ajusta, se comprueban todos los sensores,,,
2025-05-22;REA;Actuadores;3140CA029;17:51;17:57;6;Equipment Fault;CHW;General;Software/PC;Se reinicia PC por actualiziacion pepndiente,,,,,,
2025-05-22;REA;Actuadores;3140CA029;18:15;18:55;40;Equipment Fault;CHW;St4;Pressor;Soldadura NOK, alto scrap. Se cambia goma, se ajusta pressor y presion, se revisa flujo de gas, se revisa samlight, se ajusta heatstake (estaba inclinando el chip), limpieza de lente
2025-05-22;REA;Actuadores;3140CA029;19:51;19:55;4;Equipment Fault;915;915;Missing ogive;Ogiva perdida, se busca, se verifica que no este en un actuador completo,se sustituye,,,
2025-05-22;REA;Actuadores;3140CA029;19:40;19:51;11;Quality;REA;General;NOK material;1.Scrap alto en MSA por material mezclado 2.MAgnet shaft sin punta 3.Magnetshaft entra a la linea con un tornillo pegado por la magnetizacion causando falla , blister con magnet shaft con y sin tratamiento,,,,,
2025-05-22;REA;Actuadores;3140CA029;19:34;19:39;5;Equipment Fault;Robots;R80;Gripper/tool adjustments;Falla al colocar en EOL y tras restablecer falla al colocar en CAW. Ajuste de gripper,,,,,,
2025-05-22;REA;Actuadores;3140CA029;20:16;20:20;4;Equipment Fault;CHW;St3;Thermodo;Gap temperatura,,,,,,
2025-05-22;REA;Actuadores;3140CA029;20:23;20:24;1;Equipment Fault;620;620;Alphamatic Module;No temrina la secuencia,,,,,,
2025-05-22;REA;Actuadores;3140CA029;20:25;20:26;1;Equipment Fault;Robots;R80;Gripper/tool adjustments;Atascado,,,,,,
2025-05-22;REA;Actuadores;3140CA029;20:02;20:04;2;Equipment Fault;Robots;R80;Gripper/tool adjustments;Gripper atascado. Tecnico atendiendo en moldeo, ingeniero cubriendo operador por falta de personal,,,,,
2025-05-22;REA;Actuadores;3140CA029;21:18;21:20;2;Maintenance;CHW;Consumables;Argon;Cambio argon,,,,,,
2025-05-22;REA;Actuadores;3140CA029;22:01;22:08;7;Equipment Fault;Robots;R80;Gripper/tool adjustments;Robot suelta la pieza Ajuste de gripper, ya ha pasado en el turno despues de ajuste dura horas corriendo sin problema hasta que vuelve a ocurrir. Base del gripper necesita cambio,,,,,
2025-05-22;REA;Actuadores;3140CA029;22:20;22:23;3;Equipment Fault;750;750;Feed piston;No se extiende correctamente hasta final de carrera,,,,,,
2025-05-23;REA;Actuadores;3140CS022;01:14;01:15;1;Equipment Fault;Conveyors;C31;Belt;blister atorado por locking,,,,,,
2025-05-23;REA;Actuadores;3140CS022;00:50;00:51;1;Equipment Fault;731;731;Feed piston;pin inclinado,,,,,,
2025-05-22;REA;Actuadores;3140CS022;22:30;22:37;7;Equipment Fault;CHW;St3;Thermodo;gap de temperatura, se limpia termodo con rebaba, continua gap pero sin alarmarse, pendiente revision cables de termopar, se esta usando termodo reparado,,
2025-05-23;REA;Actuadores;3140CS022;01:26;01:28;2;Equipment Fault;750;750;Alphamatic Module;no continuo ciclo (se quedo en posicion de pick),,,,,,
2025-05-23;REA;Actuadores;3140CS022;01:55;02:48;53;Equipment Fault;CHW;St3;Thermodo;Termodo reparado falla, scraps por gap de temperatura, cables de termopar pegados se separan, se cambio el termodo y se dio mantenimiento a electrodos,,,
2025-05-23;REA;Actuadores;3140CS022;03:15;03:18;3;Equipment Fault;CHW;St3;Thermodo;Demasiado colapse causaba mala soldadura, de redujo collapse,,,,,
2025-05-23;REA;Actuadores;3140CS022;03:30;03:35;5;Maintenance;REA;General;Checklist;Checklist,,,,,,
2025-05-23;REA;Actuadores;3140CS022;03:53;03:55;2;Equipment Fault;750;750;Alphamatic Module;no continuo ciclo,,,,,,
2025-05-23;REA;Actuadores;3140CS022;04:00;04:05;5;Maintenance;CHW;Consumables;Chip reel;cambio de chip,,,,,,
2025-05-23;REA;Actuadores;3140CS022;06:10;06:14;4;Equipment Fault;CAW;CPA;Feeder;crank assy mal horientado,,,,,,
2025-05-23;REA;Actuadores;3140CS022;06:20;06:23;3;Equipment Fault;CAW;General;Software/PC;No continua ciclo, restaurar,,,,,
2025-05-23;REA;Actuadores;3140CS022;06:40;06:43;3;Equipment Fault;USW;St14;Lower Jig;Scraps causados por rebaba, suciedad, se limpia,,,,
2025-05-23;REA;Actuadores;3140CS022;07:00;7:42;42;Quality;REA;General;SOP;liberacion,,,,,,
2025-05-23;REA;Actuadores;3140CS022;12:01;12:05;4;Maintenance;MAT;St4;CRIO App;Ajuste,,,,,,
2025-05-23;REA;Actuadores;3140CS022;12:10;12:12;2;Maintenance;EOL;Jigs;Jig actuator;jig 1 scrap alto, ( conector desconectado ),,,,,
2025-05-23;REA;Actuadores;3140CS022;12:15;12:19;4;Maintenance;EOL;St3;Gripper NOK;calibracion,,,,,,
2025-05-23;REA;Actuadores;3140CS022;12:21;12:26;5;Maintenance;Robots;R70;Gripper/tool adjustments;actualiza buffer ogiva,,,,,,
2025-03-10;REA;Actuadores;3140CA029;17:00;17:01;1;Fallo;Robots;R75;Gripper/tool adjustments;no abrio gripper,,,,,,
2025-05-22;REA;Actuadores;3140CS022;13:24;13:26;2;Maintenance;CHW;St4;Pressor;Ajuste St4, scrap alto,,,,,
2025-05-22;REA;Actuadores;3140CS022;13:27;13:29;2;Maintenance;CAW;Jig/Index;Blade orienter actuator;ajuste de mesa desalineada,,,,,,
2025-05-22;REA;Actuadores;3140CS022;13:33;13:36;3;Maintenance;CHW;General;Scheduled maintenance;limpieza pines,,,,,,
2025-05-22;REA;Actuadores;3140CS022;13:36;13:37;1;Equipment Fault;Robots;R75;Gripper/tool adjustments;no abre gripper,,,,,,
2025-05-22;REA;Actuadores;3140CS022;13:40;13:42;2;Equipment Fault;Robots;R80;Gripper/tool adjustments;no abre gripper,,,,,,
2025-05-22;REA;Actuadores;3140CS022;14:14;14:16;2;Maintenance;USW;General;Scheduled maintenance;limpieza de jig,,,,,,
2025-05-22;REA;Actuadores;3140CS022;14:30;14:41;11;Maintenance;CHW;St4;Pressor;mala soldadura,,,,,,
2025-05-23;REA;Actuadores;3140CS022;07:00;07:12;12;Maintenance;REA;General;Scheduled maintenance;checklist,,,,,,
2025-05-23;REA;Actuadores;3140CS022;07:29;07:31;2;Maintenance;Conveyors;C36;Presence sensor;se atora blister,,,,,,
2025-05-23;REA;Actuadores;3140CS022;07:54;07:57;3;Maintenance;CAW;CPA;Vision system;no responde se reinicia,,,,,,
2025-05-23;REA;Actuadores;3140CS022;10:12;10:14;2;Maintenance;Robots;R70;Vacuum system;vacuum no agarra gear,,,,,,
2025-05-23;REA;Actuadores;3140CS022;10:19;10:22;3;Maintenance;Robots;R70;Vacuum system;cambio de ventosas,,,,,,
2025-05-23;REA;Actuadores;3140CS022;10:33;10:35;2;Maintenance;750;750;Feed piston;actuador se atora,,,,,,
2025-05-23;REA;Actuadores;3140CS022;11:00;11:08;8;Maintenance;REA;General;Checklist;checklist (CAW,USW cambio de goma,EOL reset crio, CHW),,,
2025-05-22;REA;Actuadores;3140CA029;21:20;21:29;9;Equipment Fault;750;General;Empty conveyor/feeder;Bowl sobre llenado, doble de capacidad, no permite operacion normal se vacia feeder lineal. Se quita el exceso, se espera a que  avance el material,,,
2025-05-22;REA;Actuadores;3140CS022;12:30;13:00;30;Quality;REA;General;NOK material;paro por material ford 29 en linea (se esta corriendo GM22),,,,,,
2025-05-23;REA;Actuadores;3140CS022;11:29;11:31;2;Equipment Fault;Robots;R80;Gripper/tool adjustments;no abre gripper,,,,,,
2025-05-23;REA;Actuadores;3140CS022;12:27;12:30;3;Maintenance;CAW;CPA;Feeder;crank invertido,,,,,,
2025-05-23;REA;Actuadores;3140CS022;12:18;12:21;3;Maintenance;CAW;CPA;Feeder;se atora crank eb feeder,,,,,,
2025-05-23;REA;Actuadores;3140CS022;13:08;13:10;2;Equipment Fault;731;731;Presence sensor;pin chueco,,,,,,
2025-05-23;REA;Actuadores;3140CS022;13:55;14:00;5;Equipment Fault;EOL;St3;Gripper NOK;calibracion de st3,,,,,,
2025-05-23;REA;Actuadores;3140CS022;15:00;15:12;12;Maintenance;REA;General;Checklist;Checklist,,,,,,
2025-05-23;REA;Actuadores;3140CS022;15:12;15:24;12;Equipment Fault;MAT;St6;Dispensation system;Tubo de grasa sin la parte que la va empujando (recuperada, incompleta) no esta dispensando pues no hace presion. Conveyor completo sin grasa.,,,,,
2025-05-23;REA;Actuadores;3140CS022;15:44;15:52;8;Equipment Fault;REA;General;Electrical system;Para REA sin intervencion humana, marca Air supply como nok. Se reinicia el modulo mur 830 en base a un antecedente de la falla y con ello se logra restablecer.,,,,,
2025-05-23;REA;Actuadores;3140CS022;16:40;16:48;8;Equipment Fault;USW;SCARA;Motion supervision/Joint collision;Pieza mal colocada en jig branson (soldada, probablemente se atoro en sonotrodo) causa colision en SCARA, al restablecer y dar reset a la estacion en el movimiento del robot este baha y se atasca con el jig (mesa deslizable no en final de carrera por el aire) causando otra colision, se mueve en manual hasta un punto con el jog en rango,,,
2025-05-23;REA;Actuadores;3140CS022;20:32;20:36;4;Equipment Fault;USW;St14;Lower Jig;Scrap alto, cambio de goma,,,,,
2025-05-23;REA;Actuadores;3140CS022;20:27;20:30;3;Maintenance;CHW;Consumables;Chip reel;Cambio de reel,,,,,,
2025-05-23;REA;Actuadores;3140CS022;20:04;20:20;16;Equipment Fault;CAW;General;Software/PC;No responde, no continua, se intenta restablecer varias veces, avanza una o dos piezas y para nuevamente. Se revisa que no se deba a scrap,,,
2025-05-23;REA;Actuadores;3140CS022;20:41;20:43;2;Equipment Fault;USW;St11;Weld NOK;Se coloca cinta en el jig de branson para compensar overweld,,,,,,
2025-05-23;REA;Actuadores;3140CS022;21:25;21:28;3;Equipment Fault;CAW;General;Software/PC;No responde,,,,,,
2025-05-23;REA;Actuadores;3140CS022;22:04;22:06;2;Equipment Fault;EOL;St4;CRIO NOK;Reinicio falla crio,,,,,,
2025-05-23;REA;Actuadores;3140CS022;22:37;22:43;6;Equipment Fault;REA;General;Pneumatic System;compresor alarmado,,,,,,
2025-05-23;REA;Actuadores;3140CS022;23:10;23:14;4;Quality;CAW;General;Scrapbox full;scrap box full,,,,,,
2025-05-23;REA;Actuadores;3140CS022;11:40;11:59;19;Equipment Fault;Robots;R80;Incorrect pick/place;Se atora en 974, posiciones de Pick970 y Place974 OK al mover lento, en auto se desliza el actuador, se ajusta posicion mecanica de gripper para evitar el deslizamiento,,,
2025-05-24;REA;Actuadores;3140CS022;01:50;01:51;1;Production;Conveyors;C37;Motor;motor mala posicion,,,,,,
2025-05-24;REA;Actuadores;3140CS022;02:40;02:42;2;Maintenance;CHW;Consumables;Argon;cambio de argon,,,,,,
2025-05-24;REA;Actuadores;3140CS022;03:25;03:30;5;Equipment Fault;CAW;Jig/Index;Index not in home;Falla insercion crank, alinear mesa,,,,,
2025-05-24;REA;Actuadores;3140CS022;00:49;00:58;9;Equipment Fault;Robots;R80;Electrical system;Sensores se jalonean por colision con caja de scrap, se mueven de posicion y no detectan gripper 1cerrar o abierto, se requirio entrar 2 veces,,,,
2025-05-24;REA;Actuadores;3140CS023;05:15;06:15;60;Maintenance;REA;General;Change Over;Set up GM23,,,,,,
2025-05-24;REA;Actuadores;3140CS023;06:15;07:00;45;Quality;REA;General;Change Over;Esperando liberacion, sin personal disponible de Calidad,,,,,
2025-05-24;REA;Actuadores;3140CS023;07:00;11:54;294;Quality;REA;General;Change Over;liberacion GM23,,,,,,
2025-05-24;REA;Actuadores;3140CS023;13:22;13:25;3;Equipment Fault;CAW;Jig/Index;Blade orienter actuator;falla insercion,,,,,,
2025-05-24;REA;Actuadores;3140CS023;01:30;13:33;723;Equipment Fault;CAW;Jig/Index;Blade orienter actuator;falla incercion,,,,,,
2025-05-24;REA;Actuadores;3140CS023;14:19;14:22;3;Equipment Fault;CAW;Jig/Index;Blade orienter actuator;falla insercion alarma,,,,,,
2025-05-24;REA;Actuadores;3140CS023;14:24;14:27;3;Equipment Fault;CAW;Jig/Index;Blade orienter actuator;falla insercion,,,,,,
2025-05-24;REA;Actuadores;3140CS023;14:33;14:36;3;Maintenance;CHW;St4;Pressor;limpieza  de pines,,,,,,
2025-05-24;REA;Actuadores;3140CS022;15:00;15:10;10;Maintenance;REA;General;Checklist;Checklist,,,,,,
2025-05-24;REA;Actuadores;3140CS022;21:10;21:21;11;Equipment Fault;CAW;CPA;SCARA;Falla continuamente a colocar crank en jig 2, ingun nok,,,,,
2025-05-24;REA;Actuadores;3140CS022;22:00;22:30;30;Maintenance;REA;General;Scheduled production stop;Change over,,,,,,
2025-05-24;REA;Actuadores;3140CS022;16:15;17:00;45;Equipment Fault;CAW;General;Software/PC;Paros constantes CAW no responde, en una ocasion se cierra la app sola con linea en auto, en otra no responde, no actualiza señales de sensores, no entra modo manual se reinicia la maquina,,
2025-05-24;REA;Actuadores;3140CS023;18:00;18:30;30;Production;REA;General;TBD;Paros relacionados a cambios por falta de material, falta de personal de calidad, falta de respuesta sobre altenativas,,,,
2025-05-26;REA;Actuadores;3140CS023;07:00;09:15;135;Maintenance;REA;General;Scheduled production stop;Change over, cambio setup, masters, llenado de linea, SOP,,
2025-05-26;REA;Actuadores;3140CA029;09:14;12:52;218;Quality;REA;General;Change Over;Liberación calidad CHO,,,,,,
2025-05-26;REA;Actuadores;3140CA029;14:09;14:11;2;Equipment Fault;USW;St11;Weld NOK;Scrap, se aumenta el colapso de 0.96(valor que quedo de la corrida de gm) a 1 (valor corrida anterior ford), se monitorea con buen resultado,,,,
2025-05-26;REA;Actuadores;3140CA029;12:58;13:06;8;Equipment Fault;CHW;St4;Pressor;Proceso soldadura inestable, ajustes pressor, samlight,,,,
2025-05-24;REA;Actuadores;3140CS023;13:23;13:35;12;Equipment Fault;CHW;St4;Pressor;Se ajusta y alinea pressor por scrap, se hacen pruebas antes de arracar,,,,,
2025-05-24;REA;Actuadores;3140CS023;13:49;13:51;2;Equipment Fault;CHW;St3;Thermodo;time out st 3,,,,,,
2025-05-24;REA;Actuadores;3140CS023;14:45;14:48;3;Equipment Fault;EOL;St4;CRIO NOK;Se reinicia crio,,,,,,
2025-05-26;REA;Actuadores;3140CA029;15:05;15:06;1;Maintenance;CHW;St4;Pressor;limpieza de pines,,,,,,
2025-05-26;REA;Actuadores;3140CA029;15:02;15:07;5;Equipment Fault;EOL;St4;CRIO NOK;Falla CRIO y Reiniciar NI app, rehacer pruebas st2 y st4,,,,,
2025-05-26;REA;Actuadores;3140CA029;15:10;15:11;1;Equipment Fault;Robots;R65;Incorrect pick/place;gear mal colocado en blister,,,,,,
2025-05-26;REA;Actuadores;3140CA029;15:12;15:13;1;Maintenance;Robots;R65;Vacuum system;cable de sensor de vacio suelto,,,,,,
2025-05-26;REA;Actuadores;3140CA029;15:30;15:36;6;Equipment Fault;CAW;CPA;Feeder;crank mal horientacion,,,,,,
2025-05-26;REA;Actuadores;3140CA029;15:50;15:52;2;Maintenance;Robots;R75;Gripper/tool adjustments;cambio de cinta a gripper,,,,,,
2025-05-26;REA;Actuadores;3140CA029;16:55;16:57;2;Quality;CCC;General;Scrapbox full;,,,,,,
2025-05-26;REA;Actuadores;3140CA029;16:05;16:11;6;Equipment Fault;CAW;CPA;Feeder;Sensor de feeder lineal falla, acomodar y enroscar correctamente,,,,,
2025-05-26;REA;Actuadores;3140CA029;17:25;17:27;2;Equipment Fault;620;620;Alphamatic Module;se quedo en posicion de pick,,,,,,
2025-05-26;REA;Actuadores;3140CA029;18:25;18:29;4;Equipment Fault;CAW;Jig/Index;Index not in home;falla insercion de crank, alinear mesa,,,,,
2025-05-26;REA;Actuadores;3140CA029;18:38;18:43;5;Equipment Fault;EOL;St3;Axial play NOK;Scraps continuos 170 (justo en el limite) revisar scrap,,,,,,
2025-05-26;REA;Actuadores;3140CA029;21:36;21:41;5;Production;730;General;NOK material;material mezclado por operador,,,,,,
2025-05-26;REA;Actuadores;3140CA029;18:49;18:51;2;Equipment Fault;731;731;Alphamatic Module;Scraps continuos, revisar prueba NOK,,,,,
2025-05-26;REA;Actuadores;3140CA029;23:13;23:15;2;Maintenance;CHW;Consumables;Argon;cambio de tanque argon,,,,,,
2025-05-26;REA;Actuadores;3140CA029;23:16;23:18;2;Equipment Fault;Conveyors;C36;Presence sensor;pallet no abanza (piston no suelta),,,,,,
2025-05-26;REA;Actuadores;3140CA029;23:19;23:21;2;Equipment Fault;Robots;R75;Gripper/tool adjustments;gripper no ensambnla cover,,,,,,
2025-05-26;REA;Actuadores;3140CA029;23:22;23:27;5;Quality;CHW;General;Scrapbox full;scrapbox full,,,,,,
2025-05-26;REA;Actuadores;3140CA029;23:30;23:35;5;Maintenance;CHW;Consumables;Chip reel;cambio de carrete de chip,,,,,,
2025-05-26;REA;Actuadores;3140CA029;23:42;23:44;2;Equipment Fault;Conveyors;C36;Presence sensor;pallet no abanza( piston no suelta ),,,,,,
2025-05-27;REA;Actuadores;3140CA029;00:04;00:06;2;Equipment Fault;Conveyors;C31;Presence sensor;no abrre piston,,,,,,
2025-05-27;REA;Actuadores;3140CA029;00:12;00:15;3;Equipment Fault;Conveyors;C31;Presence sensor;no abre piston,,,,,,
2025-05-27;REA;Actuadores;3140CA029;00:17;00:21;4;Maintenance;USW;St14;Lower Jig;cambio de goma,,,,,,
2025-05-27;REA;Actuadores;3140CA029;00:44;00:46;2;Equipment Fault;Conveyors;C31;Presence sensor;no abre piston,,,,,,
2025-05-27;REA;Actuadores;3140CA029;01:32;01:34;2;Maintenance;731;731;Presence sensor;pin chueco,,,,,,
2025-05-27;REA;Actuadores;3140CA029;01:38;01:42;4;Quality;CHW;General;Scrapbox full;scrapbox full,,,,,,
2025-05-27;REA;Actuadores;3140CA029;01:45;01:47;2;Maintenance;CHW;St4;Pressor;limpieza de pines,,,,,,
2025-05-27;REA;Actuadores;3140CA029;02:15;02:18;3;Maintenance;USW;St14;Lower Jig;limpieza,,,,,,
2025-05-27;REA;Actuadores;3140CA029;02:49;02:54;5;Maintenance;MAT;Consumables;Grease;cambio de grasa (jeringa),,,,,,
2025-05-27;REA;Actuadores;3140CA029;03:03;03:08;5;Maintenance;REA;General;Checklist;checklist (CAW, EOL, ),,,,
2025-05-27;REA;Actuadores;3140CA029;03:22;03:25;3;Equipment Fault;915;915;Dart sensor;pallet atorado,,,,,,
2025-05-27;REA;Actuadores;3140CA029;03:47;03:49;2;Equipment Fault;Conveyors;C31;Presence sensor;blister atorado (no subia elebador ),,,,,,
2025-05-27;REA;Actuadores;3140CA029;04:06;04:09;3;Maintenance;USW;St14;Lower Jig;limpieza,,,,,,
2025-05-27;REA;Actuadores;3140CA029;04:29;04:31;2;Equipment Fault;EOL;General;Safety system;alarma,,,,,,
2025-05-27;REA;Actuadores;3140CA029;05:35;05:40;5;Maintenance;EOL;St4;CRIO NOK;reset crio,,,,,,
2025-05-27;REA;Actuadores;3140CA029;05:53;05:55;2;Equipment Fault;750;750;Feed piston;no baja piston,,,,,,
2025-05-27;REA;Actuadores;3140CA029;07:10;07:47;37;Equipment Fault;USW;St14;Lower Jig;Se recibe con scrap del primer turno. Pruebas, ajustes,,,,,
2025-05-27;REA;Actuadores;3140CA029;07:00;07:10;10;Maintenance;REA;General;Checklist;Checklist,,,,,,
2025-05-27;REA;Actuadores;3140CA029;10:13;10:17;4;Equipment Fault;CAW;Jig/Index;Ingun actuator;Ingun no entra en conector y tira time out,,,,,,
2025-05-27;REA;Actuadores;3140CA029;08:04;08:13;9;Equipment Fault;731;General;TBD;Falla en prensas 730 y 731, se revisan en multiples ocasiones, al final se encuentran que repiten pallets 90 y 73, dañados por golpe el body no entra bien y causa diferencias en el punto de contacto,,,
2025-05-27;REA;Actuadores;3140CA029;10:48;10:50;2;Equipment Fault;EOL;General;NOK material;Pieza bushing salido no queda bien en jig causa falla,,,,,,
2025-05-27;REA;Actuadores;3140CA029;10:52;10:53;1;Quality;USW;General;NOK material;Pieza bushing salido se atasca en sonotrodo,,,,,,
2025-05-27;REA;Actuadores;3140CA029;10:55;11:02;7;Quality;CAW;General;NOK material;Pieza con ushing salido no permite que cierre correctamente jig en CAW, robot queda con la pieza atascada por la posicion. Se pone manual CAW; se restablece con el simulator, se mueve el robot en manual afuera de la maquina. Se restablece CAW, robot en main,,,
2025-05-27;REA;Actuadores;3140CA029;11:31;11:33;2;Quality;USW;General;NOK material;Pieza bushing NOK atascada sonotrodo,,,,,,
2025-05-27;REA;Actuadores;3140CA029;13:32;13:48;16;Quality;MAT;General;Blister NOK/Wrong PN;Se metio motor incorrecto a linea,,,,,,
2025-05-27;REA;Actuadores;3140CA029;13:20;13:23;3;Equipment Fault;CHW;St4;Pressor;Se realiza limpiza a pressor por scrap consecutivo,,,,,,
2025-05-27;REA;Actuadores;3140CA029;14:11;14:14;3;Quality;EOL;General;NOK material;Actuador con bushing defectuoso,,,,,,
2025-05-27;REA;Actuadores;3140CA029;13:28;13:30;2;Equipment Fault;USW;St14;Lower Jig;Se realiza limpieza de jig por rebaba,,,,,,
2025-05-27;REA;Actuadores;3140CA029;15:00;15:05;5;Maintenance;REA;General;Checklist;,,,,,,
2025-05-27;REA;Actuadores;3140CA029;15:23;15:25;2;Quality;915;General;Scrapbox full;,,,,,,
2025-05-27;REA;Actuadores;3140CA029;15:39;15:40;1;Equipment Fault;Robots;R75;Gripper/tool adjustments;no abrio gripper,,,,,,
2025-05-27;REA;Actuadores;3140CA029;16:00;16:05;5;Equipment Fault;EOL;St4;CRIO NOK;reinicio de crio,,,,,,
2025-05-27;REA;Actuadores;3140CA029;17:09;17:12;3;Equipment Fault;731;731;Alphamatic Module;ajuste de parametros,,,,,,
2025-05-27;REA;Actuadores;3140CA029;17:29;17:35;6;Maintenance;CHW;Consumables;Chip reel;cambio de chip (materiales no dejo rollo nuevo),,,,,,
2025-05-27;REA;Actuadores;3140CA029;19:18;19:20;2;Quality;CHW;General;Scrapbox full;Espera de vaciado de scrapbox,,,,,,
2025-05-27;REA;Actuadores;3140CA029;22:20;22:21;1;Equipment Fault;USW;St11;Weld NOK;body atorado en branson por bushing,,,,,,
2025-05-27;REA;Actuadores;3140CA029;22:01;22:04;3;Equipment Fault;CAW;General;NOK material;Retainer salido evita que entre ingun,,,,,,
2025-05-27;REA;Actuadores;3140CA029;21:40;21:44;4;Equipment Fault;CAW;General;NOK material;retainer fuera, se atora, no puede entrar ingun,,,,
2025-05-27;REA;Actuadores;3140CA029;22:32;22:36;4;Quality;CHW;General;Scrapbox full;scrap full,,,,,,
2025-05-27;REA;Actuadores;3140CA029;22:50;22:52;2;Maintenance;750;750;Feed piston;piston atorado,,,,,,
2025-05-27;REA;Actuadores;3140CA029;22:52;22:54;2;Maintenance;CHW;St4;Pressor;limpieza pines,,,,,,
2025-05-27;REA;Actuadores;3140CA029;22:54;22:56;2;Maintenance;731;731;Presence sensor;pin doble,,,,,,
2025-05-27;REA;Actuadores;3140CA029;23:10;23:12;2;Equipment Fault;Conveyors;C36;Presence sensor;no abre piston (pallet atorado),,,,,,
2025-05-27;REA;Actuadores;3140CA029;23:30;23:32;2;Maintenance;CHW;Consumables;Argon;cambio de tanque argon,,,,,,
2025-05-27;REA;Actuadores;3140CA029;23:40;23:44;4;Maintenance;USW;St11;Branson;pza. atorada en sonotrodo,,,,,,
2025-05-27;REA;Actuadores;3140CA029;23:51;23:54;3;Maintenance;USW;St11;Branson;pza. atorada en sonotrodo,,,,,,
2025-05-28;REA;Actuadores;3140CA029;00:14;00:17;3;Maintenance;USW;St11;Branson;pza. atorada en sonotrodo,,,,,,
2025-05-28;REA;Actuadores;3140CA029;00:28;00:31;3;Maintenance;CHW;St3;Thermodo;ajuste en st3,,,,,,
2025-05-28;REA;Actuadores;3140CA029;00:38;00:41;3;Maintenance;CHW;St4;Pressor;limpieza,,,,,,
2025-05-28;REA;Actuadores;3140CA029;00:47;00:50;3;Quality;EOL;St3;Gripper NOK;st3 alarma gripper,,,,,,
2025-05-28;REA;Actuadores;3140CA029;01:08;01:10;2;Maintenance;750;750;Feed piston;piston atorado,,,,,,
2025-05-28;REA;Actuadores;3140CA029;01:35;01:40;5;Quality;CAW;General;Scrapbox full;scrapbox full,,,,,,
2025-05-28;REA;Actuadores;3140CA029;02:10;02:13;3;Maintenance;USW;St11;Branson;pza. atorada en sonotrodo,,,,,,
2025-05-28;REA;Actuadores;3140CA029;02:32;02:33;1;Equipment Fault;Robots;R75;Gripper/tool adjustments;gripper no abre,,,,,,
2025-05-28;REA;Actuadores;3140CA029;02:48;02:53;5;Maintenance;REA;General;Checklist;checklist,,,,,,
2025-05-28;REA;Actuadores;3140CA029;03:13;03:15;2;Maintenance;CHW;St4;Pressor;cambio de pines,,,,,,
2025-05-28;REA;Actuadores;3140CA029;03:20;03:25;5;Quality;CHW;General;Scrapbox full;scrapbox full,,,,,,
2025-05-28;REA;Actuadores;3140CA029;03:29;03:31;2;Maintenance;USW;St11;Branson;pza. atorada en sonotrodo,,,,,,
2025-05-28;REA;Actuadores;3140CA029;03:34;03:35;1;Equipment Fault;Robots;R75;Gripper/tool adjustments;gripper no abre,,,,,,
2025-05-28;REA;Actuadores;3140CA029;03:58;04:00;2;Quality;Robots;R75;Gripper/tool adjustments;no abre gripper,,,,,,
2025-05-28;REA;Actuadores;3140CA029;04:10;04:12;2;Equipment Fault;Robots;R75;Gripper/tool adjustments;gripper no abre,,,,,,
2025-05-28;REA;Actuadores;3140CA029;04:27;04:29;2;Quality;Robots;R70;Gripper/tool adjustments;gripper no abre,,,,,,
2025-05-28;REA;Actuadores;3140CA029;04:27;04:29;2;Equipment Fault;Robots;R75;Gripper/tool adjustments;no abre gripper,,,,,,
2025-05-28;REA;Actuadores;3140CA029;05:20;05:24;4;Maintenance;EOL;St3;Gripper NOK;ajuste st3,,,,,,
2025-05-28;REA;Actuadores;3140CA029;05:30;05:31;1;Equipment Fault;Robots;R75;Gripper/tool adjustments;no abre gripper,,,,,,
2025-05-28;REA;Actuadores;3140CA029;05:53;05:58;5;Equipment Fault;Robots;R40;Motion supervision/Joint collision;Colision con motor en blister,,,,,,
2025-05-28;REA;Actuadores;3140CA029;06:13;06:14;1;Equipment Fault;Robots;R75;Gripper/tool adjustments;no abre gripper,,,,,,
2025-05-28;REA;Actuadores;3140CA029;06:50;06:51;1;Equipment Fault;Robots;R70;Gripper/tool adjustments;gripper no abre,,,,,,
2025-05-28;REA;Actuadores;3140CA029;07:00;07:10;10;Maintenance;REA;General;Checklist;Checklist,,,,,,
2025-05-28;REA;Actuadores;3140CA029;07:11;07:12;1;Equipment Fault;731;731;Bowl/Lineal feeder;Pin se queda atorado en balero lineal,,,,,,
2025-05-28;REA;Actuadores;3140CA029;07:28;7:31;3;Equipment Fault;Robots;R75;Gripper/tool adjustments;Falla repetitiva al ensamblar la pieza, se coloca cinta para compensar el desgaste del ripper,,,,,
2025-05-28;REA;Actuadores;3140CA029;08:15;08:17;2;Quality;USW;General;NOK material;Pieza bushing NOK se atasca en sonotrodo, visible golpe,,,,,
2025-05-28;REA;Actuadores;3140CA029;08:24;08:26;2;Quality;USW;General;NOK material;Pieza bushing NOK se atasca en sonotrodo,,,,,,
2025-05-28;REA;Actuadores;3140CA029;09:19;09:25;6;Production;CHW;Consumables;Chip reel;Cambio de chip,,,,,,
2025-05-28;REA;Actuadores;3140CA029;09:28;09:31;3;Quality;USW;General;NOK material;Bushin salido en actuador,,,,,,
2025-05-28;REA;Actuadores;3140CA029;09:34;09:38;4;Quality;CAW;General;NOK material;Ingun atorado por bushing salido,,,,,,
2025-05-28;REA;Actuadores;3140CA029;09:40;09:42;2;Quality;CAW;General;NOK material;ingun atorado por bushing salido,,,,,,
2025-05-28;REA;Actuadores;3140CA029;10:18;10:20;2;Quality;USW;General;NOK material;Pieza bushing NOK atascada sonotrodo,,,,,,
2025-05-28;REA;Actuadores;3140CA029;11:38;11:40;2;Equipment Fault;731;731;Bowl/Lineal feeder;Pin inclinado por piston lienal,,,,,,
2025-05-28;REA;Actuadores;3140CA029;12:21;12:26;5;Quality;CAW;General;NOK material;ingun atorado por bushing salido en caw,,,,,,
2025-05-28;REA;Actuadores;3140CA029;22:36;22:39;3;Quality;USW;General;NOK material;Bushing atorado en branson,,,,,,
2025-05-28;REA;Actuadores;3140CA029;12:38;12:42;4;Quality;USW;General;NOK material;Bushing salido en varios actuadores de las estaciones, se retablece,,,,,
2025-05-28;REA;Actuadores;3140CA029;12:57;13:00;3;Quality;USW;General;NOK material;ieza nok en sonotrodo, bushing,,,,,
2025-05-28;REA;Actuadores;3140CA029;13:10;13:12;2;Quality;USW;General;NOK material;Bushing NOK,,,,,,
2025-05-28;REA;Actuadores;3140CA029;22:12;22:15;3;Equipment Fault;Robots;R75;Gripper/tool adjustments;Falla al tomar la pieza, ajuste,,,,,
2025-05-28;REA;Actuadores;3140CA029;13:15;13:16;1;Equipment Fault;731;731;Feed piston;No llego correctamente el pin,,,,,,
2025-05-28;REA;Actuadores;3140CA029;13:16;13:17;1;Equipment Fault;Robots;R70;Vacuum system;Ventosas,,,,,,
2025-05-28;REA;Actuadores;3140CA029;13:17;13:19;2;Maintenance;CHW;Consumables;Argon;Cambio argon,,,,,,
2025-05-28;REA;Actuadores;3140CA029;13:20;13:22;2;Quality;USW;General;NOK material;Bushing,,,,,,
2025-05-28;REA;Actuadores;3140CA029;13:26;13:28;2;Quality;CAW;General;NOK material;Ingun atorado por bushing salido de actuador,,,,,,
2025-05-28;REA;Actuadores;3140CA029;13:32;13:37;5;Quality;MAT;General;Scrapbox full;Scrap por numero de parte incorrecto,,,,,,
2025-05-28;REA;Actuadores;3140CA029;14:01;14:06;5;Maintenance;REA;General;Checklist;Checklist,,,,,,
2025-05-28;REA;Actuadores;3140CA029;13:03;13:06;3;Quality;MAT;General;Blister NOK/Wrong PN;Material motor mitsubishi mezclado en blisters de motor recuperado,,,,,,
2025-05-28;REA;Actuadores;3140CA029;14:27;14:31;4;Equipment Fault;EOL;St4;CRIO NOK;Reinicio,,,,,,
2025-05-28;REA;Actuadores;3140CA029;14:25;14:27;2;Quality;CAW;General;NOK material;Ingun atorado por bushing salido,,,,,,
2025-05-28;REA;Actuadores;3140CA029;15:00;15:03;3;Maintenance;CHW;St4;Pressor;limpieza de estacion,,,,,,
2025-05-28;REA;Actuadores;3140CA029;15:10;15:11;1;Equipment Fault;731;731;Feed piston;pin inclinado,,,,,,
2025-05-28;REA;Actuadores;3140CA029;15:25;15:26;1;Equipment Fault;Robots;R70;Vacuum system;cambio de ventosas,,,,,,
2025-05-28;REA;Actuadores;3140CA029;15:50;15:52;2;Production;Conveyors;C65;DM Reader;blister mal orientado,,,,,,
2025-05-28;REA;Actuadores;3140CA029;15:03;15:06;3;Maintenance;CCC;Consumables;Resin;cambio de resina,,,,,,
2025-05-28;REA;Actuadores;3140CA029;16:15;16:16;1;Equipment Fault;USW;St11;Branson;body atorado por bushing,,,,,,
2025-05-28;REA;Actuadores;3140CA029;16:14;16:15;1;Equipment Fault;731;731;Bowl/Lineal feeder;sin pin en cilindro lineal,,,,,,
2025-05-28;REA;Actuadores;3140CA029;16:25;16:30;5;Equipment Fault;EOL;St3;Axial play NOK;Juego Axial de piezas OK en valores entre 170-200, valor de master NOK 219-226, se incrementa limite a 205 por scraps constantes durante los ultimos dias,,,,
2025-05-28;REA;Actuadores;3140CA029;18:37;18:47;10;Equipment Fault;EOL;St3;Axial play NOK;Scraps, calibracion de gripper, pieza OK marcada como NOK por gripper atorado por hardstop al hacer prueba,,,,
2025-05-28;REA;Actuadores;3140CA029;19:18;19:20;2;Equipment Fault;620;620;Alphamatic Module;No continua ciclo se queda en pick,,,,,,
2025-05-28;REA;Actuadores;3140CA029;22:08;22:13;5;Maintenance;EOL;St4;CRIO NOK;reinicio de crio,,,,,,
2025-05-28;REA;Actuadores;3140CA029;21:30;21:35;5;Equipment Fault;CAW;General;NOK material;Rea gripper no cierra por bushing, restablecer maquina,,,,,
2025-05-29;REA;Actuadores;3140CA029;23:35;23:38;3;Maintenance;CHW;St4;Pressor;limpieza de pines,,,,,,
2025-05-29;REA;Actuadores;3140CA029;23:38;23:41;3;Equipment Fault;Robots;R75;Gripper/tool adjustments;no ensambla bien cover,,,,,,
2025-05-29;REA;Actuadores;3140CA029;23:49;23:51;2;Maintenance;750;750;Feed piston;se atora pick de prensa,,,,,,
2025-05-29;REA;Actuadores;3140CA029;00:23;00:27;4;Equipment Fault;EOL;St3;Gripper NOK;st3 alarma gripper,,,,,,
2025-05-29;REA;Actuadores;3140CA029;00:48;00:51;3;Equipment Fault;CAW;LSW;Vision system;se detiene y no avanza,,,,,,
2025-05-29;REA;Actuadores;3140CA029;01:06;01:08;2;Equipment Fault;Conveyors;C36;Presence sensor;no abre piston y no avanza pallet,,,,,,
2025-05-29;REA;Actuadores;3140CA029;01:15;01:17;2;Equipment Fault;Robots;R75;Gripper/tool adjustments;no pone bien cover,,,,,,
2025-05-29;REA;Actuadores;3140CA029;01:24;01:26;2;Equipment Fault;Robots;R70;Vacuum system;vacuum (reset),,,,,,
2025-05-29;REA;Actuadores;3140CA029;01:31;01:36;5;Equipment Fault;MSA;MSA;Sensor de presencia;se queda adentro carrito,,,,,,
2025-05-29;REA;Actuadores;3140CA029;01:40;01:44;4;Maintenance;915;915;Missing ogive;falta de ogiva,,,,,,
2025-05-29;REA;Actuadores;3140CA029;01:55;01:57;2;Equipment Fault;Robots;R75;Gripper/tool adjustments;no abre gripper (cover a la mitad),,,,,,
2025-05-29;REA;Actuadores;3140CA029;02:37;02:42;5;Maintenance;CHW;Consumables;Chip reel;cambio carrete de chip,,,,,,
2025-05-29;REA;Actuadores;3140CA029;02:45;02:47;2;Maintenance;731;731;Presence sensor;pin caido,,,,,,
2025-05-29;REA;Actuadores;3140CA029;03:04;03:10;6;Production;REA;General;Checklist;checklist,,,,,,
2025-05-29;REA;Actuadores;3140CA029;03:17;03:20;3;Equipment Fault;CAW;Jig/Index;Blade orienter actuator;no avanza,,,,,,
2025-05-29;REA;Actuadores;3140CA029;03:20;03:21;1;Equipment Fault;Conveyors;C36;Presence sensor;no abre piston,,,,,,
2025-05-29;REA;Actuadores;3140CA029;04:14;04:18;4;Equipment Fault;750;750;Feed piston;se queda atorado,,,,,,
2025-05-29;REA;Actuadores;3140CA029;04:20;04:21;1;Equipment Fault;Robots;R75;Gripper/tool adjustments;no abre gripper,,,,,,
2025-05-29;REA;Actuadores;3140CA029;05:39;05:44;5;Maintenance;REA;General;Pneumatic System;compresor alarmado,,,,,,
2025-05-29;REA;Actuadores;3140CA029;23:54;23:59;5;Equipment Fault;CAW;Jig/Index;Index not in home;falla insersion (index),,,,,,
2025-05-29;REA;Actuadores;3140CA029;04:36;04:38;2;Equipment Fault;Conveyors;C36;Presence sensor;pallet atorado piston no abre,,,,,,
2025-05-29;REA;Actuadores;3140CA029;05:00;05:05;5;Equipment Fault;Robots;R75;Gripper/tool adjustments;no abre gripper y no ensambla cover,,,,,,
2025-05-29;REA;Actuadores;3140CA029;05:09;05:11;2;Equipment Fault;Conveyors;C36;Presence sensor;no abre piston,,,,,,
2025-05-29;REA;Actuadores;3140CA029;05:21;05:23;2;Quality;Robots;R70;Vacuum system;no agarra gear,,,,,,
2025-05-29;REA;Actuadores;3140CA029;06:21;06:23;2;Maintenance;750;750;Feed piston;punta atorada en pza.,,,,,,
2025-05-29;REA;Actuadores;3140CA029;07:00;07:08;8;Maintenance;REA;General;Checklist;Checklist,,,,,,
2025-05-29;REA;Actuadores;3140CA029;07:00;07:12;12;Maintenance;REA;General;Checklist;Checklist, sop,,,,,
2025-05-29;REA;Actuadores;3140CA029;07:15;07:17;2;Quality;CAW;General;NOK material;REA gripper no cierra por pieza bushing NOK,,,,,,
2025-05-29;REA;Actuadores;3140CA029;07:20;07:22;2;Quality;CAW;General;NOK material;Ingun no entra por pieza bushing NOK,,,,,,
2025-05-29;REA;Actuadores;3140CA029;07:24;07:26;2;Equipment Fault;Robots;R80;Gripper/tool adjustments;Sensor no se activo como cerrado al tomar de st15 USW,,,,,,
2025-05-29;REA;Actuadores;3140CA029;07:27;07:28;1;Equipment Fault;Main conveyor;Main conveyor;Singulator NOK;Pallet atascado en sing,,,,,,
2025-05-29;REA;Actuadores;3140CA029;07:44;07:47;3;Production;CAW;Consumables;Nitrogen;Cambio de nitrogeno,,,,,,
2025-05-29;REA;Actuadores;3140CA029;07:57;08:00;3;Equipment Fault;750;750;Bowl/Lineal feeder;Piston no continua secuencia,,,,,,
2025-05-29;REA;Actuadores;3140CA029;08:02;08:05;3;Quality;USW;General;NOK material;Acutador atorado en sonotrodo por bushing salido,,,,,,
2025-05-29;REA;Actuadores;3140CA029;08:52;08:53;1;Equipment Fault;731;731;Feed piston;Cae mal el pin, no es detectado,,,,,
2025-05-29;REA;Actuadores;3140CA029;08:55;09:04;9;Equipment Fault;CAW;General;Software/PC;No responde, se pone en manual para vaciarlo, al reiniciar la maquina comienza a trabajar sin antes dar el force stop (reiniciar el grafcet), hace un par de piezas sin antes hacer el restore y cargar receta, no muestra logs durante esto. Se para para reiniciar, al volver a manual aparecen los logs de las piezas anteriores,
2025-05-29;REA;Actuadores;3140CA029;09:08;09:10;2;Equipment Fault;Robots;R75;Gripper/tool adjustments;No abre correctamente,,,,,,
2025-05-29;REA;Actuadores;3140CA029;09:12;09:14;2;Equipment Fault;Robots;R70;Vacuum system;Vacuum off,,,,,,
2025-05-29;REA;Actuadores;3140CA029;09:25;09:27;2;Equipment Fault;USW;St14;Lower Jig;Se limpia jig por rebaba,,,,,,
2025-05-29;REA;Actuadores;3140CA029;09:32;09:34;2;Quality;USW;General;NOK material;aCTUADOR ATORADO EN SONOTRODO POR BUSHING SALIDO,,,,,,
2025-05-29;REA;Actuadores;3140CA029;09:52;09:56;4;Equipment Fault;EOL;St4;CRIO NOK;CRIO no responde,,,,,,
2025-05-29;REA;Actuadores;3140CA029;10:02;10:11;9;Quality;CAW;General;NOK material;Dos paros consecutivos por body con bushing NOK,,,,,,
2025-05-29;REA;Actuadores;3140CA029;10:17;10:20;3;Quality;EOL;General;NOK material;Falla jig con pieza de body con bushing NOK,,,,,,
2025-05-29;REA;Actuadores;3140CA029;10:52;10:56;4;Equipment Fault;EOL;St4;CRIO NOK;Se reinica crio por falla time out en st 2 y st4,,,,,,
2025-05-29;REA;Actuadores;3140CA029;11:24;11:27;3;Equipment Fault;Robots;R70;Vacuum system;Se hace cambio de ventosas,,,,,,
2025-05-29;REA;Actuadores;3140CA029;13:15;13:17;2;Quality;CAW;General;NOK material;Bushing NOK,,,,,,
2025-05-29;REA;Actuadores;3140CA029;13:02;13:03;1;Quality;USW;General;NOK material;Bushing NOK,,,,,,
2025-05-29;REA;Actuadores;3140CA029;14:04;14:07;3;Quality;EOL;General;NOK material;Bushing NOK causa falla en gripper, al sacarlo comienza PTC error consecutivo, se reinicia app,,,,
2025-05-29;REA;Actuadores;3140CA029;15:22;15:23;1;Equipment Fault;730;General;NOK material;pin material nok,,,,,,
2025-05-29;REA;Actuadores;3140CA029;15:24;15:28;4;Maintenance;CAW;LSW;Pressor;checklist,,,,,,
2025-05-29;REA;Actuadores;3140CA029;16:04;16:05;1;Equipment Fault;750;750;Feed piston;se quedo en posicion de pick,,,,,,
2025-05-29;REA;Actuadores;3140CA029;16:33;16:36;3;Maintenance;MAT;Consumables;Grease;cambio de grasa,,,,,,
2025-05-29;REA;Actuadores;3140CA029;16:38;16:40;2;Equipment Fault;MSA;MSA;Driver;home nok,,,,,,
2025-05-29;REA;Actuadores;3140CA029;17:35;17:40;5;Maintenance;EOL;St4;CRIO NOK;reinicio de crio,,,,,,
2025-05-29;REA;Actuadores;3140CA029;19:15;19:16;1;Maintenance;CHW;Consumables;Argon;cambio de argon,,,,,,
2025-05-29;REA;Actuadores;3140CA029;19:35;19:36;1;Equipment Fault;731;731;Feed piston;pin inclinado,,,,,,
2025-05-29;REA;Actuadores;3140CA029;19:37;19:39;2;Maintenance;CHW;Consumables;Chip reel;cambio de chip,,,,,,
2025-05-29;REA;Actuadores;3140CA029;21:40;21:42;2;Maintenance;CCC;Consumables;Resin;cambio de resina,,,,,,
2025-05-29;REA;Actuadores;3140CA029;22:23;22:24;1;Equipment Fault;731;731;Feed piston;pin inclinado,,,,,,
2025-05-29;REA;Actuadores;3140CA029;23:03;23:04;1;Equipment Fault;Robots;R75;Gripper/tool adjustments;no abre gripper,,,,,,
2025-05-29;REA;Actuadores;3140CA029;23:21;23:24;3;Maintenance;731;731;Presence sensor;pin caido,,,,,,
2025-05-29;REA;Actuadores;3140CA029;11:29;11:31;2;Equipment Fault;Conveyors;C36;Presence sensor;no abre piston,,,,,,
2025-05-30;REA;Actuadores;3140CA029;00:08;00:10;2;Production;MAT;St3;Feeder;falta de tornillos,,,,,,
2025-05-30;REA;Actuadores;3140CA029;00:31;00:32;1;Quality;Robots;R75;Gripper/tool adjustments;no abre gripper,,,,,,
2025-05-30;REA;Actuadores;3140CA029;01:24;01:26;2;Equipment Fault;Robots;R75;Gripper/tool adjustments;no abre gripper,,,,,,
2025-05-30;REA;Actuadores;3140CA029;01:31;01:35;4;Maintenance;USW;St11;Branson;pieza atorada en sonotrodo,,,,,,
2025-05-30;REA;Actuadores;3140CA029;01:47;01:57;10;Maintenance;REA;General;Checklist;checklist,,,,,,
2025-05-30;REA;Actuadores;3140CA029;02:04;02:07;3;Maintenance;USW;St11;Branson;pieza atorada en sonotrodo,,,,,,
2025-05-30;REA;Actuadores;3140CA029;02:09;02:10;1;Equipment Fault;Conveyors;C36;Presence sensor;c36 no avanza,,,,,,
2025-05-30;REA;Actuadores;3140CA029;02:12;02:14;2;Maintenance;731;731;Presence sensor;pin caido,,,,,,
2025-05-30;REA;Actuadores;3140CA029;02:17;02:19;2;Quality;Conveyors;C36;Presence sensor;c36 no abre piston,,,,,,
2025-05-30;REA;Actuadores;3140CA029;02:33;02:36;3;Equipment Fault;CAW;Jig/Index;Blade orienter actuator;no avanza,,,,,,
2025-05-30;REA;Actuadores;3140CA029;03:17;03:19;2;Equipment Fault;Conveyors;C36;Presence sensor;c36 no abre piston,,,,,,
2025-05-30;REA;Actuadores;3140CA029;03:53;03:56;3;Equipment Fault;CAW;Jig/Index;Blade orienter actuator;no avanza,,,,,,
2025-05-30;REA;Actuadores;3140CA029;03:34;03:34;0;Equipment Fault;CAW;Jig/Index;Blade orienter actuator;no avanza,,,,,,
2025-05-30;REA;Actuadores;3140CA029;04:03;04:04;1;Equipment Fault;Robots;R75;Gripper/tool adjustments;no abre gripper,,,,,,
2025-05-30;REA;Actuadores;3140CA029;04:40;04:42;2;Equipment Fault;Robots;R75;Gripper/tool adjustments;no abre gripper,,,,,,
2025-05-30;REA;Actuadores;3140CA029;05:34;05:35;1;Equipment Fault;Robots;R70;Vacuum system;no agarrea gear,,,,,,
2025-05-30;REA;Actuadores;3140CA029;06:01;06:03;2;Quality;CHW;General;Scrapbox full;Scrap,,,,,,
2025-05-30;REA;Actuadores;3140CA029;06:04;06:06;2;Maintenance;CHW;Consumables;Argon;cambio tanque de argon,,,,,,
2025-05-30;REA;Actuadores;3140CA029;06:43;06:47;4;Maintenance;USW;St11;Branson;pieza atorada en sonotrodo,,,,,,
2025-05-30;REA;Actuadores;3140CA029;06:52;06:53;1;Equipment Fault;Robots;R75;Gripper/tool adjustments;no abre gripper,,,,,,
2025-05-30;REA;Actuadores;3140CA029;07:00;07:11;11;Maintenance;REA;General;Checklist;Checklist, SOP,,,,,
2025-05-30;REA;Actuadores;3140CA029;07:16;07:18;2;Equipment Fault;731;731;Bowl/Lineal feeder;Pin inclinado se atora,,,,,,
2025-05-30;REA;Actuadores;3140CA029;07:32;07:37;5;Equipment Fault;CAW;LSW;Pressor;Manguera de nitrogeno de pressor rota, se repone por una nueva,,,,,
2025-05-30;REA;Actuadores;3140CA029;08:14;08:17;3;Quality;USW;General;NOK material;Acutador atorado por bushimg salido,,,,,,
2025-05-30;REA;Actuadores;3140CA029;09:15;09:38;23;Equipment Fault;CAW;LWS;NOK Condition;Calidad reporta (del SOP) soldadura descentrada y profundidad efectiva NOK. Ajustes,,,,,,
2025-05-30;REA;Actuadores;3140CA029;09:38;11:18;100;Quality;REA;General;Test approval;Liberacion tras ajuste de soldadura CAW,,,,,,
2025-05-30;REA;Actuadores;3140CA029;13:50;14:05;15;Material/Logistics;CHW;Consumables;Chip reel;Se necesitaba cambio de chip y no habia material en el area, se solicito con anticipacion sin embargo no se surtio hasta que paro chw,,,,,
2025-05-30;REA;Actuadores;3140CA029;15:50;15:52;2;Equipment Fault;USW;St11;Branson;actuador con bushing de fuera por branson,,,,,,
2025-05-30;REA;Actuadores;3140CA029;15:15;15:17;2;Equipment Fault;620;620;Alphamatic Module;No continua ciclo,,,,,,
2025-05-30;REA;Actuadores;3140CA029;15:19;15:21;2;Equipment Fault;750;750;Alphamatic Module;No continua ciclo,,,,,,
2025-05-30;REA;Actuadores;3140CA029;15:40;15:44;4;Equipment Fault;USW;St11;Branson;actuador cae por retainer fuera,,,,,,
2025-05-27;REA;Actuadores;3140CA029;10:41;10:46;5;Quality;CAW;General;NOK material;Bushing salido deja mal pieza en jig y causa falla en ingun,,,,,,
2025-03-14;REA;Actuadores;3140CA029;22:30;23:59;89;Mantenimiento;USW;St14;;Alto scrap. ajuste de parametros,,,,,,
2025-05-28;REA;Actuadores;3140CA029;11:44;11:46;2;Quality;CAW;General;NOK material;Ingun atorado por bushing salido,,,,,,
2025-04-14;REA;Actuadores;3140CA029;19:28;19:30;2;Equipment Fault;Robots;R80;Waiting for spare part;no abre gripper,,,,,,
2025-05-24;REA;Actuadores;3140CS022;04:27;04:37;10;Equipment Fault;EOL;St2;Gripper NOK;se descalibro gripper por actuador defetuoso,,,,,,
2025-05-23;REA;Actuadores;3140CS022;19:14;19:19;5;Equipment Fault;CAW;CPA;Feeder;Cranks invertidos, se aprovecha para dar checklist,,,,,
2025-04-26;REA;Actuadores;3140CA029;18:48;18:50;2;Equipment Fault;Conveyors;C36;Presence sensor;reset,,,,,,
2025-05-30;REA;Actuadores;3140CA029;16:45;17:15;30;Production;REA;General;Scheduled production stop;Convivio mensual,,,,,,
2025-05-30;REA;Actuadores;3140CA029;18:05;18:08;3;Quality;915;915;Vision system;Scraps continuos, ajustar area de inspeccion Tool01,,,,,
2025-05-30;REA;Actuadores;3140CA029;19:50;19:55;5;Equipment Fault;EOL;St4;CRIO NOK;reinicio de crio,,,,,,
2025-05-30;REA;Actuadores;3140CA029;22:48;22:55;7;Maintenance;620;620;Presence sensor;pallet atorado,,,,,,
2025-05-30;REA;Actuadores;3140CA029;23:09;23:12;3;Equipment Fault;Robots;R75;Gripper/tool adjustments;no abre gripper,,,,,,
2025-05-30;REA;Actuadores;3140CA029;23:24;23:26;2;Equipment Fault;Robots;R65;Vacuum system;no agarra gear,,,,,,
2025-05-30;REA;Actuadores;3140CA029;23:37;23:39;2;Equipment Fault;Conveyors;C36;Presence sensor;blister atorado,,,,,,
2025-05-30;REA;Actuadores;3140CA029;23:44;23:48;4;Equipment Fault;CAW;Jig/Index;Blade orienter actuator;no avanza,,,,,,
2025-05-30;REA;Actuadores;3140CA029;23:56;23:58;2;Production;MAT;St3;Feeder;falta de material,,,,,,
2025-05-31;REA;Actuadores;3140CA029;00:18;00:20;2;Maintenance;731;731;Presence sensor;pin caido,,,,,,
2025-05-31;REA;Actuadores;3140CA029;00:49;00:50;1;Equipment Fault;Robots;R75;Gripper/tool adjustments;no abre gripper,,,,,,
2025-05-31;REA;Actuadores;3140CA029;01:24;01:26;2;Equipment Fault;Conveyors;C36;Presence sensor;no abre piston,,,,,,
2025-05-31;REA;Actuadores;3140CA029;01:47;01:49;2;Production;Robots;R38;NOK material;motor invertido,,,,,,
2025-05-31;REA;Actuadores;3140CA029;02:14;02:16;2;Equipment Fault;Robots;R70;Vacuum system;no agarra gear,,,,,,
2025-05-31;REA;Actuadores;3140CA029;02:41;02:43;2;Equipment Fault;EOL;General;Pneumatic System;se alarma,,,,,,
2025-05-31;REA;Actuadores;3140CA029;03:20;03:25;5;Maintenance;REA;General;Checklist;checklist (CAW,EOL,CHW),,,,
2025-05-31;REA;Actuadores;3140CA029;03:43;03:44;1;Equipment Fault;Conveyors;C36;Presence sensor;No abre piston,,,,,,
2025-05-31;REA;Actuadores;3140CA029;03:54;03:55;1;Equipment Fault;Conveyors;C36;Presence sensor;piston no abre,,,,,,
2025-05-31;REA;Actuadores;3140CA029;04:26;04:29;3;Equipment Fault;EOL;St2;Gripper NOK;falla st2 alarma,,,,,,
2025-05-31;REA;Actuadores;3140CA029;04:30;04:32;2;Equipment Fault;EOL;St6;Laser module/Samlight;alarma,,,,,,
2025-05-31;REA;Actuadores;3140CA029;05:12;05:14;2;Quality;Conveyors;C36;Presence sensor;no abre piston,,,,,,
2025-05-31;REA;Actuadores;3140CA029;05:26;05:28;2;Quality;Robots;R70;Gripper/tool adjustments;no pone cover,,,,,,
2025-05-31;REA;Actuadores;3140CA029;06:22;06:25;3;Equipment Fault;CAW;Jig/Index;Blade orienter actuator;no avanza, alarma,,,,,
2025-05-31;REA;Actuadores;3140CA029;07:00;07:08;8;Equipment Fault;MSA;MSA;Driver;Se recibe paro del turno anterior, comentan que fallaba al llegar a home y que se apago el equipo. Se manda a home reiniciando el driver (multiples intentos) al arrancar fue necesario retirar la pieza presente y reiniciar desde grafcet,,,,,
2025-05-31;REA;Actuadores;3140CA029;08:49;08:53;4;Maintenance;CHW;Consumables;Chip reel;Cambio chip,,,,,,
2025-05-31;REA;Actuadores;3140CA029;09:43;09:44;1;Equipment Fault;Robots;R75;Gripper/tool adjustments;Gripper no abre correctamente,,,,,,
2025-05-31;REA;Actuadores;3140CA029;09:46;09:51;5;Equipment Fault;MAT;St4;CRIO App;Crio no responde, se reinician fuentes, app de crio desde NI sin resultados. Se da hard reset a la maquina (unica solucion en paros similares anteriores),,,,
2025-05-31;REA;Actuadores;3140CA029;10:05;10:30;25;Maintenance;USW;General;Scheduled maintenance;Se revisa gripper de robot scara, se cambia y ajusta tornilleria. ,,,,,
2025-05-31;REA;Actuadores;3140CA029;10:57;11:01;4;Equipment Fault;Robots;R33;Motion supervision/Joint collision;Robot colisiona por agarrar mal la pieza,,,,,,
2025-05-31;REA;Actuadores;3140CA029;11:10;11:15;5;Equipment Fault;Robots;R75;Gripper/tool adjustments;Se cambia cinta de gripper ya que se atoraba al abrir,,,,,,
2025-05-31;REA;Actuadores;3140CA029;14:31;14:35;4;Equipment Fault;CAW;CPA;SCARA;SCARA no llega a posicion,,,,,,
2025-05-31;REA;Actuadores;3140CA029;14:40;14:48;8;Maintenance;REA;General;Checklist;Checkñlist,,,,,,
2025-05-31;REA;Actuadores;3140CA029;14:50;14:51;1;Equipment Fault;915;915;Vision system;SV no ve la ogiva al estar manchada de grasa,,,,,,
2025-05-31;REA;Actuadores;3140CA029;14:15;14:17;2;Equipment Fault;730;730;Tool ;Prensa levanto body,,,,,,
2025-05-31;REA;Actuadores;3140CA029;15:09;15:10;1;Equipment Fault;USW;St11;Branson;body atorado por bushing en sonotrodo,,,,,,
2025-05-31;REA;Actuadores;3140CA029;16:30;16:59;29;Equipment Fault;Robots;R80;Electrical system;Cable de sensor dañado, ruteo NOK, se repara temporalmente por falta de sensores, se rutea de para que funcione el sensor,,,
2025-05-31;REA;Actuadores;3140CA029;18:45;18:46;1;Maintenance;MAT;Consumables;Grease;cambio de grasa,,,,,,
2025-05-31;REA;Actuadores;3140CA029;18:48;18:53;5;Maintenance;CAW;CPA;SCARA;no inserta crank correctamente,,,,,,
2025-05-31;REA;Actuadores;3140CA029;20:21;20:25;4;Equipment Fault;CAW;General;Software/PC;No continua ciclo, no inserta crank, pressor en area de actuador,,,,
2025-05-31;REA;Actuadores;3140CA029;21:02;21:04;2;Equipment Fault;750;750;Alphamatic Module;Prensa se queda en posicion de pick,,,,,,
2025-05-31;REA;Actuadores;3140CA029;16:10;16:20;10;Equipment Fault;Robots;R80l;Electrical system;Falla sensor de R80, revisar cableado y ruteo,,,,,
2025-05-31;REA;Actuadores;3140CA029;07:08;07:15;7;Maintenance;REA;General;Checklist;Checklist,,,,,,
2025-05-31;REA;Actuadores;3140CA029;21:34;21:35;1;Equipment Fault;Robots;R70;Vacuum system;cambio de ventosas,,,,,,
2025-06-02;REA;Actuadores;3140CA029;07:00;07:46;46;Quality;REA;General;SOP;Esperand liberacion calidad,,,,,,
2025-06-02;REA;Actuadores;3140CA029;07:50;07:54;4;Equipment Fault;915;General;TBD;Causa problema en secuencia error al borrar pallet incorrecto a la hora de tomar pieza para burst test,,,,,,
2025-06-02;REA;Actuadores;3140CA029;09:55;09:59;4;Quality;REA;General;TBD;Esperando calidad vacie bins para iniciar RW,,,,,,
2025-06-02;REA;Actuadores;3140CA029;09:50;09:55;5;Production;REA;General;TBD;Vaciar parcialmente, cambio a RW,,,,,
2025-06-02;REA;Actuadores;3140CA029;10:33;10:36;3;Quality;USW;General;Scrapbox full;Scrapbox lleno, se para para vaciar,,,,,
2025-06-02;REA;Actuadores;3140CA029;11:07;11:11;4;Quality;USW;General;Scrapbox full;Scrapbox lleno, se para para vaciar,,,,,
2025-06-02;REA;Actuadores;3140CA029;11:28;12:30;62;Equipment Fault;Robots;R80;Electrical system;Cable dañado no llega señal del sensor. Sin conectores ni cable de 3 para hacer el cambio, se hace un empate.,,,,,
2025-06-02;REA;Actuadores;3140CA029;13:35;13:39;4;Quality;USW;General;Scrapbox full;Scrapbox full,,,,,,
2025-06-02;REA;Actuadores;3140CA029;14:37;14:40;3;Quality;USW;General;Scrapbox full;Scrapboxfull,,,,,,
2025-06-02;REA;Actuadores;3140CA029;15:50;15:55;5;Quality;USW;General;Scheduled maintenance;Esperando vaciado de scrap por retrabajo,,,,,,
2025-06-02;REA;Actuadores;3140CA029;16:20;16:27;7;Quality;USW;General;Scrapbox full;Esperando vaciado de scrap por retrabajo,,,,,,
2025-06-02;REA;Actuadores;3140CA029;19:07;19:12;5;Quality;USW;General;Scrapbox full;Esperando vaciado de material NOK retrabajo,,,,,,
2025-06-03;REA;Actuadores;3140CA029;07:28;07:43;15;Equipment Fault;CAW;General;Software/PC;App crashea,,,,,,
2025-06-03;REA;Actuadores;3140CA029;07:46;08:11;25;Quality;REA;General;Test approval;Se espera liberacion de soldadura de crank assy tras falla en software.,,,,,,
2025-06-03;REA;Actuadores;3140CA029;09:32;09:35;3;Maintenance;CHW;Consumables;Chip reel;Chip reel,,,,,,
2025-06-03;REA;Actuadores;3140CA029;10:01;10:04;3;Equipment Fault;MAT;St3;Feeder;Tornillo atorado,,,,,,
2025-06-03;REA;Actuadores;3140CA029;10:25;10:27;2;Equipment Fault;USW;St14;Lower Jig;Limpieza de jig por rebaba acumulada,,,,,,
2025-06-03;REA;Actuadores;3140CA029;10:32;10:36;4;Equipment Fault;USW;St11;Weld NOK;Se agrega cinta a jig por alto scrap consecutivo,,,,,,
2025-06-03;REA;Actuadores;3140CA029;10:46;10:50;4;Maintenance;CHW;St4;Pressor;checklist de limpieza,,,,,,
2025-06-03;REA;Actuadores;3140CA029;11:02;11:05;3;Equipment Fault;MAT;St3;Feeder;Tornillo atorado en feeder,,,,,,
2025-06-03;REA;Actuadores;3140CA029;11:07;11:09;2;Equipment Fault;Conveyors;C85;Guides ;Blister atorado en guias,,,,,,
2025-06-03;REA;Actuadores;3140CA029;13:38;14:15;37;Equipment Fault;Main conveyor;Main conveyor;Lift;se atora pallet en lift y daña sensor de presencia,,,,,,
2025-06-03;REA;Actuadores;3140CA029;15:07;15:08;1;Equipment Fault;731;731;Feed piston;sin pin,,,,,,
2025-06-03;REA;Actuadores;3140CA029;15:11;15:12;1;Equipment Fault;Robots;R75;Motion supervision/Joint collision;Gripper Nok falta de grip, cover chueco al ensamblar,,,,,
2025-06-03;REA;Actuadores;3140CA029;15:35;15:40;5;Equipment Fault;EOL;St4;CRIO NOK;reinicio de crio,,,,,,
2025-06-03;REA;Actuadores;3140CA029;17:38;17:39;1;Equipment Fault;Robots;R70;Vacuum system;ventosa caida,,,,,,
2025-06-03;REA;Actuadores;3140CA029;19:24;19:25;1;Equipment Fault;Robots;R70;Vacuum system;no agarro gear de blister,,,,,,
2025-06-03;REA;Actuadores;3140CA029;23:15;23:18;3;Quality;731;731;Presence sensor;sensor no detecta pin,,,,,,
2025-06-03;REA;Actuadores;3140CA029;23:25;23:28;3;Maintenance;730;730;Presence sensor;pin chueco,,,,,,
2025-06-03;REA;Actuadores;3140CA029;23:32;23:34;2;Maintenance;CHW;Consumables;Argon;cambio de tambo de argon,,,,,,
2025-06-04;REA;Actuadores;3140CA029;00:06;00:08;2;Maintenance;731;731;Presence sensor;pin caido,,,,,,
2025-06-04;REA;Actuadores;3140CA029;00:19;00:20;1;Quality;Conveyors;C36;Presence sensor;no abre piston,,,,,,
2025-06-04;REA;Actuadores;3140CA029;00:29;00:30;1;Equipment Fault;Robots;R75;Gripper/tool adjustments;no abre gripper 3,,,,,,
2025-06-04;REA;Actuadores;3140CA029;00:47;00:49;2;Production;Conveyors;C31;Presence sensor;blistre full en conveyo,,,,,,
2025-06-04;REA;Actuadores;3140CA029;01:09;01:11;2;Equipment Fault;731;731;Presence sensor;pin chueco,,,,,,
2025-06-04;REA;Actuadores;3140CA029;01:24;01:26;2;Production;MAT;St3;Feeder;falta de material,,,,,,
2025-06-04;REA;Actuadores;3140CA029;01:54;01:55;1;Equipment Fault;Robots;R75;Gripper/tool adjustments;no abre gripper3,,,,,,
2025-06-04;REA;Actuadores;3140CA029;02:10;02:12;2;Equipment Fault;731;731;Presence sensor;pin chueco,,,,,,
2025-06-04;REA;Actuadores;3140CA029;02:19;02:21;2;Quality;Conveyors;C36;Presence sensor;no abre piston,,,,,,
2025-06-04;REA;Actuadores;3140CA029;02:34;02:39;5;Maintenance;CHW;Consumables;Chip reel;cambio de chip,,,,,,
2025-06-04;REA;Actuadores;3140CA029;02:45;02:58;13;Maintenance;Robots;R80;Gripper/tool adjustments;ajuste a senso de gripper,,,,,,
2025-06-04;REA;Actuadores;3140CA029;03:20;03:25;5;Maintenance;REA;General;Checklist;checklist,,,,,,
2025-06-04;REA;Actuadores;3140CA029;03:31;03:32;1;Equipment Fault;Robots;R75;Gripper/tool adjustments;no abre gripper,,,,,,
2025-06-04;REA;Actuadores;3140CA029;03:43;03:46;3;Equipment Fault;MAT;St3;Feeder;se atora tornillo en feeder,,,,,,
2025-06-04;REA;Actuadores;3140CA029;04:07;04:09;2;Maintenance;USW;St14;Lower Jig;limpieza,,,,,,
2025-06-04;REA;Actuadores;3140CA029;04:21;04:23;2;Equipment Fault;Robots;R75;Gripper/tool adjustments;no abre gripper,,,,,,
2025-06-04;REA;Actuadores;3140CA029;04:36;04:38;2;Maintenance;CHW;St4;Pressor;limpieza de pines,,,,,,
2025-06-04;REA;Actuadores;3140CA029;04:38;04:40;2;Equipment Fault;Robots;R75;Gripper/tool adjustments;no abre gripper,,,,,,
2025-06-04;REA;Actuadores;3140CA029;04:51;04:54;3;Quality;Robots;R75;Gripper/tool adjustments;no abre gripper,,,,,,
2025-06-04;REA;Actuadores;3140CA029;04:57;05:00;3;Equipment Fault;Robots;R70;Vacuum system;no abre gripper,,,,,,
2025-06-03;REA;Actuadores;3140CA029;05:00;07:00;120;Maintenance;REA;General;Scheduled maintenance;MTTO programado,,,,,,
2025-06-04;REA;Actuadores;3140CA029;07:00;07:10;10;Maintenance;REA;General;Checklist;Checklist, entrega SOP,,,,,
2025-06-04;REA;Actuadores;3140CA029;07:11;07:14;3;Equipment Fault;730;730;Alphamatic Module;Scrap demasiado alto en turno pasado.Se modifica el checkpoint de 139 a 138.5, se monitorea prensa se encuentra que hay una pequeña variacion en la lectura de punto de contacto lo que causa falla por limite superior en la fuerza el checkpoint.,,,,,
2025-06-04;REA;Actuadores;3140CA029;07:20;07:24;4;Equipment Fault;CCC;General;TBD;Falla el giro de la mesa queda en posicion intermedia, al restablecer gira quedando una estacion adelante. Se scrapean todas las piezas de la mesa en automatico,,,,,
2025-06-04;REA;Actuadores;3140CA029;07:21;07:25;4;Production;Robots;R65;Motion supervision/Joint collision;Robot choca al tomar magnet shaft porque estaba mal puesta la pieza,,,,,,
2025-06-04;REA;Actuadores;3140CA029;07:37;07:39;2;Equipment Fault;Robots;R75;Gripper/tool adjustments;Gripper no abre correctamente,,,,,,
2025-06-04;REA;Actuadores;3140CA029;08:11;08:15;4;Equipment Fault;Robots;R75;Gripper/tool adjustments;Gripper no agarra correctamente la pieza y colisiona al ensamblar,,,,,,
2025-06-04;REA;Actuadores;3140CA029;10:40;10:47;7;Equipment Fault;Robots;R75;Gripper/tool adjustments;Falla constantemente al ensambalr, ajustede gripper,,,,,
2025-06-04;REA;Actuadores;3140CA029;11:14;11:17;3;Equipment Fault;EOL;St4;CRIO NOK;Crio reset,,,,,,
2025-06-04;REA;Actuadores;3140CA029;13:36;13:38;2;Equipment Fault;731;731;Bowl/Lineal feeder;pin inclinado atorado,,,,,,
2025-06-04;REA;Actuadores;3140CA029;14:22;14:24;2;Equipment Fault;731;731;Bowl/Lineal feeder;no le llegaba señal, se reinicia ciclo,,,,,
2025-06-04;REA;Actuadores;3140CA029;14:29;14:32;3;Production;MAT;St3;Feeder;st3 time out por tornillo atorado, exceso de material en feeder,,,,,
2025-06-04;REA;Actuadores;3140CA029;16:16;16:20;4;Equipment Fault;EOL;St2;Gripper NOK;Recalibrar grippers,,,,,,
2025-06-04;REA;Actuadores;3140CA029;16:22;16:25;3;Equipment Fault;EOL;General;Software/PC;Error on jig number,,,,,,
2025-06-04;REA;Actuadores;3140CA029;16:25;16:30;5;Quality;EOL;General;Scrapbox full;Scrapbox llena, esperando calidad,,,,,
2025-06-04;REA;Actuadores;3140CA029;19:51;19:54;3;Maintenance;CHW;Consumables;Chip reel;cambio de chip,,,,,,
2025-06-04;REA;Actuadores;3140CA029;17:50;17:56;6;Maintenance;CCC;Consumables;Resin;Cambio de resina, no continua ciclo camara,,,,,
2025-06-04;REA;Actuadores;3140CA029;20:28;20:30;2;Equipment Fault;Robots;R80;Electrical system;sensor gripper 3 desconectado,,,,,,
2025-06-04;REA;Actuadores;3140CA029;22:00;22:02;2;Equipment Fault;Robots;R33;Motion supervision/Joint collision;cover mal colocado en ST1 de CHW,,,,,,
2025-06-04;REA;Actuadores;3140CA029;22:12;22:13;1;Equipment Fault;Conveyors;C36;Presence sensor;no detecto charola de body,,,,,,
2025-06-04;REA;Actuadores;3140CA029;23:12;23:15;3;Maintenance;USW;St11;Branson;actuador sin cover,,,,,,
2025-06-04;REA;Actuadores;3140CA029;23:20;23:55;35;Maintenance;Main conveyor;Main conveyor;Lift;lift no sube,,,,,,
2025-06-05;REA;Actuadores;3140CA029;00:17;00:20;3;Quality;CHW;General;Scrapbox full;scrap,,,,,,
2025-06-05;REA;Actuadores;3140CA029;00:20;00:25;5;Maintenance;CHW;St4;Pressor;cambio de pines,,,,,,
2025-06-05;REA;Actuadores;3140CA029;00:20;00:25;5;Maintenance;CHW;St4;Pressor;cambio de pines,,,,,,
2025-06-05;REA;Actuadores;3140CA029;00:30;00:32;2;Maintenance;CHW;Consumables;Argon;cambio de tambo,,,,,,
2025-06-05;REA;Actuadores;3140CA029;00:33;00:36;3;Quality;MAT;St4;CRIO App;falla crio st4,,,,,,
2025-06-05;REA;Actuadores;3140CA029;00:36;00:38;2;Maintenance;MAT;St5;Axis not in home;fuera de home,,,,,,
2025-06-05;REA;Actuadores;3140CA029;00:38;00:40;2;Equipment Fault;Conveyors;C36;Presence sensor;blister atorado,,,,,,
2025-06-05;REA;Actuadores;3140CA029;01:12;01:14;2;Equipment Fault;Robots;R70;Gripper/tool adjustments;no abre gripper,,,,,,
2025-06-05;REA;Actuadores;3140CA029;01:44;01:46;2;Maintenance;731;731;Presence sensor;pin chueco,,,,,,
2025-06-05;REA;Actuadores;3140CA029;02:27;02:29;2;Quality;Conveyors;C36;Presence sensor;piston no abre,,,,,,
2025-06-05;REA;Actuadores;3140CA029;02:51;02:54;3;Production;CAW;CPA;Feeder;se queda sin crank assy,,,,,,
2025-06-05;REA;Actuadores;3140CA029;03:37;03:39;2;Production;Conveyors;C36;Presence sensor;blister volteado,,,,,,
2025-06-05;REA;Actuadores;3140CA029;03:48;03:50;2;Maintenance;731;731;Presence sensor;pin caido,,,,,,
2025-06-05;REA;Actuadores;3140CA029;04:06;04:08;2;Maintenance;MAT;St3;Feeder;tornillo atorado,,,,,,
2025-06-05;REA;Actuadores;3140CA029;04:26;04:31;5;Maintenance;REA;General;Checklist;checklist,,,,,,
2025-06-05;REA;Actuadores;3140CA029;05:12;05:14;2;Quality;Robots;R75;Gripper/tool adjustments;no abre gripper,,,,,,
2025-06-05;REA;Actuadores;3140CA029;05:46;05:48;2;Quality;Conveyors;C36;Presence sensor;no abre piston,,,,,,
2025-06-05;REA;Actuadores;3140CA029;07:14;07:18;4;Quality;CAW;General;NOK material;Actuador atorado, no cierra ingun. se restablece CAW,,,,,
2025-06-05;REA;Actuadores;3140CA029;07:14;07:18;4;Quality;CAW;General;NOK material;Actuador atorado, no cierra ingun. se restablece CAW,,,,,
2025-06-05;REA;Actuadores;3140CA029;09:05;09:10;5;Equipment Fault;CAW;Jig/Index;Index not in home;Ajuste, revision de SV para asegurar el centrado de soldadura despues de ajuste,,,,,
2025-06-05;REA;Actuadores;3140CA029;08:47;08:50;3;Maintenance;CHW;Consumables;Argon;cambio,,,,,,
2025-06-05;REA;Actuadores;3140CA029;09:02;09:04;2;Equipment Fault;MAT;General;Electrical system;tablilla alarmada,,,,,,
2025-06-05;REA;Actuadores;3140CA029;11:12;11:16;4;Equipment Fault;EOL;St4;CRIO NOK;Se reinicia crio,,,,,,
2025-06-05;REA;Actuadores;3140CA029;13:17;13:23;6;Production;CHW;Consumables;Chip reel;Cambio de chip,,,,,,
2025-06-05;REA;Actuadores;3140CA029;13:29;13:32;3;Equipment Fault;USW;St14;Lower Jig;Se hace limpieza a jig por rebaba acumulada,,,,,,
2025-06-05;REA;Actuadores;3140CA029;13:39;13:43;4;Equipment Fault;USW;St11;Weld NOK;Se cambia cinta de jig por scrap consecutivo,,,,,,
2025-06-05;REA;Actuadores;3140CA029;15:42;15:44;2;Equipment Fault;MAT;St3;Feeder;tornillos atorados,,,,,,
2025-06-05;REA;Actuadores;3140CA029;15:58;16:00;2;Equipment Fault;Robots;R75;Motion supervision/Joint collision;Falla place de cover, gripper no abre,,,,,
2025-06-05;REA;Actuadores;3140CA029;17:50;17:52;2;Equipment Fault;Robots;R70;Vacuum system;falla vacio de robot,,,,,,
2025-06-05;REA;Actuadores;3140CA029;18:27;18:29;2;Production;Conveyors;C65;Belt;blister mal colocado en banda,,,,,,
2025-06-05;REA;Actuadores;3140CA029;18:32;18:33;1;Equipment Fault;Robots;R75;Gripper/tool adjustments;no abrio gripper,,,,,,
2025-06-05;REA;Actuadores;3140CA029;20:05;20:06;1;Equipment Fault;Conveyors;C36;Actuator NOK;loking no cerro correctamente,,,,,,
2025-06-05;REA;Actuadores;3140CA029;20:09;20:11;2;Equipment Fault;MSA;MSA;Driver;fuera de posicion home,,,,,,
2025-06-05;REA;Actuadores;3140CA029;23:02;23:04;2;Quality;Conveyors;C36;Presence sensor;piston no abre y pallet se queda atorado,,,,,,
2025-06-05;REA;Actuadores;3140CA029;23:08;23:09;1;Maintenance;Conveyors;C36;Guides ;pallet atorado en guias del riel,,,,,,
2025-06-05;REA;Actuadores;3140CA029;23:15;23:16;1;Equipment Fault;Conveyors;C36;Presence sensor;no abre piston y pallet no avanza,,,,,,
2025-06-05;REA;Actuadores;3140CA029;23:24;23:29;5;Maintenance;CAW;Jig/Index;Presence sensor;ajuste de sensor desconectado,,,,,,
2025-06-05;REA;Actuadores;3140CA029;23:33;23:43;10;Material/Logistics;CAW;CPA;Vision system;no avanza y sequeda en espera,,,,,,
2025-06-05;REA;Actuadores;3140CA029;23:52;23:53;1;Quality;Robots;R75;Gripper/tool adjustments;no abre gripper,,,,,,
2025-06-06;REA;Actuadores;3140CA029;00:29;00:30;1;Equipment Fault;Robots;R75;Gripper/tool adjustments;no abre gripper,,,,,,
2025-06-06;REA;Actuadores;3140CA029;01:12;01:14;2;Equipment Fault;Conveyors;C36;Presence sensor;no abre piston,,,,,,
2025-06-06;REA;Actuadores;3140CA029;01:29;01:31;2;Equipment Fault;Conveyors;C36;Presence sensor;no abre gripper,,,,,,
2025-06-06;REA;Actuadores;3140CA029;01:44;01:46;2;Equipment Fault;Robots;R70;Module error;no abre gripper,,,,,,
2025-06-06;REA;Actuadores;3140CA029;01:55;01:56;1;Production;Conveyors;C36;Presence sensor;piston no abre,,,,,,
2025-06-06;REA;Actuadores;3140CA029;02:08;02:09;1;Maintenance;731;731;Presence sensor;pin chueco,,,,,,
2025-06-06;REA;Actuadores;3140CA029;02:15;02:17;2;Quality;Robots;R75;Gripper/tool adjustments;gripper no abre,,,,,,
2025-06-06;REA;Actuadores;3140CA029;02:20;02:25;5;Maintenance;REA;General;Checklist;checklist,,,,,,
2025-06-06;REA;Actuadores;3140CA029;02:39;02:44;5;Quality;CAW;LSW;Vision system;no avanza se queda en espera,,,,,,
2025-06-06;REA;Actuadores;3140CA029;02:51;02:53;2;Equipment Fault;Conveyors;C36;Presence sensor;pallet atorado,,,,,,
2025-06-06;REA;Actuadores;3140CA029;03:09;03:11;2;Production;Conveyors;C31;Presence sensor;blister atorado, riel lleno de blister,,,,,
2025-06-06;REA;Actuadores;3140CA029;03:46;03:47;1;Quality;CHW;General;Scrapbox full;scrapbox full,,,,,,
2025-06-06;REA;Actuadores;3140CA029;03:51;03:52;1;Equipment Fault;Conveyors;C36;Presence sensor;piston no abre,,,,,,
2025-06-06;REA;Actuadores;3140CA029;03:59;04:02;3;Maintenance;CCC;Consumables;Resin;cambio de resina,,,,,,
2025-06-06;REA;Actuadores;3140CA029;04:10;04:11;1;Equipment Fault;Robots;R75;Gripper/tool adjustments;no abre gripper,,,,,,
2025-06-06;REA;Actuadores;3140CA029;04:19;04:20;1;Maintenance;731;731;Presence sensor;pin chueco,,,,,,
2025-06-06;REA;Actuadores;3140CA029;04:30;04:33;3;Equipment Fault;CAW;LSW;Vision system;no avanza,,,,,,
2025-06-06;REA;Actuadores;3140CA029;04:56;04:57;1;Equipment Fault;Robots;R75;Gripper/tool adjustments;no abre gripper,,,,,,
2025-06-06;REA;Actuadores;3140CA029;05:07;05:11;4;Quality;EOL;General;Scrapbox full;scrap box full,,,,,,
2025-06-06;REA;Actuadores;3140CA029;05:20;05:25;5;Maintenance;CHW;Consumables;Chip reel;cambio de carrete de chip,,,,,,
2025-06-06;REA;Actuadores;3140CA029;05:39;05:41;2;Production;Robots;R38;Gripper/tool adjustments;motro al reves,,,,,,
2025-06-06;REA;Actuadores;3140CA029;03:22;03:24;2;Production;Robots;R38;Vacuum system;motor al reves,,,,,,
2025-06-06;REA;Actuadores;3140CA029;07:00;07:11;11;Maintenance;REA;General;Checklist;Checklist,,,,,,
2025-06-06;REA;Actuadores;3140CA029;09:15;10:00;45;Material/Logistics;REA;General;Empty rack;Sin gear 3 en planta,,,,,,
2025-06-06;REA;Actuadores;3140CA029;12:00;15:00;180;Material/Logistics;REA;General;Empty rack;Sin gear 3 en area,,,,,,
2025-06-06;REA;Actuadores;3140CA029;22:54;22:57;3;Maintenance;Robots;R80;Gripper/tool adjustments;sensor de gripper desconectado,,,,,,
2025-06-06;REA;Actuadores;3140CA029;23:21;23:23;2;Equipment Fault;Robots;R75;Gripper/tool adjustments;no abre gripper,,,,,,
2025-06-06;REA;Actuadores;3140CA029;23:36;23:38;2;Equipment Fault;Robots;R75;Gripper/tool adjustments;no pone gripper se cae cover,,,,,,
2025-06-07;REA;Actuadores;3140CA029;00:24;00:26;2;Maintenance;731;731;Presence sensor;pin chueco,,,,,,
2025-06-07;REA;Actuadores;3140CA029;00:51;00:52;1;Maintenance;MAT;St3;Feeder;tornillo atorado,,,,,,
2025-06-07;REA;Actuadores;3140CA029;01:12;01:14;2;Quality;Conveyors;C36;Presence sensor;pallet atorado no abre piston,,,,,,
2025-06-07;REA;Actuadores;3140CA029;01:41;01:42;1;Equipment Fault;Robots;R75;Gripper/tool adjustments;no abre gripper,,,,,,
2025-06-07;REA;Actuadores;3140CA029;01:54;01:55;1;Quality;Robots;R75;Module error;no abre gripper,,,,,,
2025-06-07;REA;Actuadores;3140CA029;02:00;02:05;5;Maintenance;REA;General;Checklist;checklist,,,,,,
2025-06-07;REA;Actuadores;3140CA029;02:06;02:07;1;Equipment Fault;Robots;R75;Gripper/tool adjustments;no abre gripper,,,,,,
2025-06-07;REA;Actuadores;3140CA029;02:11;02:13;2;Maintenance;CHW;St1;Presence sensor;ajuste ST1,,,,,,
2025-06-07;REA;Actuadores;3140CA029;02:23;02:24;1;Quality;Robots;R75;Gripper/tool adjustments;no abre gripper,,,,,,
2025-06-07;REA;Actuadores;3140CA029;03:18;03:20;2;Equipment Fault;Conveyors;C36;Presence sensor;piston no abre,,,,,,
2025-06-07;REA;Actuadores;3140CA029;03:47;03:49;2;Maintenance;CHW;St4;Pressor;limpieza de pines,,,,,,
2025-06-07;REA;Actuadores;3140CA029;04:09;04:10;1;Quality;Robots;R80;Gripper/tool adjustments;no abanza,,,,,,
2025-06-07;REA;Actuadores;3140CA029;04:26;04:28;2;Production;Conveyors;C31;Presence sensor;riel lleno de blister,,,,,,
2025-06-07;REA;Actuadores;3140CA029;04:37;04:39;2;Equipment Fault;Robots;R75;Gripper/tool adjustments;no abre gripper,,,,,,
2025-06-07;REA;Actuadores;3140CA029;04:52;04:53;1;Quality;Robots;R75;Gripper/tool adjustments;gripper no abre,,,,,,
2025-06-07;REA;Actuadores;3140CA029;05:02;05:04;2;Maintenance;731;731;Presence sensor;pin chueco,,,,,,
2025-06-07;REA;Actuadores;3140CA029;05:16;05:18;2;Quality;Robots;R70;Gripper/tool adjustments;no abre gripper,,,,,,
2025-06-07;REA;Actuadores;3140CA029;07:12;07:15;3;Equipment Fault;Main conveyor;Main conveyor;Lock NOK;Pallet atorado por locking,,,,,,
2025-06-07;REA;Actuadores;3140CA029;07:00;07:10;10;Maintenance;REA;General;Checklist;Checklist,,,,,,
2025-06-07;REA;Actuadores;3140CA029;07:25;07:31;6;Production;CHW;Consumables;Chip reel;Cambio de chip,,,,,,
2025-06-07;REA;Actuadores;3140CA029;07:38;07:40;2;Equipment Fault;Robots;R75;Gripper/tool adjustments;Gripper  no abre correctamente,,,,,,
2025-06-07;REA;Actuadores;3140CA029;12:14;12:16;2;Equipment Fault;Robots;R75;Gripper/tool adjustments;No abre correctamente,,,,,,
2025-06-07;REA;Actuadores;3140CA029;12:16;12:21;5;Equipment Fault;Robots;R70;Vacuum system;Cambio de ventosas,,,,,,
2025-06-07;REA;Actuadores;3140CA029;12:48;12:50;2;Equipment Fault;Main conveyor;Main conveyor;Inductive sensor;sensor no detecta pallet,,,,,,
2025-06-07;REA;Actuadores;3140CA029;12:56;12:58;2;Equipment Fault;Robots;R75;Gripper/tool adjustments;No abre correctamente,,,,,,
2025-06-07;REA;Actuadores;3140CA029;13:55;13:57;2;Maintenance;CHW;St4;Pressor;Se hace checklist a pressor,,,,,,
2025-06-07;REA;Actuadores;3140CA029;16:13;16:16;3;Maintenance;CCC;Consumables;Resin;cambio de resina,,,,,,
2025-06-07;REA;Actuadores;3140CA029;16:40;16:50;10;Production;Conveyors;C55;DM Reader;material incorrecto en conveyor, se trabjo material de almacen,,,,,
2025-06-07;REA;Actuadores;3140CA029;19:45;19:50;5;Maintenance;Robots;R75;Gripper/tool adjustments;cambio de cinta a gripper 3,,,,,,
2025-06-09;REA;Actuadores;3140CA029;07:00;07:45;45;Quality;REA;General;SOP;En espera de liberacion,,,,,,
2025-06-09;REA;Actuadores;3140CA029;07:51;07:55;4;Equipment Fault;CAW;General;Software/PC;No continua secuencia,,,,,,
2025-06-09;REA;Actuadores;3140CA029;08:22;08:26;4;Production;CAW;Consumables;Nitrogen;Cambio de tanque de nitrogeno,,,,,,
2025-06-09;REA;Actuadores;3140CA029;10:30;10:38;8;Equipment Fault;Main conveyor;Main conveyor;Singulator NOK;Se ajusta tornilleria de singulator ya que se atoraban los pallets,,,,,,
2025-06-09;REA;Actuadores;3140CA029;12:49;12:51;2;Equipment Fault;CHW;St4;Pressor;Se hace limpieza a pressor por scrap consecutivo,,,,,,
2025-06-09;REA;Actuadores;3140CA029;14:42;15:00;18;Material/Logistics;REA;General;Empty rack;Sin grasa uniflor para MAT,,,,,,
2025-06-11;REA;Actuadores;3140CA029;22:30;22:55;25;Quality;REA;General;SOP;liberacion,,,,,,
2025-06-11;REA;Actuadores;3140CA029;22:58;23:01;3;Maintenance;CHW;St4;Pressor;limpieza st4 pines,,,,,,
2025-06-11;REA;Actuadores;3140CA029;23:05;23:07;2;Equipment Fault;Robots;R75;Gripper/tool adjustments;gripper no abre,,,,,,
2025-06-11;REA;Actuadores;3140CA029;23:09;23:11;2;Equipment Fault;Robots;R75;Gripper/tool adjustments;gripper no abre,,,,,,
2025-06-11;REA;Actuadores;3140CA029;23:17;23:20;3;Maintenance;Robots;R70;Vacuum system;se cae ventosa,,,,,,
2025-06-11;REA;Actuadores;3140CA029;23:25;23:28;3;Maintenance;Robots;R70;Vacuum system;cambio de ventosas,,,,,,
2025-06-11;REA;Actuadores;3140CA029;23:30;23:32;2;Production;Conveyors;C37;Presence sensor;motor invertido,,,,,,
2025-06-11;REA;Actuadores;3140CA029;23:33;23:35;2;Equipment Fault;Robots;R75;Gripper/tool adjustments;gripper no abre,,,,,,
2025-06-11;REA;Actuadores;3140CA029;23:35;23:36;1;Equipment Fault;Robots;R75;Gripper/tool adjustments;gripper no abre,,,,,,
2025-06-12;REA;Actuadores;3140CA029;00:02;00:06;4;Production;CAW;CPA;Feeder;se vacia feeder cranck,,,,,,
2025-06-12;REA;Actuadores;3140CA029;00:59;01:08;9;Maintenance;CAW;CPA;Vision system;ajuste a SV caw soldadura,,,,,,
2025-06-12;REA;Actuadores;3140CA029;01:20;01:30;10;Maintenance;CAW;LSW;Pressor;limpieza a pressor,,,,,,
2025-06-12;REA;Actuadores;3140CA029;02:11;02:26;15;Maintenance;CAW;Jig/Index;Blade orienter actuator;ajuste a jig 2,,,,,,
2025-06-12;REA;Actuadores;3140CA029;02:33;02:48;15;Maintenance;CAW;Jig/Index;Presence sensor;limpieza jig 2,,,,,,
2025-06-12;REA;Actuadores;3140CA029;02:50;03:00;10;Maintenance;CAW;Jig/Index;Index not in home;ajuste a mesa desalineada,,,,,,
2025-06-12;REA;Actuadores;3140CA029;03:08;03:10;2;Maintenance;MAT;St6;Grease sensor;se bota tapa de grasera,,,,,,
2025-06-12;REA;Actuadores;3140CA029;03:39;03:42;3;Equipment Fault;Conveyors;C36;Presence sensor;no abre piston,,,,,,
2025-06-12;REA;Actuadores;3140CA029;04:14;04:15;1;Equipment Fault;Robots;R75;Gripper/tool adjustments;gripper no abre,,,,,,
2025-06-12;REA;Actuadores;3140CA029;04:25;04:26;1;Equipment Fault;Robots;R75;Gripper/tool adjustments;gripper no abre,,,,,,
2025-06-12;REA;Actuadores;3140CA029;04:38;04:48;10;Maintenance;CAW;LSW;Pressor;ajuste de pressor,,,,,,
2025-06-12;REA;Actuadores;3140CA029;05:34;05:36;2;Equipment Fault;MAT;St4;CRIO App;crio,,,,,,
2025-06-12;REA;Actuadores;3140CA029;06:18;06:20;2;Maintenance;731;731;Presence sensor;pin chueco,,,,,,
2025-06-12;REA;Actuadores;3140CA029;06:28;06:31;3;Quality;CHW;General;Scrapbox full;scrap full,,,,,,
2025-06-12;REA;Actuadores;3140CA029;06:38;06:40;2;Maintenance;731;731;Presence sensor;pin chueco,,,,,,
2025-06-12;REA;Actuadores;3140CA029;09:20;09:22;2;Equipment Fault;Robots;R65;Gripper/tool adjustments;Sensor de gripper desconectado,,,,,,
2025-06-12;REA;Actuadores;3140CA029;11:05;11:11;6;Equipment Fault;CAW;Jig/Index;Index not in home;Robot no podia insertar crank en jig 2.,,,,,,
2025-06-12;REA;Actuadores;3140CA029;07:00;07:10;10;Maintenance;REA;General;Checklist;Checklist,,,,,,
2025-06-12;REA;Actuadores;3140CA029;09:41;09:52;11;Material/Logistics;CHW;General;TBD;Sin chip reel en el area,,,,,,
2025-06-12;REA;Actuadores;3140CA029;09:52;09:55;3;Maintenance;CHW;Consumables;Chip reel;Cambio chip reel,,,,,,
2025-06-12;REA;Actuadores;3140CA029;13:04;13:11;7;Equipment Fault;CHW;St4;Argon dispensatio;Manguera tapada despues de cambio de tanque de argon,,,,,,
2025-06-12;REA;Actuadores;3140CA029;14:14;14:21;7;Production;CHW;Consumables;Argon;Cambio de gas argon,,,,,,
2025-06-12;REA;Actuadores;3140CA029;14:12;14:15;3;Equipment Fault;CHW;St4;Pressor;Se hace limpieza de pressor por scrap,,,,,,
2025-06-12;REA;Actuadores;3140CA029;21:05;21:20;15;Production;REA;General;No staff;Falta de personal, atendiendo moldeo y REA,,,,,
2025-06-12;REA;Actuadores;3140CA029;21:25;21:29;4;Quality;CAW;General;Scrapbox full;Scrapbox lleno,,,,,,
2025-06-12;REA;Actuadores;3140CA029;21:35;21:49;14;Equipment Fault;CAW;General;Software/PC;Computadora trabada no continua ciclo, falla app,,,,,
2025-06-09;REA;Actuadores;3140CA029;15:00;22:30;450;Material/Logistics;REA;General;NOK material;sin grasa,,,,,,
2025-06-10;REA;Actuadores;3140CA029;15:00;22:30;450;Material/Logistics;REA;General;NOK material;sin grasa,,,,,,
2025-06-11;REA;Actuadores;3140CA029;15:00;22:30;450;Material/Logistics;REA;General;NOK material;sin grasa,,,,,,
2025-06-12;REA;Actuadores;3140CA029;22:07;22:11;4;Equipment Fault;CAW;General;Software/PC;Computadora trabada no continua ciclo, falla app,,,,,
2025-06-12;REA;Actuadores;3140CA029;22:38;22:42;4;Equipment Fault;CAW;CPA;Vision system;no avanza,,,,,,
2025-06-12;REA;Actuadores;3140CA029;22:46;22:48;2;Equipment Fault;Conveyors;C36;Presence sensor;piston no abre,,,,,,
2025-06-12;REA;Actuadores;3140CA029;22:53;22:56;3;Equipment Fault;EOL;St4;CRIO NOK;reset,,,,,,
2025-06-13;REA;Actuadores;3140CA029;00:06;00:08;2;Maintenance;731;731;Presence sensor;pin chueco,,,,,,
2025-06-13;REA;Actuadores;3140CA029;00:58;01:13;15;Equipment Fault;MSA;MSA;Driver;falla, se le dio reset,,,,,
2025-06-13;REA;Actuadores;3140CA029;01:14;01:17;3;Maintenance;CCC;Consumables;Resin;cambio de resina,,,,,,
2025-06-13;REA;Actuadores;3140CA029;02:02;02:05;3;Maintenance;Main conveyor;Main conveyor;RFID Reader;se reset,,,,,,
2025-06-12;REA;Actuadores;3140CA029;23:03;23:06;3;Maintenance;CAW;CPA;Feeder;cranck invertido,,,,,,
2025-06-12;REA;Actuadores;3140CA029;23:13;23:20;7;Equipment Fault;EOL;St4;CRIO NOK;se alarmo por crio,,,,,,
2025-06-13;REA;Actuadores;3140CA029;03:16;03:18;2;Maintenance;MAT;St3;Feeder;tornillo atorado,,,,,,
2025-06-13;REA;Actuadores;3140CA029;03:29;03:31;2;Equipment Fault;Robots;R75;Gripper/tool adjustments;no abre gripper,,,,,,
2025-06-13;REA;Actuadores;3140CA029;03:47;03:49;2;Maintenance;731;731;Presence sensor;pin chueco,,,,,,
2025-06-13;REA;Actuadores;3140CA029;03:50;03:55;5;Maintenance;CHW;Consumables;Chip reel;cambnio de chip,,,,,,
2025-06-13;REA;Actuadores;3140CA029;03:58;03:59;1;Equipment Fault;Robots;R75;Gripper/tool adjustments;no abre gripper,,,,,,
2025-06-13;REA;Actuadores;3140CA029;04:03;04:05;2;Maintenance;731;731;Presence sensor;pin chueco,,,,,,
2025-06-13;REA;Actuadores;3140CA029;04:17;04:27;10;Maintenance;915;915;Vision system;ajuste a SV,,,,,,
2025-06-13;REA;Actuadores;3140CA029;04:30;04:40;10;Maintenance;REA;General;Checklist;CHECKLIST,,,,,,
2025-06-13;REA;Actuadores;3140CA029;05:16;05:18;2;Equipment Fault;Conveyors;C37;Presence sensor;piston no sube,,,,,,
2025-06-13;REA;Actuadores;3140CA029;05:20;05:24;4;Equipment Fault;CAW;General;Software/PC;se detiene app,,,,,,
2025-06-13;REA;Actuadores;3140CA029;05:30;05:35;5;Equipment Fault;CAW;General;Software/PC;se traba y falla,,,,,,
2025-06-13;REA;Actuadores;3140CA029;07:00;07:11;11;Maintenance;REA;General;Checklist;Checklist, SOP,,,,,
2025-06-13;REA;Actuadores;3140CA029;07:17;07:19;2;Equipment Fault;Main conveyor;Main conveyor;Lift;Pallet atorado porque baja doble en lift,,,,,,
2025-06-13;REA;Actuadores;3140CA029;07:24;07:26;2;Equipment Fault;Main conveyor;Main conveyor;Lift;Pallet atorado porque baja doble palet en lift,,,,,,
2025-06-13;REA;Actuadores;3140CA029;07:37;07:39;2;Production;MAT;Consumables;Grease;alarma por falta de grasa,,,,,,
2025-06-13;REA;Actuadores;3140CA029;12:24;12:29;5;Equipment Fault;CAW;CPA;Feeder;Crank invertido, se reinicia,,,,,
2025-06-13;REA;Actuadores;3140CA029;13:29;13:32;3;Equipment Fault;MAT;St3;Feeder;Tornillo atorado time out,,,,,,
2025-06-13;REA;Actuadores;3140CA029;14:05;14:07;2;Equipment Fault;USW;St14;Lower Jig;Se limpia gomas de leak test por rebaba de actuador,,,,,,
2025-06-13;REA;Actuadores;3140CA029;15:00;15:05;5;Maintenance;REA;General;Checklist;checklist en CAW Y CHW,,,,,,
2025-06-13;REA;Actuadores;3140CA029;15:44;15:45;1;Production;Aux;710;NOK material;motor en mala horientacion,,,,,,
2025-06-13;REA;Actuadores;3140CA029;16:25;16:30;5;Equipment Fault;CAW;General;Software/PC;Computadora trabada no continua ciclo, falla app,,,,,
2025-06-13;REA;Actuadores;3140CA029;16:47;16:49;2;Equipment Fault;731;731;Feed piston;pin inclinado,,,,,,
2025-06-13;REA;Actuadores;3140CA029;17:01;17:04;3;Equipment Fault;CAW;Jig/Index;Blade orienter actuator;no detecto sensor de orientador,,,,,,
2025-06-13;REA;Actuadores;3140CA029;17:25;17:30;5;Equipment Fault;CAW;General;Software/PC;Computadora trabada no continua ciclo, falla app,,,,,
2025-06-13;REA;Actuadores;3140CA029;17:38;17:42;4;Equipment Fault;CAW;General;Software/PC;Computadora trabada no continua ciclo, falla app,,,,,
2025-06-13;REA;Actuadores;3140CA029;17:32;17:37;5;Quality;CAW;General;Scrapbox full;esperando vaciado,,,,,,
2025-06-13;REA;Actuadores;3140CA029;18:00;18:04;4;Equipment Fault;CAW;General;Software/PC;Computadora trabada no continua ciclo, falla app,,,,,
2025-06-13;REA;Actuadores;3140CA029;19:54;19:59;5;Equipment Fault;CAW;General;Software/PC;Computadora trabada no continua ciclo, falla app,,,,,
2025-06-13;REA;Actuadores;3140CA029;20:02;20:07;5;Equipment Fault;CAW;General;Software/PC;no continua ciclo, falla app,,,,,
2025-06-13;REA;Actuadores;3140CA029;20:39;20:43;4;Maintenance;CHW;Consumables;Chip reel;cambio de chip,,,,,,
2025-06-13;REA;Actuadores;3140CA029;21:00;21:30;30;Quality;CHW;St5;Vision system;Sistema de vision nok, area de inspeccion pin 2 jedgedd with shading muy amplia detecta cover, pasa pieza NOK como OK,,,,
2025-06-13;REA;Actuadores;3140CA029;22:00;22:17;17;Equipment Fault;Robots;R80;Motion supervision/Joint collision;coliciono al colorar actuador en caw, cilindro atorado, sensor de gripper 1 no detecta y perdio comunicacion con EOL se mando a main,,,,
2025-06-13;REA;Actuadores;3140CA029;21:30;21:50;20;Equipment Fault;CHW;St4;Pressor;Soldadura NOK ajuste en pressor por pin central (pin 2) sin soldar continuo,,,,,,
2025-06-13;REA;Actuadores;3140CA029;23:03;23:04;1;Equipment Fault;Conveyors;C36;Presence sensor;no abre piston,,,,,,
2025-06-13;REA;Actuadores;3140CA029;23:10;23:12;2;Production;Robots;R38;NOK material;motor al revez,,,,,,
2025-06-13;REA;Actuadores;3140CA029;23:19;23:21;2;Production;Robots;R38;NOK material;motor al reves,,,,,,
2025-06-13;REA;Actuadores;3140CA029;23:24;23:28;4;Production;USW;St14;Lower Jig;limpieza,,,,,,
2025-06-13;REA;Actuadores;3140CA029;23:30;23:32;2;Production;MAT;St3;Feeder;sin tornillo,,,,,,
2025-06-13;REA;Actuadores;3140CA029;23:39;23:46;7;Quality;MAT;General;Scrapbox full;scrap full,,,,,,
2025-06-13;REA;Actuadores;3140CA029;23:54;00:01;-1433;Maintenance;CCC;Consumables;Resin;combio de resina,,,,,,
2025-06-14;REA;Actuadores;3140CA029;00:09;00:12;3;Quality;CHW;General;Scrapbox full;scrap full,,,,,,
2025-06-14;REA;Actuadores;3140CA029;00:24;00:26;2;Equipment Fault;Robots;R75;Gripper/tool adjustments;no abre gripper,,,,,,
2025-06-14;REA;Actuadores;3140CA029;00:47;00:52;5;Equipment Fault;Conveyors;C36;Presence sensor;no abre piston,,,,,,
2025-06-14;REA;Actuadores;3140CA029;01:04;01:06;2;Equipment Fault;Robots;R70;Vacuum system;suelta gear,,,,,,
2025-06-14;REA;Actuadores;3140CA029;01:35;01:40;5;Equipment Fault;CAW;CPA;Vision system;no avanza,,,,,,
2025-06-14;REA;Actuadores;3140CA029;01:52;01:54;2;Equipment Fault;Robots;R75;Gripper/tool adjustments;no abre gripper,,,,,,
2025-06-14;REA;Actuadores;3140CA029;02:23;02:25;2;Equipment Fault;Conveyors;C36;Presence sensor;piston no abre,,,,,,
2025-06-14;REA;Actuadores;3140CA029;02:55;03:00;5;Maintenance;REA;General;Checklist;Checklist,,,,,,
2025-06-14;REA;Actuadores;3140CA029;03:18;03:20;2;Maintenance;CHW;St4;Pressor;cambio de pines,,,,,,
2025-06-14;REA;Actuadores;3140CA029;03:27;03:29;2;Equipment Fault;Robots;R75;Gripper/tool adjustments;gropper no abre,,,,,,
2025-06-14;REA;Actuadores;3140CA029;03:49;03:54;5;Maintenance;CAW;CPA;Vision system;no avanza,,,,,,
2025-06-14;REA;Actuadores;3140CA029;04:15;04:17;2;Maintenance;730;730;Feed piston;doble pin,,,,,,
2025-06-14;REA;Actuadores;3140CA029;04:20;04:22;2;Quality;Conveyors;C36;Presence sensor;no abre piston,,,,,,
2025-06-14;REA;Actuadores;3140CA029;04:35;04:40;5;Maintenance;CAW;Jig/Index;Blade orienter actuator;ajuste de alineacion de mesa,,,,,,
2025-06-14;REA;Actuadores;3140CA029;05:03;05:05;2;Equipment Fault;Robots;R80;Gripper/tool adjustments;R80 no avanza,,,,,,
2025-06-14;REA;Actuadores;3140CA029;05:17;05:18;1;Equipment Fault;Robots;R75;Gripper/tool adjustments;gripper no abre,,,,,,
2025-06-14;REA;Actuadores;3140CA029;06:12;06:13;1;Equipment Fault;Robots;R75;Gripper/tool adjustments;gripper no abre,,,,,,
2025-06-14;REA;Actuadores;3140CA029;06:39;06:41;2;Equipment Fault;730;730;Feed piston;falla no pone pin,,,,,,
2025-06-14;REA;Actuadores;3140CA029;07:00;07:11;11;Maintenance;REA;General;Checklist;Checklist,,,,,,
2025-06-14;REA;Actuadores;3140CA029;07:14;07:16;2;Equipment Fault;Robots;R33;Motion supervision/Joint collision;Colision con st1 de CHW,,,,,,
2025-06-14;REA;Actuadores;3140CA029;07:28;07:29;1;Equipment Fault;Robots;R75;Gripper/tool adjustments;falla al abrir,,,,,,
2025-06-14;REA;Actuadores;3140CA029;08:30;08:32;2;Maintenance;MAT;Consumables;Grease;Cambio grasa, singrasa en area,,,,,
2025-06-14;REA;Actuadores;3140CA029;08:35;08:47;12;Quality;MAT;General;Scrapbox full;Esperando calidad,,,,,,
2025-06-14;REA;Actuadores;3140CA029;08:51;09:04;13;Equipment Fault;MAT;General;Software/PC;Equipo muestra todas las alarmas en lista, al dar reset se comportade forma erratica (repite alguna estacion, gira la mesa, etc),,,
2025-06-14;REA;Actuadores;3140CA029;09:14;09:21;7;Equipment Fault;MAT;St4;CRIO App;CRIO no responde incluso despues de reiniciar app en NI y reiniciar fuentes. Se reinicia la PC (opcion probada en casos anteriores),,,,,,
2025-06-14;REA;Actuadores;3140CA029;09:48;09:59;11;Equipment Fault;Main conveyor;Main conveyor;Lock NOK;Lock falla al cerrar debajo de prensa 730, queda desalineado con el pallet. Se encuentran tornillos flojos como causa del movimiento, se ajusta,,,,
2025-06-14;REA;Actuadores;3140CA029;10:23;10:25;2;Equipment Fault;USW;St14;Lower Jig;Scrap consecutivo jig sucio,,,,,,
2025-06-14;REA;Actuadores;3140CA029;12:00;12:17;17;Production;REA;General;TBD;Paro para comer. Sin tecnico en el area, maquina para,,,,,
2025-06-14;REA;Actuadores;3140CA029;12:30;12:41;11;Equipment Fault;CAW;CPA;SCARA;No responde, se inteta restablecer varias veces, SCARA no llega a home incluso despues de moverlo de forma manual,,,,
2025-06-14;REA;Actuadores;3140CA029;16:30;16:33;3;Maintenance;CCC;Consumables;Resin;cambio de resina,,,,,,
2025-06-14;REA;Actuadores;3140CA029;17:09;17:10;1;Equipment Fault;731;731;Feed piston;pin inclinado,,,,,,
2025-06-14;REA;Actuadores;3140CA029;19:40;19:43;3;Equipment Fault;Robots;R75;Motion supervision/Joint collision;gripper atorado al dejar pieza en CAW,,,,,,
2025-06-14;REA;Actuadores;3140CA029;20:20;20:22;2;Equipment Fault;USW;St14;Upper Jig;limpieza de jig,,,,,,
2025-06-14;REA;Actuadores;3140CA029;20:22;20:24;2;Equipment Fault;Robots;R70;Vacuum system;cambio de ventosas,,,,,,
2025-06-14;REA;Actuadores;3140CA029;20:56;20:57;1;Equipment Fault;731;731;Feed piston;pin inclinado,,,,,,
2025-06-14;REA;Actuadores;3140CA029;21:00;21:07;7;Equipment Fault;CCC;General;Software/PC;fallo en rotacion de la mesa,,,,,,
2025-06-16;REA;Actuadores;3140CA029;07:04;08:08;64;Quality;REA;General;SOP;Esperando liberacion SOP,,,,,,
2025-06-16;REA;Actuadores;3140CA029;08:20;08:28;8;Equipment Fault;MSA;MSA;Driver;No encuentra home, no continua el ciclo,,,,,
2025-06-16;REA;Actuadores;3140CA029;09:25;09:30;5;Equipment Fault;CCC;St6;Thermocamara;Termo camara Time out,,,,,,
2025-06-16;REA;Actuadores;3140CA029;09:33;09:38;5;Equipment Fault;Robots;R33;Gripper/tool adjustments;robot se queda dentro de ccc por fallo de sensor, estaba flojo y se ajusta la posicion,,,,,
2025-06-16;REA;Actuadores;3140CA029;09:40;09:43;3;Equipment Fault;Robots;R70;Vacuum system;robot no toma gear 2,,,,,,
2025-06-16;REA;Actuadores;3140CA029;09:58;10:02;4;Equipment Fault;CCC;St6;Thermocamara;Termo camara time out,,,,,,
2025-06-16;REA;Actuadores;3140CA029;10:02;10:06;4;Quality;CCC;General;Scrapbox full;scrab box full,,,,,,
2025-06-16;REA;Actuadores;3140CA029;10:28;10:40;12;Equipment Fault;CCC;General;Software/PC;PC crashea, se reinicia,,,,,
2025-06-16;REA;Actuadores;3140CA029;11:20;11:28;8;Equipment Fault;CCC;General;Software/PC;Crash PC,,,,,,
2025-06-16;REA;Actuadores;3140CA029;12:02;12:10;8;Quality;CAW;General;Scrapbox full;Scrab box full de crank asy,,,,,,
2025-06-16;REA;Actuadores;3140CA029;14:00;14:10;10;Equipment Fault;Robots;R75;Motion supervision/Joint collision;Robot al ensamblar el actuador dobla una terminal de motor, dicha terminal no tenia grasa,,,,,
2025-06-16;REA;Actuadores;3140CA029;14:35;14:38;3;Maintenance;CHW;General;Scheduled maintenance;Se detiene linea para tomar medidas de cableado de sonotrodo,,,,,,
2025-06-16;REA;Actuadores;3140CA029;15:17;15:19;2;Equipment Fault;MSA;MSA;Sensor de presencia;no detecta magnet shaft,,,,,,
2025-06-16;REA;Actuadores;3140CA029;16:20;16:22;2;Equipment Fault;Robots;R65;Vacuum system;gear mal colocado en blister,,,,,,
2025-06-16;REA;Actuadores;3140CA029;16:58;17:03;5;Maintenance;CAW;LSW;Pressor;checklist,,,,,,
2025-06-16;REA;Actuadores;3140CA029;17:10;17:12;2;Maintenance;CHW;Consumables;Chip reel;cambio de chip,,,,,,
2025-06-16;REA;Actuadores;3140CA029;18:00;18:04;4;Equipment Fault;CAW;General;Software/PC;no continuo ciclo,,,,,,
2025-06-16;REA;Actuadores;3140CA029;18:10;18:14;4;Quality;CAW;General;Scrapbox full;scrap box full,,,,,,
2025-06-16;REA;Actuadores;3140CA029;19:50;19:51;1;Equipment Fault;731;731;Feed piston;pin inclinado,,,,,,
2025-06-16;REA;Actuadores;3140CA029;21:48;21:50;2;Equipment Fault;MSA;MSA;Driver;driver fuera de home,,,,,,
2025-06-16;REA;Actuadores;3140CA029;21:55;21:57;2;Equipment Fault;Robots;R70;Vacuum system;vacuum off,,,,,,
2025-06-16;REA;Actuadores;3140CA029;23:28;23:30;2;Equipment Fault;Robots;R75;Gripper/tool adjustments;gripper no abre,,,,,,
2025-06-16;REA;Actuadores;3140CA029;23:35;23:37;2;Maintenance;731;731;Presence sensor;pin chueco,,,,,,
2025-06-16;REA;Actuadores;3140CA029;23:41;23:42;1;Quality;Conveyors;C36;Presence sensor;no abre piston,,,,,,
2025-06-16;REA;Actuadores;3140CA029;23:54;23:56;2;Maintenance;731;731;Presence sensor;pin chueco,,,,,,
2025-06-17;REA;Actuadores;3140CA029;00:09;00:11;2;Equipment Fault;Robots;R75;Gripper/tool adjustments;gripper no abre,,,,,,
2025-06-17;REA;Actuadores;3140CA029;00:48;00:50;2;Equipment Fault;Robots;R70;Vacuum system;R70 tira gear,,,,,,
2025-06-17;REA;Actuadores;3140CA029;00:51;00:56;5;Production;CAW;CPA;Feeder;vibro sin material,,,,,,
2025-06-17;REA;Actuadores;3140CA029;01:23;01:30;7;Maintenance;Robots;R65;Gripper/tool adjustments;ajuste de sensor del griper 2,,,,,,
2025-06-17;REA;Actuadores;3140CA029;02:00;02:05;5;Maintenance;EOL;St4;CRIO NOK;resert de crio,,,,,,
2025-06-17;REA;Actuadores;3140CA029;03:55;04:00;5;Maintenance;Main conveyor;General;Checklist;checklist,,,,,,
2025-06-17;REA;Actuadores;3140CA029;04:31;04:32;1;Maintenance;MAT;St3;Feeder;tornillo atorado,,,,,,
2025-06-17;REA;Actuadores;3140CA029;05:07;05:09;2;Maintenance;731;731;Presence sensor;pin chueo,,,,,,
2025-06-17;REA;Actuadores;3140CA029;05:09;05:10;1;Equipment Fault;Robots;R75;Gripper/tool adjustments;no abre gripper,,,,,,
2025-06-17;REA;Actuadores;3140CA029;05:52;05:54;2;Equipment Fault;Robots;R75;Gripper/tool adjustments;griper no abre,,,,,,
2025-06-17;REA;Actuadores;3140CA029;06:05;06:07;2;Equipment Fault;MSA;MSA;Sensor de presencia;gear atorado,,,,,,
2025-06-17;REA;Actuadores;3140CA029;06:27;06:28;1;Equipment Fault;Robots;R75;Gripper/tool adjustments;no abre gripper,,,,,,
2025-06-17;REA;Actuadores;3140CA029;06:45;06:50;5;Production;CAW;CPA;Feeder;se quedo sin material,,,,,,
2025-06-17;REA;Actuadores;3140CA029;06:56;06:58;2;Maintenance;Robots;R70;Vacuum system;tira gear cambio de ventosas,,,,,,
2025-06-17;REA;Actuadores;3140CA029;07:00;07:10;10;Maintenance;REA;General;Checklist;Se realiza checklist diario,,,,,,
2025-06-17;REA;Actuadores;3140CA029;07:28;07:30;2;Equipment Fault;750;750;Feed piston;prensa se queda abajo al tomar bearing,,,,,,
2025-06-17;REA;Actuadores;3140CA029;07:35;07:37;2;Equipment Fault;750;750;Feed piston;Prensa se queda abajo al tomar bearing,,,,,,
2025-06-17;REA;Actuadores;3140CA029;07:40;07:42;2;Equipment Fault;750;750;Feed piston;Prensa se queda abajo al tomar bearing,,,,,,
2025-06-17;REA;Actuadores;3140CA029;07:51;07:54;3;Equipment Fault;Robots;R70;Vacuum system;Se revisa estado de ventosas por paro constante de vacuum off,,,,,,
2025-06-17;REA;Actuadores;3140CA029;07:45;07:47;2;Equipment Fault;Robots;R70;Vacuum system;Vacuum off,,,,,,
2025-06-17;REA;Actuadores;3140CA029;07:59;08:01;2;Equipment Fault;MAT;General;Scrapbox full;Paro para retirar scrap de MAT,,,,,,
2025-06-17;REA;Actuadores;3140CA029;08:30;08:34;4;Production;Conveyors;General;Blister NOK/Wrong PN;Se mete blister volteado en conveyor 55,,,,,,
2025-06-17;REA;Actuadores;3140CA029;09:21;09:24;3;Equipment Fault;CAW;General;Software/PC;Caw no continua secuencia, marca mark in progress y se queda parada,,,,,
2025-06-17;REA;Actuadores;3140CA029;09:40;09:45;5;Production;CHW;Consumables;Chip reel;Cambio de rollo de chip,,,,,,
2025-06-17;REA;Actuadores;3140CA029;10:02;10:07;5;Equipment Fault;750;750;Feed piston;Piston queda abajo cuando quiere tomar el bearing,,,,,,
2025-06-17;REA;Actuadores;3140CA029;10:10;10:35;25;Equipment Fault;CCC;St3;Dosifier;Dispensador no hace la prueba en st 3. se hace dispensacion en manual para que continue ciclo,,,,,,
2025-06-17;REA;Actuadores;3140CA029;10:38;10:40;2;Equipment Fault;Robots;R70;Vacuum system;Vacuum off,,,,,,
2025-06-17;REA;Actuadores;3140CA029;10:42;10:44;2;Equipment Fault;Robots;R70;Vacuum system;vacuum off,,,,,,
2025-06-17;REA;Actuadores;3140CA029;10:46;10:50;4;Equipment Fault;Robots;R70;Vacuum system;Se hace cambio de ventosas por falla constante de vacuum off,,,,,,
2025-06-17;REA;Actuadores;3140CA029;11:54;11:57;3;Equipment Fault;Robots;R75;Gripper/tool adjustments;Gripper no abre correctamente,,,,,,
2025-06-17;REA;Actuadores;3140CA029;16:15;16:19;4;Maintenance;REA;General;Checklist;Revision y limpieza, pendiente CAW,,,,,
2025-06-17;REA;Actuadores;3140CA029;20:45;20:46;1;Equipment Fault;Robots;R75;Motion supervision/Joint collision;gripper atorado,,,,,,
2025-06-17;REA;Actuadores;3140CA029;22:25;22:26;1;Equipment Fault;Robots;R75;Motion supervision/Joint collision;gripper atorado,,,,,,
2025-06-17;REA;Actuadores;3140CA029;19:04;19:06;2;Equipment Fault;750;750;Alphamatic Module;No continua ciclo,,,,,,
2025-06-18;REA;Actuadores;3140CA029;13:35;13:48;13;Production;CAW;General;Empty conveyor/feeder;Sin crank, sin operador,,,,,
2025-06-18;REA;Actuadores;3140CA029;12:26;13:30;64;Equipment Fault;CCC;General;TBD;Falla en index, se queda sin llegar a posicion y no permite moverse,,,,,
2025-06-18;REA;Actuadores;3140CA027;09:40;12:26;166;Quality;REA;General;Change Over;Esperando liberacion,,,,,,
2025-06-18;REA;Actuadores;3140CA027;07:00;09:40;160;Maintenance;REA;General;Change Over;Change over, ajuste, setup, llenado de linea,,,
2025-06-18;REA;Actuadores;3140CA027;14:03;14:12;9;Equipment Fault;EOL;General;Software/PC;Se reinicia PC por actualizacion de windo,,,,,,
2025-06-18;REA;Actuadores;3140CA027;13:59;14:03;4;Equipment Fault;EOL;St2;Gripper NOK;Ajuste grip, scrap alto,,,,,
2025-06-18;REA;Actuadores;3140CA027;13:52;13:59;7;Equipment Fault;Robots;R80;Incorrect pick/place;Robot muy cerca del ingun al entrar, se ajusta posicion para Stellantis,,,,,
2025-06-18;REA;Actuadores;3140CA027;14:15;14:40;25;Equipment Fault;CHW;St4;Pressor;Soldadura inestable, se revisa poressor, heatstake,,,,
2025-06-18;REA;Actuadores;3140CA027;18:00;18:02;2;Equipment Fault;750;750;Alphamatic Module;No continua ciclo, prensa se queda abajo,,,,,
2025-06-18;REA;Actuadores;3140CA027;18:04;18:08;4;Equipment Fault;CAW;Jig/Index;Ingun actuator;No detecta sensor de ingun, timeout,,,,,
2025-06-18;REA;Actuadores;3140CA027;17:40;17:45;5;Equipment Fault;CAW;CPA;Vision system;sistema de vision falla cranks multiples rechazados,,,,,,
2025-06-18;REA;Actuadores;3140CA027;17:15;17:20;5;Equipment Fault;CAW;General;Software/PC;Aplicacion falla, no continua ciclo, si hay memoria,,,,
2025-06-18;REA;Actuadores;3140CA027;15:10;15:45;35;Equipment Fault;CHW;St4;Pressor;Soldadura nok, ajuste de presion, limpieza y se ajusta colapse de st.3,,,,
2025-06-18;REA;Actuadores;3140CA027;15:45;16:00;15;Quality;REA;General;Test approval;Se pasan masters en CHW por ajuste de sv áreas de inspección,,,,,,
2025-06-18;REA;Actuadores;3140CA027;16:05;16:10;5;Quality;REA;General;Change Over;Masters prensas,,,,,,
2025-06-18;REA;Actuadores;3140CA027;18:35;18:40;5;Quality;MAT;General;Scrapbox full;En espera para vaciado,,,,,,
2025-06-18;REA;Actuadores;3140CA027;18:50;18:53;3;Equipment Fault;CAW;CPA;Feeder;falla insercion, No continua ciclo,,,,,
2025-06-18;REA;Actuadores;3140CA027;21:07;21:09;2;Equipment Fault;Robots;R70;Vacuum system;Falla al tomar gear,,,,,,
2025-06-18;REA;Actuadores;3140CA027;21:09;21:17;8;Production;REA;General;No staff;Sin personal para atender paro, por asistir en otras lineas,,,,,
2025-06-18;REA;Actuadores;3140CA027;21:40;21:46;6;Production;Conveyors;C36;TBD;Conveyor se vacía pierde lógica repetidas veces,,,,,,
2025-06-18;REA;Actuadores;3140CA027;19:10;19:50;40;Production;REA;General;NOK material;Material mezclado, multiples paros, perdida de logica en maquina, cambio de material,,,
2025-06-18;REA;Actuadores;3140CA027;22:44;22:46;2;Quality;MAT;General;Scrapbox full;Scrap bull,,,,,,
2025-06-18;REA;Actuadores;3140CA027;22:49;22:51;2;Equipment Fault;Main conveyor;Main conveyor;Lift;se queda abajo,,,,,,
2025-06-18;REA;Actuadores;3140CA027;22:54;22:57;3;Maintenance;Robots;R33;Motion supervision/Joint collision;choca con blister mal posicionado,,,,,,
2025-06-18;REA;Actuadores;3140CA027;23:16;23:19;3;Maintenance;MAT;Consumables;Grease;cambio de grasa,,,,,,
2025-06-18;REA;Actuadores;3140CA027;23:32;23:19;-13;Equipment Fault;Robots;R75;Gripper/tool adjustments;no abre gripper,,,,,,
2025-06-18;REA;Actuadores;3140CA027;23:49;23:51;2;Equipment Fault;Conveyors;C36;Presence sensor;no abre piston,,,,,,
2025-06-19;REA;Actuadores;3140CA027;00:14;00:16;2;Quality;USW;General;Scrapbox full;scrap,,,,,,
2025-06-19;REA;Actuadores;3140CA027;00:21;00:23;2;Maintenance;620;620;Presence sensor;piston quedo abajo,,,,,,
2025-06-19;REA;Actuadores;3140CA027;00:45;00:47;2;Maintenance;CHW;St4;Pressor;limpieza de pines,,,,,,
2025-06-19;REA;Actuadores;3140CA027;00:49;00:50;1;Maintenance;Robots;R75;Gripper/tool adjustments;pone chueco gear,,,,,,
2025-06-19;REA;Actuadores;3140CA027;01:04;01:08;4;Quality;CHW;General;Scrapbox full;scrap full,,,,,,
2025-06-19;REA;Actuadores;3140CA027;01:27;01:29;2;Maintenance;Robots;R70;Gripper/tool adjustments;se cae gear,,,,,,
2025-06-19;REA;Actuadores;3140CA027;02:15;02:18;3;Quality;MAT;General;Scrapbox full;scrAP FULL,,,,,,
2025-06-19;REA;Actuadores;3140CA027;02:36;02:39;3;Maintenance;Conveyors;C36;Presence sensor;NO ABRE PISTON,,,,,,
2025-06-19;REA;Actuadores;3140CA027;02:49;02:51;2;Maintenance;Robots;R75;Gripper/tool adjustments;no abre gripper,,,,,,
2025-06-19;REA;Actuadores;3140CA027;03:00;03:06;6;Maintenance;CHW;St4;Pressor;cambio de pines,,,,,,
2025-06-19;REA;Actuadores;3140CA027;03:17;03:19;2;Maintenance;731;731;Presence sensor;pin chueco,,,,,,
2025-06-19;REA;Actuadores;3140CA027;03:23;03:24;1;Maintenance;750;750;Feed piston;piston atorado en pieza,,,,,,
2025-06-19;REA;Actuadores;3140CA027;03:29;03:30;1;Maintenance;731;731;Presence sensor;pin chueco,,,,,,
2025-06-19;REA;Actuadores;3140CA027;03:35;03:37;2;Maintenance;CHW;St2;Vacuum system;vacuum,,,,,,
2025-06-19;REA;Actuadores;3140CA027;03:45;03:47;2;Maintenance;620;620;Feed piston;piston se queda atorado en pieza,,,,,,
2025-06-19;REA;Actuadores;3140CA027;03:58;04:00;2;Equipment Fault;Robots;R75;Gripper/tool adjustments;no abre gripper,,,,,,
2025-06-19;REA;Actuadores;3140CA027;04:10;04:13;3;Maintenance;750;750;Feed piston;piston atorado,,,,,,
2025-06-19;REA;Actuadores;3140CA027;04:21;04:22;1;Quality;CHW;General;Scrapbox full;scrap full,,,,,,
2025-06-19;REA;Actuadores;3140CA027;04:27;04:30;3;Maintenance;CAW;Consumables;Nitrogen;cambio de tambo de nitro,,,,,,
2025-06-19;REA;Actuadores;3140CA027;04:49;04:51;2;Maintenance;731;731;Presence sensor;pin chueco,,,,,,
2025-06-19;REA;Actuadores;3140CA027;05:08;05:10;2;Quality;EOL;General;Scrapbox full;scrap full,,,,,,
2025-06-19;REA;Actuadores;3140CA027;05:17;05:19;2;Equipment Fault;Robots;R70;Vacuum system;tira gear y no responde,,,,,,
2025-06-19;REA;Actuadores;3140CA027;05:25;05:26;1;Equipment Fault;Conveyors;C36;Presence sensor;piston no abre,,,,,,
2025-06-19;REA;Actuadores;3140CA027;05:39;05:44;5;Maintenance;CHW;St3;Gefran module;ajuste,,,,,,
2025-06-19;REA;Actuadores;3140CA027;06:04;06:14;10;Equipment Fault;MSA;MSA;Sensor de presencia;no responde robot se queda esperando,,,,,,
2025-06-19;REA;Actuadores;3140CA027;07:00;07:12;12;Maintenance;REA;General;Checklist;Checklist,,,,,,
2025-06-19;REA;Actuadores;3140CA027;07:14;07:25;11;Quality;CHW;St5;Vision system;Revision y ajuste SV, Orlando,,,,,
2025-06-19;REA;Actuadores;3140CA027;07:28;07:32;4;Quality;USW;General;Scrapbox full;Vaciar scrap, y otras estaciones de turnos anteriores,,,,,
2025-06-19;REA;Actuadores;3140CA027;09:47;09:49;2;Equipment Fault;USW;St14;Lower Jig;Se hace limpieza de jig de leak test por scrap consecutivo,,,,,,
2025-06-19;REA;Actuadores;3140CA027;12:12;12:18;6;Maintenance;CHW;Consumables;Chip reel;Cambio de chip,,,,,,
2025-06-19;REA;Actuadores;3140CA027;11:51;11:55;4;Quality;MAT;General;Scrapbox full;Scrap box full,,,,,,
2025-06-19;REA;Actuadores;3140CA027;15:00;15:15;15;Quality;MAT;General;Scrapbox full;En espera de vaciado, equipo calidad informa hay menos personal,,,,,
2025-06-19;REA;Actuadores;3140CA027;15:55;16:05;10;Equipment Fault;Aux;805;Actuator NOK;cilindro que voltea gear fuera de posición, se ajusta tope mecánico,,,,,
2025-06-19;REA;Actuadores;3140CA027;16:45;16:48;3;Equipment Fault;Main conveyor;Main conveyor;Lift;Pallet no se desliza sobre lift, dos pallets se empalman,,,,,
2025-06-19;REA;Actuadores;3140CA027;17:45;17:50;5;Equipment Fault;730;730;Bowl/Lineal feeder;falla sensor de pin en vibrofeeder,,,,,,
2025-06-19;REA;Actuadores;3140CA027;18:37;18:40;3;Equipment Fault;Main conveyor;Main conveyor;Lift;se empalman pallets,,,,,,
2025-06-19;REA;Actuadores;3140CA027;18:57;19:05;8;Equipment Fault;MSA;MSA;Sensor de presencia;Falla al detectar magnet shaft 2 veces,,,,,,
2025-06-19;REA;Actuadores;3140CA027;19:28;19:59;31;Equipment Fault;Aux;805;Actuator NOK;colision, 2 veces, se ajusta el tope mecanico del actuador que voltea gear 3,,,,
2025-06-19;REA;Actuadores;3140CA027;22:25;22:30;5;Quality;CHW;General;Scrapbox full;esperando vaciado,,,,,,
2025-06-20;REA;Actuadores;3140CA027;14:03;14:10;7;Equipment Fault;Robots;R75;Motion supervision/Joint collision;Robot no abria correctamente el gripper despues de ensamblar robot,,,,,,
2025-06-20;REA;Actuadores;3140CA027;14:15;14:20;5;Equipment Fault;Robots;R75;Motion supervision/Joint collision;Se cambia cinta doble cara a robot por falla constante al abrir gripper despues de ensamblar body y cover,,,,,,
2025-06-20;REA;Actuadores;3140CA027;14:43;14:47;4;Equipment Fault;Main conveyor;Main conveyor;Lift;Lift baja doble pallet y se atora en conveyor,,,,,,
2025-06-20;REA;Actuadores;3140CA027;14:46;14:49;3;Equipment Fault;Robots;R70;Vacuum system;Se hace cambio de ventosas,,,,,,
2025-06-20;REA;Actuadores;3140CA027;14:54;14:56;2;Quality;USW;General;NOK material;Actuador bloqueado por bushing salido en branson,,,,,,
2025-06-20;REA;Actuadores;3140CA029;15:32;15:37;5;Equipment Fault;Main conveyor;General;TBD;Pallet 111 atorado repetidas veces veces,,,,,,
2025-06-20;REA;Actuadores;3140CA029;15:24;15:28;4;Equipment Fault;Main conveyor;Main conveyor;Lift;Pallets no se deslizan correctamente, se enciman, se ahoran en conveyor,,,,
2025-06-20;REA;Actuadores;3140CA029;15:02;15:05;3;Maintenance;MAT;Consumables;Grease;Se acaba grasa,,,,,,
2025-06-20;REA;Actuadores;3140CA029;16:00;16:03;3;Equipment Fault;Robots;R75;Motion supervision/Joint collision;cambio de cinta en gripper,,,,,,
2025-06-20;REA;Actuadores;3140CA029;19:17;19:20;3;Maintenance;CHW;Consumables;Chip reel;cambio de chip,,,,,,
2025-06-20;REA;Actuadores;3140CA029;19:56;19:58;2;Equipment Fault;620;620;Alphamatic Module;se quedo en posicion de pick,,,,,,
2025-06-20;REA;Actuadores;3140CA029;22:41;22:45;4;Equipment Fault;620;620;Feed piston;no baja piston,,,,,,
2025-06-20;REA;Actuadores;3140CA029;23:31;23:33;2;Equipment Fault;Conveyors;C36;Presence sensor;piston no abre,,,,,,
2025-06-20;REA;Actuadores;3140CA029;23:39;23:40;1;Equipment Fault;Conveyors;C36;Presence sensor;piston no abre,,,,,,
2025-06-20;REA;Actuadores;3140CA029;23:48;23:50;2;Maintenance;731;731;Presence sensor;pin chueco,,,,,,
2025-06-21;REA;Actuadores;3140CA029;00:27;00:29;2;Maintenance;USW;St14;Lower Jig;limpieza,,,,,,
2025-06-21;REA;Actuadores;3140CA029;00:30;00:33;3;Equipment Fault;CAW;CPA;Vision system;falla se queda en espera,,,,,,
2025-06-21;REA;Actuadores;3140CA029;01:04;01:07;3;Maintenance;731;731;Feed piston;piston atorado,,,,,,
2025-06-21;REA;Actuadores;3140CA029;01:10;01:13;3;Maintenance;USW;St11;Branson;se queda atorada pieza en sonotrodo,,,,,,
2025-06-21;REA;Actuadores;3140CA029;01:17;01:19;2;Maintenance;CHW;St1;DM reader;robot no deja pieza,,,,,,
2025-06-21;REA;Actuadores;3140CA029;01:36;01:40;4;Maintenance;EOL;General;Scheduled maintenance;limpieza de cortina,,,,,,
2025-06-21;REA;Actuadores;3140CA029;01:57;02:00;3;Maintenance;MAT;St3;Feeder;tornillo atorado,,,,,,
2025-06-21;REA;Actuadores;3140CA029;02:09;02:11;2;Equipment Fault;Robots;R65;Vacuum system;no agarra gear,,,,,,
2025-06-21;REA;Actuadores;3140CA029;02:22;02:24;2;Equipment Fault;Robots;R75;Gripper/tool adjustments;no abre gripper,,,,,,
2025-06-21;REA;Actuadores;3140CA029;02:47;02:50;3;Maintenance;Robots;R65;Vacuum system;se cae gear,,,,,,
2025-06-21;REA;Actuadores;3140CA029;03:12;03:14;2;Equipment Fault;Conveyors;C85;Presence sensor;no abre piston y bliser se atora,,,,,,
2025-06-21;REA;Actuadores;3140CA029;03:31;03:33;2;Equipment Fault;Robots;R70;Vacuum system;tira gear,,,,,,
2025-06-21;REA;Actuadores;3140CA029;03:48;03:50;2;Maintenance;731;731;Presence sensor;pin chueco,,,,,,
2025-06-21;REA;Actuadores;3140CA029;04:07;04:09;2;Equipment Fault;750;750;Feed piston;no sube piston,,,,,,
2025-06-21;REA;Actuadores;3140CA029;04:28;04:30;2;Equipment Fault;Conveyors;C85;Presence sensor;blister se queda atorado,,,,,,
2025-06-21;REA;Actuadores;3140CA029;04:46;04:49;3;Maintenance;CAW;CPA;Feeder;cranck al reves,,,,,,
2025-06-21;REA;Actuadores;3140CA029;05:14;05:16;2;Maintenance;MAT;St3;Feeder;tornillo atorado,,,,,,
2025-06-21;REA;Actuadores;3140CA029;05:27;05:30;3;Equipment Fault;Robots;R65;Vacuum system;no agarra gear,,,,,,
2025-06-20;REA;Actuadores;3140CA029;07:00;10:02;182;Quality;REA;General;Change Over;Esperando liberacion, corrida de masters, revision de parametros,,,,
2025-06-20;REA;Actuadores;3140CA029;10:02;13:04;182;Production;REA;General;Scheduled production stop;Esperando que produccion retire del area el material de Stellantis. Se encuentran reempaquetando,,,,,,
2025-06-21;REA;Actuadores;3140CA029;07:58;08:00;2;Quality;USW;General;NOK material;Pieza mal colocada en jiog de branson tras atascarse y soltarse de sonotrodo por bushing NOK causa colision,,,,,,
2025-06-21;REA;Actuadores;3140CA029;07:49;07:52;3;Quality;CAW;General;NOK material;Bushing NOK causa falla en REA gripper,,,,,,
2025-06-21;REA;Actuadores;3140CA029;07:32;07:35;3;Equipment Fault;CAW;CPA;Feeder;Inverted crank,,,,,,
2025-06-21;REA;Actuadores;3140CA029;07:19;07:20;1;Quality;USW;General;NOK material;Pieza bushing nok atascada en sonotrodo,,,,,,
2025-06-21;REA;Actuadores;3140CA029;09:05;09:10;5;Equipment Fault;Robots;R70;Vacuum system;Falla constantemente el vacuum, fuga de aire en ftting,,,,,
2025-06-21;REA;Actuadores;3140CA029;09:25;09:42;17;Equipment Fault;USW;St11;Weld NOK;Scrap se dispara, revision, cambio de goma y base de jig branson, ajuste sonotrodo colapso de 1 a 0.95,,,
2025-06-21;REA;Actuadores;3140CA029;10:43;10:55;12;Equipment Fault;CAW;LWS;NOK Condition;Calidad reporta que las piezas del SOP tienen gap y profundidad efectiva nok, revision ajuste y se entregan nuevas muestras,,,,,
2025-06-21;REA;Actuadores;3140CA029;10:30;10:33;3;Quality;CAW;General;NOK material;Bushing salido se atasca al entrar a jig, provoca que el robot lo deje mal y falla la secuencia,,,,,
2025-06-21;REA;Actuadores;3140CA029;11:02;11:03;1;Maintenance;MAT;Consumables;Grease;Cambio de grasa,,,,,,
2025-06-21;REA;Actuadores;3140CA029;13:32;13:34;2;Equipment Fault;USW;St14;Lower Jig;Se limpia jig por rebaba acumulada,,,,,,
2025-06-21;REA;Actuadores;3140CA029;13:49;13:55;6;Maintenance;CHW;Consumables;Chip reel;Cambio de chip,,,,,,
2025-06-21;REA;Actuadores;3140CA029;11:52;12:04;12;Equipment Fault;CAW;LWS;NOK Condition;Gap, profundidad efectiva NOK,,,,,
2025-06-21;REA;Actuadores;3140CA029;13:55;13:58;3;Equipment Fault;USW;St14;Lower Jig;Cambio de goma por scrap consecutivo,,,,,,
2025-06-21;REA;Actuadores;3140CA029;12:09;12:45;36;Quality;REA;General;Test approval;Revision soldadura CRANK CAW,,,,,,
2025-06-21;REA;Actuadores;3140CA029;14:18;14:23;5;Equipment Fault;CAW;CPA;Feeder;Crank volteado, se restablece caw,,,,,
2025-06-21;REA;Actuadores;3140CA029;14:47;14:49;2;Quality;Robots;R80;Gripper/tool adjustments;Robot colisiona en jig por bushin salido,,,,,,
2025-06-21;REA;Actuadores;3140CA029;14:42;14:46;4;Equipment Fault;CAW;CPA;Feeder;Crank se atorado en vibrador y sale crank invertido,,,,,,
2025-06-21;REA;Actuadores;3140CA029;15:50;15:55;5;Maintenance;REA;General;Checklist;NA,,,,,,
2025-06-21;REA;Actuadores;3140CA029;16:39;16:43;4;Equipment Fault;EOL;St4;CRIO NOK;reinicio de crio,,,,,,
2025-06-21;REA;Actuadores;3140CA029;16:49;16:52;3;Equipment Fault;Robots;R80;Gripper/tool adjustments;ajustar posicion de sensor,,,,,,
2025-06-21;REA;Actuadores;3140CA029;16:30;16:35;5;Equipment Fault;EOL;St2;CRIO NOK;Reiniciar fuente y app,,,,,,
2025-06-21;REA;Actuadores;3140CA029;17:44;17:46;2;Equipment Fault;Robots;R70;Vacuum system;pierde gear, reponer en estacion,,,,,
2025-06-21;REA;Actuadores;3140CA029;18:10;18:28;18;Equipment Fault;MSA;MSA;Driver;Falla repetidas veces, se limpia guia,,,,,
2025-06-21;REA;Actuadores;3140CA029;19:30;19:34;4;Equipment Fault;EOL;St4;CRIO NOK;reinicio de crio,,,,,,
2025-06-21;REA;Actuadores;3140CA029;19:33;19:35;2;Equipment Fault;CAW;Jig/Index;Ingun actuator;se atora al entrar en actuador, buje de fuera,,,,,
2025-06-21;REA;Actuadores;3140CA029;20:04;20:06;2;Equipment Fault;CAW;Jig/Index;Ingun actuator;se atora al entrar en actuador, buje de fuera,,,,,
2025-06-21;REA;Actuadores;3140CA029;21:30;21:35;5;Maintenance;Main conveyor;General;Checklist;Checklist,,,,,,
2025-06-21;REA;Actuadores;3140CA029;22:01;22:03;2;Equipment Fault;Robots;R75;Motion supervision/Joint collision;se atora gripper al ensamblar, 2 veces,,,,,
2025-06-21;REA;Actuadores;3140CA029;22:25;22:30;5;Production;REA;General;Scheduled production stop;Paro por fin de semana,,,,,,
2025-06-23;REA;Actuadores;3140CA029;08:25;09:07;42;Quality;CAW;LWS;NOK Condition;Liberacion despues de profundidad efectiva NOK,,,,,,
2025-06-23;REA;Actuadores;3140CA029;08:05;08:25;20;Equipment Fault;CAW;LWS;NOK Condition;Centrado NOK, según imágenes de calidad, se centra, se cambia lente de manera preventiva,,,
2025-06-23;REA;Actuadores;3140CA029;07:00;08:05;65;Quality;REA;General;SOP;Liberacion despues de fin de semana,,,,,,
2025-06-23;REA;Actuadores;3140CA029;10:23;10:24;1;Production;Aux;710;NOK material;motor de blister en otra posicion,,,,,,
2025-06-23;REA;Actuadores;3140CA029;14:14;14:15;1;Equipment Fault;730;730;Feed piston;pin inclinado,,,,,,
2025-06-23;REA;Actuadores;3140CA029;14:16;14:17;1;Equipment Fault;750;750;Alphamatic Module;se quedo en posicion de pick,,,,,,
2025-06-23;REA;Actuadores;3140CA029;14:45;14:48;3;Equipment Fault;CHW;St2;SCARA Pick/Place;Scraps,  falla multiples veces, se activa receta ford,,,,
2025-06-23;REA;Actuadores;3140CA029;12:30;12:49;19;Equipment Fault;CAW;General;TBD;Colision de pressor con limpiapipas, pressor cleaner, se quito y repuso,,,,
2025-06-23;REA;Actuadores;3140CA029;15:27;15:29;2;Quality;CHW;General;Scrapbox full;scrapbox full,,,,,,
2025-06-23;REA;Actuadores;3140CA029;15:40;15:46;6;Maintenance;REA;General;Checklist;checklist,,,,,,
2025-06-23;REA;Actuadores;3140CA029;16:24;16:26;2;Equipment Fault;Robots;R75;Motion supervision/Joint collision;falla gripper,,,,,,
2025-06-23;REA;Actuadores;3140CA029;16:38;16:41;3;Maintenance;CHW;Consumables;Argon;cambio tambo argon,,,,,,
2025-06-23;REA;Actuadores;3140CA029;16:41;16:43;2;Equipment Fault;Robots;R75;Motion supervision/Joint collision;falla,,,,,,
2025-06-23;REA;Actuadores;3140CA029;16:49;16:53;4;Maintenance;CHW;Consumables;Chip reel;cambio de carrete de chip,,,,,,
2025-06-23;REA;Actuadores;3140CA029;16:53;16:55;2;Equipment Fault;Robots;R75;Motion supervision/Joint collision;falla r75,,,,,,
2025-06-23;REA;Actuadores;3140CA029;17:06;17:12;6;Production;REA;General;Scheduled production stop;falta de operador,,,,,,
2025-06-23;REA;Actuadores;3140CA029;17:36;17:40;4;Equipment Fault;CAW;CPA;Feeder;crank invertido,,,,,,
2025-06-23;REA;Actuadores;3140CA029;17:51;17:54;3;Equipment Fault;731;731;Presence sensor;se da ciclo manual,,,,,,
2025-06-23;REA;Actuadores;3140CA029;17:59;18:01;2;Equipment Fault;731;731;Presence sensor;pin chueco,,,,,,
2025-06-23;REA;Actuadores;3140CA029;18:13;18:15;2;Equipment Fault;Robots;R65;Motion supervision/Joint collision;no avanza,,,,,,
2025-06-23;REA;Actuadores;3140CA029;18:35;18:37;2;Equipment Fault;Robots;R75;Motion supervision/Joint collision;falla sensor,,,,,,
2025-06-23;REA;Actuadores;3140CA029;19:00;19:17;17;Equipment Fault;USW;St11;Branson;join,,,,,,
2025-06-23;REA;Actuadores;3140CA029;19:23;19:25;2;Equipment Fault;Robots;R75;Motion supervision/Joint collision;falla de R75,,,,,,
2025-06-23;REA;Actuadores;3140CA029;19:26;19:28;2;Maintenance;CHW;St4;Pressor;limpieza st4,,,,,,
2025-06-23;REA;Actuadores;3140CA029;19:28;19:30;2;Equipment Fault;Robots;R75;Motion supervision/Joint collision;falla gripper,,,,,,
2025-06-23;REA;Actuadores;3140CA029;20:08;20:10;2;Quality;731;731;Presence sensor;pin chueco,,,,,,
2025-06-23;REA;Actuadores;3140CA029;20:26;20:30;4;Maintenance;MAT;Consumables;Grease;cambio de grasa,,,,,,
2025-06-23;REA;Actuadores;3140CA029;20:49;20:51;2;Maintenance;MAT;St3;Feeder;tornillo atorado,,,,,,
2025-06-23;REA;Actuadores;3140CA029;21:12;21:14;2;Quality;EOL;General;Scrapbox full;scrap,,,,,,
2025-06-23;REA;Actuadores;3140CA029;21:28;21:30;2;Equipment Fault;Conveyors;C36;Presence sensor;no abre piston,,,,,,
2025-06-23;REA;Actuadores;3140CA029;21:38;21:40;2;Equipment Fault;750;750;Feed piston;se quedo abajo,,,,,,
2025-06-23;REA;Actuadores;3140CA029;22:00;22:05;5;Equipment Fault;Robots;R65;Motion supervision/Joint collision;no deja gear,,,,,,
2025-06-23;REA;Actuadores;3140CA029;01:48;01:51;3;Equipment Fault;Aux;805;Presence sensor;No detectaba sensor,,,,,,
2025-06-24;REA;Actuadores;3140CA029;03:01;03:06;5;Maintenance;CCC;Consumables;Resin;Cambio de resina,,,,,,
2025-06-24;REA;Actuadores;3140CA029;03:06;03:09;3;Equipment Fault;Aux;805;Pneumatic System;vacuum nok,,,,,,
2025-06-24;REA;Actuadores;3140CA029;03:45;03:48;3;Maintenance;CHW;Consumables;Argon;Cambio de argon,,,,,,
2025-06-24;REA;Actuadores;3140CA029;03:40;03:45;5;Quality;USW;General;NOK material;Actuador atorado por bushing salido,,,,,,
2025-06-24;REA;Actuadores;3140CA029;04:18;04:22;4;Equipment Fault;Aux;805;Presence sensor;Se ajusta tope mecanico porque no detectaba sensor correctamente,,,,,,
2025-06-24;REA;Actuadores;3140CA029;05:08;05:13;5;Equipment Fault;CAW;CPA;Feeder;Crank volteado,,,,,,
2025-06-24;REA;Actuadores;3140CA029;06:04;06:09;5;Equipment Fault;CAW;CPA;Feeder;Crank atascado,,,,,,
2025-06-23;REA;Actuadores;3140CA029;22:34;23:41;7;Maintenance;REA;General;Checklist;Checklust,,,,,,
2025-06-23;REA;Actuadores;3140CA029;23:14;23:17;3;Quality;CAW;General;NOK material;Bushing NOK falla REA gripper,,,,,,
2025-06-23;REA;Actuadores;3140CA029;23:39;23:43;4;Equipment Fault;CAW;General;NOK material;Bushing NOK hace que la pieza no pueda entrar y causa colision en R80, se atasca gripper del robot por estar haciendo presion,,,,,
2025-06-24;REA;Actuadores;3140CA029;00:22;00:24;2;Quality;CAW;General;NOK material;Ingun no entra, bushing NOK,,,,,
2025-06-24;REA;Actuadores;3140CA029;07:00;07:06;6;Maintenance;REA;General;Checklist;checklist CAW y CHW,,,,,,
2025-06-24;REA;Actuadores;3140CA029;07:31;07:32;1;Equipment Fault;731;731;Feed piston;pin inclinado,,,,,,
2025-06-24;REA;Actuadores;3140CA029;07:45;07:48;3;Equipment Fault;CAW;CPA;Feeder;crank invertido,,,,,,
2025-06-24;REA;Actuadores;3140CA029;08:30;08:35;5;Equipment Fault;EOL;St4;CRIO NOK;Timeout, reniciar CRIO, fuente y restaurar estacion,,,,
2025-06-24;REA;Actuadores;3140CA029;08:05;08:10;5;Equipment Fault;EOL;Jigs;Ingun actuator;Sensor NOK, herramienta dañada retrasa ajuste, restaurar secuencia,,,,
2025-06-24;REA;Actuadores;3140CA029;01:40;01:43;3;Quality;CAW;General;NOK material;Bushing NOK causa falla,,,,,,
2025-06-24;REA;Actuadores;3140CA029;10:27;10:29;2;Maintenance;CHW;Consumables;Chip reel;cambio de chip,,,,,,
2025-06-24;REA;Actuadores;3140CA029;12:02;12:06;4;Equipment Fault;CAW;General;Software/PC;No continua ciclo, timeout con robot,,,,,
2025-06-24;REA;Actuadores;3140CA029;11:30;11:35;5;Maintenance;REA;General;Checklist;500pcs,,,,,,
2025-06-24;REA;Actuadores;3140CA029;12:31;12:32;1;Equipment Fault;731;731;Feed piston;Pin inclinado,,,,,,
2025-06-24;COVER LINE;Line 1;FORD;14:25;14:30;5;Equipment Fault;ST10 Conveyor;ST35;Conveyor;Prueba,,,,,,
2025-06-24;COVER LINE;Line 1;FORD;12:19;12:23;4;Equipment Fault;Robots;R10;Gripper/tool adjustments;AJUSTE DE POSISIONADOR DE TERMINAL ROSCA DAÑADA,,,,,,
2025-06-24;REA;Actuadores;3140CA029;15:25;15:27;2;Equipment Fault;Robots;R65;Motion supervision/Joint collision;falla,,,,,,
2025-06-24;REA;Actuadores;3140CA029;16:20;16:23;3;Equipment Fault;CAW;CPA;Feeder;crank atorado en feeder,,,,,,
2025-06-24;REA;Actuadores;3140CA029;16:25;16:26;1;Equipment Fault;Robots;R65;Motion supervision/Joint collision;falla el R65,,,,,,
2025-06-24;REA;Actuadores;3140CA029;16:30;16:33;3;Equipment Fault;731;731;Feed piston;PIN DOBLE,,,,,,
2025-06-24;REA;Actuadores;3140CA029;17:13;17:15;2;Equipment Fault;Robots;R75;Motion supervision/Joint collision;falla,,,,,,
2025-06-24;REA;Actuadores;3140CA029;17:40;17:42;2;Equipment Fault;731;731;Presence sensor;no pone pin,,,,,,
2025-06-24;REA;Actuadores;3140CA029;17:53;17:56;3;Production;MAT;St3;Feeder;sin material feeder,,,,,,
2025-06-24;REA;Actuadores;3140CA029;18:12;18:14;2;Equipment Fault;731;731;Presence sensor;pin chueco,,,,,,
2025-06-24;REA;Actuadores;3140CA029;18:22;18:24;2;Maintenance;Main conveyor;Main conveyor;Inductive sensor;se queda sin responder, se le da reset,,,,,
2025-06-24;REA;Actuadores;3140CA029;18:36;18:38;2;Maintenance;CHW;General;Scheduled maintenance;mtto.,,,,,,
2025-06-24;REA;Actuadores;3140CA029;18:39;18:44;5;Maintenance;REA;General;Checklist;checklist,,,,,,
2025-06-24;REA;Actuadores;3140CA029;18:44;18:48;4;Maintenance;CAW;General;Scheduled maintenance;checklist,,,,,,
2025-06-24;REA;Actuadores;3140CA029;18:50;18:52;2;Quality;731;731;Presence sensor;pin chueco,,,,,,
2025-06-24;REA;Actuadores;3140CA029;19:30;19:55;25;Maintenance;Robots;R70;Scheduled maintenance;falla electrica conector suelto,,,,,,
2025-06-24;REA;Actuadores;3140CA029;20:25;20:29;4;Equipment Fault;CAW;CPA;Feeder;crank invertido,,,,,,
2025-06-24;REA;Actuadores;3140CA029;20:40;20:43;3;Maintenance;USW;St11;Branson;pieza atorada por buchin,,,,,,
2025-06-24;REA;Actuadores;3140CA029;21:04;21:07;3;Equipment Fault;CAW;CPA;Vision system;sensor falla ingun,,,,,,
2025-06-24;REA;Actuadores;3140CA029;21:38;21:40;2;Maintenance;MAT;Consumables;Grease;cambio de grasa,,,,,,
2025-06-24;REA;Actuadores;3140CA029;22:30;22:40;10;Maintenance;REA;General;Checklist;Checklist,,,,,,
2025-06-24;REA;Actuadores;3140CA029;22:45;22:50;5;Equipment Fault;CAW;General;Electrical system;Scrap alto REA current NOK en un jig, se reemplaza pogo dañao,,,,,
2025-06-25;REA;Actuadores;3140CA029;00:49;00:53;4;Equipment Fault;EOL;St4;CRIO NOK;CRIO no responde, se reinicia, vuelve a fallar,,,,
2025-06-25;REA;Actuadores;3140CA029;00:56;01:00;4;Equipment Fault;CHW;St4;Pressor;Scrap alto, soldadura nok pin 1,,,,,
2025-06-24;REA;Actuadores;3140CA029;23:14;23:17;3;Quality;USW;General;Scrapbox full;Se pide retirar el scrap del turno pasado, tambien CAW y EOL,,,,,
2025-06-24;REA;Actuadores;3140CA029;23:55;23:57;2;Quality;USW;St14;Lower Jig;Scrap alto, limpieza,,,,,
2025-06-24;REA;Actuadores;3140CA029;23:33;23:45;12;Equipment Fault;Main conveyor;Main conveyor;Lock NOK;Falla al entrar o salir, o tarda mucho (para cuando sale ya no continua secuencia hay que dar refresh en HMI), paros multiples,,,,
2025-06-25;REA;Actuadores;3140CA029;01:02;01:06;4;Equipment Fault;CAW;CPA;Feeder;Crank atascado, timeout vacio,,,,,
2025-06-25;REA;Actuadores;3140CA029;02:35;02:39;4;Equipment Fault;EOL;St4;CRIO NOK;Se reinicia crio,,,,,,
2025-06-25;REA;Actuadores;3140CA029;03:50;03:55;5;Equipment Fault;CAW;CPA;Feeder;Crank atorado en feeder,,,,,,
2025-06-25;REA;Actuadores;3140CA029;04:42;04:50;8;Equipment Fault;MAT;St6;Dispensation system;Marcaba alarma de driver al dispensar, se reinicia switch de profinet,,,,,
2025-06-25;REA;Actuadores;3140CA029;04:50;06:20;90;Equipment Fault;MAT;General;PLC ;MAT en running con linea en stop, sin poder forzar stop, sin poder colocar auto en hmi Q1-2, comportamiento erratico, andon en rojo sin alarmas en hmi. Señales de robot dentro de linea enclavadas,,
2025-06-25;REA;Actuadores;3140CA029;06:55;06:59;4;Equipment Fault;EOL;St4;CRIO NOK;Reinicio de crio,,,,,,
2025-06-25;REA;Actuadores;3140CA029;07:02;07:22;20;Equipment Fault;REA;General;Checklist;checklist CAW Y CHW,,,,,,
2025-06-25;REA;Actuadores;3140CA029;07:23;07:25;2;Equipment Fault;Robots;R70;Vacuum system;cambio de ventosas,,,,,,
2025-06-25;REA;Actuadores;3140CA029;08:00;08:20;20;Maintenance;REA;General;TBD;Tiempo solicitado para revision de proyecto pressor CHW,,,,,,
2025-06-25;REA;Actuadores;3140CA029;08:30;08:37;7;Equipment Fault;CAW;General;Software/PC;PC trabada tras back up (se repite),,,,,,
2025-06-25;REA;Actuadores;3140CA029;09:44;09:45;1;Equipment Fault;731;731;Bowl/Lineal feeder;pin inclinado,,,,,,
2025-06-25;REA;Actuadores;3140CA029;09:46;09:47;1;Quality;Robots;R75;Gripper/tool adjustments;no abrio gripper,,,,,,
2025-06-25;REA;Actuadores;3140CA029;09:57;09:58;1;Equipment Fault;USW;St11;Weld NOK;bushing de fuera,,,,,,
2025-06-25;REA;Actuadores;3140CA029;10:02;10:05;3;Equipment Fault;CAW;CPA;Feeder;Crank invertido,,,,,,
2025-06-25;REA;Actuadores;3140CA029;10:22;10:25;3;Equipment Fault;Robots;R75;Gripper/tool adjustments;cambio de cinta a gripper,,,,,,
2025-06-25;REA;Actuadores;3140CA029;14:00;14:48;48;Equipment Fault;USW;St11;Weld NOK;Scraps continuos, mantenimiento en jig branson y en st.14 leak test,,,,,
2025-06-25;REA;Actuadores;3140CA029;15:05;15:07;2;Maintenance;Main conveyor;Main conveyor;RFID Reader;Pallet no avanza en zona de st.620,,,,,,
2025-06-25;REA;Actuadores;3140CA029;15:10;15:15;5;Maintenance;CCC;Consumables;Resin;Cambio de resina,,,,,,
2025-06-25;REA;Actuadores;3140CA029;15:29;15:34;5;Maintenance;REA;General;Checklist;Checklist,,,,,,
2025-06-25;REA;Actuadores;3140CA029;15:36;15:38;2;Maintenance;Main conveyor;Main conveyor;RFID Reader;Pallet no avanza en zona de st.620,,,,,,
2025-06-25;REA;Actuadores;3140CA029;15:44;15:47;3;Equipment Fault;Robots;R65;Motion supervision/Joint collision;Se alarma al poner gear en st aux,,,,,,
2025-06-25;REA;Actuadores;3140CA029;16:42;16:44;2;Equipment Fault;Robots;R65;Motion supervision/Joint collision;Se alarma al poner gear en st aux,,,,,,
2025-06-25;REA;Actuadores;3140CA029;16:50;16:55;5;Maintenance;CAW;Jig/Index;Ingun actuator;No cierra correctamente cilindro de ingun en jig 3,,,,,,
2025-06-25;REA;Actuadores;3140CA029;18:24;18:28;4;Maintenance;CAW;LSW;Pressor;Pressor se queda abajo detenido,,,,,,
2025-06-25;REA;Actuadores;3140CA029;18:36;18:39;3;Maintenance;CAW;Jig/Index;Ingun actuator;No cierra correctamente cilindro de ingun en jig 3,,,,,,
2025-06-25;REA;Actuadores;3140CA029;18:42;18:44;2;Equipment Fault;Robots;R65;Motion supervision/Joint collision;Se alarma al intentar poner gear en st aux,,,,,,
2025-06-25;REA;Actuadores;3140CA029;19:11;19:21;10;Maintenance;REA;General;Checklist;Checklist 500pz,,,,,,
2025-06-25;REA;Actuadores;3140CA029;19:50;19:56;6;Equipment Fault;Robots;R40;Motion supervision/Joint collision;Se alarma al poner gear en st aux,,,,,,
2025-06-25;REA;Actuadores;3140CA029;20:09;20:12;3;Equipment Fault;Robots;R65;Motion supervision/Joint collision;Se alarma al poner gear en st aux,,,,,,
2025-06-25;REA;Actuadores;3140CA029;20:25;20:35;10;Maintenance;MAT;Consumables;Grease;Se termina grasa,,,,,,
2025-06-25;REA;Actuadores;3140CA029;21:34;21:40;6;Equipment Fault;CAW;CPA;Feeder;Se atora crank en feeder,,,,,,
2025-06-25;REA;Actuadores;3140CA029;21:46;21:50;4;Equipment Fault;Main conveyor;Main conveyor;RFID Reader;NO detecta pallet en st 620,,,,,,
2025-06-25;REA;Actuadores;3140CA029;21:57;22:00;3;Equipment Fault;Main conveyor;Main conveyor;Lock NOK;Locking NOK en st 620,,,,,,
2025-06-25;REA;Actuadores;3140CA029;20:42;20:47;5;Equipment Fault;CAW;CPA;SCARA;Crank invertido,,,,,,
2025-06-25;REA;Actuadores;3140CA029;21:03;21:07;4;Equipment Fault;CAW;CPA;Feeder;Crank atorado en feeder,,,,,,
2025-06-25;REA;Actuadores;3140CA029;22:17;22:19;2;Equipment Fault;Main conveyor;Main conveyor;RFID Reader;No avanza pallet en st 731,,,,,,
2025-06-25;REA;Actuadores;3140CA029;19:56;19:58;2;Maintenance;CHW;Consumables;Argon;Cambio tanque Argon,,,,,,
2025-06-25;REA;Actuadores;3140CA029;22:30;22:38;8;Maintenance;REA;General;Checklist;Checklist,,,,,,
2025-06-25;REA;Actuadores;3140CA029;23:38;23:46;8;Material/Logistics;CHW;General;TBD;Sin chip reel en area,,,,,,
2025-06-25;REA;Actuadores;3140CA029;23:46;23:59;13;Maintenance;CHW;Consumables;Chip reel;Cambi chip reel,,,,,,
2025-06-26;REA;Actuadores;3140CA029;05:25;05:28;3;Equipment Fault;EOL;St4;CRIO NOK;Reinicio crio,,,,,,
2025-06-26;REA;Actuadores;3140CA029;05:14;05:18;4;Equipment Fault;CAW;CPA;Feeder;Crank atascado, feeder vacio,,,,,
2025-06-26;REA;Actuadores;3140CA029;01:07;01:09;2;Quality;USW;General;NOK material;Bushing NOK, atascado en sonotrodo,,,,,
2025-06-26;REA;Actuadores;3140CA029;01:19;01:22;3;Quality;CAW;General;NOK material;Bushing NOK,,,,,,
2025-06-26;REA;Actuadores;3140CA029;06:09;06:11;2;Equipment Fault;Robots;R65;Gripper/tool adjustments;vacuum off,,,,,,
2025-06-26;COVER LINE;Line 2;FORD;08:37;08:39;2;Equipment Fault;ST30 Molding;Camera;;terminal mal insertada en core 3A,,,,,,
2025-06-26;COVER LINE;Line 2;FORD;08:42;08:46;4;Production;Lip seal;ST74;Presence sensor;lip seal invertido,,,,,,
2025-06-26;COVER LINE;Line 2;FORD;09:20;09:40;26;Maintenance;ST30 Molding;Mold;Cavities;punto de inyección tapado,,,,,,
2025-06-26;COVER LINE;Line 1;FORD;09:03;09:20;17;Equipment Fault;ST10 Conveyor;ST40;Actuator;falla de cilindro,,,,,,
2025-06-26;COVER LINE;Line 2;FORD;09:51;09:59;8;Production;Terminal caps;General;Scrapbox full;mal inserción en core,,,,,,
2025-06-26;COVER LINE;Line 2;FORD;10:06;10:17;11;Production;ST30 Molding;General;TBD;TERMINAL DOBLADA C3,,,,,,
2025-06-26;COVER LINE;Line 2;FORD;10:28;10:36;8;Production;ST30 Molding;General;TBD;TERMINAL DOBLADA C3,,,,,,
2025-06-26;COVER LINE;Line 2;FORD;10:49;11:04;15;Production;ST30 Molding;General;TBD;TERMINAL DOBLADA C3,,,,,,
2025-06-26;COVER LINE;Line 2;FORD;11:05;12:53;108;Maintenance;Terminal caps;General;TBD; paro de línea problemas de inserción de terminal en cavidad 3A y 3B (soporte ocupado),,,,,,
2025-06-26;COVER LINE;Line 2;FORD;12:53;13:08;15;Maintenance;OMT;General;TBD;FALLO DE ENCODE DE MESA,,,,,,
2025-06-26;REA;Actuadores;3140CA029;07:00;13:30;390;Equipment Fault;CAW;General;Electrical system;Emergencia activada, no se puede restaurar, verificacion de señales, Modulo de sensores jigs desconectado dentro de CAW, se requirio destapar,,
2025-06-26;REA;Actuadores;3140CA029;13:30;13:50;20;Production;REA;General;SOP;Liberación por mantenimiento en CAW, despues de paro grande,,,,,
2025-06-26;REA;Actuadores;3140CA029;13:50;15:00;70;Quality;REA;General;SOP;En espera de liberacion despues de gran paro de CAW,,,,,,
2025-06-26;REA;Actuadores;3140CA029;15:00;17:00;120;Quality;REA;General;SOP;liberacion,,,,,,
2025-06-26;REA;Actuadores;3140CA029;17:27;17:29;2;Equipment Fault;731;731;Presence sensor;pin chueco,,,,,,
2025-06-26;REA;Actuadores;3140CA029;17:42;17:47;5;Equipment Fault;620;620;Feed piston;pick choca con guia,,,,,,
2025-06-26;REA;Actuadores;3140CA029;18:26;18:28;2;Equipment Fault;Robots;R65;Motion supervision/Joint collision;motion sup.,,,,,,
2025-06-26;REA;Actuadores;3140CA029;19:15;19:17;2;Equipment Fault;Main conveyor;Main conveyor;Lock NOK;locking nok  st 750,,,,,,
2025-06-26;REA;Actuadores;3140CA029;19:38;19:40;2;Equipment Fault;Main conveyor;Main conveyor;Lock NOK;locking nok st 620,,,,,,
2025-06-26;REA;Actuadores;3140CA029;20:00;20:05;5;Maintenance;REA;General;Change Over;compresor alarmado,,,,,,
2025-06-26;REA;Actuadores;3140CA029;20:25;20:27;2;Equipment Fault;620;620;Feed piston;no baja actuador,,,,,,
2025-06-26;REA;Actuadores;3140CA029;22:30;22:41;11;Maintenance;REA;General;Checklist;Checklist,,,,,,
2025-06-26;REA;Actuadores;3140CA029;23:08;23:12;4;Equipment Fault;CAW;CPA;Feeder;Crank atorado en feeder,,,,,,
2025-06-26;REA;Actuadores;3140CA029;23:14;23:16;2;Equipment Fault;Robots;R70;Vacuum system;Se hace cambio de ventosas,,,,,,
2025-06-27;REA;Actuadores;3140CA029;07:00;10:45;225;Quality;REA;General;Change Over;Liberacion,,,,,,
2025-06-27;REA;Actuadores;3140CA029;10:45;13:15;150;Equipment Fault;USW;St11;Weld NOK;Ajustar parametros sonotrodo, mantenimiento y pruebas,,,,,
2025-06-27;REA;Actuadores;3140CA029;15:00;15:10;10;Maintenance;REA;General;Checklist;checklist,,,,,,
2025-06-27;REA;Actuadores;3140CA029;15:30;15:32;2;Equipment Fault;Robots;R70;Vacuum system;vacuum off,,,,,,
2025-06-27;REA;Actuadores;3140CA029;15:40;15:42;2;Production;Conveyors;C36;Presence sensor;motor invertido,,,,,,
2025-06-27;REA;Actuadores;3140CA029;15:54;15:59;5;Maintenance;CHW;St4;Pressor;cambio de pintas,,,,,,
2025-06-27;REA;Actuadores;3140CA029;16:00;16:03;3;Equipment Fault;EOL;St4;Gripper NOK;falla St4,,,,,,
2025-06-27;REA;Actuadores;3140CA029;16:07;16:11;4;Maintenance;MAT;Consumables;Grease;se termina grasa,,,,,,
2025-06-27;REA;Actuadores;3140CA029;16:15;16:17;2;Maintenance;CAW;CPA;Feeder;crank invertido,,,,,,
2025-06-27;REA;Actuadores;3140CA029;16:17;16:19;2;Equipment Fault;Robots;R80;Gripper/tool adjustments;gripper no abre,,,,,,
2025-06-27;REA;Actuadores;3140CA029;16:20;16:22;2;Equipment Fault;Main conveyor;Main conveyor;RFID Reader;nok st750,,,,,,
2025-06-27;REA;Actuadores;3140CA029;16:27;16:31;4;Maintenance;CHW;Consumables;Chip reel;cambio de chip,,,,,,
2025-06-27;REA;Actuadores;3140CA029;16:45;16:47;2;Equipment Fault;Main conveyor;Main conveyor;Lock NOK;locking nok,,,,,,
2025-06-27;REA;Actuadores;3140CA029;16:48;16:51;3;Maintenance;731;731;Presence sensor;pin chueco,,,,,,
2025-06-27;REA;Actuadores;3140CA029;16:55;17:00;5;Equipment Fault;620;620;Bowl/Lineal feeder;alrama exced fore,,,,,,
2025-06-27;REA;Actuadores;3140CA029;17:09;17:15;6;Quality;EOL;General;Scrapbox full;scrap full,,,,,,
2025-06-27;REA;Actuadores;3140CA029;17:15;17:17;2;Maintenance;Conveyors;C37;Presence sensor;blister atorado,,,,,,
2025-06-27;REA;Actuadores;3140CA029;17:24;17:26;2;Quality;Robots;R75;Gripper/tool adjustments;no cierra gripper,,,,,,
2025-06-27;REA;Actuadores;3140CA029;18:04;18:07;3;Equipment Fault;Conveyors;C37;Presence sensor;falla sensor no avanza blister,,,,,,
2025-06-27;REA;Actuadores;3140CA029;18:07;18:19;12;Maintenance;CHW;General;Scheduled maintenance;ajuste sv alto scrap,,,,,,
2025-06-27;REA;Actuadores;3140CA029;18:42;18:44;2;Maintenance;USW;St14;Lower Jig;limpieza,,,,,,
2025-06-27;REA;Actuadores;3140CA029;18:48;18:52;4;Maintenance;USW;St14;Lower Jig;cambio de goma,,,,,,
2025-06-27;REA;Actuadores;3140CA029;18:57;19:00;3;Maintenance;USW;St11;Jig;cambio de cinta,,,,,,
2025-06-27;REA;Actuadores;3140CA029;19:17;19:20;3;Maintenance;USW;St11;Jig;cambio de cinta,,,,,,
2025-06-27;REA;Actuadores;3140CA029;19:21;19:23;2;Maintenance;731;731;Presence sensor;pin chueco,,,,,,
2025-06-27;REA;Actuadores;3140CA029;19:28;19:30;2;Equipment Fault;Robots;R75;Gripper/tool adjustments;gripper no abre,,,,,,
2025-06-27;REA;Actuadores;3140CA029;19:28;19:30;2;Equipment Fault;Robots;R70;Vacuum system;vacuum off,,,,,,
2025-06-27;REA;Actuadores;3140CA029;19:33;19:35;2;Maintenance;731;731;Presence sensor;pin chueco,,,,,,
2025-06-27;REA;Actuadores;3140CA029;20:45;20:48;3;Maintenance;USW;St14;Lower Jig;limpieza,,,,,,
2025-06-27;REA;Actuadores;3140CA029;20:56;21:00;4;Maintenance;CHW;St4;Pressor;limpieza pines,,,,,,
2025-06-27;REA;Actuadores;3140CA029;21:20;21:23;3;Equipment Fault;EOL;General;Pneumatic System;mesa mal posicionada,,,,,,
2025-06-27;REA;Actuadores;3140CA029;21:29;21:30;1;Quality;EOL;General;Scrapbox full;scrap st1 ptc error,,,,,,
2025-06-27;REA;Actuadores;3140CA029;21:36;21:40;4;Maintenance;CAW;Jig/Index;Blade orienter actuator;st2 blade flujo,,,,,,
2025-06-27;REA;Actuadores;3140CA029;21:57;22:00;3;Equipment Fault;Robots;R70;Vacuum system;vacuum off,,,,,,
2025-06-27;REA;Actuadores;3140CA029;22:05;22:07;2;Equipment Fault;Robots;R75;Gripper/tool adjustments;gripper no abre,,,,,,
2025-06-27;REA;Actuadores;3140CA029;22:21;22:23;2;Equipment Fault;Robots;R65;Vacuum system;no pone gear,,,,,,
2025-06-27;REA;Actuadores;3140CA029;01:22;01:24;2;Equipment Fault;Robots;R70;Vacuum system;Vacuum off,,,,,,
2025-06-27;REA;Actuadores;3140CA029;01:43;01:46;3;Equipment Fault;620;620;Feed piston;no continua ciclo, se queda abajo, se reinicia ciclo en hmi,,,,
2025-06-27;REA;Actuadores;3140CA029;22:30;22:42;12;Maintenance;REA;General;Checklist;Checklist,,,,,,
2025-06-28;REA;Actuadores;3140CA029;02:20;02:40;20;Equipment Fault;Robots;R33;Gripper/tool adjustments;Sensor tenia opresor capado y estaba suelto, se cambio por uno nuevo,,,,,
2025-06-27;REA;Actuadores;3140CA029;22:42;22:45;3;Quality;USW;General;Scrapbox full;Se vacia scrap de turno pasado USW, EOL.,CAW,,,,
2025-06-27;REA;Actuadores;3140CA029;22:48;22:50;2;Equipment Fault;CHW;St4;IPG/Samlight;Se observa cover quemado/perforado por reflejo de soldadura, se ajusta punto pin 3 de -1.63 a -1.58. Posible causa de scrap USW,,,,,
2025-06-28;REA;Actuadores;3140CA029;02:41;02:43;2;Equipment Fault;Main conveyor;Main conveyor;Inductive sensor;no se detectaba pallet en 620,,,,,,
2025-06-28;REA;Actuadores;3140CA029;01:25;01:29;4;Equipment Fault;EOL;St2;Gripper NOK;Error de gripper,,,,,,
2025-06-27;REA;Actuadores;3140CA029;23:35;23:45;10;Equipment Fault;EOL;Jigs;Jig actuator;Scrap repetitivo jig 6 EOL por St3 juego axial alto, un lock no cumple su funcion se levanta la pieza durante inspeccion. Se reemplaza el lock del jig,,,,,
2025-06-28;REA;Actuadores;3140CA029;00:47;00:54;7;Equipment Fault;CCC;General;Software/PC;PC se crashea, al reiniciar tarda en reaccionar termocamara,,,,,
2025-06-28;REA;Actuadores;3140CA029;04:15;04:18;3;Equipment Fault;Robots;R65;Vacuum system;Vacuum off,,,,,,
2025-06-28;REA;Actuadores;3140CA029;04:10;04:14;4;Equipment Fault;Conveyors;C31;Presence sensor;Blister atorado en conveyor,,,,,,
2025-06-28;REA;Actuadores;3140CA029;04:19;04:21;2;Equipment Fault;Main conveyor;Main conveyor;Singulator NOK;pallet atorado,,,,,,
2025-06-28;REA;Actuadores;3140CA029;05:05;05:45;40;Equipment Fault;620;General;PLC ;Prensa se queda esperando senal, no tomaba el bearing,,,,,
2025-06-28;REA;Actuadores;3140CS022;07:40;07:47;7;Quality;EOL;General;Scrapbox full;En espera de vaciado,,,,,,
2025-06-28;REA;Actuadores;3140CS022;07:54;07:56;2;Equipment Fault;730;730;Feed piston;No hay pin, se reinicia ciclo,,,,,
2025-06-28;REA;Actuadores;3140CS022;09:40;09:43;3;Quality;EOL;General;Scrapbox full;Esperando vaciado,,,,,,
2025-06-28;REA;Actuadores;3140CS022;07:30;07:35;5;Equipment Fault;CAW;LSW;Pressor;no continuo ciclo pressor se quedo abajo,,,,,,
2025-06-28;REA;Actuadores;3140CS022;10:00;10:02;2;Maintenance;CCC;Consumables;Resin;cambio de resina,,,,,,
2025-06-28;REA;Actuadores;3140CS022;12:13;12:17;4;Equipment Fault;CHW;Consumables;Chip reel;cambio de chip,,,,,,
2025-06-28;REA;Actuadores;3140CS022;13:30;13:32;2;Equipment Fault;620;620;Alphamatic Module;la prensa se quedo abajo,,,,,,
2025-06-28;REA;Actuadores;3140CS022;13:58;14:00;2;Equipment Fault;620;620;Alphamatic Module;no continuo ciclo,,,,,,
2025-06-28;REA;Actuadores;3140CS022;11:14;11:44;30;Equipment Fault;EOL;St3;Axial play NOK;Scraps continuos st.3, jig 6 repite, el actuador tiene mayor juego que en los demas jigs, puntas para bushing se ven ok, ingun y jigs parecen cerrar correctamente, se actualiza repetir receta para mitigar scraps,
2025-06-28;REA;Actuadores;3140CS022;14:38;14:41;3;Equipment Fault;731;731;Alphamatic Module;Prensa se queda abajo y feed piston sale, colision,,,,,
2025-06-28;REA;Actuadores;3140CS022;14:48;14:50;2;Equipment Fault;750;750;Alphamatic Module;se quedo en posicion de pick,,,,,,
2025-06-28;REA;Actuadores;3140CS022;15:03;15:07;4;Equipment Fault;Robots;R65;Motion supervision/Joint collision;falla del sistema,,,,,,
2025-06-28;REA;Actuadores;3140CS022;15:15;15:21;6;Maintenance;REA;General;Checklist;chacklist,,,,,,
2025-06-28;REA;Actuadores;3140CS022;15:47;15:49;2;Equipment Fault;Robots;R65;Vacuum system;falla vacuum,,,,,,
2025-06-28;REA;Actuadores;3140CS022;15:58;16:00;2;Maintenance;MAT;St3;Feeder;tornillo atorado,,,,,,
2025-06-28;REA;Actuadores;3140CS022;16:06;16:08;2;Equipment Fault;CAW;CPA;Vision system;se reinicio,,,,,,
2025-06-28;REA;Actuadores;3140CS022;16:25;16:27;2;Equipment Fault;Robots;R65;Vacuum system;no pone gear,,,,,,
2025-06-28;REA;Actuadores;3140CS022;16:34;16:36;2;Equipment Fault;Robots;R75;Gripper/tool adjustments;no abre gripper,,,,,,
2025-06-28;REA;Actuadores;3140CS022;16:49;16:50;1;Equipment Fault;Robots;R70;Vacuum system;falla, vacuum off,,,,,
2025-06-28;REA;Actuadores;3140CS022;17:12;17:14;2;Equipment Fault;Robots;R65;Vacuum system;falla vacuum,,,,,,
2025-06-28;REA;Actuadores;3140CS022;17:27;17:29;2;Equipment Fault;Conveyors;C36;Presence sensor;blister atorado en sensor,,,,,,
2025-06-28;REA;Actuadores;3140CS022;17:40;17:45;5;Maintenance;CHW;Consumables;Chip reel;cambio de chip,,,,,,
2025-06-28;REA;Actuadores;3140CS022;17:54;18:00;6;Maintenance;MAT;Consumables;Grease;cambio de grasa,,,,,,
2025-06-28;REA;Actuadores;3140CS022;18:17;18:17;0;Equipment Fault;Robots;R70;Vacuum system;falla,,,,,,
2025-06-28;REA;Actuadores;3140CS022;18:29;18:31;2;Equipment Fault;Conveyors;C85;Presence sensor;blister atorado en piston,,,,,,
2025-06-28;REA;Actuadores;3140CS022;18:47;18:48;1;Equipment Fault;Robots;R70;Vacuum system;falla vacuum,,,,,,
2025-06-28;REA;Actuadores;3140CS022;18:53;18:55;2;Equipment Fault;Robots;R65;Vacuum system;no deja gear,,,,,,
2025-06-28;REA;Actuadores;3140CS022;19:08;19:09;1;Equipment Fault;Robots;R70;Vacuum system;falla vacuum,,,,,,
2025-06-28;REA;Actuadores;3140CS022;19:24;19:26;2;Equipment Fault;Robots;R70;Vacuum system;fallo vacuum,,,,,,
2025-06-28;REA;Actuadores;3140CS022;19:39;19:41;2;Quality;Robots;R65;Vacuum system;no deja gear,,,,,,
2025-06-28;REA;Actuadores;3140CS022;20:45;21:15;30;Maintenance;USW;St14;Lower Jig;ecxeso de scrap,,,,,,
2025-06-28;REA;Actuadores;3140CS022;21:28;21:30;2;Maintenance;CHW;St4;Pressor;cambio de puntas,,,,,,
2025-06-28;REA;Actuadores;3140CS022;21:41;21:43;2;Maintenance;731;731;Presence sensor;pin chueco,,,,,,
2025-06-28;REA;Actuadores;3140CS022;21:55;21:57;2;Equipment Fault;Robots;R65;Vacuum system;no agarra gear,,,,,,
2025-06-28;REA;Actuadores;3140CS022;22:20;22:30;10;Maintenance;REA;General;Scheduled maintenance;paro programado,,,,,,
2025-06-30;REA;Actuadores;3140CS022;07:00;07:40;40;Production;REA;General;Scheduled production stop;En espera de instrucciones, se habia comenzado set up, se pausa, set de rework, se tiene que arreglar logica por no haber vaciado y se espera material de calidad,,
2025-06-30;REA;Actuadores;3140CS022;09:00;09:40;40;Maintenance;REA;General;Scheduled production stop;Mantenimiento programado comenta Orlando de Lunes, CAW, limpieza engrasada de sin fin de SV,,,,
2025-06-30;REA;Actuadores;3140CA029;15:41;15:45;4;Equipment Fault;CAW;CPA;Feeder;Crank invertido,,,,,,
2025-06-30;REA;Actuadores;3140CS022;16:29;16:33;4;Equipment Fault;CAW;LSW;Pressor;pressor se queda abajo,,,,,,
2025-06-30;REA;Actuadores;3140CS022;16:38;16:40;2;Equipment Fault;USW;St11;Branson;pieza atorada,,,,,,
2025-06-30;REA;Actuadores;3140CS022;16:55;16:57;2;Equipment Fault;USW;St11;Branson;pieza atorada,,,,,,
2025-06-30;REA;Actuadores;3140CS022;17:20;17:30;10;Equipment Fault;EOL;St4;CRIO NOK;St4 crio,,,,,,
2025-06-30;REA;Actuadores;3140CS022;17:33;17:35;2;Equipment Fault;Robots;R65;Motion supervision/Joint collision;falla un sensro,,,,,,
2025-06-30;REA;Actuadores;3140CS022;18:00;18:25;25;Equipment Fault;EOL;St1;Presence sensor;St1 falla jig 1,,,,,,
2025-06-30;REA;Actuadores;3140CS022;18:25;18:40;15;Equipment Fault;Main conveyor;Main conveyor;Inductive sensor;no avanza MSA,,,,,,
2025-06-30;REA;Actuadores;3140CS022;19:29;19:31;2;Maintenance;731;731;Presence sensor;PIN cuecho,,,,,,
2025-06-30;REA;Actuadores;3140CS022;19:44;19:46;2;Maintenance;731;731;Presence sensor;pin chueco,,,,,,
2025-06-30;REA;Actuadores;3140CS022;19:57;20:00;3;Maintenance;750;750;Presence sensor;blister atorado,,,,,,
2025-06-30;REA;Actuadores;3140CS022;20:03;20:10;7;Equipment Fault;Robots;R65;Motion supervision/Joint collision;falla del R65,,,,,,
2025-06-30;REA;Actuadores;3140CS023;23:48;23:55;7;Quality;USW;General;Scrapbox full;Scrapbox lleno, rework,,,,,
2025-06-30;REA;Actuadores;3140CS023;23:15;23:26;11;Quality;USW;General;Scrapbox full;Scrapbox lleno, rework,,,,,
2025-07-01;REA;Actuadores;3140CA029;07:00;07:35;35;Equipment Fault;CAW;CPA;SCARA;No continua ciclo, alerta de mantenimiento,,,,,
2025-07-01;REA;Actuadores;3140CA029;07:35;09:30;115;Quality;REA;General;Change Over;Esperando liberación Ford29,,,,,,
2025-07-01;REA;Actuadores;3140CA029;09:30;10:00;30;Equipment Fault;CAW;LSW;Pressor;Inclinacion pressor NOK causa gap, se requieren mas muestras,,,,,
2025-07-01;REA;Actuadores;3140CA029;10:00;10:50;50;Quality;REA;General;Change Over;Liberacion calidad despues de ajuste de gap F29,,,,,,
2025-06-28;REA;Actuadores;3140CS022;19:30;7:31;NaN;Equipment Fault;Robots;R70;Vacuum system;vacumm fallo,,,,,,
2025-07-01;REA;Actuadores;3140CA029;12:00;12:01;1;Maintenance;CHW;Consumables;Argon;cambio de gas argon,,,,,,
2025-07-01;REA;Actuadores;3140CA029;12:12;12:17;5;Equipment Fault;CAW;General;PLC ;no continuo ciclo,,,,,,
2025-07-01;REA;Actuadores;3140CA029;12:19;12:24;5;Equipment Fault;CAW;CPA;Feeder;cranks atorados,,,,,,
2025-07-01;REA;Actuadores;3140CA029;12:35;12:40;5;Equipment Fault;CAW;CPA;Feeder;Cranks atorados, causan crank invertido,,,,,
2025-07-01;REA;Actuadores;3140CA029;15:06;15:10;4;Equipment Fault;CAW;LSW;Pressor;pressor se queda abajo,,,,,,
2025-07-01;REA;Actuadores;3140CA029;15:17;15:18;1;Equipment Fault;Robots;R75;Gripper/tool adjustments;gripper no abre,,,,,,
2025-07-01;REA;Actuadores;3140CA029;15:28;15:30;2;Equipment Fault;Main conveyor;Main conveyor;Lock NOK;loking nok, no llega a posision pallet,,,,,
2025-07-01;REA;Actuadores;3140CA029;15:34;15:50;16;Maintenance;REA;General;Checklist;checklist CAW,EOL,CHW,,,,
2025-07-01;REA;Actuadores;3140CA029;15:54;15:56;2;Equipment Fault;Robots;R65;Vacuum system;no deja gear en ventosas,,,,,,
2025-07-01;REA;Actuadores;3140CA029;16:16;16:17;1;Equipment Fault;Main conveyor;Main conveyor;Lock NOK;pallet no llega a posicion,,,,,,
2025-07-01;REA;Actuadores;3140CA029;16:29;16:30;1;Equipment Fault;Main conveyor;Main conveyor;Lock NOK;pallet no llega a posicion,,,,,,
2025-07-01;REA;Actuadores;3140CA029;16:39;16:40;1;Equipment Fault;Robots;R75;Gripper/tool adjustments;gripper no abre,,,,,,
2025-07-01;REA;Actuadores;3140CA029;17:10;17:12;2;Equipment Fault;Robots;R65;Vacuum system;no deja gear,,,,,,
2025-07-01;REA;Actuadores;3140CA029;17:13;17:15;2;Maintenance;Conveyors;C65;Guides ;blister atorado,,,,,,
2025-07-01;REA;Actuadores;3140CA029;17:20;17:30;10;Maintenance;CAW;Jig/Index;Blade orienter actuator;ajuste de mesa alineacion,,,,,,
2025-07-01;REA;Actuadores;3140CA029;18:09;18:12;3;Equipment Fault;Robots;R33;Motion supervision/Joint collision;se queda atorado entre el jig y la pieza al dejarla,,,,,,
2025-07-01;REA;Actuadores;3140CA029;18:56;18:57;1;Maintenance;Main conveyor;Main conveyor;Lock NOK;se queda fuera de posicion,,,,,,
2025-07-01;REA;Actuadores;3140CA029;19:21;19:49;28;Maintenance;EOL;St3;Gripper NOK;ajuste de gripper,,,,,,
2025-07-01;REA;Actuadores;3140CA029;20:13;20:15;2;Equipment Fault;731;731;Presence sensor;pin chueco,,,,,,
2025-07-01;REA;Actuadores;3140CA029;20:24;20:26;2;Quality;Robots;R75;Gripper/tool adjustments;no abre gripper,,,,,,
2025-07-01;REA;Actuadores;3140CA029;20:35;20:37;2;Equipment Fault;Main conveyor;Main conveyor;Lock NOK;pallet no llega a posicion,,,,,,
2025-07-01;REA;Actuadores;3140CA029;20:48;20:55;7;Quality;EOL;General;Scrapbox full;scrapbox full,,,,,,
2025-07-01;REA;Actuadores;3140CA029;21:05;21:26;21;Equipment Fault;EOL;St3;Gripper NOK;ajuste en gripper por movimiento,,,,,,
2025-07-01;REA;Actuadores;3140CA029;21:39;21:41;2;Equipment Fault;Main conveyor;Main conveyor;Lock NOK;pallet no llega a posicion,,,,,,
2025-07-01;REA;Actuadores;3140CA029;21:53;21:55;2;Equipment Fault;Robots;R75;Gripper/tool adjustments;gripper no abre,,,,,,
2025-07-01;REA;Actuadores;3140CA029;10:30;10:38;8;Equipment Fault;REA;General;Checklist;Checklist,,,,,,
2025-07-01;REA;Actuadores;3140CA029;10:38;10:45;7;Equipment Fault;EOL;Jigs;Jig actuator;Se ajusta conector de aire por fuga, ya que fallaba al hacer la prueba 3,,,,,
2025-07-01;REA;Actuadores;3140CA029;10:50;10:56;6;Equipment Fault;EOL;Jigs;Ingun actuator;Ingun alarmado, no detectaba sensor, se revisa cableado, se ajusta posicion de sensor,,,
2025-07-01;REA;Actuadores;3140CA029;11:11;11:14;3;Maintenance;MAT;Consumables;Grease;Cambio de grasa,,,,,,
2025-07-01;REA;Actuadores;3140CA029;11:28;11:30;2;Equipment Fault;Robots;R75;Gripper/tool adjustments;Gripper no abre correctamente,,,,,,
2025-07-01;REA;Actuadores;3140CA029;23:34;23:37;3;Equipment Fault;Robots;R65;Motion supervision/Joint collision;Motion supervision,,,,,,
2025-07-02;REA;Actuadores;3140CA029;00:25;00:30;5;Equipment Fault;CAW;CPA;Feeder;Crank atorado,,,,,,
2025-07-02;REA;Actuadores;3140CA029;01:33;01:36;3;Production;Conveyors;C36;Guides ;Blister atorado,,,,,,
2025-07-02;REA;Actuadores;3140CS023;02:04;02:08;4;Maintenance;CCC;Consumables;Resin;Cambio resina,,,,,,
2025-07-02;REA;Actuadores;3140CS023;02:11;02:17;6;Equipment Fault;CAW;CPA;Feeder;Crank atascado en bowl, lineal vacio,,,,,
2025-07-02;REA;Actuadores;3140CA029;02:23;02:27;4;Maintenance;CHW;Consumables;Chip reel;Cambio de chip,,,,,,
2025-07-02;REA;Actuadores;3140CA029;02:39;02:44;5;Maintenance;CHW;Consumables;Argon;Cambio de argon,,,,,,
2025-07-02;REA;Actuadores;3140CA029;03:20;03:25;5;Quality;CHW;General;Scrapbox full;Scrapbox full,,,,,,
2025-07-02;REA;Actuadores;3140CA029;03:34;03:38;4;Equipment Fault;CHW;St4;Pressor;Se realiza limpieza de pressor,,,,,,
2025-07-02;REA;Actuadores;3140CA029;03:46;03:48;2;Equipment Fault;Robots;R75;Gripper/tool adjustments;Gripper no abre correctamente,,,,,,
2025-07-02;REA;Actuadores;3140CA029;03:52;03:55;3;Equipment Fault;Robots;R65;Motion supervision/Joint collision;Robot marca colision por manguera,,,,,,
2025-07-02;REA;Actuadores;3140CA029;06:12;06:17;5;Equipment Fault;USW;St14;Lower Jig;Se hace limpieza de jig,,,,,,
2025-07-02;REA;Actuadores;3140CA029;04:06;04:10;4;Equipment Fault;USW;St14;Lower Jig;Se hace limpieza de jig,,,,,,
2025-07-02;REA;Actuadores;3140CA029;04:30;04:34;4;Equipment Fault;Robots;R65;Motion supervision/Joint collision;Robot marca motion supervision por manguera,,,,,,
2025-07-02;REA;Actuadores;3140CA029;05:23;05:28;5;Maintenance;CHW;St4;Pressor;Limpieza de pressor,,,,,,
2025-07-02;REA;Actuadores;3140CA029;05:47;05:51;4;Equipment Fault;Robots;R70;Vacuum system;Vacuum off,,,,,,
2025-07-02;REA;Actuadores;3140CA029;05:53;05:58;5;Equipment Fault;USW;St14;Lower Jig;Se hace limpieza de jig por scrap consecutivo,,,,,,
2025-07-02;REA;Actuadores;3140CA029;07:35;07:38;3;Equipment Fault;EOL;Jigs;Ingun actuator;tope mecanico de ingun sin ajustar,,,,,,
2025-07-02;REA;Actuadores;3140CA029;08:05;08:06;1;Equipment Fault;731;731;Feed piston;pin inclinado,,,,,,
2025-07-02;REA;Actuadores;3140CA029;07:00;07:11;11;Maintenance;REA;General;Checklist;Checklist diario,,,,,,
2025-07-02;REA;Actuadores;3140CA029;11:38;11:45;7;Quality;CAW;General;Software/PC;No continua ciclo, robot en pick de actuador, se requiere restaurar logica y vaciado,,,,
2025-07-02;REA;Actuadores;3140CA029;11:06;11:08;2;Equipment Fault;Robots;R65;Motion supervision/Joint collision;Convolute causa montion sup,,,,,,
2025-07-02;REA;Actuadores;3140CA029;10:45;10:47;2;Equipment Fault;Robots;R65;Motion supervision/Joint collision;Convolute causa montion sup,,,,,,
2025-07-02;REA;Actuadores;3140CA029;14:52;14:57;5;Equipment Fault;EOL;St4;CRIO NOK;Reiniciar power supply,,,,,,
2025-07-02;REA;Actuadores;3140CA029;11:57;12:27;30;Equipment Fault;USW;St11;Weld NOK;Soldadura NOK, ajuste de parametros mantenimiento,,,,,
2025-07-02;REA;Actuadores;3140CA029;11:10;11:28;18;Quality;USW;St11;Weld NOK;Ajuste de parametros por scrap y mantenimiento, adicional se limpia y revisa st14,,,,,
2025-07-01;REA;Actuadores;3140CA029;11:05;11:11;6;Equipment Fault;CAW;CPA;Feeder;Crank atorado en feeder y hace que llegue volteado y choque robot,,,,,,
2025-07-02;REA;Actuadores;3140CA029;15:11;15:16;5;Equipment Fault;CAW;LSW;Pressor;Presor abajo y no sube,,,,,,
2025-07-02;REA;Actuadores;3140CA029;15:16;15:17;1;Equipment Fault;Robots;R75;Motion supervision/Joint collision;No abre gripper correctamente,,,,,,
2025-07-02;REA;Actuadores;3140CA029;15:32;15:34;2;Equipment Fault;731;731;Bowl/Lineal feeder;Pin chueco,,,,,,
2025-07-02;REA;Actuadores;3140CA029;15:34;15:36;2;Equipment Fault;Robots;R65;Motion supervision/Joint collision;No pone gear en st805,,,,,,
2025-07-02;REA;Actuadores;3140CA029;15:45;15:47;2;Equipment Fault;Robots;R75;Motion supervision/Joint collision;No abre gripper correctamente,,,,,,
2025-07-02;REA;Actuadores;3140CA029;16:10;16:12;2;Equipment Fault;Robots;R70;Vacuum system;vacuum off,,,,,,
2025-07-02;REA;Actuadores;3140CA029;16:30;16:32;2;Equipment Fault;Robots;R75;Motion supervision/Joint collision;no abre gripper,,,,,,
2025-07-02;REA;Actuadores;3140CA029;16:35;16:37;2;Equipment Fault;Aux;805;Presence sensor;se cae gear,,,,,,
2025-07-02;REA;Actuadores;3140CA029;17:25;17:29;4;Maintenance;CCC;Consumables;Resin;cambio de resina,,,,,,
2025-07-02;REA;Actuadores;3140CA029;17:31;17:33;2;Equipment Fault;Main conveyor;Main conveyor;Lock NOK;pallet no llega a posicion,,,,,,
2025-07-02;REA;Actuadores;3140CA029;18:26;18:30;4;Equipment Fault;CAW;Jig/Index;Blade orienter actuator;no avanza, se queda esprando pieza,,,,,
2025-07-02;REA;Actuadores;3140CA029;18:41;18:43;2;Equipment Fault;Robots;R65;Motion supervision/Joint collision;se queda en posicion de dejar gear,,,,,,
2025-07-02;REA;Actuadores;3140CA029;18:47;18:48;1;Equipment Fault;Robots;R75;Gripper/tool adjustments;no abre gripper,,,,,,
2025-07-02;REA;Actuadores;3140CA029;19:35;19:40;5;Maintenance;CHW;Consumables;Chip reel;cambio de chip,,,,,,
2025-07-02;REA;Actuadores;3140CA029;19:55;19:58;3;Equipment Fault;Robots;R65;Vacuum system;no deja gear,,,,,,
2025-07-02;REA;Actuadores;3140CA029;20:09;20:11;2;Equipment Fault;Main conveyor;Main conveyor;Lock NOK;pallet no llega a posicion,,,,,,
2025-07-02;REA;Actuadores;3140CA029;20:26;20:28;2;Maintenance;MAT;St3;Feeder;tornillo atorado,,,,,,
2025-07-02;REA;Actuadores;3140CA029;20:41;20:43;2;Equipment Fault;731;731;Presence sensor;pin chueco,,,,,,
2025-07-02;REA;Actuadores;3140CA029;20:54;20:55;1;Equipment Fault;Robots;R75;Motion supervision/Joint collision;no abre gripper,,,,,,
2025-07-02;REA;Actuadores;3140CA029;21:06;21:08;2;Equipment Fault;Conveyors;C55;Presence sensor;piston no abre, blister atordo,,,,,
2025-07-02;REA;Actuadores;3140CA029;21:48;21:49;1;Equipment Fault;Robots;R75;Motion supervision/Joint collision;no abre gripper,,,,,,
2025-07-02;REA;Actuadores;3140CA029;21:55;21:59;4;Equipment Fault;CAW;Jig/Index;Index not in home;ingun no cierra bien,,,,,,
2025-07-02;REA;Actuadores;3140CA029;18:18;18:26;8;Maintenance;REA;General;Checklist;Checklist,,,,,,
2025-07-02;REA;Actuadores;3140CA029;22:30;22:38;8;Maintenance;REA;General;Checklist;Checklist,,,,,,
2025-07-02;REA;Actuadores;3140CA029;22:45;22:47;2;Equipment Fault;Robots;R75;Motion supervision/Joint collision;Robot colisiona al ensamblar cover,,,,,,
2025-07-02;REA;Actuadores;3140CA029;22:50;23:54;64;Equipment Fault;CHW;St4;Pressor;Se revisa pressor por scrap consecutivo, se limpian puntas,,,,,
2025-07-02;REA;Actuadores;3140CA029;22:55;22:57;2;Equipment Fault;Robots;R65;Motion supervision/Joint collision;Motion supervision,,,,,,
2025-07-02;REA;Actuadores;3140CA029;23:06;23:11;5;Equipment Fault;Robots;R75;Gripper/tool adjustments;Se cambia cinta doble cara a gripper por falla constante al ensamblar cover,,,,,,
2025-07-02;REA;Actuadores;3140CA029;23:17;23:20;3;Equipment Fault;Main conveyor;Main conveyor;Lock NOK;Pallet atorado por locking,,,,,,
2025-07-02;REA;Actuadores;3140CA029;23:14;23:19;5;Equipment Fault;Robots;R65;Vacuum system;Robot no continua ciclo se queda esperando que se 805,,,,,,
2025-07-02;REA;Actuadores;3140CA029;23:29;23:32;3;Equipment Fault;Robots;R65;Motion supervision/Joint collision;Robot se alarma con motion supervision,,,,,,
2025-07-02;REA;Actuadores;3140CA029;23:48;23:53;5;Equipment Fault;Aux;805;Pneumatic System;Se cambian ventosas por falla constante de vacio,,,,,,
2025-07-03;REA;Actuadores;3140CA029;01:02;01:13;11;Production;CAW;General;Empty conveyor/feeder;Sin crank,,,,,,
2025-07-02;REA;Actuadores;3140CA029;02:29;02:37;8;Equipment Fault;Robots;R65;Vacuum system;Robot tiraba geary salia alarma de vacuum off em repetidas ocasiones,,,,,,
2025-07-02;REA;Actuadores;3140CA029;02:39;02:43;4;Equipment Fault;730;730;Bowl/Lineal feeder;Shaft pin atorado,,,,,,
2025-07-02;REA;Actuadores;3140CA029;02:49;02:53;4;Equipment Fault;Main conveyor;Main conveyor;Lock NOK;Pallet atorados,,,,,,
2025-07-03;REA;Actuadores;3140CA029;07:10;07:20;10;Maintenance;REA;General;Checklist;Diario,,,,,,
2025-07-03;REA;Actuadores;3140CA029;12:00;12:02;2;Maintenance;CHW;Consumables;Chip reel;cambio de chip,,,,,,
2025-07-03;REA;Actuadores;3140CA029;13:15;13:16;1;Equipment Fault;EOL;St3;Gripper NOK;alarma en gripper,,,,,,
2025-07-03;REA;Actuadores;3140CA029;14:29;14:36;7;Equipment Fault;731;731;Bowl/Lineal feeder;Rebaba genera pines se atoren desde feeder,,,,,,
2025-07-03;REA;Actuadores;3140CA029;15:20;15:22;2;Equipment Fault;Robots;R75;Motion supervision/Joint collision;gripper no abre,,,,,,
2025-07-03;REA;Actuadores;3140CA029;15:47;15:49;2;Maintenance;731;731;Presence sensor;pin chueco,,,,,,
2025-07-03;REA;Actuadores;3140CA029;16:09;16:12;3;Maintenance;CHW;Consumables;Argon;cambio de argon,,,,,,
2025-07-03;REA;Actuadores;3140CA029;16:14;16:18;4;Maintenance;CCC;Consumables;Resin;cambio de resina,,,,,,
2025-07-03;REA;Actuadores;3140CA029;16:25;16:27;2;Equipment Fault;MSA;MSA;Sensor de presencia;no detecta pieza, se reset la secuencia,,,,,
2025-07-03;REA;Actuadores;3140CA029;16:38;16:41;3;Equipment Fault;EOL;St4;CRIO NOK;reset crio,,,,,,
2025-07-03;REA;Actuadores;3140CA029;16:45;16:48;3;Equipment Fault;EOL;St3;Gripper NOK;falla st4,,,,,,
2025-07-03;REA;Actuadores;3140CA029;16:56;16:59;3;Equipment Fault;Robots;R75;Motion supervision/Joint collision;gripper no abre,,,,,,
2025-07-03;REA;Actuadores;3140CA029;17:07;17:17;10;Equipment Fault;Robots;R80;Motion supervision/Joint collision;robot se queda esperando senal de USW,,,,,,
2025-07-03;REA;Actuadores;3140CA029;17:23;17:25;2;Maintenance;731;731;Presence sensor;pin chueco,,,,,,
2025-07-03;REA;Actuadores;3140CA029;17:38;17:41;3;Maintenance;MAT;Consumables;Grease;cambio de grasa,,,,,,
2025-07-03;REA;Actuadores;3140CA029;17:57;18:00;3;Quality;MSA;MSA;Sensor de presencia;no detecta pieza, se reset la secuencia,,,,,
2025-07-03;REA;Actuadores;3140CA029;18:03;18:06;3;Quality;MSA;MSA;Sensor de presencia;no detecta pieza, se reset la secuencia,,,,,
2025-07-03;REA;Actuadores;3140CA029;18:12;18:13;1;Quality;Robots;R75;Motion supervision/Joint collision;gripper no abre,,,,,,
2025-07-03;REA;Actuadores;3140CA029;18:21;18:24;3;Equipment Fault;MSA;MSA;Sensor de presencia;no detecta pieza, se reset la secuencia,,,,,
2025-07-03;REA;Actuadores;3140CA029;18:57;19:02;5;Equipment Fault;EOL;St4;CRIO NOK;reset crio,,,,,,
2025-07-03;REA;Actuadores;3140CA029;19:02;19:12;10;Equipment Fault;CAW;Jig/Index;Blade orienter actuator;no free area robot,,,,,,
2025-07-03;REA;Actuadores;3140CA029;19:32;19:33;1;Equipment Fault;Robots;R75;Motion supervision/Joint collision;gripper no abre,,,,,,
2025-07-03;REA;Actuadores;3140CA029;20:10;20:14;4;Equipment Fault;Main conveyor;Main conveyor;RFID Reader;falla RFID,,,,,,
2025-07-03;REA;Actuadores;3140CA029;20:14;20:19;5;Maintenance;731;731;Presence sensor;SENSOR SUCIO,,,,,,
2025-07-03;REA;Actuadores;3140CA029;20:19;20:22;3;Equipment Fault;MAT;St5;Axis not in home;fuera de posicion,,,,,,
2025-07-03;REA;Actuadores;3140CA029;20:22;20:24;2;Quality;CCC;General;Scheduled maintenance;full scrapbox,,,,,,
2025-07-03;REA;Actuadores;3140CA029;21:00;21:05;5;Equipment Fault;Robots;R65;Motion supervision/Joint collision;Robot pone chueco el gear o se cae antes de colocarlo en actuador,,,,,,
2025-07-03;REA;Actuadores;3140CA029;21:10;21:13;3;Equipment Fault;Robots;R75;Motion supervision/Joint collision;Gripper no abre,,,,,,
2025-07-03;REA;Actuadores;3140CA029;21:25;21:28;3;Equipment Fault;Robots;R65;Motion supervision/Joint collision;Se alarma al colocar mal el gear,,,,,,
2025-07-03;REA;Actuadores;3140CA029;20:24;20:26;2;Equipment Fault;Robots;R65;Motion supervision/Joint collision;vacuum,,,,,,
2025-07-03;REA;Actuadores;3140CA029;20:38;20:40;2;Equipment Fault;Conveyors;C37;Presence sensor;blister TORADO,,,,,,
2025-07-03;REA;Actuadores;3140CA029;20:51;20:53;2;Quality;Conveyors;C36;Presence sensor;blister en mal estado,,,,,,
2025-07-03;REA;Actuadores;3140CA029;19:35;19:45;10;Maintenance;REA;General;Checklist;checklist,,,,,,
2025-07-03;REA;Actuadores;3140CA029;22:30;22:38;8;Equipment Fault;REA;General;Checklist;Checklist,,,,,,
2025-07-03;REA;Actuadores;3140CA029;22:43;22:48;5;Equipment Fault;EOL;St4;CRIO NOK;Se reinicia crio,,,,,,
2025-07-03;REA;Actuadores;3140CA029;23:26;23:30;4;Equipment Fault;Robots;R65;Motion supervision/Joint collision;Robot colisiona al poner gear en actuador,,,,,,
2025-07-03;REA;Actuadores;3140CA029;23:45;23:50;5;Equipment Fault;Robots;R65;Motion supervision/Joint collision;Motion supervision, se acomoda manguera para que no colisione robot,,,,,
2025-07-04;REA;Actuadores;3140CA029;02:14;02:18;4;Equipment Fault;Robots;R65;Motion supervision/Joint collision;Se ajusta mangura principal por motion supervision,,,,,,
2025-07-04;REA;Actuadores;3140CA029;02:31;02:36;5;Equipment Fault;EOL;St4;CRIO NOK;Se reinicia crio,,,,,,
2025-07-04;REA;Actuadores;3140CA029;04:46;04:49;3;Equipment Fault;CHW;Consumables;Argon;Cambio de tanque de argon,,,,,,
2025-07-04;REA;Actuadores;3140CA029;05:04;05:06;2;Equipment Fault;Robots;R75;Motion supervision/Joint collision;Robot se alarma por colision con manguera,,,,,,
2025-07-04;REA;Actuadores;3140CA029;05:25;05:31;6;Maintenance;CHW;Consumables;Chip reel;Cambio de chip,,,,,,
2025-07-04;REA;Actuadores;3140CA029;05:49;05:52;3;Equipment Fault;USW;St14;Lower Jig;Se hace limpieza de jig por rebaba acumulada,,,,,,
2025-07-04;REA;Actuadores;3140CA029;06:03;06:05;2;Equipment Fault;Robots;R65;Motion supervision/Joint collision;motion supervision por manguera,,,,,,
2025-07-04;REA;Actuadores;3140CA029;06:11;06:21;10;Equipment Fault;CAW;General;Software/PC;Aplicacion se queda sin continuar ciclo, se require mandar robot 80 a main ya que quede adentro en medio ciclo, se restablece caw y se realiza check list,,,,
2025-07-04;REA;Actuadores;3140CA029;06:45;06:49;4;Equipment Fault;EOL;St4;CRIO NOK;Reinicio cRIO,,,,,,
2025-07-04;REA;Actuadores;3140CA029;06:50;06:52;2;Quality;EOL;General;Scrapbox full;Scrapbox lleno,,,,,,
2025-07-04;REA;Actuadores;3140CA029;07:05;07:15;10;Maintenance;REA;General;Checklist;Diario,,,,,,
2025-07-04;REA;Actuadores;3140CA029;08:11;08:40;29;Equipment Fault;Robots;R65;Motion supervision/Joint collision;Manguera rota, multiples alarmas por joint o motion sup, se repara,,,,
2025-07-04;REA;Actuadores;3140CA029;07:50;07:56;6;Equipment Fault;Main conveyor;Main conveyor;Lock NOK;Locking flojo causa R60 colisionar o motion sup en place de gear,,,,,,
2025-07-04;REA;Actuadores;3140CA029;11:03;11:13;10;Equipment Fault;CAW;General;Software/PC;no continuo ciclo / checklist,,,,,,
2025-07-04;REA;Actuadores;3140CA029;14:04;14:08;4;Maintenance;CCC;Consumables;Resin;cambio de resina,,,,,,
2025-07-04;REA;Actuadores;3140CA029;14:40;14:42;2;Equipment Fault;Robots;R75;Motion supervision/Joint collision;Motion sup, falta de gripper,,,,,
2025-07-04;REA;Actuadores;3140CA029;12:50;12:55;5;Equipment Fault;USW;St14;Lower Jig;Rebaba genera scraps, limpieza,,,,,
2025-07-04;REA;Actuadores;3140CA029;11:40;11:50;10;Equipment Fault;Conveyors;C36;Actuator NOK;Sensores de actuador que frena blister metalicos en falla, conector dañado, se logra reconectar,,,,
2025-07-04;REA;Actuadores;3140CA029;15:15;15:17;2;Equipment Fault;Robots;R75;Motion supervision/Joint collision;gripper no abre,,,,,,
2025-07-04;REA;Actuadores;3140CA029;15:24;15:27;3;Production;Conveyors;C31;Presence sensor;blister danado, se atora,,,,,
2025-07-04;REA;Actuadores;3140CA029;15:43;15:46;3;Production;Conveyors;C31;Presence sensor;blister danado, se atora,,,,,
2025-07-04;REA;Actuadores;3140CA029;15:55;15:58;3;Equipment Fault;Robots;R75;Motion supervision/Joint collision;gripper no abre,,,,,,
2025-07-04;REA;Actuadores;3140CA029;16:12;16:17;5;Maintenance;CAW;Jig/Index;Blade orienter actuator;ajuste de alineacion de mesa,,,,,,
2025-07-04;REA;Actuadores;3140CA029;16:33;16:38;5;Equipment Fault;Robots;R33;Motion supervision/Joint collision;robot colisiono,,,,,,
2025-07-04;REA;Actuadores;3140CA029;16:45;16:51;6;Equipment Fault;Main conveyor;Main conveyor;Singulator NOK;sing nok,,,,,,
2025-07-04;REA;Actuadores;3140CA029;18:15;18:17;2;Equipment Fault;Robots;R70;Vacuum system;vacuum off,,,,,,
2025-07-04;REA;Actuadores;3140CA029;18:19;18:21;2;Equipment Fault;Robots;R75;Motion supervision/Joint collision;gripper no abre,,,,,,
2025-07-04;REA;Actuadores;3140CA029;18:21;18:25;4;Maintenance;Robots;R75;Gripper/tool adjustments;ajuste de gripper, cambio de cinta,,,,,
2025-07-04;REA;Actuadores;3140CA029;18:29;18:33;4;Equipment Fault;EOL;St3;Gripper NOK;St3 se alarma,,,,,,
2025-07-04;REA;Actuadores;3140CA029;18:34;18:43;9;Maintenance;REA;General;Checklist;checklist,,,,,,
2025-07-04;REA;Actuadores;3140CA029;18:45;18:47;2;Production;Conveyors;C31;Presence sensor;blister danado, se atora y no llega al sensor,,,,,
2025-07-04;REA;Actuadores;3140CA029;18:51;18:53;2;Equipment Fault;Robots;R70;Vacuum system;no agrra gear,,,,,,
2025-07-04;REA;Actuadores;3140CA029;19:06;19:09;3;Maintenance;MAT;Consumables;Grease;cambio de grasa,,,,,,
2025-07-04;REA;Actuadores;3140CA029;19:37;19:39;2;Maintenance;731;731;Presence sensor;pin chueco,,,,,,
2025-07-04;REA;Actuadores;3140CA029;20:09;20:11;2;Maintenance;CHW;Consumables;Argon;cambio de tambo argon,,,,,,
2025-07-04;REA;Actuadores;3140CA029;20:27;20:29;2;Equipment Fault;Robots;R80;Gripper/tool adjustments;gripper no responde,,,,,,
2025-07-04;REA;Actuadores;3140CA029;20:42;20:44;2;Maintenance;MAT;St3;Feeder;tornillo atorado,,,,,,
2025-07-04;REA;Actuadores;3140CA029;21:05;21:07;2;Equipment Fault;Robots;R80;Gripper/tool adjustments;gripper no responde,,,,,,
2025-07-04;REA;Actuadores;3140CA029;21:21;21:23;2;Equipment Fault;Robots;R75;Motion supervision/Joint collision;gripper no abre,,,,,,
2025-07-04;REA;Actuadores;3140CA029;21:25;21:28;3;Production;Conveyors;C31;Presence sensor;blister en mal estado,,,,,,
2025-07-04;REA;Actuadores;3140CA029;21:30;21:40;10;Maintenance;Robots;R80;Gripper/tool adjustments;cambio de sensor dañado,,,,,,
2025-07-04;REA;Actuadores;3140CA029;22:30;22:41;11;Maintenance;REA;General;Checklist;Checklist,,,,,,
2025-07-04;REA;Actuadores;3140CA029;22:55;22:59;4;Maintenance;CHW;Consumables;Chip reel;Cambio chip reel,,,,,,
2025-07-04;REA;Actuadores;3140CA029;23:14;23:16;2;Quality;CHW;General;Scrapbox full;Scrap lleno,,,,,,
2025-07-04;REA;Actuadores;3140CA029;23:49;23:51;2;Equipment Fault;731;731;Feed piston;Cae mal el pin en el feeder,,,,,,
2025-07-05;REA;Actuadores;3140CA029;00:48;00:55;7;Equipment Fault;CHW;St4;Pressor;Scrap alto, soldadura nok, ajuste de pressor,,,,
2025-07-05;REA;Actuadores;3140CA029;05:24;05:28;4;Equipment Fault;EOL;St4;CRIO NOK;Reinicio de crio,,,,,,
2025-07-05;REA;Actuadores;3140CA029;02:43;02:46;3;Equipment Fault;EOL;St4;CRIO NOK;Reinicio crio,,,,,,
2025-07-05;REA;Actuadores;3140CA029;05:27;05:30;3;Maintenance;CHW;Consumables;Argon;Cambio argon,,,,,,
2025-07-05;REA;Actuadores;3140CA029;04:52;04:54;2;Maintenance;MAT;Consumables;Grease;Cambio grasa,,,,,,
2025-07-05;REA;Actuadores;3140CA029;05:59;06:03;4;Equipment Fault;CAW;General;Software/PC;No continua ciclo,,,,,,
2025-07-05;REA;Actuadores;3140CA029;07:00;07:10;10;Maintenance;REA;General;Checklist;checklist / entrega de muestras para liberacion,,,,,,
2025-07-05;REA;Actuadores;3140CA029;07:30;07:31;1;Equipment Fault;Robots;R70;Vacuum system;se le callo gear,,,,,,
2025-07-05;REA;Actuadores;3140CA029;07:15;07:16;1;Equipment Fault;CAW;Jig/Index;Blade orienter actuator;orientador no regresa,,,,,,
2025-07-05;REA;Actuadores;3140CA029;08:07;08:08;1;Equipment Fault;731;731;Feed piston;pin inclinado,,,,,,
2025-07-05;REA;Actuadores;3140CA029;09:52;09:56;4;Equipment Fault;CAW;General;Software/PC;no continuo ciclo,,,,,,
2025-07-05;REA;Actuadores;3140CA029;13:18;13:20;2;Equipment Fault;CHW;St2;Vacuum system;vacuum off,,,,,,
2025-07-05;REA;Actuadores;3140CA029;13:52;13:54;2;Equipment Fault;Robots;R75;Gripper/tool adjustments;cambio de cinta a gripper,,,,,,
2025-07-05;REA;Actuadores;3140CA029;14:42;14:44;2;Equipment Fault;Robots;R70;Motion supervision/Joint collision;ventosa rota, cambiar,,,,,
2025-07-05;REA;Actuadores;3140CA029;13:03;13:07;4;Maintenance;REA;General;Checklist;mil pcs, limpieza general,,,,,
2025-07-05;REA;Actuadores;3140CA029;14:52;14:54;2;Maintenance;CHW;Consumables;Chip reel;cambio de chip,,,,,,
2025-07-05;REA;Actuadores;3140CA029;15:21;15:23;2;Maintenance;731;731;Presence sensor;pin chueco,,,,,,
2025-07-05;REA;Actuadores;3140CA029;15:36;15:38;2;Maintenance;EOL;St4;CRIO NOK;reset de crio,,,,,,
2025-07-05;REA;Actuadores;3140CA029;16:17;16:19;2;Production;Conveyors;C31;Presence sensor;blister dañado,se queda atorado,,,,,
2025-07-05;REA;Actuadores;3140CA029;16:31;16:33;2;Maintenance;CHW;Consumables;Argon;cambio de argon,,,,,,
2025-07-05;REA;Actuadores;3140CA029;17:13;17:18;5;Equipment Fault;EOL;St1;PTC;alarma 1/o protinet,,,,,,
2025-07-05;REA;Actuadores;3140CA029;17:57;18:00;3;Equipment Fault;731;731;Presence sensor;pin chueco,,,,,,
2025-07-05;REA;Actuadores;3140CA029;18:00;18:02;2;Equipment Fault;Robots;R38;Motion supervision/Joint collision;robot stop,,,,,,
2025-07-05;REA;Actuadores;3140CA029;18:06;18:08;2;Equipment Fault;731;731;Presence sensor;doble pin,,,,,,
2025-07-05;REA;Actuadores;3140CA029;18:30;18:36;6;Maintenance;CCC;Consumables;Resin;cambio de resina,,,,,,
2025-07-05;REA;Actuadores;3140CA029;18:42;18:45;3;Equipment Fault;MAT;St3;Feeder;tornillo atorado,,,,,,
2025-07-05;REA;Actuadores;3140CA029;18:50;18:55;5;Equipment Fault;Main conveyor;Main conveyor;Lock NOK;lock nok,,,,,,
2025-07-05;REA;Actuadores;3140CA029;19:22;19:24;2;Maintenance;CHW;St4;Pressor;limpieza de puntas,,,,,,
2025-07-05;REA;Actuadores;3140CA029;19:48;19:50;2;Equipment Fault;MAT;St3;Feeder;tornillo atorado,,,,,,
2025-07-05;REA;Actuadores;3140CA029;20:16;20:18;2;Equipment Fault;Robots;R70;Vacuum system;se cae gear,,,,,,
2025-07-05;REA;Actuadores;3140CA029;20:30;20:40;10;Production;CAW;Jig/Index;Index not in home;pieza con buchin no deja cerrar jig en CAW,,,,,,
2025-07-05;REA;Actuadores;3140CA029;21:25;21:30;5;Equipment Fault;CAW;CPA;Feeder;crank invertido,,,,,,
2025-07-05;REA;Actuadores;3140CA029;21:34;21:36;2;Equipment Fault;Robots;R65;Gripper/tool adjustments;Gear caido,,,,,,
2025-07-05;REA;Actuadores;3140CA029;21:47;21:49;2;Equipment Fault;Robots;R65;Vacuum system;gear caido,,,,,,
2025-07-05;REA;Actuadores;3140CA029;21:51;21:53;2;Equipment Fault;731;731;Presence sensor;pin chueco,,,,,,
2025-07-05;REA;Actuadores;3140CA029;21:56;21:58;2;Equipment Fault;Robots;R38;Gripper/tool adjustments;no avanza,,,,,,
2025-07-05;REA;Actuadores;3140CA029;22:10;22:30;20;Maintenance;REA;General;Pneumatic System;Se solicita por mtto una intervencion para una instalacion antes del cierre de turno,,,,,,
2025-07-07;REA;Actuadores;3140CA029;11:52;11:59;7;Maintenance;Robots;R80;Incorrect pick/place;Orlando revisa posicion en CAW, desconocido,,,,,
2025-07-07;REA;Actuadores;3140CA029;12:01;12:05;4;Maintenance;Robots;R70;Gripper/tool adjustments;Orlando solicita revisar pisador,,,,,,
2025-07-07;REA;Actuadores;3140CA029;12:05;12:06;1;Equipment Fault;Robots;R80;Incorrect pick/place;Gripper no abre correctamente, por pick/place, posible desgaste en cilindro,,,,
2025-07-07;REA;Actuadores;3140CA029;07:00;08:40;100;Quality;REA;General;SOP;Esperando Liberacion despues de paro por fin de semana, se aprovecha para mantenimiento,,,,,
2025-07-07;REA;Actuadores;3140CA029;08:40;09:40;60;Maintenance;EOL;General;Scheduled maintenance;Mantenimiento jigs 6,1,2 limpieza del cilindro del jig y cambio de pines de control,,,,
2025-07-07;REA;Actuadores;3140CA029;14:05;14:06;1;Equipment Fault;Robots;R65;Motion supervision/Joint collision;Motion sup, sospecha de ser por la manguera y ajustes de los ultimos dias,,,,,
2025-07-07;REA;Actuadores;3140CA029;10:50;10:51;1;Equipment Fault;Robots;R65;Motion supervision/Joint collision;Motion sup, sospecha de ser por la manguera y ajustes de los ultimos dias,,,,,
2025-07-07;REA;Actuadores;3140CA029;14:02;14:55;53;Equipment Fault;USW;St14;Lower Jig;Rebaba, limpieza,,,,,
2025-07-07;REA;Actuadores;3140CA029;14:56;14:58;2;Maintenance;CHW;Consumables;Argon;Cambio de argon,,,,,,
2025-07-07;REA;Actuadores;3140CA029;15:25;15:26;1;Production;Conveyors;C37;Presence sensor;motor invertido,,,,,,
2025-07-07;REA;Actuadores;3140CA029;16:16;16:18;2;Equipment Fault;Robots;R33;Motion supervision/Joint collision;bloster dañado,,,,,,
2025-07-07;REA;Actuadores;3140CA029;17:40;17:46;6;Quality;CAW;CPA;Feeder;fallo señal free,,,,,,
2025-07-07;REA;Actuadores;3140CA029;17:10;17:13;3;Production;Conveyors;C37;Presence sensor;bliste deñado,,,,,,
2025-07-07;REA;Actuadores;3140CA029;17:23;17:27;4;Production;Conveyors;C37;Presence sensor;blister dañado,,,,,,
2025-07-07;REA;Actuadores;3140CA029;18:18;18:23;5;Maintenance;MAT;Consumables;Grease;cambio de grasa,,,,,,
2025-07-07;REA;Actuadores;3140CA029;18:29;18:30;1;Equipment Fault;Robots;R70;Vacuum system;vacuum tira gear,,,,,,
2025-07-07;REA;Actuadores;3140CA029;18:37;18:38;1;Equipment Fault;Robots;R70;Vacuum system;vacuum tira gear,,,,,,
2025-07-07;REA;Actuadores;3140CA029;18:40;18:50;10;Maintenance;CHW;Consumables;Chip reel;se cambia chip, se tomo mas del tiepo estimado y que no se contaba con stock en linia y se busco.,,,,,
2025-07-07;REA;Actuadores;3140CA029;19:08;19:10;2;Production;Conveyors;C31;Presence sensor;blister dañado,,,,,,
2025-07-07;REA;Actuadores;3140CA029;19:16;19:17;1;Equipment Fault;731;731;Presence sensor;pin chueco,,,,,,
2025-07-07;REA;Actuadores;3140CA029;19:00;19:05;5;Maintenance;REA;General;Checklist;checklist CAW, EOL,CHW,,,,
2025-07-07;REA;Actuadores;3140CA029;20:21;20:23;2;Equipment Fault;Robots;R70;Vacuum system;vacuum tira gear,,,,,,
2025-07-07;REA;Actuadores;3140CA029;20:37;20:39;2;Equipment Fault;Conveyors;C36;Presence sensor;piston no abre y se queda atorado pallet,,,,,,
2025-07-07;REA;Actuadores;3140CA029;21:15;21:17;2;Equipment Fault;Robots;R70;Vacuum system;tira gear,,,,,,
2025-07-07;REA;Actuadores;3140CA029;21:21;21:23;2;Equipment Fault;Conveyors;C36;Presence sensor;no abre sensor pallet atorado,,,,,,
2025-07-07;REA;Actuadores;3140CA029;21:54;21:55;1;Equipment Fault;Robots;R65;Vacuum system;no coloca gear en posicion,,,,,,
2025-07-07;REA;Actuadores;3140CA029;22:30;22:38;8;Maintenance;REA;General;Checklist;Checklist,,,,,,
2025-07-07;REA;Actuadores;3140CA029;22:28;22:43;15;Equipment Fault;Main conveyor;Main conveyor;Singulator NOK;Singulator falla al salir,,,,,,
2025-07-07;REA;Actuadores;3140CA029;23:20;23:26;6;Equipment Fault;CAW;Jig/Index;Index not in home;Fallo de insertar crank, se manda a home,,,,,
2025-07-08;REA;Actuadores;3140CA029;02:16;02:18;2;Maintenance;CHW;Consumables;Argon;Cambio de argon,,,,,,
2025-07-08;REA;Actuadores;3140CA029;03:15;03:21;6;Maintenance;CCC;Consumables;Resin;Cambio de resina,,,,,,
2025-07-08;REA;Actuadores;3140CA029;03:21;03:23;2;Equipment Fault;731;731;Bowl/Lineal feeder;Pim atorado en feeder,,,,,,
2025-07-08;REA;Actuadores;3140CA029;06:02;06:04;2;Equipment Fault;731;731;Bowl/Lineal feeder;pin atorado,,,,,,
2025-07-08;REA;Actuadores;3140CA029;06:14;06:18;4;Maintenance;CHW;St4;Pressor;Limpieza de pressor,,,,,,
2025-07-08;REA;Actuadores;3140CA029;06:20;06:22;2;Equipment Fault;731;731;Bowl/Lineal feeder;Pin atorado,,,,,,
2025-07-08;REA;Actuadores;3140CA029;06:30;06:32;2;Equipment Fault;USW;St14;Lower Jig;Se limpia jig por scrap consecutivo,,,,,,
2025-07-07;REA;Actuadores;3140CA029;07:00;07:10;10;Maintenance;REA;General;Checklist;diario,,,,,,
2025-07-07;REA;Actuadores;3140CA029;07:10;07:35;25;Maintenance;Main conveyor;General;TBD;Orlando/Tadeo prueban cambio de posicion sensor (reducir tiempo?), no impacta en secuencia, pendiente revisar logica,,,,
2025-07-07;REA;Actuadores;3140CA029;07:37;07:39;2;Quality;REA;General;Test approval;Calidad solicita otro burst test para verificar,,,,,,
2025-07-08;REA;Actuadores;3140CA029;08:30;08:32;2;Equipment Fault;Robots;R33;Motion supervision/Joint collision;blister encimado no cerro lock de conveyor,,,,,,
2025-07-08;REA;Actuadores;3140CA029;09:42;09:45;3;Equipment Fault;EOL;St4;CRIO NOK;Crio power supply NOK, reiniciar fuente,,,,,
2025-07-08;REA;Actuadores;3140CA029;10:30;10:31;1;Equipment Fault;EOL;General;Software/PC;alarma i/o module,,,,,,
2025-07-08;REA;Actuadores;3140CA029;10:33;10:34;1;Equipment Fault;731;731;Feed piston;pin inclinado,,,,,,
2025-07-08;REA;Actuadores;3140CA029;10:41;10:47;6;Maintenance;REA;General;Checklist;Estimado 500 por paro CAW, se realiza completo, pendiente cambio chip, NO EOL por paros anteriores,,,
2025-07-08;REA;Actuadores;3140CA029;11:44;11:46;2;Maintenance;CHW;Consumables;Chip reel;cambio de chip,,,,,,
2025-07-08;REA;Actuadores;3140CA029;13:20;13:25;5;Equipment Fault;EOL;St3;Gripper NOK;5 scraps aprox, calibrar gripper,,,,,
2025-07-08;REA;Actuadores;3140CA029;14:31;14:32;1;Equipment Fault;731;731;Feed piston;pin inclinado,,,,,,
2025-07-08;REA;Actuadores;3140CA029;14:44;14:45;1;Equipment Fault;Main conveyor;Main conveyor;Singulator NOK;pallet atorado por singulator,,,,,,
2025-07-08;REA;Actuadores;3140CA029;15:27;15:29;2;Equipment Fault;Conveyors;C36;Presence sensor;piston no abre pallet atorado,,,,,,
2025-07-08;REA;Actuadores;3140CA029;15:50;15:51;1;Equipment Fault;Robots;R70;Vacuum system;vacuum tira gear,,,,,,
2025-07-08;REA;Actuadores;3140CA029;16:35;16:46;11;Equipment Fault;Aux;805;Presence sensor;se queda en espera y choca con R65,,,,,,
2025-07-08;REA;Actuadores;3140CA029;16:52;16:56;4;Maintenance;REA;General;Scheduled maintenance;se alarma compresor por bajon de luz,,,,,,
2025-07-08;REA;Actuadores;3140CA029;17:10;17:12;2;Equipment Fault;750;750;Feed piston;se queda atorada la pieza,,,,,,
2025-07-08;REA;Actuadores;3140CA029;19:19;19:21;2;Equipment Fault;Robots;R65;Motion supervision/Joint collision;no avanza y se cae gear,,,,,,
2025-07-08;REA;Actuadores;3140CA029;20:10;20:22;12;Equipment Fault;CCC;General;PLC ;se sale de app y no avanza,,,,,,
2025-07-08;REA;Actuadores;3140CA029;19:30;19:35;5;Maintenance;REA;General;Checklist;checklist CAW,EOL,CHW,,,,
2025-07-08;REA;Actuadores;3140CA029;20:31;20:34;3;Maintenance;MAT;Consumables;Grease;cambio de grasa,,,,,,
2025-07-08;REA;Actuadores;3140CA029;20:46;20:48;2;Equipment Fault;Conveyors;C36;Presence sensor;piston no abre pallet atorado,,,,,,
2025-07-08;REA;Actuadores;3140CA029;20:52;20:54;2;Production;MAT;St3;Feeder;se queda sin tornillo feeder,,,,,,
2025-07-08;REA;Actuadores;3140CA029;21:12;21:14;2;Equipment Fault;Conveyors;C65;Presence sensor;blister atorado,,,,,,
2025-07-08;REA;Actuadores;3140CA029;21:20;21:21;1;Quality;731;731;Presence sensor;pin chueco,,,,,,
2025-07-08;REA;Actuadores;3140CA029;21:24;21:34;10;Equipment Fault;CAW;CPA;SCARA;falla de señal de area segura robot,,,,,,
2025-07-08;REA;Actuadores;3140CA029;21:58;22:00;2;Equipment Fault;750;750;Feed piston;se queda abajo atorado en pieza,,,,,,
2025-07-08;REA;Actuadores;3140CA029;22:00;22:02;2;Quality;Robots;R65;Vacuum system;vacuum, no deja gear,,,,,
2025-07-08;REA;Actuadores;3140CA029;22:12;22:15;3;Equipment Fault;731;731;Feed piston;pallets atorados,,,,,,
2025-07-08;REA;Actuadores;3140CA029;22:30;22:35;5;Equipment Fault;731;731;Bowl/Lineal feeder;Piston del feeder salio con la prensa aun abajo, golpeando y dañando la fibra del sensor de presencia,,,,,
2025-07-08;REA;Actuadores;3140CA029;22:35;22:43;8;Maintenance;REA;General;Checklist;Checklist,,,,,,
2025-07-08;REA;Actuadores;3140CA029;23:27;23:30;3;Equipment Fault;731;General;PLC ;Nuevamente piston del feeder sale con la prensa aun abajo y golpea,,,,,,
2025-07-08;REA;Actuadores;3140CA029;23:24;23:29;5;Production;REA;General;No staff;Falla menor (vaccum) en REA. Tecnico atendiendo en actuador, ingeniero atendiendo en moldeo. No se reporta que la linea esta en paro y no se atienda hasta que se regresa de la otra intervencion,,,,,
2025-07-09;REA;Actuadores;3140CA029;02:26;02:28;2;Equipment Fault;Robots;R65;Motion supervision/Joint collision;Motion supervision,,,,,,
2025-07-09;REA;Actuadores;3140CA029;02:42;02:44;2;Equipment Fault;USW;St14;Lower Jig;Se limpia jig por acumulacion de rebaba,,,,,,
2025-07-09;REA;Actuadores;3140CA029;03:03;03:05;2;Equipment Fault;Conveyors;C37;TBD;Blister de motor se regresan,,,,,,
2025-07-09;REA;Actuadores;3140CA029;03:24;03:28;4;Equipment Fault;USW;St14;Lower Jig;Se revisa jig por scrap consecutivo,,,,,,
2025-07-09;REA;Actuadores;3140CA029;03:30;03:32;2;Equipment Fault;Robots;R65;Motion supervision/Joint collision;Motion supervision por manguera,,,,,,
2025-07-09;REA;Actuadores;3140CA029;04:29;04:33;4;Equipment Fault;731;731;Bowl/Lineal feeder;Choca con feed piston,,,,,,
2025-07-09;REA;Actuadores;3140CA029;04:39;04:46;7;Maintenance;CHW;Consumables;Chip reel;Cambio de chip,,,,,,
2025-07-09;REA;Actuadores;3140CA029;04:50;04:54;4;Equipment Fault;Conveyors;C37;Presence sensor;Sensor no detectaba blister,,,,,,
2025-07-09;REA;Actuadores;3140CA029;05:05;05:08;3;Equipment Fault;Conveyors;C37;Presence sensor;Sensor no detecta el blister por quebrado,,,,,,
2025-07-09;REA;Actuadores;3140CA029;05:19;05:22;3;Equipment Fault;Robots;R70;Vacuum system;Cambio de ventosas,,,,,,
2025-07-09;REA;Actuadores;3140CA029;06:15;06:18;3;Maintenance;CHW;St4;Pressor;Se hace limpia de pressor,,,,,,
2025-07-09;REA;Actuadores;3140CA029;06:20;06:23;3;Equipment Fault;Main conveyor;Main conveyor;Inductive sensor;Sensor no detecta pallet, no continua secuencia,,,,,
2025-07-09;REA;Actuadores;3140CA029;06:24;06:26;2;Equipment Fault;Robots;R65;Motion supervision/Joint collision;Motion supervision por manguera,,,,,,
2025-07-09;REA;Actuadores;3140CA029;06:53;06:55;2;Equipment Fault;Conveyors;C31;Presence sensor;Sensor no detecta blister porque venia danado,,,,,,
2025-07-09;REA;Actuadores;3140CA029;07:00;07:20;20;Maintenance;REA;General;Checklist;checklist en estaciones CAW, USW, CHW, servicio extractor de humo antichispas,,,
2025-07-09;REA;Actuadores;3140CA029;07:25;07:26;1;Equipment Fault;731;731;Feed piston;pin inclinado,,,,,,
2025-07-09;REA;Actuadores;3140CA029;07:27;07:28;1;Maintenance;731;General;Electrical system;guia de cable suelta, se reparo,,,,,
2025-07-09;REA;Actuadores;3140CA029;07:40;07:45;5;Equipment Fault;USW;St11;Weld NOK;cambio de cinta en jig por mal soldadura y pruebas de burst test,,,,,,
2025-07-09;REA;Actuadores;3140CA029;09:44;09:47;3;Production;Conveyors;General;Empty conveyor/feeder;Se vacian conveyors,,,,,,
2025-07-09;REA;Actuadores;3140CA029;09:50;09:55;5;Quality;Conveyors;General;Blister NOK/Wrong PN;Blister dañado, magnet shafts fuera de posicion,  ms atorado en jig de msa causa colision,,,,
2025-07-09;REA;Actuadores;3140CA029;13:50;13:52;2;Equipment Fault;Conveyors;C31;Presence sensor;sensor no detecto por blister dañado,,,,,,
2025-07-09;REA;Actuadores;3140CA029;14:42;14:43;1;Production;Conveyors;C31;TBD;Blisters acumulados rapmpa inferior,,,,,,
2025-07-09;REA;Actuadores;3140CA029;13:15;13:20;5;Equipment Fault;EOL;St3;Gripper NOK;Scraps, calibracion gripper,,,,,
2025-07-09;REA;Actuadores;3140CA029;13:23;13:25;2;Equipment Fault;Main conveyor;Main conveyor;Singulator NOK;Pallet atorado con singulator,,,,,,
2025-07-09;REA;Actuadores;3140CA029;13:25;13:35;10;Equipment Fault;CAW;General;Software/PC;No continua ciclo por falta de memoria, comenzar back ups, pendiente upgrade,,,,
2025-07-09;REA;Actuadores;3140CA029;11:01;11:05;4;Production;MAT;St3;Feeder;Falta de material,,,,,,
2025-07-09;REA;Actuadores;3140CA029;11:05;11:15;10;Material/Logistics;CAW;CPA;Feeder;Falta de material, no disponible en area, operador no surte, operador provisional,,,
2025-07-09;REA;Actuadores;3140CA029;11:15;11:20;5;Maintenance;CCC;Consumables;Resin;Cambio de resina,,,,,,
2025-07-09;REA;Actuadores;3140CA029;11:20;11:55;35;Quality;CHW;St4;Pressor;FOD, pedazo de plastico cristalino en cover, causa covers soldados sospechozos, se vacian de pallets y CCC, se cambian puntas por residuos,,
2025-07-08;REA;Actuadores;3140CA029;09:11;09:15;4;Equipment Fault;EOL;St4;CRIO NOK;Falla crio impacta en st2 y st4, anterior a esta falla se confirma ya se habia reiniciado NI app, se volvio a reiniciar para poder restablecer,,,,
2025-07-08;REA;Actuadores;3140CA029;07:00;07:10;10;Maintenance;REA;General;Checklist;Diario,,,,,,
2025-07-09;REA;Actuadores;3140CA029;15:17;15:19;2;Equipment Fault;Conveyors;C36;Presence sensor;no abre piston, pallet atorado,,,,,
2025-07-09;REA;Actuadores;3140CA029;15:25;15:27;2;Equipment Fault;Main conveyor;Main conveyor;Lock NOK;pallet atorado,,,,,,
2025-07-09;REA;Actuadores;3140CA029;15:48;15:50;2;Production;730;730;Bowl/Lineal feeder;vibro press sin material,,,,,,
2025-07-09;REA;Actuadores;3140CA029;15:57;16:02;5;Equipment Fault;CAW;CPA;Feeder;crank invertido,,,,,,
2025-07-09;REA;Actuadores;3140CA029;16:06;16:08;2;Equipment Fault;Robots;R70;Vacuum system;no agarra gear,,,,,,
2025-07-09;REA;Actuadores;3140CA029;16:14;16:15;1;Equipment Fault;Robots;R65;Vacuum system;se cae gear,,,,,,
2025-07-09;REA;Actuadores;3140CA029;16:17;16:18;1;Equipment Fault;750;750;Tool ;lock nok,,,,,,
2025-07-09;REA;Actuadores;3140CA029;16:30;16:35;5;Maintenance;MAT;Consumables;Grease;cambio de grasa,,,,,,
2025-07-09;REA;Actuadores;3140CA029;16:57;17:00;3;Equipment Fault;Robots;R65;Motion supervision/Joint collision;falla no detecta gear,,,,,,
2025-07-09;REA;Actuadores;3140CA029;16:40;16:45;5;Maintenance;Robots;R70;Vacuum system;cambio de ventosas,,,,,,
2025-07-09;REA;Actuadores;3140CA029;17:16;17:20;4;Equipment Fault;Main conveyor;Main conveyor;RFID Reader;falla RFID zona 750,,,,,,
2025-07-09;REA;Actuadores;3140CA029;17:24;17:27;3;Equipment Fault;Conveyors;C37;Presence sensor;blister atorado,,,,,,
2025-07-09;REA;Actuadores;3140CA029;17:37;17:40;3;Equipment Fault;Robots;R65;Motion supervision/Joint collision;no avanza no deja gear,,,,,,
2025-07-09;REA;Actuadores;3140CA029;17:51;17:53;2;Equipment Fault;Robots;R70;Gripper/tool adjustments;vacuum off,,,,,,
2025-07-09;REA;Actuadores;3140CA029;17:57;18:00;3;Maintenance;CHW;Consumables;Argon;cambio de argon,,,,,,
2025-07-09;REA;Actuadores;3140CA029;18:00;18:02;2;Equipment Fault;Conveyors;C55;Belt;blister atorado,,,,,,
2025-07-09;REA;Actuadores;3140CA029;18:03;18:06;3;Equipment Fault;CAW;Jig/Index;Ingun actuator;ingun st3 falla,,,,,,
2025-07-09;REA;Actuadores;3140CA029;18:07;18:08;1;Equipment Fault;Robots;R80;Gripper/tool adjustments;gripper 1 no abre,,,,,,
2025-07-09;REA;Actuadores;3140CA029;18:11;18:13;2;Equipment Fault;620;620;Feed piston;press sde. piston,,,,,,
2025-07-09;REA;Actuadores;3140CA029;18:33;18:35;2;Production;Conveyors;C37;Presence sensor;blister dañado,,,,,,
2025-07-09;REA;Actuadores;3140CA029;18:42;18:45;3;Equipment Fault;731;731;Presence sensor;pin chueco,,,,,,
2025-07-09;REA;Actuadores;3140CA029;18:56;18:59;3;Equipment Fault;731;731;Presence sensor;pin chueco,,,,,,
2025-07-09;REA;Actuadores;3140CA029;19:00;19:10;10;Maintenance;REA;General;Checklist;checklist diario,,,,,,
2025-07-09;REA;Actuadores;3140CA029;21:00;21:03;3;Equipment Fault;731;731;Presence sensor;pin chueco,,,,,,
2025-07-09;REA;Actuadores;3140CA029;21:14;21:17;3;Equipment Fault;Robots;R65;Motion supervision/Joint collision;no deje gear,,,,,,
2025-07-09;REA;Actuadores;3140CA029;21:22;21:25;3;Equipment Fault;Robots;R33;Motion supervision/Joint collision;falla gripper,,,,,,
2025-07-09;REA;Actuadores;3140CA029;22:30;22:38;8;Maintenance;REA;General;Checklist;Checklist,,,,,,
2025-07-09;REA;Actuadores;3140CA029;22:42;22:46;4;Production;Robots;R65;Motion supervision/Joint collision;Robot colisiona al tomar gear por mal acomodo de gear,,,,,,
2025-07-10;REA;Actuadores;3140CA029;00:15;00:19;4;Equipment Fault;EOL;St3;Gripper NOK;Error signal,,,,,,
2025-07-10;REA;Actuadores;3140CA029;00:34;00:37;3;Equipment Fault;Robots;R65;Motion supervision/Joint collision;Motion supervision,,,,,,
2025-07-10;REA;Actuadores;3140CA029;02:40;02:42;2;Equipment Fault;Robots;R65;Motion supervision/Joint collision;Motion supervision por manguera,,,,,,
2025-07-10;REA;Actuadores;3140CA029;02:48;02:50;2;Equipment Fault;Robots;R75;Gripper/tool adjustments;No abre correctamente el gripper,,,,,,
2025-07-10;REA;Actuadores;3140CA029;03:03;03:10;7;Maintenance;REA;General;Checklist;Checklist,,,,,,
2025-07-10;REA;Actuadores;3140CA029;03:19;03:21;2;Equipment Fault;Robots;R75;Motion supervision/Joint collision;Robot colisiona al poner cover,,,,,,
2025-07-10;REA;Actuadores;3140CA029;05:39;07:00;81;Equipment Fault;CAW;General;Software/PC;CAW no continua ciclo y falla de comunicacion entre aplicaciones, se reinicia y se vacia memoria interna,,,,,
2025-07-10;REA;Actuadores;3140CA029;07:00;13:30;390;Equipment Fault;CAW;General;Software/PC;Aplicaciones dejan de funcionar, archivos de configuración corrompidos, se recibe soporte exagon,,,,
2025-07-10;REA;Actuadores;3140CA029;13:30;15:00;90;Quality;REA;General;SOP;En espera de liberacion despues de paro mayor por archivos corrompidos en CAW, se actualizan param de offset y sv, camara se cambia de posicion,,,,
2025-07-10;REA;Actuadores;3140CA029;15:00;16:00;60;Quality;CAW;LWS;NOK Condition;Liberacion calidad,,,,,,
2025-07-10;REA;Actuadores;3140CA029;16:00;16:03;3;Equipment Fault;Robots;R70;Vacuum system;Se cae gear,,,,,,
2025-07-10;REA;Actuadores;3140CA029;16:09;16:11;2;Equipment Fault;Robots;R70;Vacuum system;Vacuum off,,,,,,
2025-07-10;REA;Actuadores;3140CA029;16:13;16:15;2;Equipment Fault;Robots;R70;Vacuum system;Se cae gear,,,,,,
2025-07-10;REA;Actuadores;3140CA029;16:27;16:37;10;Maintenance;CAW;LSW;Vision system;Alto scrap,,,,,,
2025-07-10;REA;Actuadores;3140CA029;16:55;16:58;3;Equipment Fault;CAW;LSW;Vision system;Alto scrap,,,,,,
2025-07-10;REA;Actuadores;3140CA029;16:58;17:00;2;Maintenance;USW;St14;Lower Jig;Cambio de goma,,,,,,
2025-07-10;REA;Actuadores;3140CA029;17:10;17:20;10;Equipment Fault;CAW;LSW;Vision system;Ajuste SV - Autorizacion Orlando,,,,,,
2025-07-10;REA;Actuadores;3140CA029;22:30;22:09;-21;Maintenance;REA;General;Checklist;Checklist, cambio goma USW,,,,,
2025-07-10;REA;Actuadores;3140CA029;00:02;00:04;2;Equipment Fault;Main conveyor;Main conveyor;Inductive sensor;Sensor no detectaba pallet,,,,,,
2025-07-10;REA;Actuadores;3140CA029;00:31;00:33;2;Equipment Fault;Robots;R70;Vacuum system;Vacuum off,,,,,,
2025-07-10;REA;Actuadores;3140CA029;00:33;00:36;3;Equipment Fault;USW;St14;Lower Jig;Se limpia jig por rebaba acumulada,,,,,,
2025-07-10;REA;Actuadores;3140CA029;00:39;00:42;3;Equipment Fault;Robots;R70;Vacuum system;Vacuum off,,,,,,
2025-07-11;REA;Actuadores;3140CA029;00:39;00:42;3;Equipment Fault;Robots;R70;Vacuum system;Vacuum off,,,,,,
2025-07-11;REA;Actuadores;3140CA029;00:46;00:50;4;Equipment Fault;Robots;R70;Vacuum system;Se cambian ventosas por falla constante al poner gear,,,,,,
2025-07-11;REA;Actuadores;3140CA029;00:53;00:55;2;Equipment Fault;Robots;R65;Motion supervision/Joint collision;Motion supervision,,,,,,
2025-07-11;REA;Actuadores;3140CA029;00:57;00:59;2;Equipment Fault;USW;St14;Lower Jig;Se revisa jig por scrap consecutivo,,,,,,
2025-07-11;REA;Actuadores;3140CA029;01:42;01:44;2;Equipment Fault;USW;St14;Lower Jig;Limpieza por scrap alto,,,,,,
2025-07-11;REA;Actuadores;3140CA029;01:04;01:06;2;Equipment Fault;731;731;Vacuum;No alimento correctamente el pin al feed piston,,,,,,
2025-07-11;REA;Actuadores;3140CA029;01:14;01:16;2;Production;Conveyors;General;TBD;Blister en la parte inferior del conveyor evita que alimente el siguiente blister,,,,,,
2025-07-11;REA;Actuadores;3140CA029;02:27;02:29;2;Production;730;730;Bowl/Lineal feeder;Falta de material,,,,,,
2025-07-11;REA;Actuadores;3140CA029;02:31;02:33;2;Equipment Fault;USW;St14;Lower Jig;Se revisa jig por scrap consecutivo,,,,,,
2025-07-11;REA;Actuadores;3140CA029;02:33;02:35;2;Equipment Fault;731;731;Bowl/Lineal feeder;No llega pin a lineal feeder, se reinicia ciclo en hmi,,,,,
2025-07-11;REA;Actuadores;3140CA029;02:35;02:37;2;Equipment Fault;Robots;R38;Safety system;Al arrancar linea, robot controlador no enciende motor, se pdrende manual,,,,
2025-07-11;REA;Actuadores;3140CA029;02:43;02:45;2;Equipment Fault;Robots;R65;Motion supervision/Joint collision;Motion supervision por manguera,,,,,,
2025-07-11;REA;Actuadores;3140CA029;03:18;03:26;8;Equipment Fault;USW;St11;Weld NOK;Scrap consecutivo,,,,,,
2025-07-11;REA;Actuadores;3140CA027;04:30;07:00;150;Maintenance;REA;General;Change Over;Vaciado, SETUP, llenar secuencia, SOP,,,
2025-07-11;REA;Actuadores;3140CA027;03:40;03:55;15;Equipment Fault;USW;St11;Weld NOK;Scrap muy alto,,,,,,
2025-07-11;COVER LINE;Line 1;FORD;14:43;14:45;2;Maintenance;ST10 Conveyor;General;Test approval;test,,,,,,
2025-07-10;REA;Actuadores;3140CA027;07:00;14:00;420;Equipment Fault;CAW;LSW;Vision system;Falla offset camara, posicion nok, soldadura descentrada por offset de camara, debugging tardado, multiples muestras, se corrigio al acomodar camara, ajustar mesa y herramientas de sistema de vision
2025-07-10;REA;Actuadores;3140CA027;14:00;15:00;60;Quality;REA;General;Change Over;Esperando liberacion stellantis 27,,,,,,
2025-07-11;REA;Actuadores;3140CA029;15:00;17:15;135;Quality;REA;General;SOP;liberacion,,,,,,
2025-07-11;REA;Actuadores;3140CA029;17:22;17:24;2;Maintenance;EOL;St3;Gripper NOK;ajuste st3,,,,,,
2025-07-11;REA;Actuadores;3140CA029;17:27;17:30;3;Production;EOL;St3;Gripper NOK;ajuste st3,,,,,,
2025-07-11;REA;Actuadores;3140CA029;17:57;18:00;3;Equipment Fault;Robots;R70;Motion supervision/Joint collision;se queda insrtando gear,,,,,,
2025-07-11;REA;Actuadores;3140CA029;18:21;18:23;2;Equipment Fault;Conveyors;C36;Presence sensor;pallet atorado,,,,,,
2025-07-11;REA;Actuadores;3140CA029;18:38;18:40;2;Quality;731;731;Presence sensor;pin chueco,,,,,,
2025-07-11;REA;Actuadores;3140CA029;18:51;18:53;2;Maintenance;CHW;St4;Pressor;cambio de pines,,,,,,
2025-07-11;REA;Actuadores;3140CA029;19:48;19:51;3;Equipment Fault;Main conveyor;Main conveyor;Lock NOK;se queda pallet atorado,,,,,,
2025-07-11;REA;Actuadores;3140CA029;20:06;20:08;2;Production;Conveyors;C31;Presence sensor;blister en mal estado,,,,,,
2025-07-11;REA;Actuadores;3140CA029;20:17;20:19;2;Production;Conveyors;C31;Presence sensor;blister dañado y se atora en piston,,,,,,
2025-07-11;REA;Actuadores;3140CA029;20:55;21:00;5;Maintenance;REA;General;Checklist;checklist diario,,,,,,
2025-07-11;REA;Actuadores;3140CA029;21:02;21:05;3;Equipment Fault;Robots;R80;Gripper/tool adjustments;gripper 1 NOK,,,,,,
2025-07-11;REA;Actuadores;3140CA029;21:35;21:40;5;Maintenance;CHW;Consumables;Chip reel;cambio de chip,,,,,,
2025-07-11;REA;Actuadores;3140CA029;22:30;22:39;9;Equipment Fault;REA;General;Checklist;Checklist,,,,,,
2025-07-11;REA;Actuadores;3140CA029;22:40;22:42;2;Equipment Fault;Robots;R75;Gripper/tool adjustments;Gripper 1 no abre correctamente,,,,,,
2025-07-11;REA;Actuadores;3140CA029;23:04;23:09;5;Quality;MAT;General;Scrapbox full;Scrap box full,,,,,,
2025-07-11;REA;Actuadores;3140CA029;23:11;23:13;2;Equipment Fault;Main conveyor;Main conveyor;Lock NOK;Pallet atorado por locking,,,,,,
2025-07-11;REA;Actuadores;3140CA029;23:18;23:21;3;Equipment Fault;EOL;St2;Gripper NOK;St 2 overload,,,,,,
2025-07-11;REA;Actuadores;3140CA029;23:21;23:25;4;Production;CHW;General;NOK material;Material mezclado stellantis con ford,,,,,,
2025-07-11;REA;Actuadores;3140CA029;00:32;00:35;3;Maintenance;CHW;Consumables;Chip reel;Cambio de argon,,,,,,
2025-07-12;REA;Actuadores;3140CA027;01:14;01:16;2;Maintenance;MAT;Consumables;Grease;Cambio grasa,,,,,,
2025-07-12;REA;Actuadores;3140CA029;02:44;02:51;7;Equipment Fault;USW;St14;Lower Jig;Se revisa actuador por altp scrap consecutivo,,,,,,
2025-07-12;REA;Actuadores;3140CA029;05:02;05:07;5;Quality;MAT;General;Scrapbox full;Scrap full box,,,,,,
2025-07-12;REA;Actuadores;3140CA029;05:08;05:13;5;Equipment Fault;CAW;CPA;Feeder;Crank atorado,,,,,,
2025-07-12;REA;Actuadores;3140CA029;04:48;04:51;3;Equipment Fault;Robots;R65;Motion supervision/Joint collision;Robot colisiona con estacion 805 al voltear gear,,,,,,
2025-07-12;REA;Actuadores;3140CA027;07:00;07:10;10;Maintenance;REA;General;Checklist;diario,,,,,,
2025-07-12;REA;Actuadores;3140CA027;07:10;07:42;32;Equipment Fault;CHW;St4;Pressor;Soldadura nok, scraps continuos, ajuste y mantenimiento,,,,
2025-07-12;REA;Actuadores;3140CA027;09:00;09:07;7;Equipment Fault;USW;St14;Lower Jig;Scraps por rebaba, limpieza con aspiradora del area,,,,,
2025-07-12;REA;Actuadores;3140CA027;10:30;11:10;40;Equipment Fault;MAT;St3;Feeder;Tornillos atorados en feeder de intoco causan se acumulen tornillos en screwdriver, scraps continuos, manguera de tornillos estaba en posicion NOK, se revisa cilindro de alimentador,,,
2025-07-12;REA;Actuadores;3140CA027;14:10;14:14;4;Production;Conveyors;General;Blister NOK/Wrong PN;Blisters con motor volteado,,,,,,
2025-07-12;REA;Actuadores;3140CA027;13:30;13:35;5;Maintenance;REA;General;Checklist;mantenimiento,,,,,,
2025-07-14;REA;Actuadores;3140CA028;07:00;09:10;130;Maintenance;REA;General;Change Over;Set up EOL y CAW de stell 27 a stell 28,,,,,,
2025-07-14;REA;Actuadores;3140CA028;09:10;11:17;127;Quality;REA;General;Change Over;Esperando liberacion,,,,,,
2025-07-14;REA;Actuadores;3140CA028;11:40;11:47;7;Equipment Fault;CHW;St4;Pressor;Scraps, mantenimiento, limpieza y ajuste de puntos samlight,,,,
2025-07-14;REA;Actuadores;3140CA028;12:31;12:34;3;Quality;CHW;General;Scrapbox full;esperando vaciado,,,,,,
2025-07-14;REA;Actuadores;3140CA028;11:47;11:49;2;Production;Conveyors;General;NOK material;motores mal acomodados,,,,,,
2025-07-14;REA;Actuadores;3140CA028;12:05;12:10;5;Equipment Fault;EOL;St3;Gripper NOK;Scraps, calibracion, choca con harstop, las marca como bloqueadas cuando no,,,
2025-07-14;REA;Actuadores;3140CA028;13:00;13:04;4;Equipment Fault;Main conveyor;Main conveyor;Inductive sensor;en prensa 620 no cierra locking, esperando señal,,,,,
2025-07-14;REA;Actuadores;3140CA028;13:38;13:39;1;Equipment Fault;Main conveyor;Main conveyor;Singulator NOK;pallet atorado por singulator,,,,,,
2025-07-14;REA;Actuadores;3140CA028;13:40;13:42;2;Equipment Fault;USW;St11;Weld NOK;cambio de cinta a jig y limpieza a st 14,,,,,,
2025-07-14;REA;Actuadores;3140CA028;13:45;13:46;1;Equipment Fault;731;731;Feed piston;pin inclinado,,,,,,
2025-07-14;REA;Actuadores;3140CA028;14:35;14:42;7;Equipment Fault;Main conveyor;Main conveyor;Belt;Guias nok, pallet chueco se atora al cerrar locking,,,,,
2025-07-14;REA;Actuadores;3140CA028;14:22;14:23;1;Equipment Fault;Main conveyor;Main conveyor;Lock NOK;locking no entro en pallet,,,,,,
2025-07-12;REA;Actuadores;3140CA027;22:20;22:21;1;Equipment Fault;Main conveyor;Main conveyor;Belt;pallet atorado st620,,,,,,
2025-07-14;REA;Actuadores;3140CA028;15:08;15:10;2;Equipment Fault;Conveyors;C85;Presence sensor;blister atorado piston no sebe.,,,,,,
2025-07-12;REA;Actuadores;3140CA027;22:15;22:17;2;Quality;Main conveyor;Main conveyor;Lock NOK;pallet atorado,,,,,,
2025-07-12;REA;Actuadores;3140CA027;22:13;22:15;2;Equipment Fault;Main conveyor;Main conveyor;Lock NOK;pallet atorado lock 620,,,,,,
2025-07-12;REA;Actuadores;3140CA027;21:55;21:58;3;Maintenance;CHW;St4;Pressor;limpieza pines,,,,,,
2025-07-12;REA;Actuadores;3140CA027;21:25;21:26;1;Equipment Fault;Robots;R38;Motion supervision/Joint collision;robot off,,,,,,
2025-07-12;REA;Actuadores;3140CA027;21:22;21:24;2;Maintenance;Main conveyor;Main conveyor;Lock NOK;ajuste locking 620,,,,,,
2025-07-12;REA;Actuadores;3140CA027;21:16;21:17;1;Equipment Fault;Main conveyor;Main conveyor;Singulator NOK;pallet atorado,,,,,,
2025-07-12;REA;Actuadores;3140CA027;21:14;21:15;1;Equipment Fault;Main conveyor;Main conveyor;Singulator NOK;pallet atorado,,,,,,
2025-07-12;REA;Actuadores;3140CA027;21:12;21:13;1;Equipment Fault;Main conveyor;Main conveyor;Singulator NOK;no avanza pallet,,,,,,
2025-07-12;REA;Actuadores;3140CA027;21:07;21:09;2;Equipment Fault;Main conveyor;Main conveyor;Lock NOK;fallo de lock nok,,,,,,
2025-07-12;REA;Actuadores;3140CA027;21:00;21:03;3;Maintenance;Main conveyor;Main conveyor;Lock NOK;ajuste locking 620,,,,,,
2025-07-12;REA;Actuadores;3140CA027;20:56;20:57;1;Equipment Fault;Main conveyor;Main conveyor;Lock NOK;pallet atorado,,,,,,
2025-07-12;REA;Actuadores;3140CA027;20:53;20:55;2;Equipment Fault;Main conveyor;Main conveyor;Lock NOK;fallo locok pallet no avanza,,,,,,
2025-07-12;REA;Actuadores;3140CA027;20:51;20:53;2;Equipment Fault;731;731;Presence sensor;doble pin,,,,,,
2025-07-12;REA;Actuadores;3140CA027;20:49;20:51;2;Equipment Fault;Main conveyor;Main conveyor;Lock NOK;falla lock,,,,,,
2025-07-12;REA;Actuadores;3140CA027;20:47;20:49;2;Quality;Robots;R80;Gripper/tool adjustments;gipper 1 no abre,,,,,,
2025-07-12;REA;Actuadores;3140CA027;20:36;20:39;3;Equipment Fault;Robots;R80;Gripper/tool adjustments;gripper 1 no abre,,,,,,
2025-07-12;REA;Actuadores;3140CA027;20:30;20:33;3;Equipment Fault;Main conveyor;Main conveyor;Lock NOK;pallet atorado,,,,,,
2025-07-12;REA;Actuadores;3140CA027;20:25;20:27;2;Equipment Fault;Main conveyor;Main conveyor;Lock NOK;pallet atorado,,,,,,
2025-07-12;REA;Actuadores;3140CA027;20:16;20:18;2;Equipment Fault;Main conveyor;Main conveyor;Lock NOK;pallet atorado,,,,,,
2025-07-12;REA;Actuadores;3140CA027;20:09;20:15;6;Maintenance;CHW;St4;Pressor;cambio de pines,,,,,,
2025-07-12;REA;Actuadores;3140CA027;19:49;19:50;1;Equipment Fault;Main conveyor;Main conveyor;Lock NOK;falla no avanza pallet,,,,,,
2025-07-12;REA;Actuadores;3140CA027;19:45;19:48;3;Equipment Fault;CHW;St2;Vacuum system;st2 falla doblo chip,,,,,,
2025-07-12;REA;Actuadores;3140CA027;19:40;19:42;2;Equipment Fault;Robots;R38;Motion supervision/Joint collision;robot off,,,,,,
2025-07-12;REA;Actuadores;3140CA027;19:33;19:36;3;Equipment Fault;Main conveyor;Main conveyor;Singulator NOK;no avanza pallet,,,,,,
2025-07-12;REA;Actuadores;3140CA027;19:18;19:22;4;Equipment Fault;Robots;R65;Motion supervision/Joint collision; no avanza se queda esperendo señal,,,,,,
2025-07-12;REA;Actuadores;3140CA027;18:35;18:45;10;Maintenance;REA;General;Checklist;checklist diario CAW,EOL,CHW,,,,
2025-07-12;REA;Actuadores;3140CA027;18:06;18:08;2;Equipment Fault;Main conveyor;Main conveyor;Singulator NOK;pallet atorado,,,,,,
2025-07-12;REA;Actuadores;3140CA027;18:04;18:05;1;Equipment Fault;Robots;R65;Vacuum system;no deja gear,,,,,,
2025-07-12;REA;Actuadores;3140CA027;17:48;17:50;2;Equipment Fault;Main conveyor;Main conveyor;Singulator NOK;pallet atorado,,,,,,
2025-07-12;REA;Actuadores;3140CA027;17:34;17:36;2;Equipment Fault;Main conveyor;Main conveyor;Lock NOK;fallo de lock nok,,,,,,
2025-07-12;REA;Actuadores;3140CA027;17:26;17:28;2;Equipment Fault;Main conveyor;Main conveyor;Singulator NOK;pallet atorado,,,,,,
2025-07-12;REA;Actuadores;3140CA027;17:17;17:22;5;Equipment Fault;Main conveyor;Main conveyor;Lock NOK;falla locking,,,,,,
2025-07-12;REA;Actuadores;3140CA027;16:57;16:58;1;Equipment Fault;Main conveyor;Main conveyor;Lock NOK;se queda esperando señal,,,,,,
2025-07-12;REA;Actuadores;3140CA027;16:50;16:51;1;Equipment Fault;Robots;R65;Vacuum system;R65 no deja gear, se queda esperando señal,,,,,
2025-07-12;REA;Actuadores;3140CA027;16:47;16:49;2;Equipment Fault;Main conveyor;Main conveyor;Lock NOK;locking no abre y pallet no avanza,,,,,,
2025-07-12;REA;Actuadores;3140CA027;16:40;16:42;2;Equipment Fault;Conveyors;C36;Presence sensor;pallet se atora,,,,,,
2025-07-12;REA;Actuadores;3140CA027;16:10;16:15;5;Maintenance;CHW;Consumables;Chip reel;cambio de chip,,,,,,
2025-07-12;REA;Actuadores;3140CA027;15:20;15:22;2;Equipment Fault;620;620;Feed piston;piston se queda abajo,,,,,,
2025-07-12;REA;Actuadores;3140CA027;15:29;15:31;2;Equipment Fault;Conveyors;C85;Presence sensor;piston no sube queda blister atorado,,,,,,
2025-07-12;REA;Actuadores;3140CA027;15:47;15:49;2;Equipment Fault;Main conveyor;Main conveyor;Lock NOK;no abre locking y pallet no avanza,,,,,,
2025-07-12;REA;Actuadores;3140CA027;15:50;15:52;2;Equipment Fault;Robots;R80;Motion supervision/Joint collision;gripper 1 no abre,,,,,,
2025-06-17;REA;Actuadores;3140CA029;22:50;23:00;10;Production;MAT;St1;Motor DM reader;Motor numero de parte incorrecto introducido a la linea,,,,,,
2025-06-18;REA;Actuadores;3140CA029;00:00;00:10;10;Equipment Fault;CAW;General;Software/PC;Falla en app CAW con robots, se reinicia app,,,,,
2025-06-18;REA;Actuadores;3140CA027;05:00;07:00;120;Maintenance;REA;General;Change Over;Change over a Stellantis 027,,,,,,
2025-07-14;REA;Actuadores;3140CA028;15:08;15:10;2;Equipment Fault;Conveyors;C85;Presence sensor;blister atorado,,,,,,
2025-06-20;REA;Actuadores;3140CA029;05:08;07:00;112;Maintenance;REA;General;Change Over;Change Over a Ford 029,,,,,,
2025-07-14;REA;Actuadores;3140CA028;15:20;15:22;2;Equipment Fault;EOL;General;Safety system;alrame de falla de sistema.,,,,,,
2025-07-14;REA;Actuadores;3140CA028;15:50;15:53;3;Equipment Fault;731;731;Feed piston;pin doble.,,,,,,
2025-07-14;REA;Actuadores;3140CA028;16:45;16:47;2;Maintenance;CHW;Consumables;Argon;Cambio de tanque con Argon,,,,,,
2025-07-14;REA;Actuadores;3140CA028;16:21;16:27;6;Maintenance;MAT;Consumables;Grease;Cambio de grasa,,,,,,
2025-07-14;REA;Actuadores;3140CA028;17:11;17:12;1;Equipment Fault;731;731;Bowl/Lineal feeder;Pin chueco,,,,,,
2025-07-14;REA;Actuadores;3140CA028;16:56;16:58;2;Equipment Fault;Main conveyor;Main conveyor;RFID Reader;Pallet atorado,,,,,,
2025-07-14;REA;Actuadores;3140CA028;17:20;17:24;4;Equipment Fault;CHW;St5;Vision system;Falla software Keyence de SV,,,,,,
2025-07-14;REA;Actuadores;3140CA028;17:28;17:30;2;Equipment Fault;Main conveyor;Main conveyor;RFID Reader;Pallet atorado,,,,,,
2025-07-14;REA;Actuadores;3140CA028;17:35;17:38;3;Maintenance;CHW;St4;Pressor;Limpieza pressor,,,,,,
2025-07-14;REA;Actuadores;3140CA028;17:40;17:46;6;Production;MAT;St3;Feeder;Se termina tornillo,,,,,,
2025-07-14;REA;Actuadores;3140CA028;17:46;17:51;5;Equipment Fault;Main conveyor;Main conveyor;RFID Reader;Pallet atorado,,,,,,
2025-07-14;REA;Actuadores;3140CA028;18:02;18:12;10;Maintenance;REA;General;Checklist;Checklist mtto,,,,,,
2025-07-14;REA;Actuadores;3140CA028;18:13;18:15;2;Equipment Fault;Robots;R80;Gripper/tool adjustments;Gripper 1 nok,,,,,,
2025-07-14;REA;Actuadores;3140CA028;18:44;18:47;3;Production;Robots;R38;Motion supervision/Joint collision;Robot colisiona con blister volteado,,,,,,
2025-07-14;REA;Actuadores;3140CA028;19:26;19:36;10;Equipment Fault;EOL;St4;CRIO NOK;CRIO reset,,,,,,
2025-07-14;REA;Actuadores;3140CA028;19:38;19:42;4;Equipment Fault;EOL;St1;PTC;Alto scrap st1 jig 3,,,,,,
2025-07-14;REA;Actuadores;3140CA028;20:15;20:18;3;Equipment Fault;CAW;CPA;Feeder;Crank invertido,,,,,,
2025-07-14;REA;Actuadores;3140CA028;20:18;20:19;1;Equipment Fault;Conveyors;C37;Presence sensor;Blister atorado,,,,,,
2025-07-14;REA;Actuadores;3140CA028;20:19;20:21;2;Equipment Fault;Robots;R80;Gripper/tool adjustments;Gripper 1 nok,,,,,,
2025-07-14;REA;Actuadores;3140CA028;21:16;21:19;3;Equipment Fault;Conveyors;C36;Presence sensor;BLister atorado,,,,,,
2025-07-14;REA;Actuadores;3140CA028;21:30;21:33;3;Equipment Fault;Conveyors;C37;Presence sensor;Blister atorado,,,,,,
2025-07-14;REA;Actuadores;3140CA028;21:43;21:45;2;Equipment Fault;731;731;Bowl/Lineal feeder;No hace trabajo, se reinicia ciclo 731 en HMI,,,,,
2025-07-14;REA;Actuadores;3140CA028;21:46;21:48;2;Equipment Fault;Conveyors;C85;Actuator NOK;Blister atorado,,,,,,
2025-07-14;REA;Actuadores;3140CA028;21:52;21:54;2;Equipment Fault;Conveyors;C65;Actuator NOK;Blister atorado,,,,,,
2025-07-14;REA;Actuadores;3140CA028;22:00;22:02;2;Equipment Fault;731;731;Bowl/Lineal feeder;Pin chueco,,,,,,
2025-07-14;REA;Actuadores;3140CA028;22:19;22:23;4;Equipment Fault;Main conveyor;Main conveyor;Inductive sensor;Pallet no avanza, se acomoda manualmente,,,,,
2025-07-14;REA;Actuadores;3140CA028;22:30;22:38;8;Maintenance;REA;General;Checklist;Checklist,,,,,,
2025-07-14;COVER LINE;Line 2;FORD;23:02;23:13;11;Equipment Fault;TBD;General;TBD;1. No continua ciclo en estacion forkguide. No abre la puerta (esperando terminar ciclo). Se determina por eso que la causa es el robot 96, se confirma al pausar y que abra la puerta. Se da force homming desde HMI y continua.,,,,,
2025-07-15;REA;Actuadores;3140CA028;00:03;01:05;62;Equipment Fault;CAW;LWS;NOK Condition;Comienza scrap alto en EOL repetiitivo en jigs 1 y 4 en ST2, se revisa la calibracion del gripper, se reinicia crio. Se encuentra el patron 1 NOK, 2 OK lo que levanta sospecha en CAW.,,,
2025-07-15;REA;Actuadores;3140CA028;01:05;02:37;92;Quality;REA;General;Test approval;Esperando aprobacion angulo ok despues de ajuste en CAW. Calidad no tiene las herramientas para liberar (CMM punta rota), se toman pruebas alternativas (Gionometro), se espera una respuesta definitiva de calidad. Deciden finalmente no liberar ante la incertidumbre de la condicion, se procede a cambio,,,
2025-07-15;REA;Actuadores;3140CA028;02:44;02:47;3;Maintenance;REA;General;Change Over;Toma de EOP,,,,,,
2025-07-15;REA;Actuadores;3140CA029;06:44;07:00;16;Quality;REA;General;Change Over;CHO,,,,,,
2025-07-15;REA;Actuadores;3140CA029;07:00;11:45;285;Quality;REA;General;Change Over;Esperando liberacion calidad de Stellantis 28 a Ford 29,,,,,,
2025-07-15;REA;Actuadores;3140CA029;11:45;11:55;10;Maintenance;REA;General;Change Over;Restaurar linea,,,,,,
2025-07-15;REA;Actuadores;3140CA029;03:00;06:44;224;Maintenance;REA;General;Change Over;CHO,,,,,,
2025-07-15;REA;Actuadores;3140CA029;14:45;14:47;2;Equipment Fault;Robots;R33;Motion supervision/Joint collision;cover en blister mala posicion,,,,,,
2025-07-15;REA;Actuadores;3140CA029;11:50;11:56;6;Equipment Fault;USW;St11;Weld NOK;Scraps con fuga, ajustar cinta en jig,,,,,
2025-07-15;REA;Actuadores;3140CA029;12:04;12:18;14;Equipment Fault;CAW;LSW;Vision system;Falla encontrar centro en magnet, descarta proceso de soldadura, se amplia ligeramente el rango superior +10,,,,
2025-07-15;REA;Actuadores;3140CA029;12:40;12:50;10;Equipment Fault;EOL;St4;Gripper NOK;Gripper mal conectado, se recalibra y restaura,,,,,
2025-07-15;REA;Actuadores;3140CA029;12:56;13:12;16;Quality;REA;General;Change Over;Revisar parametros prensa,,,,,,
2025-07-15;REA;Actuadores;3140CA029;13:12;13:15;3;Equipment Fault;CAW;LSW;Vision system;Area de inspeccion fuera de lugar, acomodar, se actualiza imagen de referencia,,,,
2025-07-15;REA;Actuadores;3140CA029;13:33;13:36;3;Equipment Fault;EOL;St4;CRIO NOK;power supply falla,,,,,,
2025-07-15;REA;Actuadores;3140CA029;15:49;15:52;3;Equipment Fault;915;915;Vision system;ogiva caida,,,,,,
2025-07-15;REA;Actuadores;3140CA029;16:26;16:28;2;Quality;Conveyors;C85;Presence sensor;blister atorado en sensor.,,,,,,
2025-07-15;REA;Actuadores;3140CA029;16:54;16:57;3;Equipment Fault;731;731;Feed piston;pin atorado en feeder,,,,,,
2025-07-15;REA;Actuadores;3140CA029;16:59;17:00;1;Equipment Fault;Robots;R80;Gripper/tool adjustments;gripper 1 no abre,,,,,,
2025-07-15;REA;Actuadores;3140CA029;17:09;17:10;1;Maintenance;CHW;Consumables;Argon;cambio de argon,,,,,,
2025-07-15;REA;Actuadores;3140CA029;17:24;17:26;2;Equipment Fault;Robots;R80;Gripper/tool adjustments;gripper 1 mo abre,,,,,,
2025-07-15;REA;Actuadores;3140CA029;18:04;18:06;2;Equipment Fault;Conveyors;C36;Presence sensor;piston no abre y se atora blister,,,,,,
2025-07-15;REA;Actuadores;3140CA029;17:38;17:39;1;Equipment Fault;Robots;R75;Motion supervision/Joint collision;no ensambla cover,,,,,,
2025-07-15;REA;Actuadores;3140CA029;18:06;18:16;10;Maintenance;REA;General;Checklist;checklist diario,,,,,,
2025-07-15;REA;Actuadores;3140CA029;18:18;18:20;2;Production;Conveyors;General;Blister NOK/Wrong PN;blister con motor invertido,,,,,,
2025-07-15;REA;Actuadores;3140CA029;18:49;18:51;2;Equipment Fault;731;731;Presence sensor;pin chueco,,,,,,
2025-07-15;REA;Actuadores;3140CA029;18:59;19:02;3;Equipment Fault;Conveyors;C36;Presence sensor;blister atorado,,,,,,
2025-07-15;REA;Actuadores;3140CA029;19:09;19:11;2;Equipment Fault;Conveyors;C36;Presence sensor;blister atorado,,,,,,
2025-07-15;REA;Actuadores;3140CA029;19:17;19:22;5;Maintenance;CCC;Consumables;Resin;cambio de resina,,,,,,
2025-07-15;REA;Actuadores;3140CA029;19:24;19:26;2;Quality;Robots;R75;Gripper/tool adjustments;gripper 1 nok,,,,,,
2025-07-15;REA;Actuadores;3140CA029;19:32;19:34;2;Equipment Fault;Main conveyor;Main conveyor;RFID Reader;fallo RFID,,,,,,
2025-07-15;REA;Actuadores;3140CA029;19:36;19:38;2;Equipment Fault;Conveyors;C37;Motor;blister vacio no bajo,,,,,,
2025-07-15;REA;Actuadores;3140CA029;19:44;19:46;2;Equipment Fault;Conveyors;C37;Motor;blister vacio no bajo,,,,,,
2025-07-15;REA;Actuadores;3140CA029;20:00;21:00;60;Maintenance;Conveyors;C37;Motor;reparacion de motro de C37.,,,,,,
2025-07-15;REA;Actuadores;3140CA029;22:30;22:38;8;Maintenance;REA;General;Checklist;Checklist,,,,,,
2025-07-15;REA;Actuadores;3140CA029;22:30;22:36;6;Maintenance;REA;General;Checklist;Checklist,,,,,,
2025-07-15;REA;Actuadores;3140CA029;22:48;22:50;2;Equipment Fault;Main conveyor;Main conveyor;Inductive sensor;Sensor no detecta pallet,,,,,,
2025-07-15;REA;Actuadores;3140CA029;23:25;23:31;6;Equipment Fault;CAW;Jig/Index;Index not in home;Se ajusta posicion de mesa ya que fallaba al insertar crank,,,,,,
2025-07-15;REA;Actuadores;3140CA029;11:35;11:37;2;Equipment Fault;915;915;Missing ogive;Ojiva caida,,,,,,
2025-07-15;REA;Actuadores;3140CA029;23:40;23:45;5;Equipment Fault;CAW;LWS;NOK Condition;Tiraba scrap por limite de en eje Y,,,,,,
2025-07-15;REA;Actuadores;3140CA029;23:54;23:57;3;Equipment Fault;Main conveyor;Main conveyor;Inductive sensor;Pallets se atoraban por guia doblada, se ajusta,,,,,
2025-07-15;REA;Actuadores;3140CA029;03:25;03:31;6;Equipment Fault;CCC;General;TBD;erro de mesa al girar,,,,,,
2025-07-16;REA;Actuadores;3140CA029;03:33;03:35;2;Equipment Fault;731;731;Bowl/Lineal feeder;Pin atorado,,,,,,
2025-07-16;REA;Actuadores;3140CA029;03:39;03:42;3;Equipment Fault;Main conveyor;Main conveyor;Inductive sensor;Sensor no detecta pallet,,,,,,
2025-07-16;REA;Actuadores;3140CA029;03:42;03:45;3;Maintenance;USW;St11;Jig;Se cambia cinta de jig,,,,,,
2025-07-16;REA;Actuadores;3140CA029;06:46;06:48;2;Equipment Fault;USW;St14;Lower Jig;Se limpia goma de jig por rebaba acumulada,,,,,,
2025-07-16;REA;Actuadores;3140CA029;04:13;04:19;6;Maintenance;CHW;Consumables;Chip reel;Cambio de chip,,,,,,
2025-07-16;REA;Actuadores;3140CA029;04:33;04:36;3;Equipment Fault;CHW;St2;Vacuum system;Robot no toma correctamente chip,,,,,,
2025-07-16;REA;Actuadores;3140CA029;05:46;05:49;3;Equipment Fault;Robots;R70;Gripper/tool adjustments;Gripper no abre correctamente,,,,,,
2025-07-16;REA;Actuadores;3140CA029;06:55;06:58;3;Equipment Fault;MAT;St3;Feeder;St 3 time out por tornillo atorado,,,,,,
2025-07-16;REA;Actuadores;3140CA029;07:35;07:38;3;Quality;MAT;General;Scrapbox full;vaciado por la mañana,,,,,,
2025-07-16;REA;Actuadores;3140CA029;07:02;07:06;4;Equipment Fault;MAT;St3;Feeder;Tornillos atorados,,,,,,
2025-07-16;REA;Actuadores;3140CA029;09:06;09:08;2;Maintenance;MAT;Consumables;Grease;cambio de grasa,,,,,,
2025-07-16;REA;Actuadores;3140CA029;07:10;07:15;5;Maintenance;REA;General;Checklist;Checklist parcial,,,,,,
2025-07-16;REA;Actuadores;3140CA029;08:00;08:05;5;Maintenance;REA;General;Checklist;Checklist parcial,,,,,,
2025-07-16;REA;Actuadores;3140CA029;09:24;09:26;2;Equipment Fault;Robots;R75;Motion supervision/Joint collision;Falla place de cover, pendinete grip,,,,,
2025-07-16;REA;Actuadores;3140CA029;10:50;11:10;20;Production;REA;General;Safety system;Revision de seguridad por incidente en MAT, revisar equipo de seguridad para sistema neumatico,,,,,
2025-07-16;REA;Actuadores;3140CA029;11:40;11:43;3;Equipment Fault;EOL;St2;Gripper NOK;Falla gripper, se reinicia st, todo parece estar en orden,,,,
2025-07-16;REA;Actuadores;3140CA029;00:32;00:33;1;Quality;Robots;R75;Motion supervision/Joint collision;falla al abrir por gripper atorado,,,,,,
2025-07-16;REA;Actuadores;3140CA029;12:54;12:59;5;Production;Robots;R65;Incorrect pick/place;magnet shaft mal pick por blister coliciono con MSA para su lectura, se mando robot a main y reinicio de ciclo de MSA,,,,,
2025-07-16;REA;Actuadores;3140CA029;13:33;13:34;1;Equipment Fault;731;731;Feed piston;pin inclinado,,,,,,
2025-07-16;REA;Actuadores;3140CA029;13:35;13:36;1;Maintenance;CHW;St4;Pressor;limpieza de pressor,,,,,,
2025-07-16;REA;Actuadores;3140CA029;15:07;15:09;2;Equipment Fault;731;731;Presence sensor;pin chueco,,,,,,
2025-07-16;REA;Actuadores;3140CA029;15:10;15:13;3;Maintenance;Robots;R70;Vacuum system;cambio de ventosas,,,,,,
2025-07-16;REA;Actuadores;3140CA029;16:30;16:32;2;Production;Conveyors;General;Blister NOK/Wrong PN;motro invertido,,,,,,
2025-07-16;REA;Actuadores;3140CA029;16:07;16:08;1;Equipment Fault;731;731;Presence sensor;pin chueco,,,,,,
2025-07-16;REA;Actuadores;3140CA029;16:45;16:57;12;Equipment Fault;915;915;Missing ogive;ogiva se cayo,,,,,,
2025-07-16;REA;Actuadores;3140CA029;16:49;16:50;1;Equipment Fault;Robots;R70;Vacuum system;no avanza fallo de vaccum,,,,,,
2025-07-16;REA;Actuadores;3140CA029;16:55;16:58;3;Equipment Fault;CHW;St2;SCARA Pick/Place;posicion del chip incorrect,,,,,,
2025-07-16;REA;Actuadores;3140CA029;17:00;17:01;1;Equipment Fault;Robots;R70;Vacuum system;falla vacuum no avanza,,,,,,
2025-07-16;REA;Actuadores;3140CA029;17:04;17:07;3;Equipment Fault;CHW;St2;SCARA Pick/Place;posicion incorrecta de chip,,,,,,
2025-07-16;REA;Actuadores;3140CA029;17:10;17:12;2;Equipment Fault;Robots;R70;Vacuum system;se cae Gear,,,,,,
2025-07-16;REA;Actuadores;3140CA029;17:27;17:30;3;Equipment Fault;CHW;St2;SCARA Pick/Place;chip en posicion incorrecta,,,,,,
2025-07-16;REA;Actuadores;3140CA029;17:38;17:45;7;Equipment Fault;750;General;NOK material;balero atorado en feeder,,,,,,
2025-07-16;REA;Actuadores;3140CA029;17:47;17:50;3;Equipment Fault;Main conveyor;Main conveyor;Lock NOK;pallet atorado en locking,,,,,,
2025-07-16;REA;Actuadores;3140CA029;18:18;18:25;7;Maintenance;CCC;Consumables;Resin;Cambio de resina, al reestablecer equipo no arranca se hace reset y se manda a scrap piezas de la mesa,,,,,
2025-07-16;REA;Actuadores;3140CA029;18:28;18:38;10;Maintenance;REA;General;Checklist;Checklist 500pz,,,,,,
2025-07-16;REA;Actuadores;3140CA029;18:38;18:39;1;Equipment Fault;Robots;R70;Vacuum system;Gear caido,,,,,,
2025-07-16;REA;Actuadores;3140CA029;18:39;18:40;1;Equipment Fault;Robots;R70;Vacuum system;Gear caido,,,,,,
2025-07-16;REA;Actuadores;3140CA029;18:52;18:54;2;Equipment Fault;Main conveyor;Main conveyor;Lift;No sube lift,,,,,,
2025-07-16;REA;Actuadores;3140CA029;19:09;19:10;1;Equipment Fault;Robots;R75;Gripper/tool adjustments;No abre gripper 1,,,,,,
2025-07-16;REA;Actuadores;3140CA029;19:19;19:20;1;Equipment Fault;731;731;Bowl/Lineal feeder;Pin chueco,,,,,,
2025-07-16;REA;Actuadores;3140CA029;20:08;20:10;2;Production;Conveyors;General;Blister NOK/Wrong PN;Motor invertido,,,,,,
2025-07-16;REA;Actuadores;3140CA029;20:22;20:25;3;Production;Conveyors;General;Blister NOK/Wrong PN;Motor invertido,,,,,,
2025-07-16;REA;Actuadores;3140CA029;20:56;20:58;2;Equipment Fault;731;731;Bowl/Lineal feeder;Pin chueco,,,,,,
2025-07-16;REA;Actuadores;3140CA029;20:58;21:00;2;Equipment Fault;Robots;R70;Vacuum system;Vacuum off,,,,,,
2025-07-16;REA;Actuadores;3140CA029;21:05;21:07;2;Equipment Fault;Robots;R75;Gripper/tool adjustments;Gripper 1 nok,,,,,,
2025-07-16;REA;Actuadores;3140CA029;21:20;21:25;5;Maintenance;CHW;Consumables;Chip reel;Cambio de rollo chip,,,,,,
2025-07-16;REA;Actuadores;3140CA029;21:33;21:35;2;Equipment Fault;Robots;R75;Gripper/tool adjustments;Gripper 1 nok,,,,,,
2025-07-16;REA;Actuadores;3140CA029;22:09;22:30;21;Equipment Fault;Aux;905;Presence sensor;Estación rota y robot la aplasta y se pierde secuencia,,,,,,
2025-07-16;REA;Actuadores;3140CA029;22:30;22:36;6;Equipment Fault;Aux;905;Presence sensor;Se continua falla del turno anterior, se ajusta sensor de presencia lo que afecta la secuencia del robot. Tambien el tiempo de inactividad causa falla en st3 CHW y scrap en CCC,,,,,
2025-07-16;REA;Actuadores;3140CA029;22:36;22:45;9;Maintenance;REA;General;Checklist;Checklist,,,,,,
2025-07-17;REA;Actuadores;3140CA029;00:09;00:11;2;Equipment Fault;Robots;R75;Gripper/tool adjustments;Gripper 3 no cierra correctamente por mal ensamble de cover,,,,,,
2025-07-17;REA;Actuadores;3140CA029;00:11;00:16;5;Equipment Fault;Robots;R75;Gripper/tool adjustments;Se cambia cinta de gripper 4 por mal ensamble de cover recurrente,,,,,,
2025-07-17;REA;Actuadores;3140CA029;00:20;00:25;5;Equipment Fault;USW;St11;Jig;Se cambia cinta de jig por scrap recurrente,,,,,,
2025-07-17;REA;Actuadores;3140CA029;00:26;00:29;3;Equipment Fault;Robots;R80;Gripper/tool adjustments;Gripper 1 no abre correctamente,,,,,,
2025-07-17;REA;Actuadores;3140CA029;00:30;00:32;2;Equipment Fault;USW;SCARA;Pick/Place;Robot no se movia por falta de senal de arranque,se prende el motor manual para arrancar,,,,,
2025-07-17;REA;Actuadores;3140CA029;00:40;00:45;5;Quality;CHW;General;Scrapbox full;Scrap box full,,,,,,
2025-07-17;REA;Actuadores;3140CA029;00:48;00:51;3;Equipment Fault;CHW;St4;Pressor;Se limpia pressor por scrap consecutivo,,,,,,
2025-07-17;REA;Actuadores;3140CA029;04:55;05:01;6;Equipment Fault;EOL;St4;CRIO NOK;CRIO reboot, no responde,,,,,
2025-07-17;REA;Actuadores;3140CA029;01:14;01:20;6;Equipment Fault;CAW;CPA;Feeder;Crank atascado, reiniciar,,,,,
2025-07-17;REA;Actuadores;3140CA029;01:32;01:33;1;Production;Conveyors;General;Blister NOK/Wrong PN;Motor invertido,,,,,,
2025-07-17;REA;Actuadores;3140CA029;01:38;01:40;2;Equipment Fault;Robots;R65;Motion supervision/Joint collision;Motion supervision camino a 805, posiblemente con el convolute,,,,,
2025-07-17;REA;Actuadores;3140CA029;01:48;01:50;2;Equipment Fault;730;730;Tool ;Levanto body la prensa,,,,,,
2025-07-17;REA;Actuadores;3140CA029;06:41;06:49;8;Production;CHW;General;Scrapbox full;Scrapbox lleno, sin calidad en el turno, ingenieria y mtto en curso,,,,
2025-07-17;REA;Actuadores;3140CA029;09:16;09:18;2;Equipment Fault;EOL;St4;Gripper NOK;gripper se alarma,,,,,,
2025-07-17;REA;Actuadores;3140CA029;09:30;09:33;3;Equipment Fault;REA;General;Pneumatic System;compresor alarmado por bajon de corriente,,,,,,
2025-07-17;REA;Actuadores;3140CA029;09:58;10:00;2;Equipment Fault;Conveyors;C36;Guides ;Blister atorado,,,,,,
2025-07-17;REA;Actuadores;3140CA029;07:00;07:35;35;Equipment Fault;Robots;R70;TBD;manguera rota, reparar y movimientos lentos de test para despues ajustar,,,,,
2025-07-17;REA;Actuadores;3140CA029;07:35;07:40;5;Equipment Fault;915;915;SMC module;cilindro y contratuerca NOK,,,,,,
2025-07-17;REA;Actuadores;3140CA029;07:40;07:50;10;Equipment Fault;USW;St11;Weld NOK;cinta nok, esponja NOk, y mantenimiento en jig st14,,,,
2025-07-17;REA;Actuadores;3140CA029;10:22;10:28;6;Production;REA;General;NOK material;Blisters rotos atorados en Conv cover,,,,,,
2025-07-17;REA;Actuadores;3140CA029;11:15;11:18;3;Equipment Fault;Robots;R70;Vacuum system;ventosa rota,,,,,,
2025-07-17;REA;Actuadores;3140CA029;12:28;12:30;2;Production;REA;General;NOK material;Blister con motores volteados,,,,,,
2025-07-17;REA;Actuadores;3140CA029;08:15;08:42;27;Equipment Fault;CAW;LSW;Vision system;scraps, falla centrado de magnet shaft, herramienta 1, imagenes de referencia NOK, se habilita filtro previamente configurado y se actualizan imagenes de referencia,,
2025-07-17;REA;Actuadores;3140CA029;12:40;12:45;5;Production;REA;General;NOK material;Blisters volteados Cover (2 ocasiones), colision robot,,,,,
2025-07-09;REA;Actuadores;3140CA029;05:56;06:00;4;Equipment Fault;750;750;Feed piston;Prensa se quedo abajo y no continua ciclo,,,,,,
2025-07-09;REA;Actuadores;3140CA029;11:55;12:01;6;Maintenance;CHW;Consumables;Chip reel;Cambio de chip,,,,,,
2025-07-11;REA;Actuadores;3140CA027;07:00;15:00;480;Equipment Fault;CAW;LSW;Vision system;Camara NOK posicion incorrecta, causa offset de sistema de vision desfase soldadura (se notifica a calidad de los turnos ateriores sospechosos),,,,,
2025-07-17;REA;Actuadores;3140CA029;15:07;15:09;2;Production;Conveyors;General;Blister NOK/Wrong PN;Motor invertido,,,,,,
2025-07-17;REA;Actuadores;3140CA029;15:14;15:17;3;Quality;Main conveyor;Main conveyor;Lock NOK;Locking NOK,,,,,,
2025-07-17;REA;Actuadores;3140CA029;15:24;15:26;2;Maintenance;USW;St14;Lower Jig;Limpíeza jig por alto scrap,,,,,,
2025-07-17;REA;Actuadores;3140CA029;15:29;15:32;3;Maintenance;USW;St14;Lower Jig;Cambio de goma por alto scrap,,,,,,
2025-07-17;REA;Actuadores;3140CA029;15:40;15:43;3;Maintenance;CHW;Consumables;Chip reel;Cambio de rollo chip,,,,,,
2025-07-17;REA;Actuadores;3140CA029;15:45;15:47;2;Equipment Fault;Robots;R80;Gripper/tool adjustments;Gripper 1 NOK,,,,,,
2025-07-17;REA;Actuadores;3140CA029;15:49;15:50;1;Equipment Fault;Robots;R75;Gripper/tool adjustments;Gripper 1 NOK,,,,,,
2025-07-17;REA;Actuadores;3140CA029;16:12;16:15;3;Maintenance;USW;St11;Jig;cambio de cinta,,,,,,
2025-07-17;REA;Actuadores;3140CA029;18:24;18:27;3;Equipment Fault;731;731;Presence sensor;pin chueco,,,,,,
2025-07-17;REA;Actuadores;3140CA029;18:02;18:04;2;Equipment Fault;731;731;Presence sensor;pin chueco,,,,,,
2025-07-17;REA;Actuadores;3140CA029;18:18;18:25;7;Quality;Aux;980;Actuator NOK;scrap box full,,,,,,
2025-07-17;REA;Actuadores;3140CA029;18:26;18:29;3;Quality;CHW;General;Scrapbox full;scrap box full,,,,,,
2025-07-17;REA;Actuadores;3140CA029;18:30;18:31;1;Equipment Fault;Main conveyor;Main conveyor;RFID Reader;pallet RFID,,,,,,
2025-07-17;REA;Actuadores;3140CA029;18:32;18:33;1;Equipment Fault;Robots;R80;Gripper/tool adjustments;gripper no abre,,,,,,
2025-07-17;REA;Actuadores;3140CA029;18:49;18:52;3;Equipment Fault;CAW;CPA;SCARA;no responde y no avanza,,,,,,
2025-07-17;REA;Actuadores;3140CA029;19:01;19:04;3;Equipment Fault;CAW;CPA;SCARA;no avanza,,,,,,
2025-07-17;REA;Actuadores;3140CA029;19:05;19:07;2;Equipment Fault;Robots;R80;Gripper/tool adjustments;gripper 1 no abre,,,,,,
2025-07-17;REA;Actuadores;3140CA029;19:48;19:52;4;Maintenance;MAT;Consumables;Grease;cambio de grasa,,,,,,
2025-07-17;REA;Actuadores;3140CA029;19:58;19:59;1;Equipment Fault;Robots;R70;Vacuum system;vacuum no agarra Gear,,,,,,
2025-07-17;REA;Actuadores;3140CA029;20:03;20:04;1;Equipment Fault;Robots;R70;Vacuum system;vacuum no agara Gear,,,,,,
2025-07-17;REA;Actuadores;3140CA029;20:40;20:44;4;Equipment Fault;Robots;R65;Motion supervision/Joint collision;choca con St805,,,,,,
2025-07-17;REA;Actuadores;3140CA029;21:07;21:09;2;Production;Aux;805;NOK material;motor invertido,,,,,,
2025-07-17;REA;Actuadores;3140CA029;21:30;21:32;2;Maintenance;CHW;Consumables;Argon;cambio de Argon,,,,,,
2025-07-17;REA;Actuadores;3140CA029;21:48;21:50;2;Production;Conveyors;General;NOK material;motor invertido,,,,,,
2025-07-17;REA;Actuadores;3140CA029;22:13;22:15;2;Production;Conveyors;General;NOK material;motor invertido,,,,,,
2025-07-17;REA;Actuadores;3140CA029;22:15;22:18;3;Equipment Fault;Robots;R75;Gripper/tool adjustments;gripper 3 no abre,,,,,,
2025-07-17;REA;Actuadores;3140CA029;19:47;19:48;1;Quality;731;731;Presence sensor;pin chueco,,,,,,
2025-07-17;REA;Actuadores;3140CA029;22:30;22:38;8;Maintenance;REA;General;Checklist;Checklist,,,,,,
2025-07-17;REA;Actuadores;3140CA029;22:54;22:56;2;Equipment Fault;Robots;R70;Incorrect pick/place;Robot no toma gear y se alarma,,,,,,
2025-07-17;REA;Actuadores;3140CA029;22:59;23:02;3;Equipment Fault;Robots;R70;Vacuum system;vacuum off,,,,,,
2025-07-17;REA;Actuadores;3140CA029;23:04;23:07;3;Equipment Fault;Robots;R70;Vacuum system;Vacuum off y se cambian ventosas,,,,,,
2025-07-18;REA;Actuadores;3140CA029;01:41;01:43;2;Equipment Fault;Main conveyor;Main conveyor;Inductive sensor;Sensor de prensa 731 no detecta pallet,,,,,,
2025-07-18;REA;Actuadores;3140CA029;01:49;01:53;4;Equipment Fault;CHW;St4;Pressor;Se limpia pressor por scrap consecutivo,,,,,,
2025-07-18;REA;Actuadores;3140CA029;02:41;02:45;4;Equipment Fault;CHW;St4;Pressor;Se realiza limpieza de pressor por scrap consecutivo,,,,,,
2025-07-18;REA;Actuadores;3140CA029;02:45;02:49;4;Equipment Fault;Robots;R65;Motion supervision/Joint collision;Robot colisiona con estacion 805 al voltear el gear,,,,,,
2025-07-18;REA;Actuadores;3140CA029;03:07;03:10;3;Equipment Fault;731;731;Bowl/Lineal feeder;Pin atorado,,,,,,
2025-07-18;REA;Actuadores;3140CA029;08:00;08:02;2;Maintenance;CHW;Consumables;Chip reel;cambio de chip,,,,,,
2025-07-18;COVER LINE;Line 1;FORD;00:00;01:45;105;Equipment Fault;ST80;General;TBD;Conveyor no manda los blisters en automatico despues de llenarlos,,,,,,
2025-07-18;REA;Actuadores;3140CA029;08:02;08:04;2;Equipment Fault;Robots;R70;Vacuum system;falla pick gear repetido, cambio de ventosas,,,,,
2025-07-18;REA;Actuadores;3140CA029;07:02;07:10;8;Maintenance;REA;General;Checklist;diario,,,,,,
2025-07-18;REA;Actuadores;3140CA029;08:45;08:47;2;Maintenance;CHW;St6;Pogopins;cambio de puntas de prueba,,,,,,
2025-07-18;REA;Actuadores;3140CA029;08:48;08:53;5;Equipment Fault;CAW;CPA;Feeder;crank atorados en feeder,,,,,,
2025-07-18;REA;Actuadores;3140CA029;09:26;09:27;1;Equipment Fault;Conveyors;C31;Presence sensor;blister atorado,,,,,,
2025-07-18;REA;Actuadores;3140CA029;09:27;09:28;1;Equipment Fault;Conveyors;C36;Presence sensor;blister atorado,,,,,,
2025-07-18;REA;Actuadores;3140CA029;09:47;09:48;1;Equipment Fault;CHW;St2;Vacuum system;falla de vacio,,,,,,
2025-07-18;REA;Actuadores;3140CA029;08:40;08:44;4;Equipment Fault;Robots;R65;Motion supervision/Joint collision;colision con 805, falla de logica,,,,,
2025-07-18;REA;Actuadores;3140CA029;10:39;10:43;4;Equipment Fault;MSA;MSA;Sensor de presencia;no continua ciclo, sensor falla, limpieza y restablecer secuencia,,,,
2025-07-18;REA;Actuadores;3140CA029;10:32;10:38;6;Equipment Fault;CAW;General;Software/PC;No continua ciclo, robot arriba de  pick crank,,,,,
2025-07-18;REA;Actuadores;3140CA029;10:20;10:22;2;Equipment Fault;Robots;R65;Motion supervision/Joint collision;motion se sospecha por tension o colision de manguera,,,,,,
2025-07-18;REA;Actuadores;3140CA029;12:25;12:28;3;Production;Conveyors;General;Empty conveyor/feeder;Falta de material, sin operador,,,,,
2025-07-18;REA;Actuadores;3140CA029;14:01;14:08;7;Equipment Fault;CAW;Jig/Index;Index not in home;Falla 2 veces, insercion nok por mesa fuera de posicion,,,,,
2025-07-18;REA;Actuadores;3140CA029;14:08;14:12;4;Equipment Fault;EOL;General;Safety system;cortina sucia, st4 no continua, limpieza y restablecer ciclo,,,,
2025-07-18;REA;Actuadores;3140CA029;12:41;12:45;4;Equipment Fault;731;731;Tool ;Pin posicion nok, choca con body, locking se veia en posicion correcta,,,,
2025-07-18;REA;Actuadores;3140CA029;12:34;12:38;4;Equipment Fault;EOL;General;Safety system;Cortina NOK falla, limpieza, revisar pieza st6 no completada se retira,,,,
2025-07-18;REA;Actuadores;3140CA029;14:40;14:43;3;Production;MAT;General;Empty conveyor/feeder;Sin tornillos,,,,,,
2025-07-18;REA;Actuadores;3140CA029;14:47;14:50;3;Equipment Fault;Robots;R65;Vacuum system;pierde gear, restablecer secuencia,,,,,
2025-07-18;REA;Actuadores;3140CA029;12:16;12:21;5;Production;MAT;St3;Feeder;material atorado, demasiado material en feeder,,,,,
2025-07-18;REA;Actuadores;3140CA029;15:09;15:11;2;Production;Conveyors;C36;Presence sensor;blister atorado,,,,,,
2025-07-18;REA;Actuadores;3140CA029;15:20;15:29;9;Equipment Fault;Aux;805;Presence sensor;gira st805 antes de tiempo y choca con R65,,,,,,
2025-07-18;REA;Actuadores;3140CA029;15:31;15:36;5;Maintenance;CCC;Consumables;Resin;cambio de resina,,,,,,
2025-07-18;REA;Actuadores;3140CA029;15:42;15:45;3;Production;Conveyors;C36;Presence sensor;blister atorado,,,,,,
2025-07-18;REA;Actuadores;3140CA029;15:47;15:49;2;Quality;731;731;Presence sensor;pin chueco,,,,,,
2025-07-18;REA;Actuadores;3140CA029;16:23;16:25;2;Equipment Fault;Robots;R65;Motion supervision/Joint collision;no avanza sin señal,,,,,,
2025-07-18;REA;Actuadores;3140CA029;16:36;16:40;4;Equipment Fault;Aux;805;PLC ;sensor de vacio,,,,,,
2025-07-18;REA;Actuadores;3140CA029;16:47;16:50;3;Equipment Fault;Main conveyor;Main conveyor;RFID Reader;pallet falla RFID,,,,,,
2025-07-18;REA;Actuadores;3140CA029;16:58;17:10;12;Equipment Fault;CAW;CPA;Feeder;falla inserccion de crank,,,,,,
2025-07-18;REA;Actuadores;3140CA029;17:10;17:12;2;Equipment Fault;Aux;805;Presence sensor;sensor de vacio,,,,,,
2025-07-18;REA;Actuadores;3140CA029;17:30;17:33;3;Maintenance;CHW;St4;Pressor;limpieza st4,,,,,,
2025-07-18;REA;Actuadores;3140CA029;17:33;17:38;5;Maintenance;EOL;St4;CRIO NOK;falla st4 CRIO,,,,,,
2025-07-18;REA;Actuadores;3140CA029;17:38;17:40;2;Equipment Fault;Robots;R65;Motion supervision/Joint collision;falla no pone gear,,,,,,
2025-07-18;REA;Actuadores;3140CA029;17:40;16:34;-66;Quality;CHW;General;Scrapbox full;scrapbox full,,,,,,
2025-07-18;REA;Actuadores;3140CA029;17:52;17:54;2;Equipment Fault;Aux;805;Presence sensor;sensor de vacio,,,,,,
2025-07-18;REA;Actuadores;3140CA029;17:56;18:06;10;Maintenance;REA;General;Checklist;checklist diario,,,,,,
2025-07-18;REA;Actuadores;3140CA029;18:08;18:10;2;Equipment Fault;Robots;R65;Motion supervision/Joint collision;sensor de vacio,,,,,,
2025-07-18;REA;Actuadores;3140CA029;18:15;18:17;2;Equipment Fault;CAW;CPA;SCARA;mesa desalineada,,,,,,
2025-07-18;REA;Actuadores;3140CA029;18:20;18:21;1;Production;Conveyors;General;NOK material;motor invertido,,,,,,
2025-07-18;REA;Actuadores;3140CA029;18:25;18:32;7;Maintenance;USW;St14;Lower Jig;alto scrap,,,,,,
2025-07-18;REA;Actuadores;3140CA029;18:39;18:41;2;Equipment Fault;Robots;R65;Motion supervision/Joint collision;vacuum off,,,,,,
2025-07-18;REA;Actuadores;3140CA029;18:43;18:44;1;Equipment Fault;Robots;R65;Motion supervision/Joint collision;vacuum off,,,,,,
2025-07-18;REA;Actuadores;3140CA029;18:44;18:45;1;Equipment Fault;Robots;R65;Motion supervision/Joint collision;no llega señal,,,,,,
2025-07-18;REA;Actuadores;3140CA029;18:52;18:54;2;Equipment Fault;Robots;R65;Motion supervision/Joint collision;no avanza,,,,,,
2025-07-18;REA;Actuadores;3140CA029;19:51;19:54;3;Equipment Fault;Robots;R65;Motion supervision/Joint collision;no deja gear,,,,,,
2025-07-18;REA;Actuadores;3140CA029;20:13;20:15;2;Production;Conveyors;General;NOK material;motor invertido,,,,,,
2025-07-18;REA;Actuadores;3140CA029;20:17;20:20;3;Maintenance;Robots;R65;Gripper/tool adjustments;cambio de ventosas,,,,,,
2025-07-18;REA;Actuadores;3140CA029;20:27;20:29;2;Equipment Fault;Aux;805;Actuator NOK;vacuum off,,,,,,
2025-07-18;REA;Actuadores;3140CA029;20:34;20:36;2;Equipment Fault;Aux;805;Actuator NOK;vacuum off,,,,,,
2025-07-18;REA;Actuadores;3140CA029;20:49;20:51;2;Quality;Aux;805;Actuator NOK;vacuum off,,,,,,
2025-07-18;REA;Actuadores;3140CA029;21:07;21:10;3;Equipment Fault;Aux;805;Actuator NOK;vacuum off,,,,,,
2025-07-18;REA;Actuadores;3140CA029;21:20;21:24;4;Maintenance;Aux;805;Presence sensor;ajuste,,,,,,
2025-07-18;REA;Actuadores;3140CA029;21:38;21:40;2;Equipment Fault;Robots;R65;Motion supervision/Joint collision;se atora con st805,,,,,,
2025-07-18;COVER LINE;Line 2;FORD;22:05;22:50;45;Production;TBD;General;TBD;Receta de RW no concuerda con material ingresado a linea. Causa scrap consecutivo. Se vacia de forma manual todos los pallets, se cambia receta y vuelve a comenzar,,,,,
2025-07-18;REA;Actuadores;3140CA029;22:30;22:41;11;Maintenance;REA;General;Checklist;Checklist, cambio de goma USW scrap alto fin de turno anterior,,,,,
2025-07-18;REA;Actuadores;3140CA029;23:03;23:07;4;Equipment Fault;Aux;805;TBD;805 gira y golpea robot, rope mecanico de la posicion de reposo nok, se ajusta tope mecanico,,,,
2025-07-18;REA;Actuadores;3140CA029;22:44;22:50;6;Equipment Fault;USW;St11;Weld NOK;Se revisa actuador por alto scrap consecutvio, se agrega mas cinta azul, se cambia esponja,,,,
2025-07-18;COVER LINE;Line 2;FORD;23:20;23:22;2;Equipment Fault;OMT;ST7;Laser;Se alarma laser, se desconecta y reconoecta el USB, problema conocido mas sin raiz indentificada/solucion a largo plazo,,,,
2025-07-18;REA;Actuadores;3140CA029;23:20;23:26;6;Equipment Fault;Robots;R65;Motion supervision/Joint collision;Motion supervision por manguera y al alarmase baja robot y choca contra st 805,,,,,,
2025-07-19;COVER LINE;Line 2;FORD;00:00;00:04;4;Equipment Fault;Terminal caps;ST94;Presence sensor;Salio el feeder lineal sin uno de los forkguides, entro en un bucle ya que al tener presencia del segundo volvia a salir y a fallar,,,,,
2025-07-19;REA;Actuadores;3140CA029;00:00;00:08;8;Equipment Fault;CAW;Jig/Index;Blade orienter actuator;Blade orienter sensor fuera de posicion. 12 a 12:04 en otra falla en moldeo, tenico en otras labores,,,,,
2025-07-18;REA;Actuadores;3140CA029;23:42;23:48;6;Maintenance;MAT;Consumables;Grease;Sin grasa en el area, sin llave de jaula,,,,,
2025-07-19;REA;Actuadores;3140CA029;00:46;00:48;2;Equipment Fault;Conveyors;C36;Guides ;Loking atora blister, se pone home para que abra y avance,,,,,
2025-07-19;REA;Actuadores;3140CA029;01:01;01:05;4;Equipment Fault;CAW;Jig/Index;Index not in home;Robot fallo en repetidas ocasiones en poner el crank,,,,,,
2025-07-19;REA;Actuadores;3140CA029;01:20;01:26;6;Equipment Fault;CAW;CPA;SCARA;SCARA no regreso a home, no logra volver a home en manual hasta despues de varios intentos,,,,,
2025-07-19;REA;Actuadores;3140CA029;01:14;01:20;6;Equipment Fault;CAW;Jig/Index;Index not in home;Falla repetitiva al insertar, se ajusta mesa, se comprueba posicion con SV, se marca la posicion,,,
2025-07-19;REA;Actuadores;3140CA029;01:27;01:29;2;Equipment Fault;Conveyors;C37;Presence sensor;No detecta correctamente, esperando blister que ya esta ahi,,,,,
2025-07-19;REA;Actuadores;3140CA029;02:14;02:18;4;Maintenance;CHW;Consumables;Chip reel;Cambio chip,,,,,,
2025-07-19;REA;Actuadores;3140CA029;02:07;02:10;3;Equipment Fault;Robots;R65;Motion supervision/Joint collision;Motion supervision al subir despues de tomar G3 (por convolute), al bajar y querse parado lo golpea 805,,,,,
2025-07-19;REA;Actuadores;3140CA029;02:21;02:23;2;Equipment Fault;Robots;R65;Motion supervision/Joint collision;Motion supervision al subir despues de tomar G3 (por convolute), al bajar y querse parado lo golpea 805,,,,,
2025-07-19;REA;Actuadores;3140CA029;03:26;03:29;3;Equipment Fault;750;750;Feed piston;Prensa baja y no continua ciclo,,,,,,
2025-07-19;REA;Actuadores;3140CA029;03:31;03:36;5;Equipment Fault;CAW;CPA;SCARA;Robot no continua ciclo de poner crank y se alarma,,,,,,
2025-07-19;REA;Actuadores;3140CA029;04:28;04:30;2;Equipment Fault;Robots;R70;Vacuum system;Ventosas nok, se cambia,,,,,
2025-07-19;REA;Actuadores;3140CA029;07:00;07:03;3;Quality;REA;General;SOP;muestras para liberacion,,,,,,
2025-07-19;REA;Actuadores;3140CA029;07:03;07:10;7;Maintenance;REA;General;Checklist;checklist inicio de turno,,,,,,
2025-07-19;REA;Actuadores;3140CA029;07:44;07:45;1;Equipment Fault;Robots;R75;Gripper/tool adjustments;gripper no abrio,,,,,,
2025-07-19;REA;Actuadores;3140CA029;08:36;08:40;4;Equipment Fault;EOL;St4;CRIO NOK;reinicio de crio,,,,,,
2025-07-19;REA;Actuadores;3140CA029;08:42;08:44;2;Equipment Fault;REA;General;Pneumatic System;compresor alarmado,,,,,,
2025-07-19;REA;Actuadores;3140CA029;09:28;09:29;1;Equipment Fault;Robots;R70;Vacuum system;canbio de ventosas,,,,,,
2025-07-19;REA;Actuadores;3140CA029;09:47;09:49;2;Equipment Fault;Robots;R33;Motion supervision/Joint collision;cover mal colocado por blister dañado,,,,,,
2025-07-19;REA;Actuadores;3140CA029;09:56;09:58;2;Production;MAT;St3;Feeder;feeder sin tornillos,,,,,,
2025-07-19;REA;Actuadores;3140CA029;10:16;10:17;1;Equipment Fault;Robots;R70;Vacuum system;vacuum off,,,,,,
2025-07-19;REA;Actuadores;3140CA029;10:30;10:32;2;Equipment Fault;915;915;Dart sensor;ogiva caida,,,,,,
2025-07-19;REA;Actuadores;3140CA029;10:32;10:33;1;Maintenance;USW;St14;Lower Jig;limpieza de jig,,,,,,
2025-07-19;REA;Actuadores;3140CA029;10:38;10:41;3;Equipment Fault;EOL;St4;CRIO NOK;reinicio de crio,,,,,,
2025-07-19;REA;Actuadores;3140CA029;10:46;10:48;2;Maintenance;CHW;St4;Pressor;limpieza de pines de pressor,,,,,,
2025-07-19;REA;Actuadores;3140CA029;11:22;11:24;2;Equipment Fault;Aux;805;Pneumatic System;cambio de ventosas,,,,,,
2025-07-19;REA;Actuadores;3140CA029;11:40;11:45;5;Equipment Fault;EOL;St4;CRIO NOK;Reinicio de crio y aplicacion EOL,,,,,,
2025-07-19;REA;Actuadores;3140CA029;12:00;12:30;30;Production;REA;General;No staff;paro por hora de comida,,,,,,
2025-07-19;REA;Actuadores;3140CA029;14:19;14:22;3;Maintenance;CCC;Consumables;Resin;relleno de resina,,,,,,
2025-07-19;REA;Actuadores;3140CA029;14:38;14:40;2;Maintenance;USW;St14;Lower Jig;limpieza de jig por scrap consecutivo,,,,,,
2025-07-19;REA;Actuadores;3140CA029;14:46;14:47;1;Equipment Fault;731;731;Feed piston;pin inclinado,,,,,,
2025-07-19;REA;Actuadores;3140CA029;15:16;15:18;2;Equipment Fault;Conveyors;C36;Presence sensor;blister atorado,,,,,,
2025-07-19;REA;Actuadores;3140CA029;15:24;15:26;2;Equipment Fault;731;731;Presence sensor;pin chueco,,,,,,
2025-07-19;REA;Actuadores;3140CA029;15:31;15:35;4;Equipment Fault;CAW;CPA;Vision system;se detiene robot,,,,,,
2025-07-19;REA;Actuadores;3140CA029;16:06;16:08;2;Equipment Fault;731;731;Presence sensor;pin chueco,,,,,,
2025-07-19;REA;Actuadores;3140CA029;17:56;17:56;0;Production;Conveyors;General;NOK material;motor invertido,,,,,,
2025-07-19;REA;Actuadores;3140CA029;18:12;18:14;2;Quality;731;731;Presence sensor;pin no cae bien en en sensor,,,,,,
2025-07-19;REA;Actuadores;3140CA029;18:19;18:20;1;Equipment Fault;731;731;Presence sensor;pin caido,,,,,,
2025-07-19;REA;Actuadores;3140CA029;18:29;18:30;1;Quality;CHW;General;Scrapbox full;scrapbox full,,,,,,
2025-07-19;REA;Actuadores;3140CA029;18:43;18:48;5;Maintenance;CHW;Consumables;Chip reel;cambio de rollo,,,,,,
2025-07-19;REA;Actuadores;3140CA029;18:52;18:54;2;Maintenance;CHW;St4;Pressor;cambio de pines,,,,,,
2025-07-19;REA;Actuadores;3140CA029;18:56;19:02;6;Quality;CHW;General;Scrapbox full;alto scrap,,,,,,
2025-07-19;REA;Actuadores;3140CA029;19:02;19:04;2;Quality;731;731;Presence sensor;pin chueco,,,,,,
2025-07-19;REA;Actuadores;3140CA029;19:09;19:11;2;Equipment Fault;Main conveyor;Main conveyor;Lock NOK;pallet de atora en locking,,,,,,
2025-07-19;REA;Actuadores;3140CA029;20:42;20:44;2;Maintenance;MAT;General;Scrapbox full;alto scrap,,,,,,
2025-07-19;REA;Actuadores;3140CA029;20:55;20:57;2;Maintenance;USW;St14;Lower Jig;limpieza St14,,,,,,
2025-07-19;REA;Actuadores;3140CA029;21:10;21:13;3;Maintenance;CHW;General;NOK material;ajuste por alto scrap,,,,,,
2025-07-19;REA;Actuadores;3140CA029;21:15;21:17;2;Equipment Fault;731;731;Presence sensor;pin chueco,,,,,,
2025-07-24;REA;Actuadores;3140CA029;15:00;15:09;9;Maintenance;REA;General;Checklist;Checklist,,,,,,
2025-07-24;REA;Actuadores;3140CA029;15:08;15:11;3;Equipment Fault;Robots;R65;Vacuum system;Vacuum off,,,,,,
2025-07-24;REA;Actuadores;3140CA029;15:15;15:20;5;Equipment Fault;620;620;Alphamatic Module;Prensa no continua ciclo, GRAFCET esperando señal de alfamatic module, se reinicia el modulo,,,,
2025-07-24;REA;Actuadores;3140CA029;15:34;15:36;2;Production;Aux;710;TBD;Motor invertido,,,,,,
2025-07-24;REA;Actuadores;3140CA028;15:45;15:48;3;Equipment Fault;EOL;St4;CRIO NOK;Crio reboot,,,,,,
2025-07-24;REA;Actuadores;3140CA028;15:54;16:15;21;Equipment Fault;EOL;St2;CRIO NOK;Scrap, sin respuesta del sensor (en unas piezas al segundo intento quedan correctas, otras vuelven a quedar en 0), STX Do nothing repetitivo. Se saca pieza y se hacen pruebas en calidad (OLT, PTC), aun por determinar causa raiz, potencialmente software
2025-07-24;REA;Actuadores;3140CA028;16:28;16:36;8;Equipment Fault;USW;St11;Branson;Scrap alto, revision,,,,,
2025-07-24;REA;Actuadores;3140CA028;17:10;17:15;5;Equipment Fault;CCC;St3;Dosifier;Ajuste por parte del equipo de Italia en velocidad de dispensacion de resina, para reducir el shot,,,,,
2025-07-24;REA;Actuadores;3140CA028;17:26;17:28;2;Equipment Fault;Robots;R65;Vacuum system;vacuum off,,,,,,
2025-07-24;REA;Actuadores;3140CA028;17:42;17:43;1;Equipment Fault;731;731;Feed piston;Pin mal alimentado,,,,,,
2025-07-24;REA;Actuadores;3140CA028;17:47;17:49;2;Equipment Fault;USW;St14;Lower Jig;Limpieza por scrap,,,,,,
2025-07-24;REA;Actuadores;3140CA028;17:56;17:59;3;Equipment Fault;USW;St11;Jig;Se reemplaza esponja de la base,,,,,,
2025-07-24;REA;Actuadores;3140CA028;18:01;18:02;1;Equipment Fault;731;731;Feed piston;Pin mal alimentado,,,,,,
2025-07-24;REA;Actuadores;3140CA028;18:02;18:05;3;Equipment Fault;620;620;Alphamatic Module;No manda señal a PLC, se reinicia modulo,,,,,
2025-07-24;REA;Actuadores;3140CA028;18:06;18:10;4;Equipment Fault;CAW;CPA;Feeder;Crank invertido,,,,,,
2025-07-24;REA;Actuadores;3140CA028;18:21;18:27;6;Equipment Fault;USW;St11;Weld NOK;Se calibra la bajada del sonotrodo, se revisa la frecuencia de operacion, se revisa alineacion,,,,
2025-07-21;REA;Actuadores;3140CA028;15:00;22:30;450;Production;REA;General;TBD;PPAP, sin poder continuar en el cambio e inicio de corrida a nuevo PN 038,,,,,
2025-07-24;REA;Actuadores;3140CA029;18:44;18:46;2;Equipment Fault;620;620;Feed piston;Al prensar queda abajo, y no continua el ciclo,,,,,
2025-07-24;REA;Actuadores;3140CA029;18:49;18:51;2;Equipment Fault;Robots;R65;Vacuum system;Vacuum off,,,,,,
2025-07-24;REA;Actuadores;3140CA029;19:22;19:24;2;Equipment Fault;Robots;R80;Gripper/tool adjustments;Gripper no abre correctamente,,,,,,
2025-07-24;REA;Actuadores;3140CA029;19:34;19:40;6;Equipment Fault;620;620;Bowl/Lineal feeder;Piston queda abajo en repetidas ocasiones,,,,,,
2025-07-24;REA;Actuadores;3140CA029;19:54;19:57;3;Equipment Fault;620;620;Feed piston;Prensa queda abajo y no continua ciclo,,,,,,
2025-07-24;REA;Actuadores;3140CA029;19:57;20:01;4;Equipment Fault;620;620;Feed piston;Prensa queda abajo y no continua ciclo,,,,,,
2025-07-24;REA;Actuadores;3140CA029;20:03;20:05;2;Equipment Fault;EOL;St2;Gripper NOK;Error de gripper,,,,,,
2025-07-24;REA;Actuadores;3140CA029;20:06;20:09;3;Equipment Fault;Robots;R65;Vacuum system;vacuum off,,,,,,
2025-07-24;REA;Actuadores;3140CA029;21:40;21:42;2;Equipment Fault;USW;St14;Lower Jig;Limpieza de jig,,,,,,
2025-07-24;REA;Actuadores;3140CA029;21:43;21:45;2;Equipment Fault;Robots;R38;Incorrect pick/place;Robot no continua por motor volteado en 715,,,,,,
2025-07-24;REA;Actuadores;3140CA029;22:10;22:16;6;Equipment Fault;Robots;R80;Gripper/tool adjustments;Se ajusta gripper de robot por mal posicionamiento en st 974,,,,,,
2025-07-24;REA;Actuadores;3140CA028;22:30;22:32;2;Equipment Fault;Robots;R65;Vacuum system;falla de vacio,,,,,,
2025-07-25;REA;Actuadores;3140CA028;00:48;00:50;2;Quality;EOL;General;Scrapbox full;scrap box full,,,,,,
2025-07-25;REA;Actuadores;3140CA028;01:39;02:27;48;Equipment Fault;Main conveyor;Main conveyor;Lock NOK;Tornillo que conecta tope mecanico y cilindro dañado (rosca), se requiere reemplazar, se utilizo cilindro no utilizado de 915,,,,
2025-07-25;REA;Actuadores;3140CA028;02:38;02:51;13;Equipment Fault;Robots;R65;Incorrect pick/place;Previamente hubo ajustes en otro turno solo en la posicion alt, pendiente std, se actualiza pick std de conv 55 (gear), ya que chocaba con borde de gear y perdia todas las piezas,,,
2025-07-25;REA;Actuadores;3140CA028;03:02;03:05;3;Equipment Fault;USW;St14;Lower Jig;Scraps continuos, rebaba en jig, limpieza general,,,,
2025-07-25;REA;Actuadores;3140CA028;03:08;03:10;2;Quality;CHW;General;Scrapbox full;Scrapbox full, retirar material,,,,,
2025-07-25;REA;Actuadores;3140CA028;03:05;03:07;2;Equipment Fault;CHW;St4;Pressor;scraps continuos, ajustar samlight de pin 1, el de derecha en samlight, de 3.55 a 3.5, ademas de limpieza,,
2025-07-25;REA;Actuadores;3140CA028;01:24;01:28;4;Equipment Fault;CAW;CPA;Feeder;No detecta crank, cranks se inclinan y no avanzan por vibracion baja en feeder lineal, se incrementa de 5 a 5.2,,,,
2025-07-25;REA;Actuadores;3140CA028;04:00;04:09;9;Equipment Fault;Robots;R80;Gripper/tool adjustments;se agrega mas grip por pieza resbala sobre gripper falla place en 974,,,,,,
2025-07-25;REA;Actuadores;3140CA028;00:40;00:42;2;Equipment Fault;Robots;R80;Gripper/tool adjustments;pieza resbala sobre gripper falla place en 974,,,,,,
2025-07-25;REA;Actuadores;3140CA028;00:05;00:08;3;Quality;REA;General;NOK material;Motores recuperados volteados en los blisters,,,,,,
2025-07-25;REA;Actuadores;3140CA028;03:45;03:59;14;Equipment Fault;Robots;R80;Incorrect pick/place;Fallas constantes en pick 970 and place de 974, se ajustan posiciones,,,,,
2025-07-25;REA;Actuadores;3140CA028;06:08;06:10;2;Maintenance;CHW;Consumables;Chip reel;cambio de chip,,,,,,
2025-07-21;REA;Actuadores;3140CA038;07:00;15:00;480;Maintenance;REA;General;TBD;PPAP,,,,,,
2025-07-21;REA;Actuadores;3140CA038;15:00;22:30;450;Maintenance;REA;General;TBD;PPAP,,,,,,
2025-07-21;REA;Actuadores;3140CA038;22:30;23:59;89;Maintenance;REA;General;TBD;PPAP,,,,,,
2025-07-22;REA;Actuadores;3140CA038;00:00;07:00;420;Maintenance;REA;General;TBD;PPAP,,,,,,
2025-07-23;REA;Actuadores;3140CA028;22:30;23:59;89;Maintenance;REA;General;Scheduled maintenance;Cambio de cinta layout,,,,,,
2025-07-24;REA;Actuadores;3140CA028;00:00;02:30;150;Maintenance;REA;General;Change Over;Set up stell 28,,,,,,
2025-07-24;REA;Actuadores;3140CA028;02:30;04:00;90;Quality;REA;General;Change Over;Paro programado, pendiente liberacion, sin personal,,,,
2025-07-24;REA;Actuadores;3140CA028;04:00;07:00;180;Maintenance;USW;St11;Branson;Cambio de sonotrodo y pruebas iniciales,,,,,,
2025-07-24;REA;Actuadores;3140CA039;22:30;23:59;89;Maintenance;REA;General;Change Over;Cambio, se necesito soporte Italia en EOL,,,,,
2025-07-25;REA;Actuadores;3140CA039;00:00;07:00;420;Maintenance;REA;General;Change Over;Cambio, se necesito soporte Italia en EOL,,,,,
2025-07-25;REA;Actuadores;3140CA028;07:32;07:34;2;Maintenance;CHW;Consumables;Argon;Test,,,,,,
2025-07-25;REA;Actuadores;3140CA028;07:00;07:10;10;Maintenance;REA;General;Checklist;CHecklist,,,,,,
2025-07-25;REA;Actuadores;3140CA028;07:40;07:42;2;Equipment Fault;Robots;R65;Motion supervision/Joint collision;Motion supervision,,,,,,
2025-07-25;REA;Actuadores;3140CA028;08:00;08:02;2;Production;Conveyors;C31;Presence sensor;Se vacia conveyor,,,,,,
2025-07-25;REA;Actuadores;3140CA028;08:03;08:06;3;Equipment Fault;Robots;R65;Vacuum system;Vacuum off,,,,,,
2025-07-25;REA;Actuadores;3140CA028;08:15;08:17;2;Equipment Fault;Robots;R65;Vacuum system;Vacuum off,,,,,,
2025-07-21;REA;Actuadores;3140CA038;07:00;15:00;480;Maintenance;REA;General;Change Over;Empieza cambio de numero de parte por PPAP a Stellantis 038,,,,,,
2025-07-22;REA;Actuadores;3140CA038;07:00;15:00;480;Maintenance;REA;General;TBD;PPAP,,,,,,
2025-07-23;REA;Actuadores;3140CA039;07:00;15:00;480;Maintenance;REA;General;TBD;PPAP,,,,,,
2025-07-24;REA;Actuadores;3140CA028;07:00;07:30;30;Maintenance;Robots;R65;Incorrect pick/place;Ajuste de posicion y locking para area de trabajo de R60 cuando insertar gear,,,,,,
2025-07-24;REA;Actuadores;3140CA028;07:30;09:30;120;Maintenance;USW;St11;Branson;Alineacion y calibracion de sonotrodo nuevo,,,,,,
2025-07-24;REA;Actuadores;3140CA028;11:40;12:20;40;Maintenance;CAW;LWS;NOK Condition;Ajuste de parametros en SAMLIGHT,,,,,,
2025-07-24;REA;Actuadores;3140CA028;12:50;14:30;100;Quality;REA;General;Change Over;Liberación y se pasan master de toda la linea,,,,,,
2025-07-25;REA;Actuadores;3140CA028;22:35;22:39;4;Quality;EOL;General;Scrapbox full;scrap box full,,,,,,
2025-07-25;REA;Actuadores;3140CA028;23:20;23:27;7;Equipment Fault;USW;St14;Lower Jig;Scraps continuos, promedio alto, limpieza general,,,,
2025-07-26;REA;Actuadores;3140CA028;00:21;00:23;2;Equipment Fault;Robots;R65;Incorrect pick/place;place nok en 805,,,,,,
2025-07-26;REA;Actuadores;3140CA028;00:42;00:43;1;Equipment Fault;Robots;R65;Incorrect pick/place;place nok en 805,,,,,,
2025-07-26;REA;Actuadores;3140CA028;00:48;00:49;1;Equipment Fault;Robots;R65;Incorrect pick/place;place nok en 805,,,,,,
2025-07-26;REA;Actuadores;3140CA028;01:50;01:55;5;Equipment Fault;EOL;St2;Gripper NOK;Not connected, reestablecer ciclo despues de desconectar y conectar gripper,,,,,
2025-07-25;REA;Actuadores;3140CA028;08:32;08:35;3;Quality;730;730;Bowl/Lineal feeder;Pin chueco,,,,,,
2025-07-25;REA;Actuadores;3140CA028;08:42;08:46;4;Maintenance;CHW;St4;Pressor;Limpieza de pressor,,,,,,
2025-07-25;REA;Actuadores;3140CA028;08:48;08:51;3;Equipment Fault;CAW;LSW;Vision system;Ajuste de sistema de vision por falso scrap,,,,,,
2025-07-25;REA;Actuadores;3140CA028;09:08;09:10;2;Equipment Fault;Main conveyor;Main conveyor;Inductive sensor;Pallet atorado,,,,,,
2025-07-25;REA;Actuadores;3140CA028;09:13;09:15;2;Quality;Main conveyor;Main conveyor;RFID Reader;Pallet RFID no trabaja prensa,,,,,,
2025-07-25;REA;Actuadores;3140CA028;10:27;10:35;8;Equipment Fault;EOL;St4;CRIO NOK;Falla st4 se reinicia app,,,,,,
2025-07-25;REA;Actuadores;3140CA028;10:54;11:00;6;Equipment Fault;EOL;St2;CRIO NOK;St2 scrap en todos los jig 6, bug de app, se reinicia app + CRIO,,,,
2025-07-25;REA;Actuadores;3140CA028;11:10;11:12;2;Equipment Fault;Robots;R65;Vacuum system;Vacuum off,,,,,,
2025-07-25;REA;Actuadores;3140CA028;11:16;11:21;5;Maintenance;CCC;General;TBD;Pruebas de ingenieria por parte del equipo de Italia,,,,,,
2025-07-25;REA;Actuadores;3140CA028;11:22;11:24;2;Equipment Fault;Main conveyor;Main conveyor;Singulator NOK;Pallet atorado,,,,,,
2025-07-25;REA;Actuadores;3140CA028;12:20;12:28;8;Maintenance;Conveyors;C55;Belt;Mesa movida, se ajusta posicion,,,,,
2025-07-25;REA;Actuadores;3140CA028;12:32;12:40;8;Maintenance;Robots;R65;Incorrect pick/place;Se modifica posicion Alt 805,,,,,,
2025-07-25;REA;Actuadores;3140CA028;12:45;12:50;5;Maintenance;Robots;R65;Vacuum system;Cambio de ventosas,,,,,,
2025-07-25;REA;Actuadores;3140CA028;13:30;13:40;10;Maintenance;REA;General;Checklist;Checklist 500pz,,,,,,
2025-07-25;REA;Actuadores;3140CA028;13:45;13:50;5;Maintenance;CHW;St4;Pressor;Cambio de pines por alto scrap,,,,,,
2025-07-22;REA;Actuadores;3140CA038;15:00;22:30;450;Maintenance;REA;General;TBD;PPAP,,,,,,
2025-07-23;REA;Actuadores;3140CA039;15:00;22:30;450;Maintenance;REA;General;TBD;PPAP,,,,,,
2025-07-22;REA;Actuadores;3140CA038;00:00;07:00;420;Maintenance;REA;General;TBD;PPAP,,,,,,
2025-07-25;REA;Actuadores;3140CA028;15:00;15:10;10;Equipment Fault;REA;General;Checklist;Checklist,,,,,,
2025-07-25;REA;Actuadores;3140CA028;15:18;15:21;3;Equipment Fault;CHW;St3;Thermodo;st 3 time out,,,,,,
2025-07-26;REA;Actuadores;3140CA028;15:45;15:55;10;Maintenance;MAT;Consumables;Grease;Cambio de grasa,,,,,,
2025-07-26;REA;Actuadores;3140CA028;16:04;16:08;4;Equipment Fault;EOL;St3;Axial play NOK;Se revisa st 3 por scrap consecutivo,,,,,,
2025-07-26;REA;Actuadores;3140CA028;16:10;16:12;2;Equipment Fault;Aux;710;TBD;Motor volteado, robot no continua seceuncia,,,,,
2025-07-26;REA;Actuadores;3140CA028;16:16;16:20;4;Equipment Fault;731;731;Bowl/Lineal feeder;prensa no continua ciclo, se reinicia en hmi,,,,,
2025-07-26;REA;Actuadores;3140CA028;16:27;16:30;3;Equipment Fault;620;620;Alphamatic Module;Piston queda abajo y no continua ciclo,,,,,,
2025-07-26;REA;Actuadores;3140CA028;16:33;16:36;3;Equipment Fault;CHW;St4;Pressor;Se limpia pressor por scrap,,,,,,
2025-07-26;REA;Actuadores;3140CA028;16:57;17:20;23;Equipment Fault;CAW;Jig/Index;Blade orienter actuator;Se revisa blade por crank inclinado,,,,,,
2025-07-26;REA;Actuadores;3140CA028;17:26;17:36;10;Equipment Fault;EOL;St3;Axial play NOK;Se revisa st por scrap, se reinicia app,,,,,
2025-07-26;REA;Actuadores;3140CA028;17:38;17:40;2;Equipment Fault;Main conveyor;Main conveyor;Lock NOK;Pallet atorado,,,,,,
2025-07-26;REA;Actuadores;3140CA028;18:04;18:07;3;Equipment Fault;CAW;CPA;SCARA;Robot falla al insertar crank,,,,,,
2025-07-26;REA;Actuadores;3140CA028;18:07;18:11;4;Maintenance;CCC;Consumables;Resin;Cambio de resina,,,,,,
2025-07-26;REA;Actuadores;3140CA028;18:05;18:08;3;Equipment Fault;USW;St14;Lower Jig;Limpieza de jig,,,,,,
2025-07-26;REA;Actuadores;3140CA028;18:15;18:18;3;Equipment Fault;Robots;R65;Vacuum system;Vcuum off,,,,,,
2025-07-26;REA;Actuadores;3140CA028;20:09;20:40;31;Equipment Fault;REA;General;No staff;Paro por hora de comida,,,,,,
2025-07-26;REA;Actuadores;3140CA028;21:13;21:18;5;Equipment Fault;EOL;General;Software/PC;Reinicio de app,,,,,,
2025-07-26;REA;Actuadores;3140CA028;21:52;21:56;4;Equipment Fault;EOL;Jigs;Jig actuator;Se revisa jig por constante scrap en el mismo,,,,,,
2025-07-26;REA;Actuadores;3140CA028;22:05;22:08;3;Equipment Fault;EOL;St2;Gripper NOK;Gripper error de signal,,,,,,
2025-07-29;REA;Actuadores;3140CA029;00:02;00:03;1;Equipment Fault;Robots;R75;Gripper/tool adjustments;Gripper atorado por ensamble de cover, falta de grip en gripper,,,,,
2025-07-29;REA;Actuadores;3140CA029;00:05;00:08;3;Equipment Fault;Robots;R75;Gripper/tool adjustments;Gripper atorado por ensamble de cover, falta de grip en gripper,,,,,
2025-07-29;REA;Actuadores;3140CA029;00:47;00:50;3;Equipment Fault;620;620;Alphamatic Module;no continua ciclo por scrap (minimum force not reached),,,,,,
2025-07-29;REA;Actuadores;3140CA029;00:40;00:45;5;Equipment Fault;USW;St14;Lower Jig;scraps continuos, limpieza general, jig test,,,,
2025-07-29;REA;Actuadores;3140CA029;01:00;01:04;4;Equipment Fault;CAW;CPA;SCARA;No continua ciclo, memoria ok, posible falla de comunicacion,,,,
2025-07-29;REA;Actuadores;3140CA029;00:30;00:37;7;Equipment Fault;USW;St11;Weld NOK;Scraps continuos, actuador overburned, se reduce amplitud de 85 a 81 porciento,,,,
2025-07-29;REA;Actuadores;3140CA029;03:30;03:33;3;Equipment Fault;USW;St14;Lower Jig;rebaba, limpieza necesaria,,,,,
2025-07-29;REA;Actuadores;3140CA029;04:00;04:07;7;Equipment Fault;REA;General;Empty rack;blisters en conveyor inferior,,,,,,
2025-07-29;REA;Actuadores;3140CA029;03:55;03:57;2;Equipment Fault;USW;St14;Lower Jig;scraps continuos, limpieza general,,,,,
2025-07-26;REA;Actuadores;3140CA029;04:00;07:00;180;Maintenance;REA;General;Change Over;Cambio a ford 29,,,,,,
2025-07-29;REA;Actuadores;3140CA028;04:44;04:45;1;Equipment Fault;731;731;Feed piston;pin inclinado,,,,,,
2025-07-29;REA;Actuadores;3140CA029;05:42;05:44;2;Maintenance;MAT;Consumables;Grease;cambio de grasa,,,,,,
2025-07-28;REA;Actuadores;3140CA029;23:10;23:15;5;Equipment Fault;730;730;Alphamatic Module;No continua ciclo, prensa se queda en pick, pallet anterior avanza como si locking estuviera vacio, se requiere reiniciar 730,,,
2025-07-28;REA;Actuadores;3140CA029;10:34;10:39;5;Maintenance;REA;General;Scheduled maintenance;diario,,,,,,
2025-07-29;REA;Actuadores;3140CA028;06:30;06:31;1;Equipment Fault;731;731;Feed piston;pin inclinado,,,,,,
2025-07-28;REA;Actuadores;3140CA028;12:58;13:03;5;Equipment Fault;EOL;St3;Axial play NOK;falla, se traba app,,,,,
2025-07-28;REA;Actuadores;3140CA028;13:04;13:07;3;Equipment Fault;EOL;St4;CRIO NOK;falla crio,,,,,,
2025-07-28;REA;Actuadores;3140CA028;13:14;13:16;2;Equipment Fault;Conveyors;C36;Presence sensor;pallet atorado,,,,,,
2025-07-28;REA;Actuadores;3140CA028;13:19;13:22;3;Equipment Fault;Main conveyor;Main conveyor;Lock NOK;pallet atorado,,,,,,
2025-07-28;REA;Actuadores;3140CA028;13:30;13:34;4;Maintenance;EOL;St2;Gripper NOK;calibracion,,,,,,
2025-07-28;REA;Actuadores;3140CA028;13:40;13:45;5;Maintenance;CAW;General;Scheduled maintenance;checklist,,,,,,
2025-07-28;REA;Actuadores;3140CA028;13:51;13:58;7;Maintenance;USW;St11;Branson;limpieza st 11,14,,,,,
2025-07-28;REA;Actuadores;3140CA028;13:58;14:00;2;Quality;MAT;General;Scrapbox full;scrap full,,,,,,
2025-07-28;REA;Actuadores;3140CA028;14:02;14:04;2;Equipment Fault;EOL;St2;Gripper NOK;falla st2,,,,,,
2025-07-29;REA;Actuadores;3140CA029;07:39;07:41;2;Equipment Fault;731;731;Presence sensor;pin chueco,,,,,,
2025-07-29;REA;Actuadores;3140CA029;08:16;08:22;6;Maintenance;Main conveyor;Main conveyor;Inductive sensor;ajuste de sensor,,,,,,
2025-07-29;REA;Actuadores;3140CA029;08:35;08:37;2;Equipment Fault;CHW;St2;Vision system;chip fuera de posicion,,,,,,
2025-07-29;REA;Actuadores;3140CA029;09:13;09:18;5;Maintenance;CHW;St4;Pressor;cambio de goma y pines,,,,,,
2025-07-29;REA;Actuadores;3140CA029;09:30;09:33;3;Maintenance;731;731;Presence sensor;ajuste de sensor,,,,,,
2025-07-29;REA;Actuadores;3140CA029;09:33;09:38;5;Maintenance;CHW;Consumables;Chip reel;cambio de chip,,,,,,
2025-07-29;REA;Actuadores;3140CA029;10:55;11:05;10;Maintenance;REA;General;Checklist;checklist programado (500 pzs.),,,,,,
2025-07-29;REA;Actuadores;3140CA029;11:24;11:26;2;Equipment Fault;EOL;St2;Gripper NOK;se alrma por falla en gripper,,,,,,
2025-07-29;REA;Actuadores;3140CA029;11:26;11:29;3;Equipment Fault;620;620;Feed piston;se queda abajo piston,,,,,,
2025-07-29;REA;Actuadores;3140CA029;07:26;07:28;2;Equipment Fault;Robots;R75;Gripper/tool adjustments;no abre gripper,,,,,,
2025-07-29;REA;Actuadores;3140CA029;07:12;07:15;3;Equipment Fault;915;915;Vision system;falla st915,,,,,,
2025-07-29;REA;Actuadores;3140CA029;07:00;07:10;10;Maintenance;REA;General;Scheduled maintenance;checklist de inicio de turno,,,,,,
2025-07-28;REA;Actuadores;3140CA029;07:00;09:00;120;Quality;REA;General;SOP;liberacion,,,,,,
2025-07-28;REA;Actuadores;3140CA029;09:40;09:44;4;Equipment Fault;EOL;St2;Gripper NOK;falla st2,,,,,,
2025-07-28;REA;Actuadores;3140CA029;09:20;09:21;1;Equipment Fault;EOL;St2;Gripper NOK;falla st2,,,,,,
2025-07-28;REA;Actuadores;3140CA029;09:48;09:56;8;Equipment Fault;EOL;St4;CRIO NOK;reset de crio,,,,,,
2025-07-28;REA;Actuadores;3140CA029;10:10;10:12;2;Equipment Fault;Aux;805;Presence sensor;no deja el Gear en posicion,,,,,,
2025-07-28;REA;Actuadores;3140CA029;10:13;10:15;2;Equipment Fault;EOL;St2;Gripper NOK;falla st2,,,,,,
2025-07-28;REA;Actuadores;3140CA029;10:15;10:16;1;Equipment Fault;Aux;805;Presence sensor;se cae Gear,,,,,,
2025-07-28;REA;Actuadores;3140CA029;10:17;10:20;3;Quality;EOL;General;Scrapbox full;full scrap,,,,,,
2025-07-28;REA;Actuadores;3140CA029;10:21;10:24;3;Equipment Fault;EOL;St3;Gripper NOK;falla st3 se,,,,,,
2025-07-28;REA;Actuadores;3140CA029;10:24;10:28;4;Quality;EOL;St4;Gripper NOK;falla st4,,,,,,
2025-07-28;REA;Actuadores;3140CA029;10:36;10:28;-8;Maintenance;EOL;St4;CRIO NOK;reset crio,,,,,,
2025-07-28;REA;Actuadores;3140CA029;10:44;10:46;2;Equipment Fault;EOL;St2;Gripper NOK;reset a st2,,,,,,
2025-07-28;REA;Actuadores;3140CA029;11:34;11:35;1;Quality;Robots;R70;Gripper/tool adjustments;no abre gripper,,,,,,
2025-07-28;REA;Actuadores;3140CA029;11:39;11:47;8;Maintenance;MAT;St4;CRIO App;reset de crio,,,,,,
2025-07-28;REA;Actuadores;3140CA029;11:50;11:52;2;Equipment Fault;620;620;Feed piston;se queda abajo piston,,,,,,
2025-07-28;REA;Actuadores;3140CA029;11:52;11:54;2;Equipment Fault;620;620;Feed piston;piston se queda abajo,,,,,,
2025-07-28;REA;Actuadores;3140CA029;11:56;11:58;2;Equipment Fault;Conveyors;C36;Presence sensor;blister atorado,,,,,,
2025-07-28;REA;Actuadores;3140CA029;11:58;12:01;3;Quality;731;731;Presence sensor;pin chueco,,,,,,
2025-07-28;REA;Actuadores;3140CA029;12:10;12:13;3;Maintenance;Robots;R38;Scheduled maintenance;cambio de ventosas,,,,,,
2025-07-28;REA;Actuadores;3140CA029;12:16;12:19;3;Maintenance;CHW;St4;Pressor;limpieza de pines,,,,,,
2025-07-28;REA;Actuadores;3140CA029;12:22;12:25;3;Maintenance;EOL;St2;Gripper NOK;ajuste de posicion,,,,,,
2025-07-28;REA;Actuadores;3140CA029;11:14;11:19;5;Maintenance;Robots;R65;Gripper/tool adjustments;ajuste de posicion al st805,,,,,,
2025-07-28;REA;Actuadores;3140CA029;10:49;10:54;5;Maintenance;CAW;CPA;Vision system;ajuste,,,,,,
2025-07-28;REA;Actuadores;3140CA029;12:34;12:36;2;Equipment Fault;620;620;Feed piston;pieza nok no sube cilindro,,,,,,
2025-07-28;REA;Actuadores;3140CA029;11:23;11:25;2;Equipment Fault;620;620;Presence sensor;pieza nok, no sube cilindro de insercion,,,,,
2025-07-28;REA;Actuadores;3140CA029;12:53;12:57;4;Quality;EOL;St2;Gripper NOK;falla st2,,,,,,
2025-07-28;REA;Actuadores;3140CA029;15:00;15:08;8;Maintenance;REA;General;Checklist;Checklist,,,,,,
2025-07-28;REA;Actuadores;3140CA029;15:08;15:15;7;Equipment Fault;EOL;St2;Gripper NOK;Falla constante en st 2, se ajusta conector y se mueve posicion para un mejor agarre del gripper,,,,,
2025-07-28;REA;Actuadores;3140CA029;15:20;15:23;3;Equipment Fault;620;620;Feed piston;Prensa queda abajo al prensar una pieza mal,,,,,,
2025-07-28;REA;Actuadores;3140CA029;15:28;15:32;4;Equipment Fault;USW;St14;Lower Jig;Se revisa jig por scrap consecutivo, tenia rebaba de actuador,,,,,
2025-07-28;REA;Actuadores;3140CA029;15:37;15:40;3;Equipment Fault;USW;St14;Lower Jig;Se revisa jig por scrap consecutivo, se vuelve hacer limpieza,,,,,
2025-07-28;REA;Actuadores;3140CA029;15:46;15:48;2;Equipment Fault;731;731;Bowl/Lineal feeder;Pin atorado,,,,,,
2025-07-28;REA;Actuadores;3140CA029;16:50;16:53;3;Equipment Fault;CHW;St2;SCARA Pick/Place;No toma bien el chip,,,,,,
2025-07-28;REA;Actuadores;3140CA029;16:56;17:02;6;Equipment Fault;Main conveyor;Main conveyor;Inductive sensor;Varios pallets atorados por locking,,,,,,
2025-07-28;REA;Actuadores;3140CA029;17:10;17:14;4;Equipment Fault;USW;St11;Weld NOK;Se revisa jig y se cambia esponja por scrap,,,,,,
2025-07-28;REA;Actuadores;3140CA029;17:15;17:20;5;Equipment Fault;Main conveyor;Main conveyor;Inductive sensor;Se ajusta sensor inductivo porque no detecta pallet,,,,,,
2025-07-28;REA;Actuadores;3140CA029;19:14;19:17;3;Equipment Fault;Robots;R75;Motion supervision/Joint collision;Motion supervision al ensamblar pieza, se revisa que esten Ok las terminales del motor,,,,,
2025-07-28;REA;Actuadores;3140CA029;19:54;19:56;2;Equipment Fault;Robots;R75;Gripper/tool adjustments;Robot no ensambla correctamente cover al body,,,,,,
2025-07-28;REA;Actuadores;3140CA029;20:20;20:24;4;Equipment Fault;Robots;R75;Gripper/tool adjustments;Gripper no cierra correctamente por mal ensamble de cover,,,,,,
2025-07-29;REA;Actuadores;3140CA029;00:00;00:02;2;Equipment Fault;USW;St14;Lower Jig;cambio de goma,,,,,,
2025-07-29;REA;Actuadores;3140CA029;00:10;00:11;1;Maintenance;CHW;St4;Pressor;limpieza de pressor,,,,,,
2025-07-29;REA;Actuadores;3140CA029;03:05;03:06;1;Equipment Fault;731;731;Feed piston;pin inclinado,,,,,,
2025-07-29;REA;Actuadores;3140CA029;03:10;03:13;3;Maintenance;CCC;Consumables;Resin;cambio de resina,,,,,,
2025-07-29;REA;Actuadores;3140CA029;11:30;11:31;1;Equipment Fault;Robots;R65;Vacuum system;alarma por vacuum,,,,,,
2025-07-28;REA;Actuadores;3140CA029;23:40;23:42;2;Equipment Fault;Robots;R75;Gripper/tool adjustments;Gripper atorado por ensamble de cover, falta de grip en gripper,,,,,
2025-07-29;REA;Actuadores;3140CA029;12:10;12:12;2;Equipment Fault;620;620;Feed piston;se quedo abajo el piston,,,,,,
2025-07-29;REA;Actuadores;3140CA029;12:24;12:26;2;Quality;620;620;Feed piston;se queda abajo piston t620,,,,,,
2025-07-29;REA;Actuadores;3140CA029;12:38;12:40;2;Equipment Fault;CHW;St2;SCARA Pick/Place;posicion incorrecta del chip,,,,,,
2025-07-29;REA;Actuadores;3140CA029;13:53;13:58;5;Quality;731;731;Feed piston;falla de st731 / pin chueco,,,,,,
2025-07-29;REA;Actuadores;3140CA029;14:10;14:12;2;Equipment Fault;Conveyors;C36;Presence sensor;blister atorado,,,,,,
2025-07-29;REA;Actuadores;3140CA029;14:30;14:35;5;Maintenance;REA;General;Checklist;checklist programado (1,000 pzs),,,,,
2025-07-29;REA;Actuadores;3140CA029;14:36;14:38;2;Equipment Fault;Main conveyor;Main conveyor;Inductive sensor;no avanza pallet se resetea,,,,,,
2025-07-29;REA;Actuadores;3140CA029;17:03;17:02;-1;Equipment Fault;CHW;St4;Pressor;Se limpia pressor,,,,,,
2025-07-29;REA;Actuadores;3140CA029;17:06;17:08;2;Equipment Fault;Robots;R65;Motion supervision/Joint collision;Motion supervision por manguera,,,,,,
2025-07-29;REA;Actuadores;3140CA029;17:28;17:32;4;Equipment Fault;Conveyors;C36;Presence sensor;Blister de body atorado,,,,,,
2025-07-29;REA;Actuadores;3140CA028;18:05;18:07;2;Equipment Fault;EOL;St1;DM reader;Scrap por falla en lectura del body, se limpia el lector de DM,,,,,
2025-07-29;REA;Actuadores;3140CA029;19:10;19:17;7;Equipment Fault;CHW;St5;Vision system;Ajuste en sistema de vision por pieza mal soldada pasa ok. se pasan master para verificar,,,,,,
2025-07-29;REA;Actuadores;3140CA029;20:01;20:03;2;Equipment Fault;Conveyors;C36;Presence sensor;Blister atorado,,,,,,
2025-07-29;REA;Actuadores;3140CA028;15:00;15:09;9;Maintenance;REA;General;Checklist;Checklist,,,,,,
2025-07-29;REA;Actuadores;3140CA028;22:19;22:22;3;Maintenance;CHW;Consumables;Argon;Cambio argon,,,,,,
2025-07-29;REA;Actuadores;3140CA029;22:58;22:59;1;Equipment Fault;Conveyors;C36;Presence sensor;no detecto sensor de presencia,,,,,,
2025-07-29;REA;Actuadores;3140CA029;23:40;23:42;2;Equipment Fault;Robots;R65;Motion supervision/Joint collision;Motion supervision,,,,,,
2025-07-29;REA;Actuadores;3140CA029;23:11;23:12;1;Equipment Fault;Robots;R75;Motion supervision/Joint collision;Falta de grip en R75,,,,,,
2025-07-30;REA;Actuadores;3140CA029;00:05;00:06;1;Equipment Fault;620;620;Alphamatic Module;prensa se quedo abajo,,,,,,
2025-07-30;REA;Actuadores;3140CA029;01:00;01:04;4;Maintenance;REA;General;Checklist;checklist,,,,,,
2025-07-30;REA;Actuadores;3140CA029;01:35;01:38;3;Maintenance;CHW;Consumables;Chip reel;Cambio de chip,,,,,,
2025-07-30;REA;Actuadores;3140CA029;01:38;01:48;10;Equipment Fault;CCC;St6;Thermocamara;no continuo ciclo,,,,,,
2025-07-30;REA;Actuadores;3140CA029;02:11;02:12;1;Production;Aux;710;NOK material;motor en blister mal colocado,,,,,,
2025-07-30;REA;Actuadores;3140CA029;02:41;02:42;1;Maintenance;USW;St14;Lower Jig;limpieza jig,,,,,,
2025-07-30;REA;Actuadores;3140CA029;04:45;04:47;2;Equipment Fault;620;620;Alphamatic Module;No continua ciclo, scrap por fuerza minima,,,,,
2025-07-30;REA;Actuadores;3140CA029;05:20;05:30;10;Equipment Fault;CAW;Jig/Index;Index not in home;falla al insertar crank jig 2, calibrar posicion mesa,,,,,
2025-07-30;REA;Actuadores;3140CA029;05:30;05:33;3;Maintenance;REA;General;Checklist;Checklist, se comienza durante paro anterior CAW,,,,,
2025-07-30;REA;Actuadores;3140CA029;07:49;07:53;4;Equipment Fault;CAW;CPA;Feeder;crank invetido,,,,,,
2025-07-30;REA;Actuadores;3140CA029;07:55;07:57;2;Production;Conveyors;General;NOK material;motor invertido,,,,,,
2025-07-30;REA;Actuadores;3140CA029;07:59;08:02;3;Equipment Fault;Main conveyor;Main conveyor;Lock NOK;pallet atorado en locking,,,,,,
2025-07-30;REA;Actuadores;3140CA029;08:02;08:04;2;Equipment Fault;731;731;Presence sensor;pin chueco,,,,,,
2025-07-30;REA;Actuadores;3140CA039;13:25;13:28;3;Production;MAT;St3;Feeder;Se queda sin tornillos,,,,,,
2025-07-30;REA;Actuadores;3140CA029;09:36;09:38;2;Equipment Fault;731;731;Bowl/Lineal feeder;Pin chueco,,,,,,
2025-07-30;REA;Actuadores;3140CA029;11:18;11:20;2;Maintenance;CAW;Consumables;Nitrogen;Cambio de tanque Nitrogeno,,,,,,
2025-07-30;REA;Actuadores;3140CA029;11:08;11:10;2;Equipment Fault;Robots;R65;Motion supervision/Joint collision;Motion supervision,,,,,,
2025-07-30;REA;Actuadores;3140CA029;07:00;07:10;10;Maintenance;REA;General;Checklist;Checklist por arranque de turno,,,,,,
2025-07-30;REA;Actuadores;3140CA029;09:50;09:53;3;Maintenance;MAT;Consumables;Grease;Se termina grasa,,,,,,
2025-07-30;REA;Actuadores;3140CA029;09:53;09:55;2;Equipment Fault;CHW;St4;Pressor;Alto scrap por mala soldadura, se limpia pressor,,,,,
2025-07-30;REA;Actuadores;3140CA029;10:08;10:10;2;Equipment Fault;Main conveyor;Main conveyor;Lift;Se atora pallet debajo de lift,,,,,,
2025-07-30;REA;Actuadores;3140CA029;10:12;10:15;3;Equipment Fault;CAW;LSW;Pressor;Pressor se queda abajo,,,,,,
2025-07-30;REA;Actuadores;3140CA029;10:24;10:27;3;Equipment Fault;Robots;R75;Gripper/tool adjustments;Gripper 1 no abre correctamente,,,,,,
2025-07-30;REA;Actuadores;3140CA029;10:34;10:37;3;Equipment Fault;620;620;Alphamatic Module;Falla inserción por alarma,,,,,,
2025-07-30;REA;Actuadores;3140CA029;10:45;10:55;10;Maintenance;REA;General;Checklist;Checklist por 500pz,,,,,,
2025-07-30;REA;Actuadores;3140CA029;13:30;13:35;5;Maintenance;CCC;Consumables;Resin;Cambio de bote con resina,,,,,,
2025-07-30;REA;Actuadores;3140CA029;13:43;13:45;2;Production;MAT;St3;Feeder;Se atora tornillo por exceso de tornillos por relleno,,,,,,
2025-07-30;REA;Actuadores;3140CA029;13:50;13:58;8;Maintenance;REA;General;Checklist;Checklist por 1000pz,,,,,,
2025-07-30;REA;Actuadores;3140CA029;14:15;14:17;2;Equipment Fault;Robots;R40;Incorrect pick/place;Se cae gear,,,,,,
2025-07-30;REA;Actuadores;3140CA029;14:21;14:23;2;Equipment Fault;Main conveyor;Main conveyor;RFID Reader;No hace proceso 731 por pallet no detectado, se reinicia ciclo 731,,,,,
2025-07-26;REA;Actuadores;3140CA029;07:00;13:05;365;Quality;REA;General;Change Over;Liberación Ford 029,,,,,,
2025-07-26;REA;Actuadores;3140CA029;14:20;14:50;30;Maintenance;CAW;Jig/Index;Blade orienter actuator;Blade derecho no se regresa durante el proceso, se cambia cilindro dañado, presenta fuga en vastago,,,,
2025-07-30;REA;Actuadores;3140CA029;16:34;16:57;23;Equipment Fault;Main conveyor;Main conveyor;RFID Reader;RFID no leia pallet haciendo error en secuencia de lockings,,,,,,
2025-07-30;REA;Actuadores;3140CA029;17:02;17:16;14;Maintenance;Main conveyor;Main conveyor;Motor;Se ajusta motor a su posicion por que se sale de flecha,,,,,,
2025-07-30;REA;Actuadores;3140CA029;17:19;17:22;3;Equipment Fault;Main conveyor;Main conveyor;Belt;Soporte de guias flojo, se ajusta tornilleria,,,,,
2025-07-30;REA;Actuadores;3140CA029;18:04;18:15;11;Equipment Fault;MSA;General;PLC ;No responde, se reinica MSA y robot se manda a home,,,,,
2025-07-30;REA;Actuadores;3140CA029;18:21;18:24;3;Equipment Fault;Robots;R38;Vacuum system;Se revisa ventojas de robot por que tiraba body, se hace ajuste a tuercas de base,,,,,
2025-07-30;REA;Actuadores;3140CA029;19:38;19:43;5;Equipment Fault;730;730;Bowl/Lineal feeder;Prensa colisiona con feed piston porque pin estaba mal acomodado, despues de mandar a home no continua secuencia, se ocupa poner home en hmi para que continue y vuelva a leer sensor inductivo,,,,
2025-07-30;REA;Actuadores;3140CA029;18:44;18:49;5;Material/Logistics;CHW;Consumables;Chip reel;Se acaba chip y no hya repuestoen el area, se busca en racks,,,,,
2025-07-30;REA;Actuadores;3140CA029;18:49;18:55;6;Maintenance;CHW;Consumables;Chip reel;Cambio de chip,,,,,,
2025-07-30;REA;Actuadores;3140CA029;18:55;18:59;4;Equipment Fault;620;620;Alphamatic Module;Se ocupa reiniciar modulo porque prensa tiro scrap y al reiniciar no continua secuencia,,,,,,
2025-07-30;REA;Actuadores;3140CA029;19:04;19:08;4;Maintenance;Main conveyor;Main conveyor;Belt;Se ajusta puende entre conveyor porque rosaba con cadena,,,,,,
2025-07-30;REA;Actuadores;3140CA029;19:12;19:14;2;Equipment Fault;Robots;R75;Gripper/tool adjustments;Gripper 4 no abrio correctamente y se alarma,,,,,,
2025-07-30;REA;Actuadores;3140CA029;19:25;19:27;2;Equipment Fault;USW;St14;Lower Jig;Se limpia goma blanca por rebaba acumulada,,,,,,
2025-07-30;REA;Actuadores;3140CA029;19:36;19:38;2;Equipment Fault;Conveyors;C36;Presence sensor;Blister atorado por lockings,,,,,,
2025-07-30;REA;Actuadores;3140CA029;19:39;19:41;2;Equipment Fault;Robots;R75;Gripper/tool adjustments;Gripper 3 no abre correctamente,,,,,,
2025-07-30;REA;Actuadores;3140CA029;19:41;19:43;2;Equipment Fault;Robots;R65;Motion supervision/Joint collision;motion supervision por manguera,,,,,,
2025-07-30;REA;Actuadores;3140CA029;19:57;20:04;7;Quality;731;General;NOK material;Pin viene mas grande que lo requerido,,,,,,
2025-07-30;REA;Actuadores;3140CA029;20:46;20:49;3;Equipment Fault;Robots;R65;Motion supervision/Joint collision;Motion supervision por manguera,,,,,,
2025-07-30;REA;Actuadores;3140CA029;21:00;21:08;8;Maintenance;REA;General;Checklist;Checklist,,,,,,
2025-07-30;REA;Actuadores;3140CA029;23:27;23:31;4;Quality;730;730;Alphamatic Module;force exceeded in pick, home manual, revisar feedr piston y reiniciar ciclo,,,,
2025-07-31;REA;Actuadores;3140CA029;00:29;00:30;1;Equipment Fault;Robots;R70;Vacuum system;cambio de ventosas,,,,,,
2025-07-31;REA;Actuadores;3140CA029;00:31;00:32;1;Equipment Fault;Main conveyor;Main conveyor;Lift;lift se quedo abajo,,,,,,
2025-07-31;REA;Actuadores;3140CA029;00:37;00:38;1;Equipment Fault;Main conveyor;Main conveyor;Singulator NOK;singulator de 730 no abrio,,,,,,
2025-07-31;REA;Actuadores;3140CA029;00:50;00:53;3;Production;REA;General;Empty rack;Se vacía, restablecer logica en conveyor body,,,,,
2025-07-31;REA;Actuadores;3140CA029;01:10;01:20;10;Equipment Fault;730;730;Alphamatic Module;problemas con la prensa no detecta pallet,,,,,,
2025-07-31;REA;Actuadores;3140CA029;01:35;01:38;3;Equipment Fault;730;730;Alphamatic Module;problemas con la prensa no detecta pallet,,,,,,
2025-07-31;REA;Actuadores;3140CA029;02:10;02:15;5;Equipment Fault;730;730;Feed piston;ajuste de tope mecanico por pick nok,,,,,,
2025-07-31;REA;Actuadores;3140CA029;02:15;02:17;2;Quality;REA;General;NOK material;Blister mal formado gear,,,,,,
2025-07-31;REA;Actuadores;3140CA029;03:27;03:31;4;Maintenance;REA;General;Checklist;checklist,,,,,,
2025-07-31;REA;Actuadores;3140CA029;05:45;05:49;4;Equipment Fault;Main conveyor;Main conveyor;Lock NOK;pallet atorado, despues de desatorar se atoran otros pallets,,,,,
2025-07-31;REA;Actuadores;3140CA029;06:15;06:17;2;Equipment Fault;Robots;R70;Vacuum system;2 veces fallo vacuum, no se cambiaron ventosas, solo play,,,,
2025-07-31;REA;Actuadores;3140CA029;07:00;07:10;10;Maintenance;REA;General;Checklist;checkilis diario,,,,,,
2025-07-31;REA;Actuadores;3140CA029;08:12;08:15;3;Maintenance;USW;St14;Lower Jig;limpieza y se revisa oring,,,,,,
2025-07-31;REA;Actuadores;3140CA029;08:21;08:26;5;Maintenance;USW;St11;Jig;limpieza y mtto. al jig.,,,,,,
2025-07-31;REA;Actuadores;3140CA029;09:45;09:50;5;Production;Conveyors;C65;Presence sensor;blister mal posicionado R70 no puede agarrar Gear.,,,,,,
2025-07-31;REA;Actuadores;3140CA029;10:51;10:53;2;Equipment Fault;Main conveyor;Main conveyor;Lock NOK;pallet atorado,,,,,,
2025-07-31;REA;Actuadores;3140CA029;10:54;10:56;2;Equipment Fault;Main conveyor;Main conveyor;Lock NOK;pallet atorado,,,,,,
2025-07-31;REA;Actuadores;3140CA029;11:24;11:26;2;Maintenance;MAT;Consumables;Grease;se termina grasa (cambio),,,,,,
2025-07-31;REA;Actuadores;3140CA029;11:32;11:34;2;Equipment Fault;731;731;Presence sensor;pin chueco,,,,,,
2025-07-31;REA;Actuadores;3140CA029;11:34;11:36;2;Equipment Fault;MAT;St5;Axis not in home;not home,,,,,,
2025-07-31;REA;Actuadores;3140CA029;12:08;12:10;2;Equipment Fault;MAT;St6;Grease sensor;se solto tapa de grasa,,,,,,
2025-07-31;REA;Actuadores;3140CA029;12:10;12:15;5;Maintenance;CHW;Consumables;Chip reel;se termina chip,,,,,,
2025-07-31;REA;Actuadores;3140CA029;13:03;13:07;4;Maintenance;CCC;Consumables;Resin;cambio de resina,,,,,,
2025-07-31;REA;Actuadores;3140CA029;13:22;13:24;2;Equipment Fault;Robots;R65;Vacuum system;vacuum R65,,,,,,
2025-07-31;REA;Actuadores;3140CA029;13:58;14:02;4;Equipment Fault;EOL;St4;CRIO NOK;se resetea por alarma de crio,,,,,,
2025-07-31;REA;Actuadores;3140CA029;12:00;12:08;8;Maintenance;REA;General;Checklist;checklist programado (500 pzs.),,,,,,
2025-07-31;REA;Actuadores;3140CA029;15:00;15:22;22;Maintenance;REA;General;Checklist;Checklist, cambio de lente preventivo en CAW,,,,,
2025-07-31;REA;Actuadores;3140CA029;15:22;16:15;53;Quality;REA;General;Test approval;Liberacion de soldadura crank assy despues de cmbio preventivo de lente,,,,,,
2025-07-31;REA;Actuadores;3140CA029;16:27;16:35;8;Equipment Fault;USW;St11;Jig;Scrap alto, revision. Atiende Orlando,,,,,
2025-07-31;REA;Actuadores;3140CA029;17:50;17:54;4;Equipment Fault;USW;St14;Lower Jig;Scrap alto, seal blanco dañado, se reemplaza,,,,
2025-07-31;REA;Actuadores;3140CA029;21:31;21:35;4;Quality;USW;General;Scrapbox full;Paro para retirar scrap de usw,,,,,,
2025-07-31;REA;Actuadores;3140CA029;21:39;21:41;2;Equipment Fault;731;731;Bowl/Lineal feeder;Pin atorado,,,,,,
2025-07-31;REA;Actuadores;3140CA029;21:42;21:44;2;Equipment Fault;Robots;R65;Motion supervision/Joint collision;Motion supervision,,,,,,
2025-07-31;REA;Actuadores;3140CA029;22:11;22:15;4;Equipment Fault;USW;St14;Lower Jig;Se revisa goma por scrap consecutivo,,,,,,
2025-07-31;REA;Actuadores;3140CA029;22:19;22:23;4;Equipment Fault;MSA;MSA;Driver;No continuaba ciclo, se retablece y se manda a home,,,,,
2025-07-31;REA;Actuadores;3140CA029;22:24;22:26;2;Equipment Fault;Main conveyor;Main conveyor;Lock NOK;Pallet atorado por,,,,,,
2025-07-31;REA;Actuadores;3140CA029;22:26;22:28;2;Equipment Fault;Main conveyor;Main conveyor;Lock NOK;Pallet atorado por locking,,,,,,
2025-07-31;REA;Actuadores;3140CA029;22:55;22:58;3;Equipment Fault;Robots;R33;Motion supervision/Joint collision;Colision en jig de CHW, desconocida la causa, se restablece,,,,
2025-07-31;REA;Actuadores;3140CA029;23:19;23:20;1;Production;Aux;710;NOK material;motor en posicion incorrecta,,,,,,
2025-07-31;REA;Actuadores;3140CA029;23:29;23:31;2;Equipment Fault;Robots;R38;Vacuum system;vacuum off,,,,,,
2025-07-31;REA;Actuadores;3140CA029;23:07;23:15;8;Equipment Fault;Robots;R38;Vacuum system;vacuum off se mando a main y se reinicio ciclo de st 710,,,,,,
2025-07-31;REA;Actuadores;3140CA029;22:34;22:48;14;Equipment Fault;MSA;MSA;Driver;driver not in home repetidas veces, guia rota impedia correcto posicionamiento del driver, tenia un sincho, se uso loctite para pegarla,,,
2025-08-01;REA;Actuadores;3140CA029;00:04;00:05;1;Equipment Fault;Robots;R75;Gripper/tool adjustments;No abrio gripper,,,,,,
2025-08-01;REA;Actuadores;3140CA029;00:06;00:07;1;Equipment Fault;MAT;St3;Feeder;tornillos atorados en feeder,,,,,,
2025-08-01;REA;Actuadores;3140CA029;01:24;01:31;7;Equipment Fault;USW;St14;Lower Jig;scraps continuos, mantenimiento a jig,,,,,
2025-08-01;REA;Actuadores;3140CA029;00:40;01:11;31;Equipment Fault;Robots;R38;Incorrect pick/place;paros continuos por body caido, bodys acumulados tirados en suelo, se ajusta posicion de pick en conveyor (estaba inclinada y desfasada), guias y cilindros NOK se ajustan, blister queda inclinado al final por workobject nok (no se ajusta, queda pendiente),
2025-08-01;REA;Actuadores;3140CA029;02:06;02:08;2;Equipment Fault;USW;St14;Lower Jig;limpieza de jig y cambio de goma,,,,,,
2025-08-01;REA;Actuadores;3140CA029;02:25;02:30;5;Maintenance;REA;General;Checklist;checklist en caw,,,,,,
2025-08-01;REA;Actuadores;3140CA029;02:55;03:00;5;Equipment Fault;EOL;General;Electrical system;Scraps continuos st4, voltage NOK,  mantenimiento pines jig 1, reiniciar CRIO,,,
2025-08-01;REA;Actuadores;3140CA029;04:32;04:34;2;Equipment Fault;731;731;Feed piston;pin inclinado, pallets avanzan y se acumulan,,,,,
2025-08-01;REA;Actuadores;3140CA029;05:27;05:30;3;Equipment Fault;Robots;R38;Incorrect pick/place;se quedo en posicion de pick, no continuo ciclo,,,,,
2025-08-01;REA;Actuadores;3140CA029;06:17;06:20;3;Maintenance;CHW;Consumables;Chip reel;cambio de chip,,,,,,
2025-08-01;REA;Actuadores;3140CA029;07:00;07:10;10;Maintenance;REA;General;Checklist;checklist diario,,,,,,
"2025-08-01;REA;Actuadores;3140CA029;08:10;08:40;30;Maintenance;Robots;R33;PLC ;alarma MMI "" system failure""",,,,,,
2025-08-01;REA;Actuadores;3140CA029;08:40;09:10;30;Equipment Fault;CCC;General;Safety system;perdio secuencia,,,,,,
2025-08-01;REA;Actuadores;3140CA029;09:13;09:14;1;Quality;Robots;R75;Gripper/tool adjustments;gripper 1 nok,,,,,,
2025-08-01;REA;Actuadores;3140CA029;09:26;09:28;2;Equipment Fault;Robots;R75;Gripper/tool adjustments;gripper 1 nok,,,,,,
2025-08-01;REA;Actuadores;3140CA029;10:47;10:49;2;Equipment Fault;731;731;Presence sensor;no pone pin en posicion correcta,,,,,,
2025-08-01;REA;Actuadores;3140CA029;11:01;11:03;2;Equipment Fault;Robots;R75;Gripper/tool adjustments;gripper 1 NOK,,,,,,
2025-08-01;REA;Actuadores;3140CA029;11:09;11:11;2;Equipment Fault;Robots;R75;Gripper/tool adjustments;gripper 1 NOK,,,,,,
2025-08-01;REA;Actuadores;3140CA029;11:25;11:27;2;Equipment Fault;Robots;R75;Gripper/tool adjustments;Gripper 1 NOK,,,,,,
2025-08-01;REA;Actuadores;3140CA029;11:48;11:51;3;Maintenance;USW;St14;Lower Jig;limpieza por alto scrap,,,,,,
2025-08-01;REA;Actuadores;3140CA029;00:05;00:08;3;Maintenance;USW;St11;Branson;alto scrap lubricacion st11,,,,,,
2025-08-01;REA;Actuadores;3140CA029;12:13;12:15;2;Equipment Fault;Robots;R75;Gripper/tool adjustments;gripper 1 Nok,,,,,,
2025-08-01;REA;Actuadores;3140CA029;12:29;12:37;8;Maintenance;REA;General;Checklist;checklist programado 500pzs.,,,,,,
2025-08-01;REA;Actuadores;3140CA029;12:27;12:59;32;Equipment Fault;Robots;R75;Gripper/tool adjustments;gripper 1 Nok,,,,,,
2025-08-01;REA;Actuadores;3140CA029;13:19;13:23;4;Equipment Fault;Robots;R75;Gripper/tool adjustments;gripper 1 Nok,,,,,,
2025-08-01;REA;Actuadores;3140CA029;13:34;13:36;2;Production;MAT;St3;Feeder;sin material (tornillos),,,,,,
2025-08-01;REA;Actuadores;3140CA029;13:49;13:54;5;Maintenance;CCC;Consumables;Resin;cambio de resina,,,,,,
2025-08-01;REA;Actuadores;3140CA029;15:00;15:10;10;Maintenance;REA;General;Checklist;Se realiza checklist,,,,,,
2025-08-01;REA;Actuadores;3140CA029;15:12;15:15;3;Equipment Fault;USW;St14;Lower Jig;Se revisa goma por scrap consecutivo, goma estaba suelta, se vuelve a pegar,,,,
2025-08-01;REA;Actuadores;3140CA029;15:17;15:20;3;Equipment Fault;731;731;Bowl/Lineal feeder;Pin atorado y mp continua ciclo,,,,,,
2025-08-01;REA;Actuadores;3140CA029;21:03;21:08;5;Equipment Fault;Robots;R70;Vacuum system;Se cambian ventosas y se limpia st 905,,,,,,
2025-08-01;REA;Actuadores;3140CA029;21:20;21:24;4;Equipment Fault;Main conveyor;Main conveyor;Lock NOK;Pallets atorados,,,,,,
2025-08-01;REA;Actuadores;3140CA029;21:24;21:27;3;Quality;CCC;General;Scrapbox full;Scrap box full,,,,,,
2025-08-01;REA;Actuadores;3140CA029;20:58;21:02;4;Quality;EOL;General;Scrapbox full;Scrap box full,,,,,,
2025-08-01;REA;Actuadores;3140CA029;21:32;21:37;5;Equipment Fault;Main conveyor;Main conveyor;Inductive sensor;Se ajusta altura de sensor inductivo porque no detecta pallet,,,,,,
2025-08-01;REA;Actuadores;3140CA029;21:39;21:41;2;Equipment Fault;915;915;Missing ogive;Ojiva caida,,,,,,
2025-08-01;REA;Actuadores;3140CA029;22:09;22:12;3;Equipment Fault;Robots;R65;Motion supervision/Joint collision;Motion supervision por manguera,,,,,,
2025-08-01;REA;Actuadores;3140CA029;16:50;17:15;25;Production;REA;General;Scheduled production stop;Convivio,,,,,,
2025-08-01;REA;Actuadores;3140CA029;22:48;22:50;2;Equipment Fault;Main conveyor;Main conveyor;Singulator NOK;pallet adelantado y atrapado por singulator en st730,,,,,,
2025-08-01;REA;Actuadores;3140CA029;23:02;23:03;1;Equipment Fault;731;731;Feed piston;pin inclinado,,,,,,
2025-08-01;REA;Actuadores;3140CA029;23:20;23:22;2;Equipment Fault;750;750;Alphamatic Module;no continuo ciclo se quedó en posición de pick,,,,,,
2025-08-01;REA;Actuadores;3140CA029;23:30;23:31;1;Equipment Fault;731;731;Feed piston;pin inclinado ,,,,,,
2025-08-02;REA;Actuadores;3140CA029;23:12;00:20;-1372;Mantenimiento;Press_620;General;Bowl/Lineal feeder;TESTTTTT
2025-08-02;REA;Actuadores;3140CA029;23:17;23:59;43;CCC;St6;Thermocamara;TESTTTTTT [Paro cruza medianoche - Parte 1];Material/Logística
2025-08-02;REA;Actuadores;3140CA029;00:00;00:30;30;CCC;St6;Thermocamara;TESTTTTTT [Paro cruza medianoche - Parte 2];Material/Logística
2025-09-28;REA;Actuadores;3140CA029;21:33;22:34;61;Fallo;CHW;St1;DM reader;Test
2025-10-07;REA;Actuadores;3140CA029;09:02;10:02;60;Calidad;CCC;St6;Thermocamara;casdc