DateAcquisition;TimeAcquisition;RECIPE;CHWOK;CHWNok;CCCok;CCCNok;620ok;620Nok;730ok;730Nok;731ok;731Nok;MATok;MATNok;750ok;750Nok;810ok;810Nok;915Ok;915Nok;940Ok;940Nok;960Ok;960Nok;EOLOk;EOLNok
7/28/2025;12:01:59 AM;UNKNOWN;932;10;931;1;930;1;931;0;932;0;930;1;931;0;931;0;917;0;905;10;883;15;849;34
7/28/2025;12:06:59 AM;UNKNOWN;932;10;931;1;930;1;931;0;932;0;930;1;931;0;931;0;917;0;905;10;883;15;849;34
7/28/2025;12:11:59 AM;UNKNOWN;932;10;931;1;930;1;931;0;932;0;930;1;931;0;931;0;917;0;905;10;883;15;849;34
7/28/2025;12:16:59 AM;UNKNOWN;932;10;931;1;930;1;931;0;932;0;930;1;931;0;931;0;917;0;905;10;883;15;849;34
7/28/2025;12:21:59 AM;UNKNOWN;932;10;931;1;930;1;931;0;932;0;930;1;931;0;931;0;917;0;905;10;883;15;849;34
7/28/2025;12:26:59 AM;UNKNOWN;932;10;931;1;930;1;931;0;932;0;930;1;931;0;931;0;917;0;905;10;883;15;849;34
7/28/2025;12:31:59 AM;UNKNOWN;932;10;931;1;930;1;931;0;932;0;930;1;931;0;931;0;917;0;905;10;883;15;849;34
7/28/2025;12:36:59 AM;UNKNOWN;932;10;931;1;930;1;931;0;932;0;930;1;931;0;931;0;917;0;905;10;883;15;849;34
7/28/2025;12:41:59 AM;UNKNOWN;932;10;931;1;930;1;931;0;932;0;930;1;931;0;931;0;917;0;905;10;883;15;849;34
7/28/2025;12:46:59 AM;UNKNOWN;932;10;931;1;930;1;931;0;932;0;930;1;931;0;931;0;917;0;905;10;883;15;849;34
7/28/2025;12:51:59 AM;UNKNOWN;932;10;931;1;930;1;931;0;932;0;930;1;931;0;931;0;917;0;905;10;883;15;849;34
7/28/2025;12:56:59 AM;UNKNOWN;932;10;931;1;930;1;931;0;932;0;930;1;931;0;931;0;917;0;905;10;883;15;849;34
7/28/2025;01:01:59 AM;UNKNOWN;932;10;931;1;930;1;931;0;932;0;930;1;931;0;931;0;917;0;905;10;883;15;849;34
7/28/2025;01:06:59 AM;UNKNOWN;932;10;931;1;930;1;931;0;932;0;930;1;931;0;931;0;917;0;905;10;883;15;849;34
7/28/2025;01:11:59 AM;UNKNOWN;932;10;931;1;930;1;931;0;932;0;930;1;931;0;931;0;917;0;905;10;883;15;849;34
7/28/2025;01:16:59 AM;UNKNOWN;932;10;931;1;930;1;931;0;932;0;930;1;931;0;931;0;917;0;905;10;883;15;849;34
7/28/2025;01:21:59 AM;UNKNOWN;932;10;931;1;930;1;931;0;932;0;930;1;931;0;931;0;917;0;905;10;883;15;849;34
7/28/2025;01:26:59 AM;UNKNOWN;932;10;931;1;930;1;931;0;932;0;930;1;931;0;931;0;917;0;905;10;883;15;849;34
7/28/2025;01:31:59 AM;UNKNOWN;932;10;931;1;930;1;931;0;932;0;930;1;931;0;931;0;917;0;905;10;883;15;849;34
7/28/2025;01:36:59 AM;UNKNOWN;932;10;931;1;930;1;931;0;932;0;930;1;931;0;931;0;917;0;905;10;883;15;849;34
7/28/2025;01:41:59 AM;UNKNOWN;932;10;931;1;930;1;931;0;932;0;930;1;931;0;931;0;917;0;905;10;883;15;849;34
7/28/2025;01:46:59 AM;UNKNOWN;932;10;931;1;930;1;931;0;932;0;930;1;931;0;931;0;917;0;905;10;883;15;849;34
7/28/2025;01:51:59 AM;UNKNOWN;932;10;931;1;930;1;931;0;932;0;930;1;931;0;931;0;917;0;905;10;883;15;849;34
7/28/2025;01:56:59 AM;UNKNOWN;932;10;931;1;930;1;931;0;932;0;930;1;931;0;931;0;917;0;905;10;883;15;849;34
7/28/2025;02:01:59 AM;UNKNOWN;932;10;931;1;930;1;931;0;932;0;930;1;931;0;931;0;917;0;905;10;883;15;849;34
7/28/2025;02:06:59 AM;UNKNOWN;932;10;931;1;930;1;931;0;932;0;930;1;931;0;931;0;917;0;905;10;883;15;849;34
7/28/2025;02:11:59 AM;UNKNOWN;932;10;931;1;930;1;931;0;932;0;930;1;931;0;931;0;917;0;905;10;883;15;849;34
7/28/2025;02:16:59 AM;UNKNOWN;932;10;931;1;930;1;931;0;932;0;930;1;931;0;931;0;917;0;905;10;883;15;849;34
7/28/2025;02:21:59 AM;UNKNOWN;932;10;931;1;930;1;931;0;932;0;930;1;931;0;931;0;917;0;905;10;883;15;849;34
7/28/2025;02:26:59 AM;UNKNOWN;932;10;931;1;930;1;931;0;932;0;930;1;931;0;931;0;917;0;905;10;883;15;849;34
7/28/2025;02:31:59 AM;UNKNOWN;932;10;931;1;930;1;931;0;932;0;930;1;931;0;931;0;917;0;905;10;883;15;849;34
7/28/2025;02:36:59 AM;UNKNOWN;932;10;931;1;930;1;931;0;932;0;930;1;931;0;931;0;917;0;905;10;883;15;849;34
7/28/2025;02:41:59 AM;UNKNOWN;932;10;931;1;930;1;931;0;932;0;930;1;931;0;931;0;917;0;905;10;883;15;849;34
7/28/2025;02:46:59 AM;UNKNOWN;932;10;931;1;930;1;931;0;932;0;930;1;931;0;931;0;917;0;905;10;883;15;849;34
7/28/2025;02:51:59 AM;UNKNOWN;932;10;931;1;930;1;931;0;932;0;930;1;931;0;931;0;917;0;905;10;883;15;849;34
7/28/2025;02:56:59 AM;UNKNOWN;932;10;931;1;930;1;931;0;932;0;930;1;931;0;931;0;917;0;905;10;883;15;849;34
7/28/2025;03:01:59 AM;UNKNOWN;932;10;931;1;930;1;931;0;932;0;930;1;931;0;931;0;917;0;905;10;883;15;849;34
7/28/2025;03:06:59 AM;UNKNOWN;932;10;931;1;930;1;931;0;932;0;930;1;931;0;931;0;917;0;905;10;883;15;849;34
7/28/2025;03:11:59 AM;UNKNOWN;932;10;931;1;930;1;931;0;932;0;930;1;931;0;931;0;917;0;905;10;883;15;849;34
7/28/2025;03:16:59 AM;UNKNOWN;932;10;931;1;930;1;931;0;932;0;930;1;931;0;931;0;917;0;905;10;883;15;849;34
7/28/2025;03:21:59 AM;UNKNOWN;932;10;931;1;930;1;931;0;932;0;930;1;931;0;931;0;917;0;905;10;883;15;849;34
7/28/2025;03:26:59 AM;UNKNOWN;932;10;931;1;930;1;931;0;932;0;930;1;931;0;931;0;917;0;905;10;883;15;849;34
7/28/2025;03:31:59 AM;UNKNOWN;932;10;931;1;930;1;931;0;932;0;930;1;931;0;931;0;917;0;905;10;883;15;849;34
7/28/2025;03:36:59 AM;UNKNOWN;932;10;931;1;930;1;931;0;932;0;930;1;931;0;931;0;917;0;905;10;883;15;849;34
7/28/2025;03:41:59 AM;UNKNOWN;932;10;931;1;930;1;931;0;932;0;930;1;931;0;931;0;917;0;905;10;883;15;849;34
7/28/2025;03:46:59 AM;UNKNOWN;932;10;931;1;930;1;931;0;932;0;930;1;931;0;931;0;917;0;905;10;883;15;849;34
7/28/2025;03:51:59 AM;UNKNOWN;932;10;931;1;930;1;931;0;932;0;930;1;931;0;931;0;917;0;905;10;883;15;849;34
7/28/2025;03:56:59 AM;UNKNOWN;932;10;931;1;930;1;931;0;932;0;930;1;931;0;931;0;917;0;905;10;883;15;849;34
7/28/2025;04:01:59 AM;UNKNOWN;932;10;931;1;930;1;931;0;932;0;930;1;931;0;931;0;917;0;905;10;883;15;849;34
7/28/2025;04:06:59 AM;UNKNOWN;932;10;931;1;930;1;931;0;932;0;930;1;931;0;931;0;917;0;905;10;883;15;849;34
7/28/2025;04:11:59 AM;UNKNOWN;932;10;931;1;930;1;931;0;932;0;930;1;931;0;931;0;917;0;905;10;883;15;849;34
7/28/2025;04:16:59 AM;UNKNOWN;932;10;931;1;930;1;931;0;932;0;930;1;931;0;931;0;917;0;905;10;883;15;849;34
7/28/2025;04:21:59 AM;UNKNOWN;932;10;931;1;930;1;931;0;932;0;930;1;931;0;931;0;917;0;905;10;883;15;849;34
7/28/2025;04:26:59 AM;UNKNOWN;932;10;931;1;930;1;931;0;932;0;930;1;931;0;931;0;917;0;905;10;883;15;849;34
7/28/2025;04:31:59 AM;UNKNOWN;932;10;931;1;930;1;931;0;932;0;930;1;931;0;931;0;917;0;905;10;883;15;849;34
7/28/2025;04:36:59 AM;UNKNOWN;932;10;931;1;930;1;931;0;932;0;930;1;931;0;931;0;917;0;905;10;883;15;849;34
7/28/2025;04:41:59 AM;UNKNOWN;932;10;931;1;930;1;931;0;932;0;930;1;931;0;931;0;917;0;905;10;883;15;849;34
7/28/2025;04:46:59 AM;UNKNOWN;932;10;931;1;930;1;931;0;932;0;930;1;931;0;931;0;917;0;905;10;883;15;849;34
7/28/2025;04:51:59 AM;UNKNOWN;932;10;931;1;930;1;931;0;932;0;930;1;931;0;931;0;917;0;905;10;883;15;849;34
7/28/2025;04:57:00 AM;UNKNOWN;932;10;931;1;930;1;931;0;932;0;930;1;931;0;931;0;917;0;905;10;883;15;849;34
7/28/2025;05:02:00 AM;UNKNOWN;932;10;931;1;930;1;931;0;932;0;930;1;931;0;931;0;917;0;905;10;883;15;849;34
7/28/2025;05:07:00 AM;UNKNOWN;932;10;931;1;930;1;931;0;932;0;930;1;931;0;931;0;917;0;905;10;883;15;849;34
7/28/2025;05:12:00 AM;UNKNOWN;932;10;931;1;930;1;931;0;932;0;930;1;931;0;931;0;917;0;905;10;883;15;849;34
7/28/2025;05:17:00 AM;UNKNOWN;932;10;931;1;930;1;931;0;932;0;930;1;931;0;931;0;917;0;905;10;883;15;849;34
7/28/2025;05:22:00 AM;UNKNOWN;932;10;931;1;930;1;931;0;932;0;930;1;931;0;931;0;917;0;905;10;883;15;849;34
7/28/2025;05:27:00 AM;UNKNOWN;932;10;931;1;930;1;931;0;932;0;930;1;931;0;931;0;917;0;905;10;883;15;849;34
7/28/2025;05:32:00 AM;UNKNOWN;932;10;931;1;930;1;931;0;932;0;930;1;931;0;931;0;917;0;905;10;883;15;849;34
7/28/2025;05:37:00 AM;UNKNOWN;932;10;931;1;930;1;931;0;932;0;930;1;931;0;931;0;917;0;905;10;883;15;849;34
7/28/2025;05:42:00 AM;UNKNOWN;932;10;931;1;930;1;931;0;932;0;930;1;931;0;931;0;917;0;905;10;883;15;849;34
7/28/2025;05:47:00 AM;UNKNOWN;932;10;931;1;930;1;931;0;932;0;930;1;931;0;931;0;917;0;905;10;883;15;849;34
7/28/2025;05:52:00 AM;UNKNOWN;932;10;931;1;930;1;931;0;932;0;930;1;931;0;931;0;917;0;905;10;883;15;849;34
7/28/2025;05:57:00 AM;UNKNOWN;932;10;931;1;930;1;931;0;932;0;930;1;931;0;931;0;917;0;905;10;883;15;849;34
7/28/2025;06:02:00 AM;UNKNOWN;932;10;931;1;930;1;931;0;932;0;930;1;931;0;931;0;917;0;905;10;883;15;849;34
7/28/2025;06:07:00 AM;UNKNOWN;932;10;931;1;930;1;931;0;932;0;930;1;931;0;931;0;917;0;905;10;883;15;849;34
7/28/2025;06:12:00 AM;UNKNOWN;932;10;931;1;930;1;931;0;932;0;930;1;931;0;931;0;917;0;905;10;883;15;849;34
7/28/2025;06:17:00 AM;UNKNOWN;932;10;931;1;930;1;931;0;932;0;930;1;931;0;931;0;917;0;905;10;883;15;849;34
7/28/2025;06:22:00 AM;UNKNOWN;932;10;931;1;930;1;931;0;932;0;930;1;931;0;931;0;917;0;905;10;883;15;849;34
7/28/2025;06:27:00 AM;UNKNOWN;932;10;931;1;930;1;931;0;932;0;930;1;931;0;931;0;917;0;905;10;883;15;849;34
7/28/2025;06:32:00 AM;UNKNOWN;932;10;931;1;930;1;931;0;932;0;930;1;931;0;931;0;917;0;905;10;883;15;849;34
7/28/2025;06:37:00 AM;UNKNOWN;932;10;931;1;930;1;931;0;932;0;930;1;931;0;931;0;917;0;905;10;883;15;849;34
7/28/2025;06:42:00 AM;UNKNOWN;932;10;931;1;930;1;931;0;932;0;930;1;931;0;931;0;917;0;905;10;883;15;849;34
7/28/2025;06:47:00 AM;UNKNOWN;932;10;931;1;930;1;931;0;932;0;930;1;931;0;931;0;917;0;905;10;883;15;849;34
7/28/2025;06:52:00 AM;UNKNOWN;932;10;931;1;930;1;931;0;932;0;930;1;931;0;931;0;917;0;905;10;883;15;849;34
7/28/2025;06:57:00 AM;UNKNOWN;932;10;931;1;930;1;931;0;932;0;930;1;931;0;931;0;917;0;905;10;883;15;849;34
7/28/2025;07:02:00 AM;UNKNOWN;932;10;931;1;930;1;931;0;932;0;930;1;931;0;931;0;917;0;905;10;883;15;849;34
7/28/2025;07:07:00 AM;UNKNOWN;932;10;931;1;930;1;931;0;932;0;930;1;931;0;931;0;917;0;905;10;883;15;849;34
7/28/2025;07:12:00 AM;UNKNOWN;932;10;931;1;930;1;931;0;932;0;930;1;931;0;931;0;917;0;905;10;883;15;849;34
7/28/2025;07:17:00 AM;UNKNOWN;932;10;931;1;930;1;931;0;932;0;930;1;931;0;931;0;917;0;905;10;883;15;849;34
7/28/2025;07:22:00 AM;UNKNOWN;932;10;931;1;930;1;931;0;932;0;930;1;931;0;931;0;917;0;905;10;883;15;849;34
7/28/2025;07:27:00 AM;UNKNOWN;932;10;931;1;930;1;931;0;932;0;930;1;931;0;931;0;917;0;905;10;883;15;849;34
7/28/2025;07:32:00 AM;UNKNOWN;932;10;931;1;930;1;931;0;932;0;930;1;931;0;931;0;917;0;905;10;883;15;849;34
7/28/2025;07:37:00 AM;UNKNOWN;932;10;931;1;930;1;931;0;932;0;930;1;931;0;931;0;917;0;905;10;883;15;849;34
7/28/2025;07:42:00 AM;UNKNOWN;932;10;931;1;930;1;931;0;932;0;930;1;931;0;931;0;917;0;905;10;883;15;849;34
7/28/2025;07:47:00 AM;UNKNOWN;932;10;931;1;930;1;931;0;932;0;930;1;931;0;931;0;917;0;905;10;883;15;849;34
7/28/2025;07:52:00 AM;UNKNOWN;932;10;931;1;931;1;932;0;932;0;931;1;931;0;935;0;918;0;909;10;884;15;849;34
7/28/2025;07:57:00 AM;UNKNOWN;934;10;933;1;934;1;938;0;939;0;937;1;938;0;936;0;918;0;910;10;886;15;851;34
7/28/2025;08:02:00 AM;UNKNOWN;934;10;933;1;934;1;938;0;939;0;937;1;938;0;936;0;918;0;910;10;886;15;851;34
7/28/2025;08:07:00 AM;UNKNOWN;934;10;933;1;934;1;938;0;939;0;937;1;938;0;936;0;918;0;910;10;886;15;851;34
7/28/2025;08:12:00 AM;UNKNOWN;934;10;933;1;934;1;938;0;939;0;937;1;938;0;937;0;921;0;910;10;887;15;852;34
7/28/2025;08:17:00 AM;UNKNOWN;934;10;933;1;934;1;938;0;939;0;937;1;938;0;941;0;924;0;914;10;890;15;855;34
7/28/2025;08:22:00 AM;UNKNOWN;934;10;933;1;934;1;938;0;939;0;937;1;938;0;941;0;924;0;914;10;890;15;855;34
7/28/2025;08:27:00 AM;UNKNOWN;934;10;933;1;934;1;938;0;939;0;937;1;938;0;941;0;924;0;914;10;890;15;855;34
7/28/2025;08:32:00 AM;UNKNOWN;934;10;933;1;934;1;938;0;939;0;937;1;938;0;941;0;924;0;914;10;890;15;855;34
7/28/2025;08:37:00 AM;UNKNOWN;934;10;933;1;934;1;938;0;939;0;937;1;938;0;941;0;924;0;914;10;890;15;855;34
7/28/2025;08:42:00 AM;UNKNOWN;934;10;933;1;934;1;938;0;939;0;937;1;938;0;941;0;924;0;914;10;890;15;855;34
7/28/2025;08:47:00 AM;UNKNOWN;934;10;933;1;934;1;938;0;939;0;937;1;938;0;941;0;924;0;914;10;890;15;855;34
7/28/2025;08:52:00 AM;UNKNOWN;934;10;933;1;934;1;938;0;939;0;937;1;938;0;941;0;924;0;914;10;890;15;855;34
7/28/2025;08:57:00 AM;UNKNOWN;934;10;933;1;934;1;938;0;939;0;937;1;938;0;941;0;924;0;914;10;890;15;855;34
7/28/2025;09:02:00 AM;UNKNOWN;934;10;933;1;934;1;938;0;939;0;937;1;938;0;941;0;924;0;914;10;890;15;855;34
7/28/2025;09:07:00 AM;UNKNOWN;935;10;934;1;935;1;938;0;939;0;938;1;938;0;942;0;924;0;916;10;893;15;858;34
7/28/2025;09:12:00 AM;UNKNOWN;950;10;949;1;950;1;952;0;953;0;951;1;952;0;948;0;938;0;929;10;904;15;869;34
7/28/2025;09:17:00 AM;UNKNOWN;965;10;964;1;965;1;967;0;967;0;966;1;966;0;961;0;953;0;943;10;919;15;883;35
7/28/2025;09:22:00 AM;UNKNOWN;980;10;979;1;979;1;982;0;982;0;980;1;981;0;976;0;968;0;958;10;934;15;897;35
7/28/2025;09:27:00 AM;UNKNOWN;993;10;993;1;994;1;996;0;997;0;995;1;996;0;993;0;982;0;971;10;947;15;908;37
7/28/2025;09:32:00 AM;UNKNOWN;1008;10;1008;1;1008;1;1011;0;1011;0;1010;1;1010;0;1009;0;997;0;986;10;962;15;923;37
7/28/2025;09:37:00 AM;UNKNOWN;1023;10;1022;1;1023;1;1026;0;1026;0;1024;1;1025;0;1025;0;1012;0;1001;10;977;15;938;37
7/28/2025;09:42:00 AM;UNKNOWN;1035;10;1034;1;1035;1;1039;0;1039;0;1038;1;1039;0;1038;0;1019;0;1007;10;982;16;942;37
7/28/2025;09:47:00 AM;UNKNOWN;1039;10;1038;1;1039;1;1043;0;1043;0;1042;1;1042;0;1045;0;1027;0;1016;10;990;16;951;38
7/28/2025;09:52:00 AM;UNKNOWN;1046;10;1045;1;1046;1;1051;0;1052;0;1051;1;1051;0;1050;0;1030;0;1018;10;993;16;952;38
7/28/2025;09:57:00 AM;UNKNOWN;1046;10;1045;1;1046;1;1051;0;1052;0;1052;1;1053;0;1051;0;1031;0;1019;10;993;17;953;39
7/28/2025;10:02:00 AM;UNKNOWN;1052;10;1051;1;1052;1;1056;0;1056;0;1054;1;1055;0;1059;0;1041;0;1031;10;1004;17;962;40
7/28/2025;10:07:00 AM;UNKNOWN;1066;10;1065;1;1064;1;1066;0;1065;0;1065;1;1066;0;1069;0;1055;0;1045;10;1018;17;974;42
7/28/2025;10:12:00 AM;UNKNOWN;1079;10;1079;1;1077;1;1080;0;1080;0;1078;1;1079;0;1078;0;1066;0;1054;10;1028;17;981;44
7/28/2025;10:17:00 AM;UNKNOWN;1085;10;1084;1;1085;1;1089;0;1089;0;1088;1;1089;0;1082;0;1073;0;1062;10;1036;17;987;46
7/28/2025;10:22:00 AM;UNKNOWN;1091;10;1090;1;1091;1;1095;0;1096;0;1095;1;1096;0;1090;0;1079;0;1068;10;1042;17;993;47
7/28/2025;10:27:00 AM;UNKNOWN;1100;10;1099;1;1100;1;1105;0;1106;0;1105;1;1104;0;1097;0;1085;0;1074;10;1048;17;999;47
7/28/2025;10:32:00 AM;UNKNOWN;1106;10;1105;1;1106;1;1110;0;1110;0;1109;1;1109;0;1108;0;1094;0;1084;10;1057;17;1009;47
7/28/2025;10:37:00 AM;UNKNOWN;1120;12;1119;1;1120;1;1123;0;1123;0;1122;1;1123;0;1123;0;1109;0;1099;10;1071;18;1023;47
7/28/2025;10:42:00 AM;UNKNOWN;1134;12;1133;1;1134;1;1138;0;1138;0;1137;1;1137;0;1137;0;1122;0;1112;10;1084;18;1034;48
7/28/2025;10:47:00 AM;UNKNOWN;2;0;2;0;2;0;2;0;2;0;1;0;2;0;2;0;2;0;2;0;2;0;2;0
7/28/2025;10:52:00 AM;UNKNOWN;17;0;17;0;17;0;17;0;17;0;16;0;17;0;17;0;17;0;16;1;17;0;16;0
7/28/2025;10:57:00 AM;UNKNOWN;32;0;32;0;32;0;31;0;32;0;31;0;32;0;32;0;32;0;31;1;31;1;30;0
7/28/2025;11:02:00 AM;UNKNOWN;46;0;46;0;46;0;46;0;46;0;46;0;46;0;41;0;42;0;40;1;39;2;40;0
7/28/2025;11:07:00 AM;UNKNOWN;49;0;49;0;49;0;49;0;50;0;50;0;50;0;49;0;48;0;47;1;42;2;41;0
7/28/2025;11:12:00 AM;UNKNOWN;60;0;60;0;60;0;60;0;60;0;60;0;60;0;60;0;60;0;59;1;54;2;54;0
7/28/2025;11:17:00 AM;UNKNOWN;74;2;75;0;74;0;74;0;74;0;74;0;74;0;75;0;75;0;73;1;69;2;69;0
7/28/2025;11:22:00 AM;UNKNOWN;89;2;89;0;86;0;84;0;84;0;85;0;86;0;87;0;90;0;88;1;84;2;83;0
7/28/2025;11:27:00 AM;UNKNOWN;97;3;98;0;96;0;95;0;95;0;94;0;95;0;95;0;105;0;103;1;99;2;98;0
7/28/2025;11:32:00 AM;UNKNOWN;113;3;113;0;111;0;109;0;109;0;109;0;109;0;109;0;120;0;117;2;113;2;112;1
7/28/2025;11:37:00 AM;UNKNOWN;128;3;128;0;126;0;124;0;124;0;123;0;124;0;124;0;130;0;128;2;125;2;123;1
7/28/2025;11:42:00 AM;UNKNOWN;136;3;136;0;133;0;131;0;131;0;129;0;131;0;133;0;146;0;143;2;139;2;138;1
7/28/2025;11:47:00 AM;UNKNOWN;141;3;141;0;139;0;137;0;138;0;136;1;137;0;137;0;154;0;153;2;150;2;149;1
7/28/2025;11:52:00 AM;UNKNOWN;152;4;153;0;149;1;149;0;149;0;149;1;149;0;151;0;168;0;166;2;162;2;161;1
7/28/2025;11:57:00 AM;UNKNOWN;155;4;155;0;153;2;154;0;154;0;153;1;153;0;154;0;172;0;172;3;169;2;168;1
7/28/2025;12:02:00 PM;UNKNOWN;169;6;169;0;167;2;168;0;169;0;167;1;168;0;167;0;183;0;180;3;176;2;175;1
7/28/2025;12:07:00 PM;UNKNOWN;185;6;186;0;182;2;183;0;183;0;182;1;182;0;182;0;197;0;194;3;190;2;189;1
7/28/2025;12:12:00 PM;UNKNOWN;200;6;200;0;196;2;195;0;196;0;194;1;195;0;195;0;212;0;209;3;205;2;203;1
7/28/2025;12:17:00 PM;UNKNOWN;209;7;209;0;206;2;205;0;206;0;204;1;205;0;205;0;222;0;221;3;218;2;217;1
7/28/2025;12:22:00 PM;UNKNOWN;222;8;222;0;218;2;218;0;218;0;216;1;217;0;217;0;234;0;231;3;228;2;227;1
7/28/2025;12:27:00 PM;UNKNOWN;237;8;237;0;233;2;232;0;233;0;231;1;232;0;232;0;245;0;241;3;236;2;234;2
7/28/2025;12:32:00 PM;UNKNOWN;252;8;252;0;248;2;247;0;247;0;246;1;246;0;246;0;255;0;251;4;247;2;245;2
7/28/2025;12:37:00 PM;UNKNOWN;262;8;262;0;257;3;257;0;257;0;256;1;257;0;256;0;270;0;265;4;262;2;259;2
7/28/2025;12:42:00 PM;UNKNOWN;274;8;274;0;267;4;270;0;270;0;269;1;269;0;271;0;284;0;280;4;276;2;273;3
7/28/2025;12:47:00 PM;UNKNOWN;287;8;287;0;281;4;282;0;282;0;281;1;282;0;281;0;296;0;292;4;289;2;284;4
7/28/2025;12:52:00 PM;UNKNOWN;302;8;302;0;296;4;296;0;296;0;295;1;296;0;295;0;311;0;307;4;303;2;298;4
7/28/2025;12:57:00 PM;UNKNOWN;316;9;317;0;311;4;310;0;310;0;309;1;309;0;309;0;326;0;320;5;316;2;312;4
7/28/2025;01:02:00 PM;UNKNOWN;332;9;332;0;326;4;325;0;325;0;324;1;324;0;321;0;335;0;328;5;323;3;317;4
7/28/2025;01:07:00 PM;UNKNOWN;344;9;344;0;340;4;340;0;340;0;338;1;337;0;327;0;336;0;329;5;324;3;318;4
7/28/2025;01:12:00 PM;UNKNOWN;347;9;348;0;344;4;343;0;343;0;343;1;343;0;341;0;338;0;337;5;332;3;326;5
7/28/2025;01:17:00 PM;UNKNOWN;349;9;349;0;344;4;343;0;343;0;343;1;344;0;342;0;338;0;337;5;333;3;328;5
7/28/2025;01:22:00 PM;UNKNOWN;349;9;349;0;344;4;343;0;344;0;343;1;344;0;347;0;349;0;342;6;338;3;331;6
7/28/2025;01:27:00 PM;UNKNOWN;365;9;365;0;359;4;358;0;358;0;357;1;357;0;357;0;363;0;356;7;350;3;343;6
7/28/2025;01:32:00 PM;UNKNOWN;374;9;374;0;370;4;372;0;372;0;371;1;371;0;362;0;368;0;360;7;355;3;348;6
7/28/2025;01:37:00 PM;UNKNOWN;386;9;386;0;382;4;383;0;383;0;382;1;382;0;379;0;383;0;375;7;369;3;362;7
7/28/2025;01:42:00 PM;UNKNOWN;397;9;398;0;394;4;393;0;394;0;392;1;393;0;393;0;397;0;389;7;384;3;376;7
7/28/2025;01:47:00 PM;UNKNOWN;407;9;407;0;403;4;405;0;405;0;404;1;403;0;395;0;399;0;391;7;386;3;379;7
7/28/2025;01:52:00 PM;UNKNOWN;411;9;411;0;407;4;406;0;406;0;406;1;407;0;404;0;407;0;399;7;392;3;383;7
7/28/2025;01:57:00 PM;UNKNOWN;414;9;414;0;407;4;406;0;406;0;406;1;407;0;409;0;415;0;406;8;399;3;391;7
7/28/2025;02:02:00 PM;UNKNOWN;414;9;414;0;407;4;406;0;406;0;406;1;407;0;409;0;418;0;409;8;402;3;392;7
7/28/2025;02:07:00 PM;UNKNOWN;418;9;418;0;409;4;408;0;407;0;407;1;408;0;409;0;425;0;416;9;408;3;399;7
7/28/2025;02:12:00 PM;UNKNOWN;423;10;423;0;417;4;416;0;417;0;415;1;416;0;409;0;428;0;422;10;416;3;407;8
7/28/2025;02:17:00 PM;UNKNOWN;432;11;433;0;426;4;425;0;425;0;424;1;419;0;409;0;428;0;422;10;416;3;407;8
7/28/2025;02:22:00 PM;UNKNOWN;443;11;443;0;438;4;437;0;437;0;435;1;432;0;423;0;439;0;429;10;422;3;413;8
7/28/2025;02:27:00 PM;UNKNOWN;458;11;458;0;452;4;452;0;452;0;450;1;449;0;439;0;454;0;444;10;437;3;426;8
7/28/2025;02:32:00 PM;UNKNOWN;470;11;471;0;467;4;466;0;466;0;465;1;464;0;455;0;467;0;456;10;449;3;439;8
7/28/2025;02:37:00 PM;UNKNOWN;482;11;482;0;478;4;479;0;479;0;479;1;479;0;471;0;478;0;467;10;460;3;449;8
7/28/2025;02:42:00 PM;UNKNOWN;487;11;487;0;480;4;479;0;479;0;479;1;480;0;483;0;486;0;475;10;467;3;456;10
7/28/2025;02:47:00 PM;UNKNOWN;487;11;487;0;480;4;479;0;479;0;479;1;480;0;483;0;487;0;477;10;469;3;456;11
7/28/2025;02:52:00 PM;UNKNOWN;494;11;495;0;489;4;487;0;487;0;486;1;486;0;486;0;502;0;491;10;484;3;469;13
7/28/2025;02:57:00 PM;UNKNOWN;507;13;508;0;502;4;502;0;502;0;500;1;501;0;501;0;517;0;506;10;499;3;484;13
7/28/2025;03:02:00 PM;UNKNOWN;4;0;4;0;4;0;4;0;4;0;4;0;0;0;0;0;2;0;3;0;3;0;2;1
7/28/2025;03:07:00 PM;UNKNOWN;7;0;7;0;6;0;6;0;6;0;6;0;1;0;0;0;2;0;3;0;3;0;2;1
7/28/2025;03:12:00 PM;UNKNOWN;14;0;14;0;12;1;14;0;14;0;14;0;9;0;7;0;8;0;9;2;7;0;5;1
7/28/2025;03:17:00 PM;UNKNOWN;14;0;14;0;12;1;15;0;15;0;15;0;15;0;16;0;17;0;18;2;16;0;13;2
7/28/2025;03:22:00 PM;UNKNOWN;18;0;18;0;16;1;17;0;17;0;18;0;18;0;27;0;30;0;31;3;29;0;26;2
7/28/2025;03:27:00 PM;UNKNOWN;28;0;29;0;27;1;29;0;29;0;28;0;29;0;36;0;37;0;37;3;35;0;31;2
7/28/2025;03:32:00 PM;UNKNOWN;43;0;43;0;42;1;44;0;44;0;43;0;44;0;51;0;52;0;51;3;50;0;46;2
7/28/2025;03:37:00 PM;UNKNOWN;58;0;58;0;57;1;58;0;58;0;57;0;58;0;65;0;66;0;64;4;63;0;59;2
7/28/2025;03:42:00 PM;UNKNOWN;73;0;73;0;72;1;72;0;73;0;72;0;73;0;80;0;81;0;79;4;77;0;73;2
7/28/2025;03:47:00 PM;UNKNOWN;88;1;88;0;87;1;87;0;87;0;87;0;87;0;92;0;93;0;88;7;86;0;83;2
7/28/2025;03:52:00 PM;UNKNOWN;97;1;97;0;92;2;96;0;96;0;96;0;96;0;105;0;107;0;100;9;99;0;96;2
7/28/2025;03:57:00 PM;UNKNOWN;98;1;98;0;92;2;96;0;97;0;98;0;99;0;108;0;111;0;107;9;106;0;103;2
7/28/2025;04:02:00 PM;UNKNOWN;105;1;106;0;104;2;105;0;105;0;105;0;105;0;112;0;114;0;110;9;108;0;105;2
7/28/2025;04:07:00 PM;UNKNOWN;120;2;120;0;119;2;120;0;120;0;119;0;120;0;127;0;129;0;122;9;120;0;117;2
7/28/2025;04:12:00 PM;UNKNOWN;135;3;136;0;134;2;134;0;134;0;134;0;134;0;141;0;142;0;136;9;134;0;130;2
7/28/2025;04:17:00 PM;UNKNOWN;150;3;151;0;148;2;149;0;149;0;148;0;149;0;156;0;158;0;150;9;148;0;145;2
7/28/2025;04:22:00 PM;UNKNOWN;165;3;165;0;163;2;164;0;164;0;163;0;164;0;171;0;172;0;165;9;163;0;159;2
7/28/2025;04:27:00 PM;UNKNOWN;179;3;180;0;178;2;178;0;178;0;178;0;179;0;185;0;187;0;179;9;178;0;174;2
7/28/2025;04:32:00 PM;UNKNOWN;193;4;194;0;193;2;193;0;193;0;192;0;193;0;200;0;201;0;194;9;192;0;189;2
7/28/2025;04:37:00 PM;UNKNOWN;209;4;209;0;207;2;208;0;208;0;207;0;208;0;215;0;216;0;207;11;206;0;203;2
7/28/2025;04:42:00 PM;UNKNOWN;223;5;224;0;222;2;222;0;222;0;222;0;223;0;229;0;231;0;222;11;220;0;217;2
7/28/2025;04:47:00 PM;UNKNOWN;234;6;234;0;232;2;233;0;233;0;232;0;233;0;240;0;241;0;233;11;232;0;228;2
7/28/2025;04:52:00 PM;UNKNOWN;249;6;249;0;247;2;248;0;248;0;247;0;248;0;254;0;256;0;247;11;245;0;242;2
7/28/2025;04:57:00 PM;UNKNOWN;264;6;264;0;262;2;262;0;262;0;262;0;263;0;268;0;266;0;257;11;255;0;252;2
7/28/2025;05:02:00 PM;UNKNOWN;271;6;272;0;273;2;276;0;276;0;276;0;276;0;284;0;281;0;270;12;269;0;265;2
7/28/2025;05:07:00 PM;UNKNOWN;284;6;284;0;282;2;281;0;281;0;281;0;282;0;289;0;292;0;285;12;283;0;280;2
7/28/2025;05:12:00 PM;UNKNOWN;288;6;289;0;290;2;292;0;293;0;293;0;293;0;302;0;304;0;294;13;291;1;288;2
7/28/2025;05:17:00 PM;UNKNOWN;298;6;298;0;295;2;294;0;294;0;295;0;295;0;304;0;307;0;299;14;297;1;294;2
7/28/2025;05:22:00 PM;UNKNOWN;305;6;306;0;304;2;303;0;303;0;302;0;303;0;310;0;313;0;301;14;298;1;295;2
7/28/2025;05:27:00 PM;UNKNOWN;320;6;320;0;318;2;317;0;317;0;317;0;317;0;324;0;326;0;315;14;312;1;309;2
7/28/2025;05:32:00 PM;UNKNOWN;329;6;329;0;327;2;327;0;327;0;326;0;327;0;334;0;337;0;329;14;326;1;322;2
7/28/2025;05:37:00 PM;UNKNOWN;339;7;340;0;338;2;337;0;337;0;337;0;338;0;344;0;347;0;338;14;335;1;332;2
7/28/2025;05:42:00 PM;UNKNOWN;354;7;354;0;352;2;352;0;352;0;351;0;352;0;359;0;358;0;347;14;344;1;341;2
7/28/2025;05:47:00 PM;UNKNOWN;369;7;369;0;367;2;366;0;366;0;366;0;367;0;373;0;374;0;361;14;359;1;355;2
7/28/2025;05:52:00 PM;UNKNOWN;383;7;383;0;381;2;380;0;380;0;380;0;381;0;387;0;389;0;376;14;373;1;370;2
7/28/2025;05:57:00 PM;UNKNOWN;398;7;398;0;396;2;395;0;395;0;395;0;395;0;402;0;403;0;391;14;388;1;385;2
7/28/2025;06:02:00 PM;UNKNOWN;411;7;412;0;410;2;409;0;409;0;409;0;409;0;417;0;418;0;404;16;401;1;398;2
7/28/2025;06:07:00 PM;UNKNOWN;427;7;427;0;425;2;424;0;424;0;423;0;424;0;427;0;428;0;413;17;410;1;407;2
7/28/2025;06:12:00 PM;UNKNOWN;440;7;440;0;438;2;439;0;439;0;438;0;439;0;442;0;443;0;428;17;425;1;421;2
7/28/2025;06:17:00 PM;UNKNOWN;454;7;455;0;453;2;453;0;453;0;453;0;454;0;458;0;458;0;442;17;439;1;436;2
7/28/2025;06:22:00 PM;UNKNOWN;465;7;465;0;463;2;463;0;463;0;463;0;463;0;473;0;472;0;457;17;454;1;451;2
7/28/2025;06:27:00 PM;UNKNOWN;480;7;480;0;478;2;478;0;478;0;478;0;478;0;485;0;487;0;472;17;469;1;466;2
7/28/2025;06:32:00 PM;UNKNOWN;494;7;495;0;492;2;493;0;493;0;492;0;493;0;500;0;502;0;486;18;484;1;481;2
7/28/2025;06:37:00 PM;UNKNOWN;509;7;509;0;507;2;507;0;507;0;506;0;507;0;515;0;516;0;500;18;498;1;494;2
7/28/2025;06:42:00 PM;UNKNOWN;524;7;524;0;522;2;522;0;522;0;521;0;522;0;529;0;530;0;514;18;512;1;508;2
7/28/2025;06:47:00 PM;UNKNOWN;538;8;538;0;536;2;536;0;537;0;536;0;537;0;544;0;545;0;529;18;526;1;523;2
7/28/2025;06:52:00 PM;UNKNOWN;553;8;553;0;551;2;551;0;551;0;551;0;551;0;558;0;560;0;544;18;541;1;538;2
7/28/2025;06:57:00 PM;UNKNOWN;567;8;567;0;565;2;565;0;566;0;565;0;566;0;573;0;574;0;557;19;554;1;551;2
7/28/2025;07:02:00 PM;UNKNOWN;582;8;582;0;580;2;580;0;580;0;580;0;580;0;587;0;589;0;572;19;569;1;566;2
7/28/2025;07:07:00 PM;UNKNOWN;596;8;597;0;594;2;595;0;595;0;594;0;595;0;602;0;603;0;586;19;583;1;580;2
7/28/2025;07:12:00 PM;UNKNOWN;611;8;611;0;609;2;609;0;609;0;608;0;609;0;616;0;615;0;599;19;597;1;594;2
7/28/2025;07:17:00 PM;UNKNOWN;626;8;626;0;624;2;624;0;624;0;623;0;624;0;630;0;625;0;608;19;605;1;602;2
7/28/2025;07:22:00 PM;UNKNOWN;640;8;640;0;638;2;638;0;639;0;638;0;639;0;644;0;640;0;623;19;619;1;616;2
7/28/2025;07:27:00 PM;UNKNOWN;655;8;655;0;653;2;653;0;653;0;653;0;653;0;652;0;654;0;637;19;633;1;630;2
7/28/2025;07:32:00 PM;UNKNOWN;669;8;670;0;667;2;667;0;668;0;667;0;668;0;668;0;669;0;651;19;648;1;644;2
7/28/2025;07:37:00 PM;UNKNOWN;685;8;685;0;683;2;682;0;682;0;681;0;682;0;682;0;683;0;666;19;662;1;659;2
7/28/2025;07:42:00 PM;UNKNOWN;698;8;698;0;697;2;697;0;697;0;696;0;697;0;697;0;698;0;680;19;676;1;673;2
7/28/2025;07:47:00 PM;UNKNOWN;713;9;713;0;711;2;711;0;711;0;710;0;711;0;713;0;712;0;695;19;691;1;688;2
7/28/2025;07:52:00 PM;UNKNOWN;727;10;727;0;727;2;725;0;725;0;724;0;725;0;729;0;727;0;710;19;706;1;703;2
7/28/2025;07:57:00 PM;UNKNOWN;742;10;742;0;740;2;740;0;740;0;739;0;740;0;745;0;736;0;719;19;716;1;713;2
7/28/2025;08:02:00 PM;UNKNOWN;755;11;756;0;754;2;754;0;754;0;754;0;755;0;761;0;752;0;734;19;731;1;728;2
7/28/2025;08:07:00 PM;UNKNOWN;765;11;764;0;763;2;763;0;764;0;763;0;764;0;771;0;760;0;744;19;742;1;739;2
7/28/2025;08:12:00 PM;UNKNOWN;780;12;780;0;778;2;778;0;778;0;777;0;778;0;785;0;775;0;756;20;753;1;750;2
7/28/2025;08:17:00 PM;UNKNOWN;794;12;794;0;793;2;792;0;792;0;792;0;793;0;799;0;789;0;770;21;767;1;764;2
7/28/2025;08:22:00 PM;UNKNOWN;805;12;805;0;805;2;807;0;807;0;806;0;807;0;809;0;795;0;777;21;775;1;772;2
7/28/2025;08:27:00 PM;UNKNOWN;810;12;811;0;811;2;812;0;812;0;811;0;812;0;819;0;806;0;786;21;783;1;780;2
7/28/2025;08:32:00 PM;UNKNOWN;826;12;826;0;826;2;827;0;827;0;826;0;827;0;834;0;820;0;801;21;798;1;795;2
7/28/2025;08:37:00 PM;UNKNOWN;841;13;841;0;841;2;841;0;841;0;840;0;841;0;848;0;835;0;815;22;812;1;809;2
7/28/2025;08:42:00 PM;UNKNOWN;856;13;856;0;856;2;856;0;856;0;855;0;856;0;863;0;850;0;829;22;826;1;823;2
7/28/2025;08:47:00 PM;UNKNOWN;870;13;870;0;870;2;870;0;870;0;870;0;871;0;877;0;864;0;844;22;841;1;838;2
7/28/2025;08:52:00 PM;UNKNOWN;885;13;885;0;885;2;885;0;885;0;884;0;885;0;892;0;879;0;859;22;856;1;853;2
7/28/2025;08:57:00 PM;UNKNOWN;900;13;900;0;899;2;900;0;900;0;899;0;900;0;907;0;894;0;874;22;871;1;868;2
7/28/2025;09:02:00 PM;UNKNOWN;915;13;915;0;914;2;914;0;914;0;914;0;915;0;921;0;909;0;887;23;885;1;881;2
7/28/2025;09:07:00 PM;UNKNOWN;929;13;930;0;929;2;928;0;928;0;928;0;928;0;936;0;924;0;902;23;899;1;896;2
7/28/2025;09:12:00 PM;UNKNOWN;944;13;944;0;944;2;943;0;943;0;943;0;943;0;950;0;938;0;916;24;913;1;910;2
7/28/2025;09:17:00 PM;UNKNOWN;958;13;958;0;958;2;958;0;958;0;957;0;958;0;965;0;953;0;931;24;928;1;924;2
7/28/2025;09:22:00 PM;UNKNOWN;973;13;974;0;972;2;972;0;973;0;972;0;973;0;976;0;968;0;944;25;942;1;939;2
7/28/2025;09:27:00 PM;UNKNOWN;988;13;988;0;987;2;987;0;987;0;987;0;987;0;992;0;982;0;959;25;956;1;953;2
7/28/2025;09:32:00 PM;UNKNOWN;1003;13;1003;0;1001;2;1002;0;1002;0;1001;0;1002;0;1008;0;997;0;974;25;971;1;968;2
7/28/2025;09:37:00 PM;UNKNOWN;1014;13;1015;0;1012;2;1013;0;1013;0;1013;0;1013;0;1021;0;1012;0;989;25;985;1;982;2
7/28/2025;09:42:00 PM;UNKNOWN;1029;13;1030;0;1028;2;1027;0;1027;0;1027;0;1027;0;1035;0;1027;0;1003;25;1000;1;997;2
7/28/2025;09:47:00 PM;UNKNOWN;1045;13;1045;0;1043;2;1042;0;1042;0;1041;0;1042;0;1049;0;1040;0;1018;25;1015;1;1012;2
7/28/2025;09:52:00 PM;UNKNOWN;1054;13;1054;0;1055;2;1056;0;1056;0;1056;0;1057;0;1063;0;1055;0;1032;25;1029;1;1026;2
7/28/2025;09:57:00 PM;UNKNOWN;1068;13;1068;0;1068;2;1068;0;1068;0;1067;0;1068;0;1074;0;1070;0;1047;25;1044;1;1041;2
7/28/2025;10:02:00 PM;UNKNOWN;1085;13;1085;0;1083;2;1082;0;1082;0;1082;0;1083;0;1089;0;1085;0;1061;25;1058;1;1055;2
7/28/2025;10:07:00 PM;UNKNOWN;1099;13;1099;0;1097;2;1097;0;1097;0;1096;0;1097;0;1103;0;1099;0;1076;25;1073;1;1070;2
7/28/2025;10:12:00 PM;UNKNOWN;1114;13;1114;0;1112;2;1111;0;1111;0;1111;0;1112;0;1118;0;1114;0;1089;26;1086;1;1083;2
7/28/2025;10:17:00 PM;UNKNOWN;1127;13;1128;0;1126;2;1126;0;1126;0;1125;0;1126;0;1133;0;1128;0;1104;26;1101;1;1098;2
7/28/2025;10:22:00 PM;UNKNOWN;1142;13;1142;0;1140;2;1141;0;1141;0;1140;0;1141;0;1148;0;1143;0;1118;27;1114;1;1111;2
7/28/2025;10:27:00 PM;UNKNOWN;1152;14;1153;0;1154;2;1155;0;1155;0;1154;0;1155;0;1163;0;1158;0;1132;27;1129;1;1126;2
7/28/2025;10:32:00 PM;UNKNOWN;1160;15;1160;0;1160;2;1161;0;1161;0;1161;0;1161;0;1169;0;1171;0;1147;27;1143;1;1140;2
7/28/2025;10:37:00 PM;UNKNOWN;15;0;14;0;14;0;13;0;13;0;13;0;10;0;13;0;12;0;12;0;12;0;12;0
7/28/2025;10:42:00 PM;UNKNOWN;26;0;25;0;24;0;22;0;22;0;23;0;24;0;19;0;19;0;18;0;18;0;19;0
7/28/2025;10:47:00 PM;UNKNOWN;41;0;40;0;39;0;37;0;38;0;37;0;38;0;35;0;33;0;31;1;31;0;32;0
7/28/2025;10:52:00 PM;UNKNOWN;54;0;53;0;53;0;52;0;52;0;52;0;52;0;50;0;48;0;46;1;45;0;46;0
7/28/2025;10:57:00 PM;UNKNOWN;69;0;69;0;68;0;67;0;67;0;66;0;67;0;67;0;63;0;60;1;60;0;61;0
7/28/2025;11:02:00 PM;UNKNOWN;84;0;83;0;82;0;82;0;82;0;81;0;82;0;79;0;65;0;62;1;61;0;62;0
7/28/2025;11:07:00 PM;UNKNOWN;96;0;95;0;96;0;96;0;96;0;96;0;97;0;95;0;79;0;77;1;76;0;77;0
7/28/2025;11:12:00 PM;UNKNOWN;110;0;109;0;110;0;109;0;109;0;109;0;109;0;108;0;91;0;89;1;89;0;90;0
7/28/2025;11:17:00 PM;UNKNOWN;123;0;122;0;123;0;120;0;120;0;120;0;121;0;122;0;105;0;104;1;103;0;104;0
7/28/2025;11:22:00 PM;UNKNOWN;136;0;135;0;136;0;135;0;136;0;135;0;136;0;132;0;120;0;117;1;117;0;118;0
7/28/2025;11:27:00 PM;UNKNOWN;150;0;149;0;150;0;150;0;150;0;150;0;150;0;146;0;133;0;129;3;130;0;131;0
7/28/2025;11:32:00 PM;UNKNOWN;163;0;162;0;163;0;163;0;163;0;163;0;164;0;158;0;147;0;140;5;141;0;142;0
7/28/2025;11:37:00 PM;UNKNOWN;169;0;168;0;169;0;170;0;171;0;172;0;172;0;164;0;153;0;146;5;146;0;147;0
7/28/2025;11:42:00 PM;UNKNOWN;184;0;183;0;184;0;184;0;184;0;184;0;185;0;180;0;167;0;161;5;160;0;161;0
7/28/2025;11:47:00 PM;UNKNOWN;198;0;197;0;198;0;197;0;197;0;197;0;197;0;195;0;180;0;171;7;172;0;173;0
7/28/2025;11:52:00 PM;UNKNOWN;207;0;206;0;207;0;206;0;206;0;206;0;206;0;207;0;189;0;180;9;181;0;182;0
7/28/2025;11:57:00 PM;UNKNOWN;212;1;211;0;212;0;211;0;212;0;213;0;213;0;212;0;195;0;185;9;185;0;186;0
7/29/2025;12:02:00 AM;UNKNOWN;225;1;225;0;226;0;226;0;226;0;226;0;226;0;226;0;209;0;198;10;198;0;199;0
7/29/2025;12:07:00 AM;UNKNOWN;236;2;236;0;237;0;237;0;237;0;237;0;237;0;239;0;222;0;211;10;211;0;212;0
7/29/2025;12:12:00 AM;UNKNOWN;252;2;252;0;252;0;251;0;251;0;250;0;251;0;252;0;236;0;224;10;223;0;224;0
7/29/2025;12:17:00 AM;UNKNOWN;266;3;266;0;266;0;265;0;266;0;265;0;266;0;265;0;249;0;235;12;236;0;237;0
7/29/2025;12:22:00 AM;UNKNOWN;270;3;269;0;268;0;267;0;267;0;267;0;267;0;269;0;253;0;241;12;241;0;242;0
7/29/2025;12:27:00 AM;UNKNOWN;276;3;275;0;273;0;270;0;271;0;271;0;271;0;273;0;269;0;255;12;254;0;255;0
7/29/2025;12:32:00 AM;UNKNOWN;282;4;282;0;282;0;280;0;280;0;278;0;279;0;279;0;278;0;265;13;266;0;267;0
7/29/2025;12:37:00 AM;UNKNOWN;296;7;295;0;295;0;295;0;295;0;293;0;294;0;287;0;283;0;267;15;268;0;269;0
7/29/2025;12:42:00 AM;UNKNOWN;301;7;300;0;298;1;300;0;301;0;301;0;301;0;295;0;295;0;278;16;278;0;279;0
7/29/2025;12:47:00 AM;UNKNOWN;301;7;300;0;298;1;300;0;301;0;301;0;302;0;305;0;305;0;286;16;285;0;286;0
7/29/2025;12:52:00 AM;UNKNOWN;314;7;314;0;312;1;311;0;311;0;311;0;312;0;312;0;310;0;291;18;292;0;293;0
7/29/2025;12:57:00 AM;UNKNOWN;329;7;329;0;326;1;326;0;326;0;325;0;326;0;320;0;317;0;299;18;299;0;300;0
7/29/2025;01:02:00 AM;UNKNOWN;343;7;342;0;340;1;340;0;340;0;339;0;340;0;334;0;328;0;307;18;305;0;307;0
7/29/2025;01:07:00 AM;UNKNOWN;357;7;357;0;355;1;354;0;354;0;353;0;354;0;349;0;340;0;321;18;317;0;318;0
7/29/2025;01:12:00 AM;UNKNOWN;366;7;365;0;365;1;366;0;366;0;366;0;366;0;358;0;344;0;326;18;323;0;324;0
7/29/2025;01:17:00 AM;UNKNOWN;366;7;365;0;365;1;366;0;367;0;368;0;369;0;361;0;346;0;329;18;326;0;326;0
7/29/2025;01:22:00 AM;UNKNOWN;379;7;379;0;379;1;378;0;378;0;378;0;378;0;377;0;362;0;343;18;340;0;340;0
7/29/2025;01:27:00 AM;UNKNOWN;389;7;388;0;388;1;389;0;390;0;390;0;390;0;386;0;366;0;349;18;347;0;348;0
7/29/2025;01:32:00 AM;UNKNOWN;389;7;388;0;388;1;389;0;390;0;391;0;392;0;386;0;366;0;349;18;347;0;348;0
7/29/2025;01:37:03 AM;UNKNOWN;395;7;394;0;395;1;394;0;394;0;394;0;394;0;394;0;378;0;358;19;355;0;356;0
7/29/2025;01:42:03 AM;UNKNOWN;410;7;410;0;410;1;408;0;408;0;408;0;409;0;409;0;393;0;372;19;370;0;370;0
7/29/2025;01:47:03 AM;UNKNOWN;425;7;424;0;424;1;423;0;423;0;423;0;423;0;424;0;408;0;387;19;384;0;385;0
7/29/2025;01:52:03 AM;UNKNOWN;439;7;438;0;438;1;437;0;437;0;437;0;438;0;438;0;421;0;401;19;398;0;399;0
7/29/2025;01:57:03 AM;UNKNOWN;454;7;453;0;453;1;452;0;452;0;452;0;452;0;452;0;436;0;414;21;411;0;412;0
7/29/2025;02:02:03 AM;UNKNOWN;468;7;467;0;467;1;467;0;467;0;466;0;467;0;467;0;450;0;428;21;426;0;426;0
7/29/2025;02:07:03 AM;UNKNOWN;483;7;482;0;482;1;481;0;481;0;480;0;481;0;481;0;465;0;442;22;439;0;440;0
7/29/2025;02:12:03 AM;UNKNOWN;498;7;497;0;497;1;495;0;496;0;495;0;496;0;495;0;479;0;454;24;452;0;453;0
7/29/2025;02:17:03 AM;UNKNOWN;504;8;503;0;504;1;505;0;505;0;504;0;505;0;503;0;487;0;460;25;458;0;459;0
7/29/2025;02:22:03 AM;UNKNOWN;510;8;509;0;509;1;510;0;511;0;511;0;511;0;510;0;490;0;465;26;463;0;463;0
7/29/2025;02:27:03 AM;UNKNOWN;521;8;520;0;520;1;519;0;519;0;519;0;519;0;519;0;504;0;476;26;474;0;473;1
7/29/2025;02:32:03 AM;UNKNOWN;536;8;536;0;535;1;533;0;533;0;533;0;534;0;532;0;517;0;490;27;487;0;487;1
7/29/2025;02:37:03 AM;UNKNOWN;549;9;549;0;549;1;548;0;548;0;547;0;548;0;545;0;533;0;504;27;501;0;501;1
7/29/2025;02:42:03 AM;UNKNOWN;561;9;561;0;559;1;557;0;557;0;557;0;557;0;557;0;547;0;519;27;516;0;516;1
7/29/2025;02:47:03 AM;UNKNOWN;575;10;574;0;572;1;572;0;572;0;571;0;572;0;572;0;562;0;532;28;530;0;529;1
7/29/2025;02:52:03 AM;UNKNOWN;590;10;589;0;587;1;586;0;586;0;586;0;587;0;587;0;577;0;547;28;544;0;544;1
7/29/2025;02:57:03 AM;UNKNOWN;605;10;604;0;602;1;600;0;600;0;600;0;600;0;601;0;591;0;561;29;558;0;558;1
7/29/2025;03:02:03 AM;UNKNOWN;619;10;619;0;617;1;615;0;615;0;614;0;615;0;615;0;605;0;576;29;573;0;572;1
7/29/2025;03:07:03 AM;UNKNOWN;627;10;626;0;624;1;623;0;623;0;622;0;623;0;624;0;616;0;585;30;582;0;582;1
7/29/2025;03:12:03 AM;UNKNOWN;634;10;634;0;632;1;630;0;631;0;630;0;631;0;634;0;631;0;599;30;597;0;596;1
7/29/2025;03:17:03 AM;UNKNOWN;647;11;647;0;645;1;643;0;643;0;643;0;644;0;643;0;643;0;612;30;609;0;609;1
7/29/2025;03:22:03 AM;UNKNOWN;662;12;661;0;659;1;658;0;658;0;657;0;658;0;658;0;657;0;626;30;623;0;623;1
7/29/2025;03:27:03 AM;UNKNOWN;676;14;675;0;674;1;672;0;672;0;672;0;673;0;668;0;666;0;634;32;632;0;631;1
7/29/2025;03:32:03 AM;UNKNOWN;691;14;691;0;689;1;687;0;687;0;687;0;687;0;684;0;682;0;648;32;646;0;645;1
7/29/2025;03:37:03 AM;UNKNOWN;705;15;704;0;702;1;702;0;702;0;701;0;702;0;698;0;697;0;662;33;658;0;659;1
7/29/2025;03:42:03 AM;UNKNOWN;720;15;719;0;717;1;716;0;716;0;716;0;715;0;705;0;704;0;671;33;667;0;668;1
7/29/2025;03:47:03 AM;UNKNOWN;734;17;734;0;732;1;731;0;731;0;730;0;730;0;721;0;719;0;683;35;679;0;680;1
7/29/2025;03:52:03 AM;UNKNOWN;749;18;748;0;746;1;746;0;746;0;745;0;745;0;736;0;734;0;698;35;694;0;695;1
7/29/2025;03:57:03 AM;UNKNOWN;763;18;762;0;759;1;757;0;758;0;758;0;758;0;752;0;749;0;712;36;708;0;708;1
7/29/2025;04:02:03 AM;UNKNOWN;767;19;767;0;768;1;768;0;768;0;767;0;768;0;764;0;761;0;723;37;719;0;719;1
7/29/2025;04:07:03 AM;UNKNOWN;767;19;767;0;768;1;769;0;770;0;771;0;772;0;774;0;773;0;737;37;733;0;734;1
7/29/2025;04:12:03 AM;UNKNOWN;776;19;775;1;775;1;774;0;774;0;774;0;775;0;776;0;776;0;740;37;737;0;738;1
7/29/2025;04:17:03 AM;UNKNOWN;793;19;792;1;790;1;789;0;790;0;789;0;790;0;790;0;788;0;750;37;746;0;747;1
7/29/2025;04:22:03 AM;UNKNOWN;809;19;807;1;805;1;804;0;804;0;804;0;804;0;804;0;803;0;765;37;761;0;762;1
7/29/2025;04:27:03 AM;UNKNOWN;823;19;822;1;819;1;819;0;819;0;818;0;819;0;819;0;816;0;778;37;774;0;775;1
7/29/2025;04:32:03 AM;UNKNOWN;838;19;836;1;834;1;834;0;834;0;833;0;834;0;834;0;831;0;793;37;789;0;789;1
7/29/2025;04:37:03 AM;UNKNOWN;853;19;851;1;849;1;848;0;848;0;848;0;848;0;848;0;846;0;808;37;804;0;804;1
7/29/2025;04:42:03 AM;UNKNOWN;867;19;865;1;863;1;863;0;863;0;862;0;863;0;860;0;860;0;822;37;818;0;818;1
7/29/2025;04:47:03 AM;UNKNOWN;879;19;877;2;875;1;875;0;875;0;874;0;875;0;875;0;874;0;834;39;830;0;831;1
7/29/2025;04:52:03 AM;UNKNOWN;895;19;892;2;890;1;890;0;890;0;889;0;890;0;890;0;888;0;847;40;844;0;844;1
7/29/2025;04:57:03 AM;UNKNOWN;909;20;907;2;905;1;904;0;904;0;904;0;905;0;904;0;903;0;862;40;858;0;858;1
7/29/2025;05:02:03 AM;UNKNOWN;918;23;915;2;915;1;915;0;915;0;914;0;915;0;914;0;914;0;876;40;872;0;873;1
7/29/2025;05:07:03 AM;UNKNOWN;934;23;932;2;930;1;930;0;930;0;929;0;930;0;929;0;927;0;885;41;882;0;882;1
7/29/2025;05:12:03 AM;UNKNOWN;949;23;947;2;945;1;944;0;945;0;944;0;945;0;943;0;942;0;900;41;897;0;895;1
7/29/2025;05:17:03 AM;UNKNOWN;963;23;962;2;960;1;959;0;959;0;958;0;959;0;958;0;957;0;913;41;910;0;910;1
7/29/2025;05:22:03 AM;UNKNOWN;976;25;976;2;974;1;974;0;974;0;972;0;974;0;972;0;971;0;928;41;925;0;922;1
7/29/2025;05:27:03 AM;UNKNOWN;991;25;991;2;989;1;988;0;989;0;987;0;989;0;987;0;986;0;942;41;938;0;935;1
7/29/2025;05:32:03 AM;UNKNOWN;1006;25;1006;2;1004;1;1003;0;1003;0;1001;0;1003;0;1001;0;1001;0;955;41;951;0;948;1
7/29/2025;05:37:03 AM;UNKNOWN;1019;25;1020;2;1018;1;1018;0;1018;0;1015;0;1018;0;1016;0;1015;0;969;41;965;0;962;1
7/29/2025;05:42:03 AM;UNKNOWN;1029;26;1030;2;1028;1;1027;0;1027;0;1023;0;1027;0;1027;0;1027;0;982;41;978;0;976;1
7/29/2025;05:47:03 AM;UNKNOWN;1040;26;1040;2;1038;1;1038;0;1038;0;1035;0;1038;0;1036;0;1036;0;991;41;988;0;985;1
7/29/2025;05:52:03 AM;UNKNOWN;1055;26;1055;2;1053;1;1052;0;1052;0;1050;0;1053;0;1050;0;1051;0;1006;41;1002;0;1000;1
7/29/2025;05:57:03 AM;UNKNOWN;1069;26;1069;2;1068;1;1067;0;1067;0;1064;0;1067;0;1065;0;1066;0;1020;42;1016;0;1014;1
7/29/2025;06:02:03 AM;UNKNOWN;1084;27;1085;2;1082;1;1082;0;1082;0;1079;0;1082;0;1080;0;1080;0;1034;42;1030;0;1028;1
7/29/2025;06:07:03 AM;UNKNOWN;1099;28;1099;2;1097;1;1097;0;1097;0;1094;0;1097;0;1095;0;1094;0;1048;42;1044;0;1042;1
7/29/2025;06:12:03 AM;UNKNOWN;1113;29;1114;2;1112;1;1111;0;1111;0;1109;0;1112;0;1110;0;1109;0;1063;42;1059;0;1056;1
7/29/2025;06:17:03 AM;UNKNOWN;1129;29;1129;2;1127;1;1126;0;1126;0;1123;0;1126;0;1124;0;1124;0;1078;42;1073;0;1070;1
7/29/2025;06:22:03 AM;UNKNOWN;1143;30;1144;2;1141;1;1141;0;1141;0;1138;0;1141;0;1138;0;1138;0;1091;42;1087;0;1084;1
7/29/2025;06:27:03 AM;UNKNOWN;1155;31;1158;2;1156;1;1155;0;1156;0;1152;0;1156;0;1152;0;1152;0;1105;42;1100;0;1096;1
7/29/2025;06:32:03 AM;UNKNOWN;1163;31;1166;2;1164;1;1164;0;1164;0;1159;0;1164;0;1161;0;1161;0;1117;42;1113;0;1106;1
7/29/2025;06:37:03 AM;UNKNOWN;1176;32;1181;2;1179;1;1178;0;1179;0;1171;0;1179;0;1175;0;1175;0;1129;42;1124;0;1116;1
7/29/2025;06:42:03 AM;UNKNOWN;1183;34;1189;2;1188;1;1188;0;1188;0;1180;0;1188;0;1183;0;1185;0;1139;42;1135;0;1125;1
7/29/2025;06:47:03 AM;UNKNOWN;1189;35;1196;2;1196;1;1197;0;1197;0;1189;0;1197;0;1194;0;1197;0;1153;42;1149;0;1137;1
7/29/2025;06:52:03 AM;UNKNOWN;1204;35;1212;2;1212;1;1211;0;1212;0;1201;0;1212;0;1206;0;1209;0;1161;42;1157;0;1144;1
7/29/2025;06:57:03 AM;UNKNOWN;1217;35;1227;2;1225;1;1224;0;1224;0;1214;0;1225;0;1218;0;1222;0;1174;42;1170;0;1155;1
7/29/2025;07:02:03 AM;UNKNOWN;3;0;2;0;3;0;5;0;4;0;5;0;4;0;2;0;1;0;2;0;2;0;2;0
7/29/2025;07:07:03 AM;UNKNOWN;19;0;18;0;16;0;16;0;15;0;16;0;10;0;2;0;1;0;2;0;2;0;2;0
7/29/2025;07:12:03 AM;UNKNOWN;19;0;18;0;16;0;16;0;15;0;16;0;10;0;8;0;1;0;3;0;2;0;2;0
7/29/2025;07:17:03 AM;UNKNOWN;21;0;20;0;21;0;24;0;23;0;24;0;23;0;21;0;1;0;4;1;3;0;2;0
7/29/2025;07:22:03 AM;UNKNOWN;21;0;20;0;21;0;24;0;24;0;26;0;26;0;27;0;9;0;6;2;5;0;3;0
7/29/2025;07:27:03 AM;UNKNOWN;25;0;24;0;22;1;25;0;25;0;27;0;27;0;31;0;24;0;20;3;18;0;17;0
7/29/2025;07:32:03 AM;UNKNOWN;36;0;35;0;34;1;35;0;34;0;35;0;34;0;35;0;34;0;32;3;31;0;30;0
7/29/2025;07:37:03 AM;UNKNOWN;50;1;50;0;48;1;50;0;49;0;49;0;49;0;44;0;43;0;44;3;42;0;41;0
7/29/2025;07:42:03 AM;UNKNOWN;58;2;58;0;56;1;58;0;57;0;58;0;57;0;60;0;57;0;55;3;53;0;52;0
7/29/2025;07:47:03 AM;UNKNOWN;69;2;68;1;67;1;68;0;67;0;67;0;67;0;68;0;67;0;65;3;64;0;63;0
7/29/2025;07:52:03 AM;UNKNOWN;85;2;83;1;82;1;83;0;82;0;82;0;82;0;83;0;82;0;79;3;77;0;76;0
7/29/2025;07:57:03 AM;UNKNOWN;99;2;98;1;97;1;97;0;96;0;97;0;97;0;97;0;97;0;94;3;92;0;91;0
7/29/2025;08:02:03 AM;UNKNOWN;114;2;113;1;112;1;112;0;110;1;111;0;111;0;112;0;111;0;109;3;107;0;105;0
7/29/2025;08:07:03 AM;UNKNOWN;129;3;128;1;127;1;127;0;124;2;125;0;125;0;125;0;124;0;121;3;119;0;118;0
7/29/2025;08:12:03 AM;UNKNOWN;142;3;140;1;140;1;142;0;139;2;139;0;139;0;139;1;139;0;135;3;134;0;132;0
7/29/2025;08:17:03 AM;UNKNOWN;149;4;147;1;148;1;151;0;149;2;149;0;149;0;153;1;153;0;150;3;148;0;147;0
7/29/2025;08:22:03 AM;UNKNOWN;151;4;149;1;150;1;152;0;149;2;150;0;149;0;153;1;153;0;154;3;153;0;152;0
7/29/2025;08:27:03 AM;UNKNOWN;160;5;158;2;159;1;160;0;157;2;158;0;158;0;158;1;158;0;155;3;153;0;152;0
7/29/2025;08:32:03 AM;UNKNOWN;176;6;173;2;173;1;175;0;172;2;173;0;172;0;173;1;172;0;169;3;167;0;166;0
7/29/2025;08:37:03 AM;UNKNOWN;183;6;180;2;181;1;184;0;181;2;182;0;182;0;182;1;182;0;182;3;181;0;180;0
7/29/2025;08:42:03 AM;UNKNOWN;200;6;197;2;197;1;199;0;196;2;197;0;196;0;197;1;196;0;193;3;191;0;190;0
7/29/2025;08:47:03 AM;UNKNOWN;215;6;213;2;211;1;214;0;211;2;211;0;211;0;212;1;210;0;207;3;206;0;204;0
7/29/2025;08:52:03 AM;UNKNOWN;230;6;227;2;226;1;228;0;225;2;226;0;226;0;227;1;225;0;222;3;220;0;219;0
7/29/2025;08:57:03 AM;UNKNOWN;244;6;242;2;241;1;243;0;240;2;241;0;240;0;242;1;240;0;236;4;234;0;232;0
7/29/2025;09:02:03 AM;UNKNOWN;259;6;257;2;255;1;258;0;255;2;255;0;255;0;256;1;254;0;251;4;249;0;247;0
7/29/2025;09:07:03 AM;UNKNOWN;274;7;271;2;270;1;273;0;266;6;268;0;268;0;270;1;269;0;265;4;263;0;262;0
7/29/2025;09:12:03 AM;UNKNOWN;279;8;276;2;276;1;278;0;271;6;272;0;271;0;274;1;274;0;274;4;273;0;272;0
7/29/2025;09:17:03 AM;UNKNOWN;279;8;277;2;276;1;278;0;272;6;272;0;272;0;274;1;274;0;274;4;273;0;272;0
7/29/2025;09:22:03 AM;UNKNOWN;296;8;293;2;292;1;294;0;285;8;286;0;285;0;286;1;284;0;280;4;279;0;278;0
7/29/2025;09:27:03 AM;UNKNOWN;306;8;303;2;302;1;309;0;300;8;300;0;300;0;301;1;300;0;295;4;293;0;292;0
7/29/2025;09:32:03 AM;UNKNOWN;319;8;316;2;315;1;324;0;315;8;315;0;315;0;316;1;314;0;310;4;308;0;307;0
7/29/2025;09:37:03 AM;UNKNOWN;323;8;320;2;319;1;328;0;316;11;317;0;317;0;321;1;319;0;315;4;313;0;312;0
7/29/2025;09:42:03 AM;UNKNOWN;331;8;328;2;327;1;336;0;324;11;324;0;324;0;325;1;324;0;321;4;320;0;319;0
7/29/2025;09:47:03 AM;UNKNOWN;346;8;343;2;342;1;350;0;338;11;339;0;339;0;340;1;338;0;334;4;333;0;331;0
7/29/2025;09:52:03 AM;UNKNOWN;358;8;355;2;354;1;365;0;353;11;354;0;354;0;355;1;353;0;349;4;347;0;346;0
7/29/2025;09:57:03 AM;UNKNOWN;373;8;370;2;369;1;380;0;368;11;368;0;368;0;369;1;368;0;364;4;362;0;361;0
7/29/2025;10:02:03 AM;UNKNOWN;387;8;384;2;383;1;395;0;383;11;383;0;383;0;384;1;382;0;378;4;377;0;375;0
7/29/2025;10:07:03 AM;UNKNOWN;402;8;399;2;398;1;409;0;398;11;398;0;398;0;398;1;397;0;393;4;390;1;389;0
7/29/2025;10:12:03 AM;UNKNOWN;417;8;414;2;413;1;424;0;412;11;413;0;413;0;413;1;412;0;408;4;405;1;404;0
7/29/2025;10:17:03 AM;UNKNOWN;432;9;429;2;428;1;439;0;425;13;426;0;426;0;426;1;425;0;422;4;420;1;418;0
7/29/2025;10:22:03 AM;UNKNOWN;447;11;444;2;443;1;455;0;435;19;437;0;437;0;440;1;438;0;436;4;433;1;432;0
7/29/2025;10:27:03 AM;UNKNOWN;461;11;458;2;457;1;470;0;450;19;451;0;450;0;451;1;449;0;446;4;443;1;441;0
7/29/2025;10:32:03 AM;UNKNOWN;467;11;464;2;464;1;481;0;462;19;462;0;462;0;466;1;465;0;460;4;457;1;456;0
7/29/2025;10:37:03 AM;UNKNOWN;482;11;478;3;477;1;497;0;476;19;477;0;477;0;478;1;477;0;473;4;470;1;469;0
7/29/2025;10:42:03 AM;UNKNOWN;497;11;493;3;492;1;511;0;491;19;492;0;492;0;492;1;491;0;487;4;484;1;483;0
7/29/2025;10:47:03 AM;UNKNOWN;511;11;508;3;507;1;526;0;506;19;507;0;506;0;507;1;506;0;502;4;499;1;498;0
7/29/2025;10:52:03 AM;UNKNOWN;526;11;523;3;522;1;541;0;517;23;518;0;518;0;522;1;521;0;516;4;514;1;512;0
7/29/2025;10:57:03 AM;UNKNOWN;542;11;538;3;537;1;557;0;529;27;530;0;530;0;533;1;533;0;529;4;526;1;525;0
7/29/2025;11:02:03 AM;UNKNOWN;553;11;550;3;549;1;572;0;544;27;544;0;544;0;545;1;544;0;541;4;538;1;536;0
7/29/2025;11:07:03 AM;UNKNOWN;561;11;558;3;558;1;584;0;556;27;557;0;553;0;546;1;545;0;541;4;538;1;537;0
7/29/2025;11:12:03 AM;UNKNOWN;575;11;571;3;571;1;599;0;571;27;571;0;567;0;558;1;556;0;552;4;546;1;545;0
7/29/2025;11:17:03 AM;UNKNOWN;590;11;586;3;586;1;613;0;585;27;586;0;583;0;574;1;571;0;567;4;561;1;560;0
7/29/2025;11:22:03 AM;UNKNOWN;605;11;601;3;600;1;628;0;600;27;600;0;599;0;591;1;586;0;582;4;576;1;575;0
7/29/2025;11:27:03 AM;UNKNOWN;616;11;612;3;609;2;639;0;612;27;612;0;612;0;605;1;598;0;593;4;587;1;585;0
7/29/2025;11:32:03 AM;UNKNOWN;623;11;619;3;618;2;647;0;619;27;619;0;617;0;609;1;608;0;605;4;600;1;598;1
7/29/2025;11:37:03 AM;UNKNOWN;639;11;635;3;634;2;662;0;630;31;631;0;631;0;624;1;621;0;618;4;613;1;611;1
7/29/2025;11:42:03 AM;UNKNOWN;654;12;650;3;649;2;676;0;644;31;645;0;644;0;639;1;634;0;631;4;625;1;623;1
7/29/2025;11:47:03 AM;UNKNOWN;666;12;662;3;660;2;691;0;659;31;660;0;660;0;655;1;649;0;645;4;639;1;637;1
7/29/2025;11:52:03 AM;UNKNOWN;680;12;676;3;674;2;706;0;672;33;672;0;672;0;670;1;664;0;660;4;654;1;651;1
7/29/2025;11:57:03 AM;UNKNOWN;691;12;687;3;685;2;716;0;680;35;681;0;680;0;681;1;678;0;674;4;668;1;666;1
7/29/2025;12:02:03 PM;UNKNOWN;698;12;694;3;694;2;725;0;687;37;688;0;687;0;688;1;687;0;685;4;680;1;677;1
7/29/2025;12:07:03 PM;UNKNOWN;709;12;705;3;701;3;737;0;699;37;700;0;699;0;702;1;701;0;698;4;692;1;690;1
7/29/2025;12:12:03 PM;UNKNOWN;718;12;715;3;712;3;750;0;712;37;713;0;712;0;713;1;711;0;707;4;701;1;699;1
7/29/2025;12:17:03 PM;UNKNOWN;726;12;723;3;720;4;759;0;721;37;722;0;721;0;722;1;721;0;720;4;715;1;713;1
7/29/2025;12:22:03 PM;UNKNOWN;743;12;739;3;735;4;773;0;735;37;736;0;736;0;737;1;733;0;730;4;724;1;722;1
7/29/2025;12:27:03 PM;UNKNOWN;758;12;754;3;750;4;788;0;750;37;751;0;751;0;751;1;749;0;744;4;738;1;736;1
7/29/2025;12:32:03 PM;UNKNOWN;770;12;766;3;760;5;800;0;762;37;763;0;762;0;765;1;764;0;759;4;752;2;750;1
7/29/2025;12:37:03 PM;UNKNOWN;782;12;778;3;773;5;811;0;773;37;774;0;774;0;774;1;771;0;769;4;762;2;760;1
7/29/2025;12:42:03 PM;UNKNOWN;788;12;784;3;782;5;822;0;784;37;785;0;784;0;787;1;786;0;782;4;775;3;772;1
7/29/2025;12:47:03 PM;UNKNOWN;801;12;797;3;794;5;833;0;795;37;796;0;796;0;798;1;797;0;793;4;785;3;783;1
7/29/2025;12:52:03 PM;UNKNOWN;818;12;814;3;810;5;848;0;810;37;810;0;810;0;811;1;809;0;805;4;797;3;795;1
7/29/2025;12:57:03 PM;UNKNOWN;828;12;824;3;818;5;854;0;817;37;819;0;819;0;821;1;821;0;820;4;812;3;810;1
7/29/2025;01:02:03 PM;UNKNOWN;831;12;827;3;821;5;855;0;817;37;819;0;819;0;822;1;822;0;822;4;815;3;813;1
7/29/2025;01:07:03 PM;UNKNOWN;834;12;829;4;827;5;861;0;823;37;823;0;823;0;825;1;825;0;823;4;816;3;814;1
7/29/2025;01:12:03 PM;UNKNOWN;847;12;842;4;837;5;874;0;836;37;837;0;837;0;837;1;837;0;833;4;825;3;823;1
7/29/2025;01:17:03 PM;UNKNOWN;862;12;857;4;852;5;889;0;852;37;852;0;852;0;852;1;851;0;847;4;839;3;837;1
7/29/2025;01:22:03 PM;UNKNOWN;877;12;872;4;866;5;904;0;866;37;867;0;866;0;867;1;866;0;861;4;854;3;851;1
7/29/2025;01:27:03 PM;UNKNOWN;892;12;887;4;882;5;919;0;879;39;880;0;879;0;880;1;879;0;875;4;868;3;866;1
7/29/2025;01:32:03 PM;UNKNOWN;907;12;902;4;897;5;935;0;889;45;890;0;889;0;892;1;892;0;888;4;880;3;878;1
7/29/2025;01:37:03 PM;UNKNOWN;918;12;914;4;909;5;950;0;904;45;904;0;904;0;905;1;904;0;900;4;893;3;890;1
7/29/2025;01:42:03 PM;UNKNOWN;930;12;925;4;920;5;965;0;915;50;915;0;915;0;916;1;916;0;914;4;906;3;904;1
7/29/2025;01:47:03 PM;UNKNOWN;944;12;939;4;935;5;981;0;929;50;930;0;930;0;930;1;930;0;926;4;918;3;916;1
7/29/2025;01:52:03 PM;UNKNOWN;955;12;950;4;945;5;995;0;940;54;941;0;941;0;942;1;942;0;940;4;931;4;929;1
7/29/2025;01:57:03 PM;UNKNOWN;964;12;959;4;953;5;1004;0;947;54;949;0;948;0;952;1;952;0;952;4;943;4;941;1
7/29/2025;02:02:03 PM;UNKNOWN;965;12;960;4;954;5;1004;0;947;54;949;0;948;0;952;1;952;0;952;4;944;4;942;1
7/29/2025;02:07:03 PM;UNKNOWN;969;12;964;4;961;5;1010;0;953;54;954;0;953;0;954;1;953;0;952;4;944;4;942;1
7/29/2025;02:12:03 PM;UNKNOWN;979;12;975;4;969;5;1025;0;968;54;968;0;968;0;969;1;967;0;963;4;954;4;951;2
7/29/2025;02:17:03 PM;UNKNOWN;993;12;988;4;983;5;1038;0;982;54;983;0;983;0;983;1;982;0;978;4;969;4;966;2
7/29/2025;02:22:03 PM;UNKNOWN;1008;12;1003;4;998;5;1052;0;998;54;998;0;998;0;998;1;997;0;993;4;983;4;981;2
7/29/2025;02:27:03 PM;UNKNOWN;1023;12;1018;4;1013;5;1067;0;1012;54;1013;0;1012;0;1013;1;1011;0;1008;4;998;4;996;2
7/29/2025;02:32:03 PM;UNKNOWN;1024;12;1020;4;1018;5;1075;0;1020;54;1021;0;1020;0;1023;1;1019;0;1015;4;1006;4;1004;2
7/29/2025;02:37:03 PM;UNKNOWN;1040;12;1035;4;1032;5;1087;0;1032;54;1032;0;1032;0;1033;1;1019;0;1016;4;1007;4;1004;2
7/29/2025;02:42:03 PM;UNKNOWN;1048;12;1043;4;1040;5;1097;0;1043;54;1044;0;1043;0;1042;1;1024;0;1019;4;1009;4;1006;2
7/29/2025;02:47:03 PM;UNKNOWN;1063;12;1058;4;1055;5;1110;0;1055;54;1055;0;1055;0;1056;1;1039;0;1034;4;1024;4;1020;2
7/29/2025;02:52:03 PM;UNKNOWN;1076;13;1071;4;1069;5;1123;0;1068;54;1069;0;1068;0;1069;1;1054;0;1048;4;1038;4;1035;2
7/29/2025;02:57:03 PM;UNKNOWN;1092;13;1087;4;1083;5;1138;0;1083;54;1083;0;1083;0;1084;1;1069;0;1063;4;1053;4;1050;2
7/29/2025;03:02:03 PM;UNKNOWN;3;0;3;0;3;0;3;0;3;0;3;0;3;0;0;0;0;0;0;0;0;0;0;0
7/29/2025;03:07:03 PM;UNKNOWN;4;0;4;0;5;0;7;0;8;0;9;0;8;0;1;0;0;0;1;0;0;0;1;0
7/29/2025;03:12:03 PM;UNKNOWN;6;0;5;0;7;0;7;0;8;0;10;0;9;0;9;0;11;0;10;1;8;0;7;0
7/29/2025;03:17:03 PM;UNKNOWN;22;0;22;0;23;0;22;0;22;0;23;0;22;0;18;0;26;0;25;1;22;0;22;0
7/29/2025;03:22:03 PM;UNKNOWN;38;0;39;0;38;0;37;0;37;0;37;0;37;0;33;0;41;0;40;1;37;0;37;0
7/29/2025;03:27:03 PM;UNKNOWN;53;0;53;0;52;0;51;0;52;0;52;0;52;0;49;0;55;0;55;1;52;0;52;0
7/29/2025;03:32:03 PM;UNKNOWN;68;0;68;0;67;0;67;0;67;0;67;0;67;0;63;1;70;0;70;1;67;0;66;0
7/29/2025;03:37:03 PM;UNKNOWN;79;0;79;0;79;0;78;0;78;0;78;0;78;0;79;1;85;0;84;1;81;0;81;0
7/29/2025;03:42:03 PM;UNKNOWN;93;0;93;0;93;0;93;0;93;0;93;0;93;0;92;1;90;0;90;1;82;0;83;0
7/29/2025;03:47:03 PM;UNKNOWN;104;0;105;0;105;0;106;0;106;0;107;0;106;0;107;1;105;0;103;2;97;0;97;0
7/29/2025;03:52:03 PM;UNKNOWN;119;0;119;0;120;0;121;0;121;0;121;0;121;0;121;1;119;0;118;2;112;0;112;0
7/29/2025;03:57:03 PM;UNKNOWN;134;0;134;0;135;0;135;0;136;0;136;0;136;0;136;1;134;0;133;2;127;0;126;0
7/29/2025;04:02:03 PM;UNKNOWN;149;0;149;0;150;0;150;0;150;0;150;0;150;0;151;1;149;0;148;2;142;0;141;0
7/29/2025;04:07:03 PM;UNKNOWN;163;0;164;0;164;0;165;0;165;0;165;0;165;0;166;1;164;0;162;2;156;0;156;0
7/29/2025;04:12:03 PM;UNKNOWN;178;0;179;0;179;0;179;0;179;0;180;0;180;0;180;1;179;0;177;2;171;0;171;0
7/29/2025;04:17:03 PM;UNKNOWN;193;0;193;0;194;0;194;0;194;0;194;0;194;0;195;1;194;0;192;2;186;0;186;0
7/29/2025;04:22:03 PM;UNKNOWN;208;0;208;0;209;0;209;0;209;0;209;0;209;0;210;1;208;0;207;2;201;0;201;0
7/29/2025;04:27:03 PM;UNKNOWN;222;0;222;0;220;0;219;0;218;0;220;0;220;0;224;1;223;0;221;2;216;0;215;0
7/29/2025;04:32:03 PM;UNKNOWN;235;0;235;0;234;0;233;0;233;0;234;0;233;0;234;1;238;0;236;2;230;0;230;0
7/29/2025;04:37:03 PM;UNKNOWN;249;0;249;0;248;0;247;0;248;0;248;0;248;0;249;1;252;0;251;2;245;0;245;0
7/29/2025;04:42:03 PM;UNKNOWN;264;0;264;0;263;0;262;0;263;0;263;0;263;0;264;1;267;0;266;2;260;0;260;0
7/29/2025;04:47:03 PM;UNKNOWN;279;0;279;0;278;0;277;0;277;0;278;0;277;0;278;1;282;0;281;2;275;0;274;0
7/29/2025;04:52:03 PM;UNKNOWN;293;0;293;0;292;0;292;0;292;0;292;0;292;0;293;1;297;0;295;2;289;0;289;0
7/29/2025;04:57:03 PM;UNKNOWN;308;0;308;0;307;0;306;0;306;0;307;0;306;0;307;1;312;0;310;2;304;0;304;0
7/29/2025;05:02:03 PM;UNKNOWN;322;1;322;0;322;0;321;0;321;0;321;0;321;0;322;1;326;0;325;2;319;0;319;0
7/29/2025;05:07:03 PM;UNKNOWN;332;1;332;0;331;0;331;0;331;0;332;0;331;0;333;1;341;0;340;2;334;0;333;0
7/29/2025;05:12:03 PM;UNKNOWN;347;1;347;0;346;0;346;0;346;0;346;0;346;0;343;1;356;0;354;2;348;1;347;0
7/29/2025;05:17:03 PM;UNKNOWN;362;1;362;0;361;0;360;0;360;0;361;0;361;0;358;1;371;0;369;2;362;1;362;0
7/29/2025;05:22:03 PM;UNKNOWN;377;1;377;0;375;0;374;0;375;0;375;0;375;0;374;1;385;0;384;2;377;1;377;0
7/29/2025;05:27:03 PM;UNKNOWN;379;1;379;0;378;0;378;0;378;0;378;0;378;0;379;1;394;0;397;2;391;1;391;0
7/29/2025;05:32:03 PM;UNKNOWN;393;1;393;0;391;0;390;0;391;0;391;0;391;0;394;1;408;0;407;2;400;1;400;0
7/29/2025;05:37:03 PM;UNKNOWN;404;1;404;0;403;0;403;0;403;0;403;0;403;0;404;1;418;0;417;2;410;1;410;0
7/29/2025;05:42:03 PM;UNKNOWN;419;1;419;0;418;0;417;0;417;0;418;0;418;0;419;1;432;0;430;3;423;1;423;0
7/29/2025;05:47:03 PM;UNKNOWN;434;1;434;0;433;0;432;0;432;0;433;0;432;0;433;1;447;0;445;3;438;1;438;1
7/29/2025;05:52:03 PM;UNKNOWN;444;1;444;0;443;0;442;0;442;0;443;0;443;0;443;1;458;0;457;3;451;1;451;2
7/29/2025;05:57:03 PM;UNKNOWN;458;1;459;0;458;0;457;0;457;0;458;0;457;0;458;1;471;0;469;3;462;1;462;2
7/29/2025;06:02:03 PM;UNKNOWN;473;1;474;0;473;0;472;0;472;0;472;0;472;0;473;1;486;0;484;3;477;1;477;2
7/29/2025;06:07:03 PM;UNKNOWN;488;1;488;0;487;0;487;0;487;0;487;0;487;0;486;1;499;0;497;3;490;1;489;3
7/29/2025;06:12:03 PM;UNKNOWN;503;1;503;0;502;0;501;0;501;0;502;0;502;0;495;1;510;0;512;3;505;1;504;3
7/29/2025;06:17:03 PM;UNKNOWN;517;1;518;0;516;0;516;0;516;0;516;0;515;0;506;1;520;0;518;3;511;1;510;3
7/29/2025;06:22:03 PM;UNKNOWN;532;1;532;0;531;0;531;0;531;0;531;0;530;0;522;1;535;0;532;3;525;1;525;3
7/29/2025;06:27:03 PM;UNKNOWN;539;1;539;0;538;0;537;0;537;0;538;0;537;0;536;1;549;0;547;3;540;1;539;3
7/29/2025;6:31:41 PM;WG REA FORD CA029;551;1;551;0;550;0;549;0;550;0;550;0;550;0;547;1;561;0;559;3;551;1;551;3
7/29/2025;6:32:03 PM;WG REA FORD CA029;552;1;552;0;551;0;550;0;551;0;551;0;551;0;548;1;561;0;560;3;552;1;551;3
7/29/2025;6:37:03 PM;WG REA FORD CA029;567;1;567;0;566;0;565;0;565;0;566;0;566;0;564;1;575;0;573;3;566;1;565;3
7/29/2025;6:41:28 PM;WG REA FORD CA029;580;1;580;0;579;0;578;0;578;0;579;0;579;0;577;1;586;0;584;3;577;1;576;3
7/29/2025;6:42:27 PM;WG REA FORD CA029;583;1;583;0;582;0;581;0;581;0;582;0;581;0;581;1;589;0;587;3;580;1;579;3
7/29/2025;6:43:27 PM;WG REA FORD CA029;586;1;586;0;585;0;584;0;584;0;585;0;584;0;584;1;592;0;590;3;582;1;581;3
7/29/2025;6:44:27 PM;WG REA FORD CA029;589;1;589;0;588;0;587;0;587;0;588;0;587;0;587;1;595;0;592;3;585;1;584;3
7/29/2025;6:45:27 PM;WG REA FORD CA029;592;1;592;0;591;0;590;0;590;0;590;0;590;0;590;1;597;0;595;3;587;1;587;3
7/29/2025;6:46:27 PM;WG REA FORD CA029;595;1;595;0;594;0;593;0;593;0;593;0;593;0;594;1;600;0;598;3;590;1;589;3
7/29/2025;6:47:27 PM;WG REA FORD CA029;597;1;598;0;597;0;596;0;596;0;596;0;596;0;597;1;603;0;600;3;593;1;592;3
7/29/2025;6:48:27 PM;WG REA FORD CA029;600;1;601;0;599;0;599;0;599;0;599;0;599;0;600;1;606;0;603;3;596;1;594;3
7/29/2025;6:49:27 PM;WG REA FORD CA029;603;1;604;0;602;0;602;0;602;0;602;0;602;0;603;1;608;0;606;3;598;1;597;3
7/29/2025;6:50:27 PM;WG REA FORD CA029;606;1;607;0;605;0;605;0;605;0;605;0;605;0;606;1;611;0;608;3;601;1;600;3
7/29/2025;6:51:27 PM;WG REA FORD CA029;609;1;609;0;608;0;608;0;608;0;608;0;608;0;609;1;614;0;611;3;603;1;603;3
7/29/2025;6:52:27 PM;WG REA FORD CA029;611;2;612;0;611;0;611;0;611;0;611;0;611;0;612;1;614;0;613;3;606;1;605;3
7/29/2025;6:53:27 PM;WG REA FORD CA029;614;2;615;0;614;0;614;0;614;0;614;0;614;0;613;1;614;0;614;3;607;1;606;3
7/29/2025;6:54:27 PM;WG REA FORD CA029;618;2;618;0;617;0;617;0;617;0;617;0;617;0;616;1;617;0;615;3;608;1;608;3
7/29/2025;6:55:27 PM;WG REA FORD CA029;619;2;620;0;620;0;619;0;620;0;620;0;620;0;619;1;620;0;618;3;611;1;611;3
7/29/2025;6:56:27 PM;WG REA FORD CA029;623;2;623;0;623;0;623;0;623;0;623;0;623;0;622;1;623;0;621;3;614;1;614;3
7/29/2025;6:57:27 PM;WG REA FORD CA029;624;2;624;0;624;0;624;0;624;0;624;0;624;0;626;1;626;0;624;3;617;1;617;3
7/29/2025;6:58:27 PM;WG REA FORD CA029;624;2;624;0;624;0;624;0;624;0;624;0;624;0;627;1;629;0;627;3;620;1;620;3
7/29/2025;6:59:27 PM;WG REA FORD CA029;624;2;624;0;624;0;624;0;624;0;624;0;624;0;627;1;632;0;630;3;623;1;623;3
7/29/2025;7:00:27 PM;WG REA FORD CA029;624;2;624;0;624;0;624;0;624;0;624;0;624;0;627;1;635;0;633;3;626;1;626;3
7/29/2025;7:01:27 PM;WG REA FORD CA029;624;2;624;0;624;0;624;0;624;0;624;0;624;0;627;1;638;0;636;3;629;1;629;3
7/29/2025;7:02:27 PM;WG REA FORD CA029;624;2;624;0;624;0;624;0;624;0;624;0;624;0;627;1;641;0;639;3;632;1;631;3
7/29/2025;7:03:27 PM;WG REA FORD CA029;624;2;624;0;624;0;624;0;624;0;624;0;624;0;627;1;642;0;642;3;635;1;634;3
7/29/2025;7:04:27 PM;WG REA FORD CA029;625;2;625;0;625;0;624;0;625;0;625;0;625;0;627;1;642;0;644;3;638;1;637;3
7/29/2025;7:05:27 PM;WG REA FORD CA029;628;2;627;1;628;0;627;0;627;0;628;0;627;0;628;1;642;0;644;3;638;1;638;3
7/29/2025;7:06:27 PM;WG REA FORD CA029;631;2;631;1;631;0;630;0;630;0;631;0;630;0;631;1;645;0;644;3;638;1;638;3
7/29/2025;7:07:27 PM;WG REA FORD CA029;635;2;634;1;634;0;633;0;633;0;634;0;633;0;634;1;648;0;646;3;640;1;639;3
7/29/2025;7:08:27 PM;WG REA FORD CA029;638;2;637;1;637;0;636;0;636;0;637;0;636;0;637;1;651;0;649;3;642;1;642;3
7/29/2025;7:09:27 PM;WG REA FORD CA029;642;2;641;1;640;0;639;0;639;0;640;0;639;0;640;1;654;0;652;3;645;1;645;3
7/29/2025;7:10:27 PM;WG REA FORD CA029;644;2;644;1;643;0;642;0;642;0;642;0;642;0;643;1;657;0;655;3;648;1;648;3
7/29/2025;7:11:27 PM;WG REA FORD CA029;648;2;647;1;645;0;645;0;645;0;645;0;645;0;646;1;660;0;658;3;651;1;651;3
7/29/2025;7:12:27 PM;WG REA FORD CA029;650;2;649;1;648;0;648;0;648;0;648;0;648;0;649;1;663;0;661;3;654;1;653;3
7/29/2025;7:13:27 PM;WG REA FORD CA029;650;2;649;1;648;0;648;0;648;0;648;0;648;0;652;1;665;0;664;3;657;1;656;4
7/29/2025;7:14:27 PM;WG REA FORD CA029;650;2;649;1;648;0;648;0;648;0;648;0;648;0;652;1;667;0;666;3;659;1;659;4
7/29/2025;7:15:27 PM;WG REA FORD CA029;650;2;649;1;648;0;648;0;648;0;648;0;648;0;652;1;667;0;669;3;662;1;662;4
7/29/2025;7:16:27 PM;WG REA FORD CA029;651;2;650;1;649;0;648;0;649;0;649;0;649;0;652;1;667;0;669;3;663;1;663;4
7/29/2025;7:17:27 PM;WG REA FORD CA029;654;2;653;1;652;0;651;0;652;0;652;0;652;0;653;1;667;0;669;3;663;1;663;4
7/29/2025;7:18:27 PM;WG REA FORD CA029;657;2;656;1;655;0;655;0;655;0;655;0;655;0;656;1;670;0;669;3;663;1;663;4
7/29/2025;7:19:27 PM;WG REA FORD CA029;660;2;659;1;658;0;658;0;658;0;658;0;658;0;658;1;672;0;670;3;664;1;664;4
7/29/2025;7:20:27 PM;WG REA FORD CA029;663;2;662;1;661;0;661;0;661;0;661;0;661;0;661;1;674;0;673;3;666;1;666;4
7/29/2025;7:21:27 PM;WG REA FORD CA029;666;2;665;1;664;0;663;0;664;0;664;0;664;0;663;1;677;0;675;3;669;1;669;4
7/29/2025;7:25:27 PM;WG REA FORD CA029;678;2;677;1;676;0;675;0;675;0;676;0;675;0;676;1;689;0;687;3;680;1;680;4
7/29/2025;7:26:27 PM;WG REA FORD CA029;681;2;680;1;679;0;678;0;678;0;679;0;678;0;679;1;692;0;690;3;683;1;683;4
7/29/2025;7:27:27 PM;WG REA FORD CA029;684;2;683;1;682;0;681;0;681;0;681;0;681;0;681;1;695;0;692;4;686;1;686;4
7/29/2025;7:28:27 PM;WG REA FORD CA029;687;2;686;1;685;0;684;0;684;0;684;0;684;0;685;1;698;0;695;4;688;1;688;4
7/29/2025;7:29:27 PM;WG REA FORD CA029;689;2;689;1;687;0;687;0;687;0;687;0;687;0;688;1;701;0;698;4;691;1;691;4
7/29/2025;7:30:27 PM;WG REA FORD CA029;692;2;692;1;690;0;690;0;690;0;690;0;690;0;691;1;704;0;701;4;694;1;694;4
7/29/2025;7:31:27 PM;WG REA FORD CA029;695;2;695;1;693;0;693;0;693;0;693;0;693;0;694;1;707;0;704;4;697;1;697;4
7/29/2025;7:32:27 PM;WG REA FORD CA029;698;2;697;1;696;0;696;0;696;0;696;0;696;0;697;1;710;0;707;4;700;1;700;4
7/29/2025;7:33:27 PM;WG REA FORD CA029;701;2;700;1;699;0;699;0;699;0;699;0;699;0;700;1;713;0;710;4;703;1;703;4
7/29/2025;7:34:27 PM;WG REA FORD CA029;704;2;703;1;702;0;702;0;702;0;702;0;702;0;703;1;716;0;713;4;706;1;705;4
7/29/2025;7:35:27 PM;WG REA FORD CA029;707;2;706;1;705;0;704;0;705;0;705;0;705;0;706;1;719;0;716;4;709;1;708;4
7/29/2025;7:36:27 PM;WG REA FORD CA029;710;2;709;1;708;0;707;0;707;0;708;0;708;0;709;1;722;0;719;4;712;1;711;4
7/29/2025;7:37:27 PM;WG REA FORD CA029;713;2;712;1;711;0;710;0;710;0;711;0;711;0;712;1;725;0;721;4;715;1;714;4
7/29/2025;7:38:27 PM;WG REA FORD CA029;716;2;715;1;714;0;713;0;713;0;714;0;714;0;714;1;728;0;724;4;718;1;717;4
7/29/2025;7:39:27 PM;WG REA FORD CA029;719;2;718;1;717;0;716;0;716;0;717;0;717;0;717;1;731;0;727;4;720;1;720;4
7/29/2025;7:40:27 PM;WG REA FORD CA029;722;2;721;1;720;0;719;0;719;0;720;0;720;0;720;1;734;0;730;4;723;1;723;4
7/29/2025;7:41:27 PM;WG REA FORD CA029;725;2;724;1;723;0;722;0;722;0;723;0;723;0;724;1;737;0;733;4;726;1;726;4
7/29/2025;7:42:27 PM;WG REA FORD CA029;728;2;727;1;726;0;725;0;725;0;726;0;726;0;726;1;740;0;736;4;729;1;729;4
7/29/2025;7:43:27 PM;WG REA FORD CA029;731;2;730;1;729;0;728;0;728;0;729;0;728;0;729;1;743;0;739;4;732;1;732;4
7/29/2025;7:44:27 PM;WG REA FORD CA029;734;2;733;1;732;0;731;0;731;0;732;0;731;0;732;1;745;0;742;4;735;1;735;4
7/29/2025;7:45:27 PM;WG REA FORD CA029;737;2;736;1;735;0;734;0;734;0;735;0;734;0;735;1;749;0;745;4;738;1;738;4
7/29/2025;7:46:27 PM;WG REA FORD CA029;740;2;739;1;738;0;737;0;737;0;737;0;737;0;738;1;751;0;748;4;741;1;741;4
7/29/2025;7:47:27 PM;WG REA FORD CA029;742;2;742;1;741;0;740;0;740;0;740;0;740;0;741;1;754;0;751;4;744;1;744;4
7/29/2025;7:48:27 PM;WG REA FORD CA029;745;2;745;1;743;0;743;0;743;0;743;0;743;0;744;1;757;0;754;4;747;1;747;4
7/29/2025;7:49:27 PM;WG REA FORD CA029;748;2;747;1;746;0;745;0;745;0;746;0;746;0;747;1;760;0;757;4;750;1;750;4
7/29/2025;7:50:27 PM;WG REA FORD CA029;751;2;750;1;749;0;748;0;748;0;749;0;749;0;749;1;763;0;760;4;753;1;753;4
7/29/2025;7:51:27 PM;WG REA FORD CA029;754;2;753;1;752;0;752;0;752;0;752;0;752;0;753;1;766;0;763;4;756;1;756;4
7/29/2025;7:52:27 PM;WG REA FORD CA029;757;2;756;1;755;0;755;0;755;0;755;0;755;0;756;1;769;0;766;4;759;1;759;4
7/29/2025;7:53:27 PM;WG REA FORD CA029;760;2;759;1;758;0;757;0;757;0;758;0;758;0;759;1;772;0;769;4;762;1;762;4
7/29/2025;7:54:27 PM;WG REA FORD CA029;762;2;761;1;759;0;758;0;759;0;759;0;759;0;762;1;775;0;772;4;765;1;764;4
7/29/2025;7:55:27 PM;WG REA FORD CA029;763;2;762;1;761;0;761;0;761;0;761;0;761;0;762;1;777;0;775;4;768;1;767;4
7/29/2025;7:56:27 PM;WG REA FORD CA029;766;2;765;1;764;0;764;0;764;0;764;0;764;0;765;1;779;0;778;4;771;1;770;4
7/29/2025;7:57:27 PM;WG REA FORD CA029;769;2;768;1;767;0;767;0;767;0;767;0;767;0;768;1;782;0;779;4;773;1;772;4
7/29/2025;7:58:27 PM;WG REA FORD CA029;772;2;771;1;770;0;770;0;770;0;770;0;770;0;771;1;785;0;782;4;775;1;775;4
7/29/2025;7:59:27 PM;WG REA FORD CA029;775;2;775;1;773;0;773;0;773;0;773;0;773;0;774;1;788;0;785;4;778;1;778;4
7/29/2025;8:00:27 PM;WG REA FORD CA029;778;2;777;1;776;0;776;0;776;0;776;0;776;0;777;1;791;0;788;4;781;1;781;4
7/29/2025;8:01:27 PM;WG REA FORD CA029;781;2;780;1;779;0;779;0;779;0;779;0;779;0;780;1;794;0;791;4;784;1;784;4
7/29/2025;8:02:27 PM;WG REA FORD CA029;784;2;783;1;782;0;782;0;782;0;782;0;782;0;783;1;797;0;794;4;787;1;787;4
7/29/2025;8:03:27 PM;WG REA FORD CA029;787;2;786;1;785;0;785;0;785;0;785;0;785;0;786;1;800;0;797;4;790;1;790;4
7/29/2025;8:04:27 PM;WG REA FORD CA029;790;2;789;1;788;0;788;0;788;0;788;0;788;0;789;1;803;0;800;4;793;1;793;4
7/29/2025;8:05:27 PM;WG REA FORD CA029;793;2;792;1;791;0;791;0;791;0;791;0;791;0;792;1;806;0;803;4;796;1;796;4
7/29/2025;8:06:27 PM;WG REA FORD CA029;796;2;795;1;794;0;793;0;794;0;794;0;794;0;795;1;809;0;806;4;799;1;799;4
7/29/2025;8:07:27 PM;WG REA FORD CA029;799;2;798;1;797;0;797;0;797;0;797;0;797;0;798;1;812;0;809;4;802;1;802;4
7/29/2025;8:08:27 PM;WG REA FORD CA029;802;2;801;1;800;0;799;0;800;0;800;0;800;0;801;1;815;0;812;4;805;1;805;4
7/29/2025;8:09:27 PM;WG REA FORD CA029;805;2;804;1;803;0;802;0;802;0;803;0;803;0;804;1;818;0;815;4;808;1;808;4
7/29/2025;8:10:27 PM;WG REA FORD CA029;808;2;807;1;806;0;805;0;805;0;806;0;806;0;806;1;821;0;818;4;811;1;811;4
7/29/2025;8:11:27 PM;WG REA FORD CA029;811;2;810;1;809;0;808;0;808;0;809;0;809;0;809;1;823;0;820;4;814;1;814;4
7/29/2025;8:12:27 PM;WG REA FORD CA029;814;2;813;1;812;0;811;0;811;0;812;0;811;0;812;1;826;0;823;4;816;1;816;4
7/29/2025;8:13:27 PM;WG REA FORD CA029;817;2;816;1;815;0;814;0;814;0;815;0;814;0;815;1;829;0;826;4;819;1;819;4
7/29/2025;8:14:27 PM;WG REA FORD CA029;820;2;819;1;818;0;817;0;817;0;818;0;817;0;818;1;832;0;829;4;822;1;822;4
7/29/2025;8:15:27 PM;WG REA FORD CA029;823;2;822;1;821;0;820;0;820;0;821;0;820;0;821;1;835;0;832;4;825;1;825;4
7/29/2025;8:16:27 PM;WG REA FORD CA029;826;2;825;1;824;0;823;0;823;0;823;0;823;0;824;1;838;0;835;4;828;1;828;4
7/29/2025;8:17:27 PM;WG REA FORD CA029;828;2;828;1;826;0;826;0;826;0;826;0;826;0;827;1;841;0;838;4;831;1;831;4
7/29/2025;8:18:27 PM;WG REA FORD CA029;831;2;831;1;829;0;829;0;829;0;829;0;829;0;830;1;843;0;841;4;834;1;833;4
7/29/2025;8:19:27 PM;WG REA FORD CA029;834;2;834;1;832;0;832;0;832;0;832;0;832;0;833;1;846;0;843;4;836;1;836;4
7/29/2025;8:20:27 PM;WG REA FORD CA029;837;2;837;1;835;0;835;0;835;0;835;0;835;0;836;1;849;0;846;4;839;1;839;4
7/29/2025;8:21:27 PM;WG REA FORD CA029;840;2;839;1;838;0;838;0;838;0;838;0;838;0;839;1;852;0;849;4;842;1;842;4
7/29/2025;8:22:27 PM;WG REA FORD CA029;843;2;842;1;841;0;841;0;841;0;841;0;841;0;842;1;855;0;852;4;845;1;845;4
7/29/2025;8:23:27 PM;WG REA FORD CA029;846;2;845;1;844;0;844;0;844;0;844;0;844;0;845;1;858;0;855;4;848;1;848;4
7/29/2025;8:24:27 PM;WG REA FORD CA029;849;2;848;1;847;0;847;0;847;0;847;0;847;0;848;1;861;0;858;4;851;1;851;4
7/29/2025;8:25:27 PM;WG REA FORD CA029;852;2;851;1;850;0;849;0;850;0;850;0;850;0;851;1;864;0;861;4;854;1;854;4
7/29/2025;8:26:27 PM;WG REA FORD CA029;855;2;854;1;853;0;852;0;853;0;853;0;853;0;854;1;867;0;864;4;857;1;857;4
7/29/2025;8:27:27 PM;WG REA FORD CA029;858;2;857;1;856;0;855;0;855;0;856;0;856;0;857;1;870;0;867;4;860;1;860;4
7/29/2025;8:28:27 PM;WG REA FORD CA029;861;2;860;1;859;0;858;0;858;0;859;0;859;0;859;1;873;0;870;4;863;1;863;4
7/29/2025;8:29:27 PM;WG REA FORD CA029;864;2;863;1;862;0;861;0;861;0;862;0;862;0;862;1;876;0;873;4;866;1;866;4
7/29/2025;8:30:27 PM;WG REA FORD CA029;867;2;866;1;865;0;864;0;864;0;865;0;865;0;865;1;879;0;876;4;869;1;869;4
7/29/2025;8:31:27 PM;WG REA FORD CA029;870;2;869;1;868;0;867;0;867;0;868;0;867;0;868;1;882;0;879;4;872;1;871;5
7/29/2025;8:32:27 PM;WG REA FORD CA029;873;2;872;1;871;0;870;0;870;0;871;0;870;0;871;1;884;0;882;4;875;1;875;5
7/29/2025;8:33:27 PM;WG REA FORD CA029;876;2;875;1;874;0;873;0;873;0;874;0;873;0;874;1;887;0;885;4;878;1;878;5
7/29/2025;8:34:27 PM;WG REA FORD CA029;879;2;878;1;877;0;876;0;876;0;877;0;876;0;877;1;891;0;887;4;881;1;880;5
7/29/2025;8:35:27 PM;WG REA FORD CA029;882;2;881;1;880;0;879;0;879;0;879;0;879;0;880;1;894;0;890;4;884;1;883;5
7/29/2025;8:36:27 PM;WG REA FORD CA029;884;2;884;1;883;0;882;0;882;0;882;0;882;0;883;1;896;0;893;4;886;1;886;5
7/29/2025;8:37:27 PM;WG REA FORD CA029;887;2;887;1;886;0;885;0;885;0;885;0;885;0;886;1;899;0;896;4;889;1;889;5
7/29/2025;8:38:27 PM;WG REA FORD CA029;890;2;890;1;888;0;888;0;888;0;888;0;888;0;889;1;902;0;899;4;892;1;892;5
7/29/2025;8:39:27 PM;WG REA FORD CA029;893;2;893;1;891;0;891;0;891;0;891;0;891;0;892;1;906;0;902;4;895;1;895;5
7/29/2025;8:40:27 PM;WG REA FORD CA029;896;2;896;1;894;0;894;0;894;0;894;0;894;0;895;1;908;0;905;4;898;1;898;5
7/29/2025;8:41:27 PM;WG REA FORD CA029;899;2;899;1;897;0;897;0;897;0;897;0;897;0;898;1;911;0;908;4;901;1;901;5
7/29/2025;8:42:27 PM;WG REA FORD CA029;902;2;901;1;900;0;900;0;900;0;900;0;900;0;901;1;914;0;911;4;904;1;904;5
7/29/2025;8:43:27 PM;WG REA FORD CA029;905;2;904;1;903;0;903;0;903;0;903;0;903;0;904;1;917;0;914;4;907;1;907;5
7/29/2025;8:44:27 PM;WG REA FORD CA029;908;2;907;1;906;0;906;0;906;0;906;0;906;0;907;1;920;0;917;4;910;1;910;5
7/29/2025;8:45:27 PM;WG REA FORD CA029;911;2;910;1;909;0;908;0;908;0;909;0;909;0;910;1;923;0;920;4;913;1;913;5
7/29/2025;8:46:27 PM;WG REA FORD CA029;913;2;912;1;911;0;911;0;911;0;912;0;911;0;912;1;926;0;923;4;916;1;916;5
7/29/2025;8:47:27 PM;WG REA FORD CA029;916;2;916;1;914;0;914;0;914;0;914;0;914;0;915;1;928;0;926;4;919;1;919;5
7/29/2025;8:48:27 PM;WG REA FORD CA029;918;3;918;1;918;0;917;0;917;0;917;0;917;0;918;1;931;0;928;4;921;1;921;5
7/29/2025;8:49:27 PM;WG REA FORD CA029;922;3;921;1;921;0;920;0;920;0;920;0;920;0;921;1;935;0;931;4;924;1;924;5
7/29/2025;8:50:27 PM;WG REA FORD CA029;925;3;925;1;923;0;923;0;923;0;923;0;923;0;924;1;937;0;934;4;927;1;927;5
7/29/2025;8:51:27 PM;WG REA FORD CA029;928;3;928;1;926;0;926;0;926;0;926;0;926;0;927;1;941;0;937;4;930;1;930;5
7/29/2025;8:52:27 PM;WG REA FORD CA029;931;3;930;1;929;0;929;0;929;0;929;0;929;0;930;1;943;0;940;4;933;1;933;5
7/29/2025;8:53:27 PM;WG REA FORD CA029;934;3;933;1;932;0;932;0;932;0;932;0;932;0;933;1;946;0;943;4;936;1;936;5
7/29/2025;8:54:27 PM;WG REA FORD CA029;937;3;936;1;935;0;935;0;935;0;935;0;935;0;936;1;949;0;946;4;939;1;938;5
7/29/2025;8:55:27 PM;WG REA FORD CA029;940;3;939;1;938;0;938;0;938;0;938;0;938;0;939;1;952;0;949;4;942;1;941;5
7/29/2025;8:56:27 PM;WG REA FORD CA029;943;3;942;1;941;0;940;0;941;0;941;0;941;0;942;1;955;0;952;4;945;1;944;5
7/29/2025;8:57:27 PM;WG REA FORD CA029;946;3;945;1;944;0;943;0;943;0;944;0;944;0;945;1;958;0;955;4;948;1;948;5
7/29/2025;8:58:27 PM;WG REA FORD CA029;949;3;948;1;947;0;946;0;946;0;947;0;947;0;948;1;961;0;958;4;951;1;951;5
7/29/2025;8:59:27 PM;WG REA FORD CA029;952;3;951;1;950;0;949;0;949;0;950;0;950;0;950;1;964;0;961;4;954;1;953;5
7/29/2025;9:00:27 PM;WG REA FORD CA029;955;3;954;1;953;0;952;0;952;0;953;0;953;0;954;1;967;0;964;4;957;1;956;5
7/29/2025;9:01:27 PM;WG REA FORD CA029;958;3;957;1;956;0;955;0;955;0;956;0;956;0;956;1;969;0;967;4;960;1;959;5
7/29/2025;9:02:27 PM;WG REA FORD CA029;961;3;960;1;959;0;958;0;958;0;959;0;959;0;959;1;972;0;969;4;962;1;962;5
7/29/2025;9:03:27 PM;WG REA FORD CA029;964;3;963;1;962;0;961;0;961;0;962;0;962;0;962;1;975;0;972;4;965;1;965;5
7/29/2025;9:04:27 PM;WG REA FORD CA029;967;3;966;1;965;0;964;0;964;0;965;0;964;0;965;1;978;0;975;4;968;1;968;5
7/29/2025;9:05:27 PM;WG REA FORD CA029;970;3;969;1;968;0;967;0;967;0;968;0;967;0;968;1;981;0;978;4;971;1;971;5
7/29/2025;9:06:27 PM;WG REA FORD CA029;973;3;972;1;971;0;970;0;970;0;971;0;970;0;971;1;984;0;981;4;974;1;974;5
7/29/2025;9:07:27 PM;WG REA FORD CA029;976;3;975;1;974;0;973;0;973;0;973;0;973;0;974;1;987;0;984;4;977;1;977;5
7/29/2025;9:08:27 PM;WG REA FORD CA029;978;3;978;1;976;0;976;0;976;0;976;0;976;0;977;1;990;0;987;4;979;2;979;5
7/29/2025;9:09:27 PM;WG REA FORD CA029;981;3;981;1;980;0;979;0;979;0;979;0;979;0;980;1;993;0;990;4;982;2;981;5
7/29/2025;9:10:27 PM;WG REA FORD CA029;984;3;984;1;983;0;982;0;982;0;982;0;982;0;983;1;996;0;993;4;985;2;984;5
7/29/2025;9:11:27 PM;WG REA FORD CA029;987;3;987;1;985;0;985;0;985;0;985;0;985;0;986;1;999;0;996;4;988;2;987;5
7/29/2025;9:12:27 PM;WG REA FORD CA029;990;3;990;1;988;0;988;0;988;0;988;0;988;0;989;1;1002;0;999;4;991;2;990;5
7/29/2025;9:13:27 PM;WG REA FORD CA029;993;3;993;1;991;0;991;0;991;0;991;0;991;0;992;1;1005;0;1002;4;994;2;993;5
7/29/2025;9:14:27 PM;WG REA FORD CA029;995;4;995;1;994;0;994;0;994;0;994;0;994;0;995;1;1008;0;1004;4;997;2;996;5
7/29/2025;9:15:27 PM;WG REA FORD CA029;999;4;998;1;997;0;997;0;997;0;997;0;997;0;998;1;1011;0;1007;4;1000;2;999;5
7/29/2025;9:16:27 PM;WG REA FORD CA029;1002;4;1001;1;1000;0;1000;0;1000;0;1000;0;1000;0;1001;1;1014;0;1010;4;1002;2;1002;5
7/29/2025;9:17:27 PM;WG REA FORD CA029;1005;4;1004;1;1003;0;1003;0;1003;0;1003;0;1003;0;1004;1;1017;0;1013;4;1005;2;1005;5
7/29/2025;9:18:27 PM;WG REA FORD CA029;1006;5;1006;1;1006;0;1006;0;1006;0;1006;0;1006;0;1007;1;1020;0;1016;4;1008;2;1008;5
7/29/2025;9:19:27 PM;WG REA FORD CA029;1010;5;1010;1;1009;0;1008;0;1008;0;1009;0;1009;0;1009;1;1023;0;1019;4;1011;2;1011;5
7/29/2025;9:20:27 PM;WG REA FORD CA029;1013;5;1012;1;1011;0;1011;0;1011;0;1012;0;1011;0;1012;1;1026;0;1022;4;1014;2;1014;5
7/29/2025;9:21:27 PM;WG REA FORD CA029;1016;5;1016;1;1014;0;1014;0;1014;0;1015;0;1014;0;1015;1;1028;0;1025;4;1017;2;1017;5
7/29/2025;9:22:27 PM;WG REA FORD CA029;1019;5;1019;1;1018;0;1017;0;1017;0;1017;0;1017;0;1018;1;1031;0;1028;4;1020;2;1020;5
7/29/2025;9:23:27 PM;WG REA FORD CA029;1022;5;1022;1;1021;0;1020;0;1020;0;1020;0;1020;0;1021;1;1035;0;1031;4;1023;2;1023;5
7/29/2025;9:24:27 PM;WG REA FORD CA029;1025;5;1025;1;1024;0;1023;0;1023;0;1023;0;1023;0;1024;1;1038;0;1034;4;1026;2;1026;5
7/29/2025;9:25:27 PM;WG REA FORD CA029;1028;5;1028;1;1026;0;1026;0;1026;0;1026;0;1026;0;1027;1;1040;0;1037;4;1029;2;1029;5
7/29/2025;9:26:27 PM;WG REA FORD CA029;1031;5;1031;1;1029;0;1029;0;1029;0;1029;0;1029;0;1030;1;1043;0;1040;4;1032;2;1032;5
7/29/2025;9:27:27 PM;WG REA FORD CA029;1034;5;1033;1;1032;0;1032;0;1032;0;1032;0;1032;0;1033;1;1046;0;1043;4;1035;2;1035;5
7/29/2025;9:28:27 PM;WG REA FORD CA029;1037;5;1036;1;1035;0;1035;0;1035;0;1035;0;1035;0;1036;1;1049;0;1046;4;1038;2;1038;5
7/29/2025;9:29:27 PM;WG REA FORD CA029;1040;5;1039;1;1038;0;1038;0;1038;0;1038;0;1038;0;1039;1;1052;0;1049;4;1041;2;1041;5
7/29/2025;9:30:27 PM;WG REA FORD CA029;1043;5;1042;1;1041;0;1040;0;1040;0;1041;0;1041;0;1042;1;1055;0;1052;4;1044;2;1043;5
7/29/2025;9:31:27 PM;WG REA FORD CA029;1046;5;1045;1;1044;0;1044;0;1044;0;1044;0;1044;0;1044;1;1058;0;1055;4;1047;2;1046;5
7/29/2025;9:32:27 PM;WG REA FORD CA029;1049;5;1048;1;1047;0;1046;0;1047;0;1047;0;1047;0;1048;1;1061;0;1058;4;1050;2;1049;5
7/29/2025;9:33:27 PM;WG REA FORD CA029;1052;5;1051;1;1050;0;1049;0;1049;0;1050;0;1050;0;1050;1;1064;0;1061;4;1053;2;1052;5
7/29/2025;9:34:27 PM;WG REA FORD CA029;1055;5;1054;1;1053;0;1052;0;1052;0;1053;0;1053;0;1053;1;1067;0;1064;4;1056;2;1055;5
7/29/2025;9:35:27 PM;WG REA FORD CA029;1058;5;1057;1;1056;0;1055;0;1055;0;1056;0;1055;0;1056;1;1070;0;1066;4;1059;2;1058;5
7/29/2025;9:36:27 PM;WG REA FORD CA029;1061;5;1060;1;1059;0;1058;0;1058;0;1059;0;1058;0;1059;1;1073;0;1069;4;1061;2;1061;5
7/29/2025;9:37:27 PM;WG REA FORD CA029;1064;5;1063;1;1062;0;1061;0;1061;0;1062;0;1061;0;1062;1;1076;0;1072;4;1064;2;1064;5
7/29/2025;9:38:27 PM;WG REA FORD CA029;1067;5;1066;1;1065;0;1064;0;1064;0;1065;0;1064;0;1065;1;1079;0;1075;4;1066;2;1067;5
7/29/2025;9:39:27 PM;WG REA FORD CA029;1070;5;1069;1;1068;0;1067;0;1067;0;1067;0;1067;0;1068;1;1081;0;1078;4;1069;2;1069;5
7/29/2025;9:40:27 PM;WG REA FORD CA029;1073;5;1072;1;1071;0;1070;0;1070;0;1070;0;1070;0;1071;1;1084;0;1081;4;1072;2;1072;5
7/29/2025;9:41:27 PM;WG REA FORD CA029;1075;5;1075;1;1074;0;1073;0;1073;0;1073;0;1073;0;1074;1;1087;0;1084;4;1075;2;1075;6
7/29/2025;9:42:27 PM;WG REA FORD CA029;1078;5;1078;1;1077;0;1076;0;1076;0;1076;0;1076;0;1075;1;1090;0;1087;4;1078;2;1078;6
7/29/2025;9:43:27 PM;WG REA FORD CA029;1081;5;1081;1;1079;0;1079;0;1079;0;1079;0;1079;0;1075;1;1090;0;1090;4;1081;2;1081;6
7/29/2025;9:44:27 PM;WG REA FORD CA029;1084;5;1084;1;1082;0;1082;0;1082;0;1082;0;1082;0;1075;1;1090;0;1091;4;1084;2;1084;6
7/29/2025;9:45:27 PM;WG REA FORD CA029;1087;5;1086;1;1085;0;1085;0;1085;0;1085;0;1085;0;1078;1;1092;0;1091;4;1084;2;1084;6
7/29/2025;9:46:27 PM;WG REA FORD CA029;1090;5;1089;1;1088;0;1088;0;1088;0;1088;0;1088;0;1081;1;1095;0;1092;4;1085;2;1084;6
7/29/2025;9:47:27 PM;WG REA FORD CA029;1093;5;1092;1;1091;0;1091;0;1091;0;1091;0;1091;0;1084;2;1097;0;1095;4;1087;2;1087;6
7/29/2025;9:48:27 PM;WG REA FORD CA029;1095;6;1095;1;1094;0;1094;0;1094;0;1094;0;1094;0;1087;2;1100;0;1097;4;1090;2;1089;6
7/29/2025;9:49:27 PM;WG REA FORD CA029;1099;6;1098;1;1097;0;1097;0;1096;0;1097;0;1097;0;1090;2;1103;0;1100;4;1092;2;1092;6
7/29/2025;9:50:27 PM;WG REA FORD CA029;1102;6;1101;1;1100;0;1099;0;1100;0;1100;0;1100;0;1093;2;1106;0;1103;4;1095;2;1095;6
7/29/2025;9:51:27 PM;WG REA FORD CA029;1105;6;1104;1;1103;0;1102;0;1102;0;1103;0;1103;0;1096;2;1110;0;1106;4;1098;2;1098;6
7/29/2025;9:52:27 PM;WG REA FORD CA029;1108;6;1107;1;1106;0;1105;0;1105;0;1106;0;1106;0;1099;2;1113;0;1109;4;1101;2;1101;6
7/29/2025;9:53:27 PM;WG REA FORD CA029;1111;6;1110;1;1109;0;1108;0;1108;0;1109;0;1109;0;1103;2;1116;0;1112;4;1104;2;1104;6
7/29/2025;9:54:27 PM;WG REA FORD CA029;1114;6;1113;1;1112;0;1111;0;1111;0;1112;0;1112;0;1106;2;1118;0;1115;4;1107;2;1107;6
7/29/2025;9:55:27 PM;WG REA FORD CA029;1117;6;1116;1;1115;0;1114;0;1114;0;1115;0;1114;0;1109;2;1121;0;1118;4;1110;2;1110;6
7/29/2025;9:56:27 PM;WG REA FORD CA029;1120;6;1119;1;1118;0;1117;0;1117;0;1118;0;1117;0;1112;2;1125;0;1121;4;1113;2;1113;6
7/29/2025;9:57:27 PM;WG REA FORD CA029;1123;6;1122;1;1121;0;1120;0;1120;0;1121;0;1120;0;1115;2;1127;0;1124;4;1116;2;1116;6
7/29/2025;9:58:27 PM;WG REA FORD CA029;1125;6;1125;1;1124;0;1123;0;1123;0;1123;0;1123;0;1118;2;1130;0;1127;4;1119;2;1119;6
7/29/2025;9:59:27 PM;WG REA FORD CA029;1128;6;1128;1;1127;0;1126;0;1126;0;1126;0;1126;0;1121;2;1133;0;1130;4;1122;2;1122;6
7/29/2025;10:00:27 PM;WG REA FORD CA029;1131;6;1131;1;1130;0;1129;0;1129;0;1129;0;1129;0;1124;2;1136;0;1133;4;1125;2;1125;6
7/29/2025;10:01:27 PM;WG REA FORD CA029;1134;6;1134;1;1132;0;1132;0;1132;0;1132;0;1132;0;1127;2;1139;0;1136;4;1128;2;1128;6
7/29/2025;10:02:27 PM;WG REA FORD CA029;1137;6;1137;1;1135;0;1135;0;1135;0;1135;0;1135;0;1130;2;1142;0;1139;4;1131;2;1130;7
7/29/2025;10:03:27 PM;WG REA FORD CA029;1140;6;1140;1;1138;0;1138;0;1138;0;1138;0;1138;0;1133;2;1145;0;1142;4;1134;2;1133;7
7/29/2025;10:04:27 PM;WG REA FORD CA029;1143;6;1142;1;1141;0;1141;0;1141;0;1141;0;1141;0;1137;2;1148;0;1145;4;1137;2;1136;7
7/29/2025;10:05:27 PM;WG REA FORD CA029;1146;6;1145;1;1144;0;1144;0;1144;0;1144;0;1144;0;1140;2;1151;0;1148;4;1140;2;1139;7
7/29/2025;10:06:27 PM;WG REA FORD CA029;1149;6;1148;1;1147;0;1147;0;1147;0;1147;0;1147;0;1143;2;1154;0;1151;4;1143;2;1143;7
7/29/2025;10:07:27 PM;WG REA FORD CA029;1152;6;1151;1;1150;0;1150;0;1150;0;1150;0;1150;0;1146;2;1157;0;1154;4;1145;2;1145;7
7/29/2025;10:08:27 PM;WG REA FORD CA029;1155;6;1154;1;1153;0;1152;0;1153;0;1153;0;1153;0;1149;2;1160;0;1156;4;1148;2;1148;7
7/29/2025;10:09:27 PM;WG REA FORD CA029;1158;6;1157;1;1156;0;1156;0;1156;0;1156;0;1156;0;1152;2;1163;0;1159;4;1151;2;1151;7
7/29/2025;10:10:27 PM;WG REA FORD CA029;1161;6;1160;1;1159;0;1158;0;1159;0;1159;0;1159;0;1156;2;1166;0;1162;4;1154;2;1154;7
7/29/2025;10:11:27 PM;WG REA FORD CA029;1162;6;1162;1;1162;0;1161;0;1161;0;1162;0;1162;0;1158;2;1169;0;1165;4;1157;2;1157;7
7/29/2025;10:12:27 PM;WG REA FORD CA029;1162;6;1162;1;1164;0;1164;0;1164;0;1165;0;1165;0;1162;2;1172;0;1168;4;1160;2;1160;7
7/29/2025;10:13:27 PM;WG REA FORD CA029;1162;6;1162;1;1164;0;1166;0;1166;0;1167;0;1166;0;1165;2;1175;0;1171;4;1163;2;1163;7
7/29/2025;10:14:27 PM;WG REA FORD CA029;1163;6;1163;1;1164;0;1166;0;1167;0;1168;0;1167;0;1168;2;1178;0;1174;4;1166;2;1166;7
7/29/2025;10:15:27 PM;WG REA FORD CA029;1165;7;1165;1;1166;0;1167;0;1167;0;1168;0;1168;0;1170;2;1180;0;1177;4;1169;2;1169;7
7/29/2025;10:16:27 PM;WG REA FORD CA029;1166;7;1166;1;1167;0;1169;0;1169;0;1170;0;1169;0;1171;2;1183;0;1180;4;1172;2;1172;7
7/29/2025;10:17:27 PM;WG REA FORD CA029;1170;7;1169;1;1170;0;1171;0;1171;0;1171;0;1171;0;1172;2;1186;0;1183;4;1175;2;1175;7
7/29/2025;10:18:27 PM;WG REA FORD CA029;1173;7;1173;1;1173;0;1173;0;1173;0;1174;0;1173;0;1175;2;1188;0;1186;4;1178;2;1178;7
7/29/2025;10:19:27 PM;WG REA FORD CA029;1177;7;1176;1;1177;0;1176;0;1176;0;1177;0;1176;0;1177;2;1191;0;1188;4;1180;2;1180;7
7/29/2025;10:20:27 PM;WG REA FORD CA029;1180;7;1179;1;1180;0;1179;0;1179;0;1180;0;1180;0;1180;2;1194;0;1191;4;1183;2;1183;7
7/29/2025;10:21:27 PM;WG REA FORD CA029;1184;7;1183;1;1183;0;1182;0;1182;0;1183;0;1183;0;1183;2;1197;0;1194;4;1186;2;1186;7
7/29/2025;10:22:27 PM;WG REA FORD CA029;1187;7;1186;1;1186;0;1185;0;1185;0;1186;0;1186;0;1186;2;1200;0;1197;4;1189;2;1189;7
7/29/2025;10:23:27 PM;WG REA FORD CA029;1190;7;1189;1;1189;0;1188;0;1188;0;1189;0;1189;0;1189;2;1203;0;1200;4;1192;2;1192;7
7/29/2025;10:24:27 PM;WG REA FORD CA029;1194;7;1193;1;1192;0;1191;0;1191;0;1192;0;1192;0;1192;2;1206;0;1203;4;1195;2;1195;7
7/29/2025;10:25:27 PM;WG REA FORD CA029;1197;7;1196;1;1195;0;1194;0;1194;0;1195;0;1194;0;1195;2;1209;0;1206;4;1198;2;1197;7
7/29/2025;10:26:27 PM;WG REA FORD CA029;1200;7;1199;1;1198;0;1197;0;1197;0;1198;0;1197;0;1198;2;1212;0;1209;4;1200;2;1200;7
7/29/2025;10:27:27 PM;WG REA FORD CA029;1202;7;1202;1;1201;0;1200;0;1200;0;1201;0;1200;0;1201;2;1215;0;1212;4;1203;2;1203;7
7/29/2025;10:28:27 PM;WG REA FORD CA029;1206;7;1205;1;1204;0;1203;0;1203;0;1204;0;1203;0;1204;2;1218;0;1215;4;1206;2;1206;7
7/29/2025;10:29:27 PM;WG REA FORD CA029;1208;7;1208;1;1207;0;1206;0;1206;0;1206;0;1206;0;1207;2;1221;0;1217;4;1209;2;1209;7
7/29/2025;10:30:27 PM;WG REA FORD CA029;1212;7;1211;1;1210;0;1209;0;1209;0;1209;0;1209;0;1210;2;1224;0;1220;4;1212;2;1212;7
7/29/2025;10:31:27 PM;WG REA FORD CA029;2;0;2;0;3;0;2;0;2;0;2;0;2;0;2;0;3;0;2;0;2;0;2;0
7/29/2025;10:32:27 PM;WG REA FORD CA029;5;0;5;0;5;0;5;0;5;0;5;0;5;0;5;0;5;0;5;0;5;0;5;0
7/29/2025;10:33:27 PM;WG REA FORD CA029;8;0;7;0;8;0;8;0;8;0;8;0;8;0;8;0;8;0;8;0;8;0;8;0
7/29/2025;10:34:27 PM;WG REA FORD CA029;11;0;11;0;11;0;11;0;11;0;11;0;11;0;11;0;11;0;11;0;11;0;11;0
7/29/2025;10:35:27 PM;WG REA FORD CA029;14;0;13;0;14;0;14;0;14;0;14;0;14;0;14;0;14;0;14;0;14;0;13;0
7/29/2025;10:36:27 PM;WG REA FORD CA029;17;0;16;0;17;0;16;0;17;0;17;0;17;0;17;0;17;0;17;0;16;0;16;0
7/29/2025;10:37:27 PM;WG REA FORD CA029;20;0;19;0;20;0;20;0;20;0;20;0;20;0;19;0;20;0;20;0;19;0;19;0
7/29/2025;10:38:27 PM;WG REA FORD CA029;23;0;22;0;23;0;22;0;23;0;23;0;23;0;22;0;23;0;22;0;22;0;22;0
7/29/2025;10:39:27 PM;WG REA FORD CA029;26;0;25;0;26;0;25;0;26;0;26;0;26;0;26;0;26;0;25;0;25;0;25;0
7/29/2025;10:40:27 PM;WG REA FORD CA029;29;0;28;0;29;0;28;0;28;0;29;0;29;0;28;0;29;0;28;0;28;0;28;0
7/29/2025;10:41:27 PM;WG REA FORD CA029;32;0;31;0;32;0;31;0;31;0;32;0;32;0;31;0;32;0;31;0;31;0;31;0
7/29/2025;10:42:27 PM;WG REA FORD CA029;35;0;34;0;35;0;34;0;34;0;35;0;35;0;34;0;35;0;34;0;34;0;34;0
7/29/2025;10:43:27 PM;WG REA FORD CA029;38;0;37;0;38;0;37;0;37;0;38;0;38;0;37;0;38;0;36;0;37;0;37;0
7/29/2025;10:44:27 PM;WG REA FORD CA029;41;0;40;0;41;0;40;0;40;0;41;0;40;0;40;0;41;0;39;0;40;0;39;0
7/29/2025;10:45:27 PM;WG REA FORD CA029;44;0;43;0;44;0;43;0;43;0;44;0;43;0;43;0;44;0;42;0;42;0;42;0
7/29/2025;10:46:27 PM;WG REA FORD CA029;47;0;46;0;47;0;46;0;46;0;47;0;46;0;46;0;47;0;45;0;45;0;45;0
7/29/2025;10:47:27 PM;WG REA FORD CA029;50;0;49;0;50;0;49;0;49;0;50;0;49;0;49;0;50;0;48;0;48;0;48;0
7/29/2025;10:48:27 PM;WG REA FORD CA029;53;0;52;0;53;0;52;0;52;0;52;0;52;0;52;0;52;0;51;0;51;0;51;0
7/29/2025;10:49:27 PM;WG REA FORD CA029;55;0;55;0;56;0;55;0;55;0;55;0;55;0;55;0;55;0;54;0;54;0;54;0
7/29/2025;10:50:27 PM;WG REA FORD CA029;58;0;58;0;59;0;58;0;58;0;58;0;58;0;58;0;58;0;56;0;56;0;56;0
7/29/2025;10:51:27 PM;WG REA FORD CA029;61;0;61;0;61;0;60;0;61;0;61;0;61;0;61;0;61;0;59;0;59;0;59;0
7/29/2025;10:52:27 PM;WG REA FORD CA029;64;0;63;0;64;0;64;0;64;0;64;0;64;0;63;0;64;0;62;0;62;0;62;0
7/29/2025;10:53:27 PM;WG REA FORD CA029;67;0;66;0;67;0;67;0;67;0;67;0;67;0;67;0;67;0;65;0;65;0;65;0
7/29/2025;10:54:27 PM;WG REA FORD CA029;70;0;69;0;70;0;70;0;70;0;70;0;70;0;70;0;69;0;67;1;68;0;68;0
7/29/2025;10:55:27 PM;WG REA FORD CA029;73;0;72;0;73;0;73;0;73;0;73;0;73;0;72;0;73;0;70;1;71;0;71;0
7/29/2025;10:56:27 PM;WG REA FORD CA029;76;0;75;0;76;0;76;0;76;0;76;0;76;0;76;0;76;0;73;1;74;0;73;0
7/29/2025;10:57:27 PM;WG REA FORD CA029;78;0;77;0;77;0;76;0;77;0;77;0;77;0;79;0;79;0;76;1;76;0;76;0
7/29/2025;10:58:27 PM;WG REA FORD CA029;78;0;77;0;77;0;76;0;77;0;77;0;77;0;79;0;81;0;79;1;79;0;79;0
7/29/2025;10:59:27 PM;WG REA FORD CA029;78;0;77;0;78;0;78;0;78;0;78;0;78;0;79;0;81;0;82;1;82;0;82;0
7/29/2025;11:00:27 PM;WG REA FORD CA029;81;0;80;0;81;0;81;0;81;0;81;0;81;0;81;0;82;0;83;1;85;0;85;0
7/29/2025;11:01:27 PM;WG REA FORD CA029;84;0;84;0;84;0;84;0;84;0;84;0;84;0;84;0;82;0;83;1;85;0;85;0
7/29/2025;11:02:27 PM;WG REA FORD CA029;87;0;87;0;87;0;87;0;87;0;87;0;87;0;87;0;82;0;84;1;86;0;86;0
7/29/2025;11:03:27 PM;WG REA FORD CA029;90;0;89;0;90;0;90;0;90;0;90;0;90;0;90;0;82;0;84;1;86;0;86;0
7/29/2025;11:04:27 PM;WG REA FORD CA029;93;0;92;0;93;0;93;0;93;0;93;0;93;0;93;0;84;0;84;1;86;0;86;0
7/29/2025;11:05:27 PM;WG REA FORD CA029;96;0;95;0;96;0;95;0;95;0;96;0;96;0;96;0;87;0;86;1;87;0;87;0
7/29/2025;11:06:27 PM;WG REA FORD CA029;99;0;98;0;99;0;99;0;99;0;99;0;99;0;99;0;90;0;88;1;89;0;89;0
7/29/2025;11:07:27 PM;WG REA FORD CA029;102;0;101;0;102;0;101;0;102;0;102;0;102;0;102;0;93;0;91;1;92;0;92;0
7/29/2025;11:08:27 PM;WG REA FORD CA029;105;0;104;0;105;0;105;0;105;0;105;0;105;0;104;0;97;0;94;1;95;0;95;0
7/29/2025;11:09:27 PM;WG REA FORD CA029;108;0;107;0;108;0;108;0;107;0;108;0;108;0;108;0;100;0;97;1;98;0;98;0
7/29/2025;11:10:27 PM;WG REA FORD CA029;111;0;110;0;111;0;110;0;111;0;111;0;111;0;110;0;103;0;100;1;101;0;100;0
7/29/2025;11:11:27 PM;WG REA FORD CA029;114;0;113;0;114;0;113;0;113;0;114;0;114;0;113;0;105;0;102;1;103;0;102;0
7/29/2025;11:12:27 PM;WG REA FORD CA029;117;0;116;0;117;0;116;0;116;0;117;0;117;0;116;0;108;0;105;1;106;0;105;0
7/29/2025;11:13:27 PM;WG REA FORD CA029;120;0;119;0;120;0;119;0;119;0;120;0;120;0;119;0;111;0;108;1;108;0;107;0
7/29/2025;11:14:27 PM;WG REA FORD CA029;123;0;122;0;123;0;122;0;122;0;123;0;123;0;122;0;113;0;111;1;111;0;110;0
7/29/2025;11:15:27 PM;WG REA FORD CA029;126;0;125;0;126;0;125;0;125;0;126;0;125;0;125;0;116;0;113;1;114;0;113;0
7/29/2025;11:16:27 PM;WG REA FORD CA029;129;0;128;0;129;0;128;0;128;0;129;0;128;0;128;0;119;0;116;1;117;0;116;0
7/29/2025;11:17:27 PM;WG REA FORD CA029;132;0;131;0;132;0;131;0;131;0;132;0;131;0;131;0;122;0;119;1;119;0;119;0
7/29/2025;11:18:27 PM;WG REA FORD CA029;134;0;134;0;135;0;134;0;134;0;135;0;134;0;134;0;125;0;122;1;122;0;122;0
7/29/2025;11:19:27 PM;WG REA FORD CA029;138;0;137;0;138;0;137;0;137;0;137;0;137;0;137;0;128;0;125;1;125;0;125;0
7/29/2025;11:20:27 PM;WG REA FORD CA029;140;0;140;0;141;0;140;0;140;0;140;0;140;0;140;0;129;0;128;1;128;0;128;0
7/29/2025;11:21:27 PM;WG REA FORD CA029;143;0;143;0;143;0;143;0;143;0;143;0;143;0;143;0;131;0;129;1;130;0;130;0
7/29/2025;11:22:27 PM;WG REA FORD CA029;146;0;146;0;146;0;146;0;146;0;146;0;146;0;146;0;134;0;132;1;133;0;133;0
7/29/2025;11:23:27 PM;WG REA FORD CA029;149;0;149;0;149;0;149;0;149;0;149;0;149;0;149;0;137;0;135;1;136;0;136;0
7/29/2025;11:24:27 PM;WG REA FORD CA029;152;0;152;0;152;0;152;0;152;0;152;0;152;0;152;0;140;0;138;1;138;0;138;0
7/29/2025;11:25:27 PM;WG REA FORD CA029;155;0;154;0;155;0;155;0;155;0;155;0;155;0;155;0;143;0;141;1;141;0;141;0
7/29/2025;11:26:27 PM;WG REA FORD CA029;158;0;157;0;158;0;158;0;158;0;158;0;158;0;158;0;146;0;144;1;144;0;144;0
7/29/2025;11:27:27 PM;WG REA FORD CA029;161;0;160;0;161;0;160;0;160;0;161;0;161;0;161;0;149;0;147;1;147;0;147;0
7/29/2025;11:28:27 PM;WG REA FORD CA029;164;0;163;0;164;0;164;0;164;0;164;0;164;0;164;0;152;0;150;1;150;0;150;0
7/29/2025;11:29:27 PM;WG REA FORD CA029;167;0;166;0;167;0;167;0;167;0;167;0;167;0;167;0;155;0;152;1;152;0;152;0
7/29/2025;11:30:27 PM;WG REA FORD CA029;170;0;169;0;170;0;170;0;170;0;170;0;170;0;170;0;158;0;155;1;155;0;155;0
7/29/2025;11:31:27 PM;WG REA FORD CA029;173;0;172;0;173;0;173;0;172;0;173;0;173;0;173;0;161;0;158;1;158;0;158;0
7/29/2025;11:32:27 PM;WG REA FORD CA029;176;0;175;0;176;0;175;0;175;0;176;0;176;0;176;0;163;0;161;1;161;0;161;0
7/29/2025;11:33:27 PM;WG REA FORD CA029;179;0;178;0;179;0;178;0;178;0;179;0;179;0;178;0;166;0;163;1;163;0;164;0
7/29/2025;11:34:27 PM;WG REA FORD CA029;182;0;181;0;182;0;181;0;181;0;182;0;182;0;182;0;169;0;166;1;166;0;166;0
7/29/2025;11:35:27 PM;WG REA FORD CA029;184;0;184;0;185;0;184;0;184;0;185;0;185;0;184;0;172;0;169;1;169;0;169;0
7/29/2025;11:36:27 PM;WG REA FORD CA029;187;0;187;0;188;0;187;0;187;0;188;0;188;0;187;0;174;0;172;1;172;0;172;0
7/29/2025;11:37:27 PM;WG REA FORD CA029;190;0;189;0;191;0;190;0;190;0;191;0;191;0;191;0;177;0;174;1;174;0;175;0
7/29/2025;11:38:27 PM;WG REA FORD CA029;193;0;192;0;193;0;193;0;193;0;194;0;193;0;194;0;180;0;177;1;177;0;177;0
7/29/2025;11:39:27 PM;WG REA FORD CA029;196;0;195;0;197;0;196;0;196;0;197;0;196;0;194;0;183;0;180;1;180;0;180;0
7/29/2025;11:40:27 PM;WG REA FORD CA029;198;0;197;0;200;0;199;0;199;0;200;0;199;0;196;0;185;0;183;1;183;0;183;0
7/29/2025;11:41:27 PM;WG REA FORD CA029;201;0;200;0;203;0;202;0;202;0;202;0;202;0;198;0;188;0;186;1;186;0;186;0
7/29/2025;11:42:27 PM;WG REA FORD CA029;204;0;203;0;206;0;205;0;205;0;205;0;205;0;202;0;191;0;188;1;188;0;188;0
7/29/2025;11:43:27 PM;WG REA FORD CA029;207;0;206;0;209;0;208;0;208;0;208;0;208;0;205;0;194;0;191;1;191;0;191;0
7/29/2025;11:44:27 PM;WG REA FORD CA029;209;0;209;0;211;0;211;0;211;0;211;0;211;0;208;0;196;0;194;1;194;0;194;0
7/29/2025;11:45:27 PM;WG REA FORD CA029;212;0;211;0;214;0;214;0;214;0;214;0;214;0;211;0;199;0;197;1;197;0;197;0
7/29/2025;11:46:27 PM;WG REA FORD CA029;215;0;214;0;217;0;217;0;217;0;217;0;217;0;214;0;202;0;199;1;199;0;199;0
7/29/2025;11:47:27 PM;WG REA FORD CA029;218;0;217;0;220;0;220;0;220;0;220;0;220;0;217;0;205;0;202;2;202;0;202;0
7/29/2025;11:48:27 PM;WG REA FORD CA029;220;0;220;0;222;0;223;0;223;0;223;0;223;0;221;0;208;0;204;2;205;0;205;0
7/29/2025;11:49:27 PM;WG REA FORD CA029;223;0;222;0;225;0;225;0;226;0;226;0;226;0;224;0;211;0;207;2;208;0;208;0
7/29/2025;11:50:27 PM;WG REA FORD CA029;226;0;226;0;228;0;229;0;229;0;229;0;229;0;227;0;214;0;210;2;210;0;210;0
7/29/2025;11:51:27 PM;WG REA FORD CA029;229;0;228;0;231;0;232;0;232;0;232;0;232;0;230;0;217;0;213;2;213;0;213;0
7/29/2025;11:52:27 PM;WG REA FORD CA029;232;0;231;0;234;0;235;0;235;0;235;0;235;0;233;0;219;0;216;2;216;0;216;0
7/29/2025;11:53:27 PM;WG REA FORD CA029;235;0;234;0;237;0;236;0;237;0;237;0;237;0;236;0;222;0;219;2;218;0;219;0
7/29/2025;11:54:27 PM;WG REA FORD CA029;238;0;237;0;237;0;236;0;237;0;237;0;237;0;239;0;225;0;221;2;221;0;221;0
7/29/2025;11:55:27 PM;WG REA FORD CA029;240;0;239;0;240;0;239;0;239;0;240;0;239;0;240;0;228;0;224;2;224;0;224;0
7/29/2025;11:56:27 PM;WG REA FORD CA029;243;0;242;0;243;0;242;0;242;0;243;0;243;0;242;0;230;0;227;2;227;0;227;0
7/29/2025;11:57:27 PM;WG REA FORD CA029;246;0;245;0;246;0;245;0;245;0;246;0;246;0;245;0;233;0;229;2;229;0;230;0
7/29/2025;11:58:27 PM;WG REA FORD CA029;249;0;248;0;249;0;248;0;248;0;249;0;249;0;248;0;236;0;232;2;232;0;232;0
7/29/2025;11:59:27 PM;WG REA FORD CA029;252;0;251;0;252;0;251;0;251;0;252;0;252;0;251;0;238;0;235;2;235;0;235;0
7/30/2025;12:00:27 AM;WG REA FORD CA029;254;0;253;0;255;0;254;0;254;0;255;0;254;0;254;0;241;0;238;2;238;0;238;0
7/30/2025;12:01:27 AM;WG REA FORD CA029;257;0;256;0;258;0;257;0;257;0;258;0;257;0;257;0;244;0;240;2;240;0;240;0
7/30/2025;12:02:27 AM;WG REA FORD CA029;260;0;259;0;261;0;260;0;260;0;261;0;260;0;260;0;247;0;243;2;242;1;242;0
7/30/2025;12:03:27 AM;WG REA FORD CA029;262;0;262;0;263;1;263;0;263;0;263;0;263;0;263;0;249;0;246;2;245;1;245;0
7/30/2025;12:04:27 AM;WG REA FORD CA029;265;0;264;0;263;1;265;0;265;0;266;0;265;0;266;0;252;0;249;2;248;1;248;0
7/30/2025;12:05:27 AM;WG REA FORD CA029;265;0;264;0;263;1;265;0;265;0;266;0;265;0;267;0;255;0;251;2;250;1;250;0
7/30/2025;12:06:27 AM;WG REA FORD CA029;265;0;264;0;265;1;266;0;266;0;267;0;266;0;267;0;258;0;254;2;253;1;253;0
7/30/2025;12:07:27 AM;WG REA FORD CA029;268;0;267;0;268;1;269;0;269;0;269;0;269;0;269;0;260;0;257;2;256;1;256;0
7/30/2025;12:08:27 AM;WG REA FORD CA029;272;0;271;0;271;1;272;0;272;0;272;0;272;0;272;0;263;0;259;2;258;1;259;0
7/30/2025;12:09:27 AM;WG REA FORD CA029;275;0;274;0;275;1;275;0;275;0;275;0;275;0;275;0;266;0;262;2;261;1;261;0
7/30/2025;12:10:27 AM;WG REA FORD CA029;278;0;278;0;278;1;278;0;278;0;278;0;278;0;278;0;269;0;265;2;264;1;264;0
7/30/2025;12:11:27 AM;WG REA FORD CA029;281;0;281;0;280;1;281;0;281;0;281;0;281;0;281;0;271;0;268;2;267;1;267;0
7/30/2025;12:12:27 AM;WG REA FORD CA029;284;0;284;0;283;1;284;0;284;0;284;0;284;0;284;0;273;0;270;2;269;1;269;0
7/30/2025;12:13:27 AM;WG REA FORD CA029;287;0;287;0;286;1;287;0;287;0;287;0;287;0;287;0;276;0;273;2;272;1;272;0
7/30/2025;12:14:27 AM;WG REA FORD CA029;290;0;289;0;289;1;290;0;290;0;290;0;290;0;290;0;279;0;275;2;275;1;275;0
7/30/2025;12:15:27 AM;WG REA FORD CA029;293;0;292;0;292;1;292;0;293;0;293;0;293;0;293;0;282;0;277;2;277;1;277;0
7/30/2025;12:16:27 AM;WG REA FORD CA029;296;0;295;0;295;1;296;0;296;0;296;0;296;0;296;0;285;0;280;2;280;1;280;0
7/30/2025;12:17:27 AM;WG REA FORD CA029;299;0;298;0;298;1;298;0;299;0;299;0;299;0;299;0;287;0;283;2;283;1;283;0
7/30/2025;12:18:27 AM;WG REA FORD CA029;302;0;301;0;301;1;301;0;301;0;301;0;301;0;301;0;290;0;285;2;285;1;286;0
7/30/2025;12:19:27 AM;WG REA FORD CA029;305;0;304;0;304;1;304;0;304;0;304;0;304;0;304;0;293;0;288;2;288;1;288;0
7/30/2025;12:20:27 AM;WG REA FORD CA029;308;0;308;0;307;1;307;0;307;0;307;0;307;0;307;0;295;0;291;2;291;1;291;0
7/30/2025;12:21:27 AM;WG REA FORD CA029;311;0;311;0;310;1;310;0;310;0;310;0;310;0;310;0;298;0;293;2;294;1;294;0
7/30/2025;12:22:27 AM;WG REA FORD CA029;314;0;314;0;313;1;313;0;313;0;313;0;313;0;313;0;301;0;296;2;296;1;296;0
7/30/2025;12:23:27 AM;WG REA FORD CA029;317;0;316;0;316;1;316;0;316;0;316;0;316;0;316;0;303;0;299;2;299;1;299;0
7/30/2025;12:24:27 AM;WG REA FORD CA029;320;0;319;0;319;1;319;0;319;0;319;0;319;0;319;0;306;0;301;2;301;1;302;0
7/30/2025;12:25:27 AM;WG REA FORD CA029;323;0;322;0;322;1;322;0;322;0;322;0;322;0;322;0;309;0;304;2;304;1;304;0
7/30/2025;12:26:27 AM;WG REA FORD CA029;325;0;325;0;325;1;324;0;324;0;325;0;325;0;325;0;311;0;307;2;307;1;307;0
7/30/2025;12:27:27 AM;WG REA FORD CA029;328;0;327;0;328;1;327;0;328;0;328;0;328;0;327;0;314;0;309;2;309;1;309;0
7/30/2025;12:28:27 AM;WG REA FORD CA029;331;0;330;0;331;1;330;0;330;0;331;0;331;0;331;0;317;0;312;2;312;1;312;0
7/30/2025;12:29:27 AM;WG REA FORD CA029;333;0;333;0;334;1;333;0;333;0;334;0;334;0;334;0;319;0;315;2;315;1;315;0
7/30/2025;12:30:27 AM;WG REA FORD CA029;336;0;335;0;337;1;336;0;336;0;337;0;337;0;337;0;322;0;317;2;317;1;318;0
7/30/2025;12:31:27 AM;WG REA FORD CA029;339;0;338;0;340;1;339;0;339;0;340;0;340;0;339;0;325;0;320;2;320;1;320;0
7/30/2025;12:32:27 AM;WG REA FORD CA029;341;0;341;0;343;1;342;0;342;0;343;0;343;0;342;0;327;0;322;2;322;1;323;0
7/30/2025;12:33:27 AM;WG REA FORD CA029;344;0;343;0;345;1;345;0;345;0;346;0;346;0;345;0;330;0;325;2;325;1;325;0
7/30/2025;12:34:27 AM;WG REA FORD CA029;347;0;346;0;348;1;348;0;348;0;349;0;348;0;348;0;332;0;328;2;328;1;328;0
7/30/2025;12:35:27 AM;WG REA FORD CA029;349;0;348;0;350;1;351;0;351;0;352;0;351;0;351;0;335;0;331;2;330;1;331;0
7/30/2025;12:36:27 AM;WG REA FORD CA029;352;0;351;0;353;1;354;0;354;0;355;0;354;0;354;0;338;0;333;2;333;1;333;0
7/30/2025;12:37:27 AM;WG REA FORD CA029;355;0;354;0;356;1;356;0;357;0;357;0;357;0;357;0;340;0;336;2;336;1;336;0
7/30/2025;12:38:27 AM;WG REA FORD CA029;357;0;356;0;358;1;359;0;359;0;360;0;359;0;359;0;343;0;338;2;338;1;338;0
7/30/2025;12:39:27 AM;WG REA FORD CA029;360;0;359;0;361;1;362;0;362;0;363;0;362;0;362;0;346;0;341;2;341;1;341;0
7/30/2025;12:40:27 AM;WG REA FORD CA029;362;0;362;0;363;1;364;0;364;0;365;0;365;0;362;0;348;0;344;2;344;1;344;0
7/30/2025;12:41:27 AM;WG REA FORD CA029;365;0;364;0;366;1;367;0;367;0;368;0;367;0;365;0;351;0;346;2;346;1;346;0
7/30/2025;12:42:27 AM;WG REA FORD CA029;368;0;367;0;369;1;370;0;370;0;370;0;370;0;368;0;354;0;349;2;349;1;349;0
7/30/2025;12:43:27 AM;WG REA FORD CA029;370;0;370;0;371;1;372;0;372;0;373;0;373;0;371;0;356;0;351;2;352;1;352;0
7/30/2025;12:44:27 AM;WG REA FORD CA029;373;0;372;0;374;1;375;0;375;0;376;0;375;0;374;0;359;0;354;2;354;1;354;0
7/30/2025;12:45:27 AM;WG REA FORD CA029;376;0;375;0;377;1;378;0;378;0;378;0;378;0;377;0;362;0;357;2;357;1;357;0
7/30/2025;12:46:27 AM;WG REA FORD CA029;378;0;377;0;379;1;380;0;380;0;381;0;380;0;380;0;364;0;359;2;360;1;360;0
7/30/2025;12:47:27 AM;WG REA FORD CA029;381;0;380;0;382;1;383;0;383;0;384;0;383;0;383;0;367;0;362;2;362;1;362;0
7/30/2025;12:48:27 AM;WG REA FORD CA029;383;0;383;0;385;1;385;0;386;0;386;0;386;0;386;0;369;0;365;2;365;1;365;0
7/30/2025;12:49:27 AM;WG REA FORD CA029;386;0;385;0;387;1;388;0;388;0;389;0;388;0;388;0;372;0;367;2;367;1;367;0
7/30/2025;12:50:27 AM;WG REA FORD CA029;389;0;388;0;390;1;390;0;390;0;391;0;391;0;391;0;375;0;370;2;370;1;370;0
7/30/2025;12:51:27 AM;WG REA FORD CA029;391;0;391;0;393;1;393;0;393;0;394;0;394;0;393;0;377;0;373;2;373;1;373;0
7/30/2025;12:52:27 AM;WG REA FORD CA029;394;0;393;0;395;1;396;0;396;0;397;0;396;0;396;0;380;0;375;2;375;1;375;0
7/30/2025;12:53:27 AM;WG REA FORD CA029;397;0;396;0;398;1;398;0;399;0;399;0;399;0;399;0;383;0;378;2;378;1;378;0
7/30/2025;12:54:27 AM;WG REA FORD CA029;399;0;398;0;400;1;401;0;401;0;402;0;402;0;402;0;385;0;380;2;380;1;380;0
7/30/2025;12:55:27 AM;WG REA FORD CA029;402;0;401;0;403;1;404;0;404;0;405;0;404;0;404;0;388;0;383;2;383;1;383;0
7/30/2025;12:56:27 AM;WG REA FORD CA029;404;0;404;0;405;1;406;0;406;0;407;0;406;0;407;0;390;0;385;2;385;1;386;0
7/30/2025;12:57:27 AM;WG REA FORD CA029;407;0;406;0;408;1;409;0;409;0;410;0;409;0;409;0;393;0;388;2;388;1;388;0
7/30/2025;12:58:27 AM;WG REA FORD CA029;409;0;409;0;411;1;412;0;412;0;412;0;412;0;412;0;395;0;391;2;391;1;391;0
7/30/2025;12:59:27 AM;WG REA FORD CA029;412;0;411;0;413;1;414;0;414;0;415;0;414;0;414;0;398;0;393;2;393;1;393;0
7/30/2025;1:00:27 AM;WG REA FORD CA029;415;0;414;0;416;1;417;0;417;0;417;0;417;0;417;0;400;0;396;2;396;1;396;0
7/30/2025;1:01:27 AM;WG REA FORD CA029;417;0;416;0;418;1;419;0;419;0;420;0;419;0;419;0;402;0;397;2;397;1;397;0
7/30/2025;1:02:27 AM;WG REA FORD CA029;419;0;418;0;420;1;422;0;422;0;423;0;422;0;419;0;402;0;397;2;397;1;397;0
7/30/2025;1:03:27 AM;WG REA FORD CA029;419;0;418;0;420;1;422;0;422;0;423;0;422;0;419;0;402;0;397;2;397;1;397;0
7/30/2025;1:04:27 AM;WG REA FORD CA029;419;0;418;0;420;1;422;0;423;0;424;0;423;0;420;0;404;0;399;2;399;1;399;0
7/30/2025;1:05:27 AM;WG REA FORD CA029;421;0;420;0;422;1;423;0;423;0;425;0;424;0;423;0;407;0;402;2;402;1;402;0
7/30/2025;1:06:27 AM;WG REA FORD CA029;423;0;422;0;424;1;425;0;424;0;425;0;425;0;427;0;409;0;405;2;405;1;405;0
7/30/2025;1:07:27 AM;WG REA FORD CA029;425;0;424;0;426;1;426;0;426;0;427;0;427;0;428;0;412;0;407;2;406;2;407;0
7/30/2025;1:08:27 AM;WG REA FORD CA029;427;1;426;0;428;1;429;0;430;0;430;0;430;0;429;0;414;0;410;2;409;2;409;0
7/30/2025;1:09:27 AM;WG REA FORD CA029;430;1;430;0;432;1;432;0;432;0;433;0;432;0;432;0;417;0;412;2;411;2;411;0
7/30/2025;1:10:27 AM;WG REA FORD CA029;434;1;433;0;435;1;435;0;435;0;436;0;435;0;435;0;420;0;415;2;414;2;414;0
7/30/2025;1:11:27 AM;WG REA FORD CA029;436;1;435;0;437;1;438;0;438;0;439;0;438;0;438;0;422;0;417;2;416;2;417;0
7/30/2025;1:12:27 AM;WG REA FORD CA029;439;1;438;0;440;1;441;0;441;0;442;0;441;0;441;0;425;0;420;2;419;2;419;0
7/30/2025;1:13:27 AM;WG REA FORD CA029;442;1;441;0;443;1;444;0;444;0;444;0;444;0;443;1;427;0;423;2;421;2;422;0
7/30/2025;1:14:27 AM;WG REA FORD CA029;444;1;443;0;445;1;446;0;446;0;447;0;446;0;446;1;430;0;425;2;424;2;424;0
7/30/2025;1:15:27 AM;WG REA FORD CA029;447;1;446;0;448;1;449;0;449;0;449;0;449;0;449;1;432;0;428;2;427;2;427;0
7/30/2025;1:16:27 AM;WG REA FORD CA029;449;1;448;0;450;1;451;0;451;0;452;0;452;0;452;1;435;0;430;2;429;2;429;0
7/30/2025;1:17:27 AM;WG REA FORD CA029;452;1;451;0;453;1;454;0;454;0;455;0;454;0;454;1;437;0;433;2;432;2;432;0
7/30/2025;1:18:27 AM;WG REA FORD CA029;454;1;453;0;455;1;456;0;456;0;457;0;456;0;457;1;439;0;435;2;433;3;433;0
7/30/2025;1:19:27 AM;WG REA FORD CA029;457;1;456;0;458;1;459;0;459;0;460;0;459;0;457;1;439;0;435;2;433;3;433;0
7/30/2025;1:20:27 AM;WG REA FORD CA029;458;1;457;0;459;1;461;0;460;0;462;0;461;0;457;1;439;0;435;2;433;3;433;0
7/30/2025;1:21:27 AM;WG REA FORD CA029;458;1;457;0;459;1;461;0;460;0;462;0;462;0;457;1;439;0;435;2;433;3;433;0
7/30/2025;1:22:27 AM;WG REA FORD CA029;458;1;457;0;459;1;461;0;460;0;462;0;462;0;457;1;439;0;435;2;433;3;433;0
7/30/2025;1:23:27 AM;WG REA FORD CA029;458;1;457;0;459;1;461;0;460;0;462;0;462;0;458;1;441;0;436;2;433;3;433;0
7/30/2025;1:24:27 AM;WG REA FORD CA029;458;1;457;0;459;1;461;0;460;0;462;0;462;0;460;1;444;0;439;2;435;3;434;0
7/30/2025;1:25:27 AM;WG REA FORD CA029;460;1;459;0;461;1;461;0;460;0;462;0;462;0;463;1;446;0;442;2;438;3;437;0
7/30/2025;1:26:27 AM;WG REA FORD CA029;463;1;462;0;462;1;461;0;460;0;462;0;462;0;465;1;449;0;445;2;441;3;440;0
7/30/2025;1:27:27 AM;WG REA FORD CA029;465;1;464;0;464;1;464;0;464;0;464;0;464;0;465;1;452;0;448;2;444;3;443;0
7/30/2025;1:28:27 AM;WG REA FORD CA029;468;1;467;0;467;1;467;0;467;0;467;0;467;0;467;1;455;0;451;2;447;3;446;0
7/30/2025;1:29:27 AM;WG REA FORD CA029;471;1;471;0;470;1;470;0;470;0;470;0;470;0;470;1;458;0;454;2;450;3;449;0
7/30/2025;1:30:27 AM;WG REA FORD CA029;474;1;474;0;473;1;473;0;473;0;473;0;473;0;473;1;461;0;457;2;453;3;452;0
7/30/2025;1:31:27 AM;WG REA FORD CA029;477;1;476;0;476;1;475;0;476;0;476;0;476;0;476;1;464;0;460;2;456;3;455;0
7/30/2025;1:32:27 AM;WG REA FORD CA029;480;1;479;0;479;1;479;0;479;0;479;0;479;0;479;1;467;0;463;2;459;3;458;0
7/30/2025;1:33:27 AM;WG REA FORD CA029;483;1;482;0;482;1;482;0;482;0;482;0;482;0;482;1;470;0;466;2;462;3;461;0
7/30/2025;1:34:27 AM;WG REA FORD CA029;486;1;485;0;485;1;485;0;485;0;485;0;485;0;485;1;473;0;469;2;465;3;464;0
7/30/2025;1:35:27 AM;WG REA FORD CA029;489;1;487;0;488;1;488;0;488;0;488;0;488;0;488;1;476;0;471;2;468;3;467;0
7/30/2025;1:36:27 AM;WG REA FORD CA029;489;1;487;0;488;1;488;0;488;0;488;0;488;0;489;1;479;0;474;2;471;3;470;0
7/30/2025;1:37:27 AM;WG REA FORD CA029;489;1;487;0;488;1;488;0;488;0;488;0;488;0;489;1;482;0;477;2;474;3;473;0
7/30/2025;1:38:27 AM;WG REA FORD CA029;489;1;487;0;490;1;489;0;489;0;490;0;490;0;489;1;485;0;480;2;477;3;476;0
7/30/2025;1:39:27 AM;WG REA FORD CA029;489;1;487;0;490;1;491;0;491;1;492;0;492;0;492;1;488;0;483;2;480;3;478;0
7/30/2025;1:40:27 AM;WG REA FORD CA029;489;1;487;0;490;1;492;0;491;1;493;0;492;0;494;1;491;0;486;2;483;3;481;0
7/30/2025;1:41:27 AM;WG REA FORD CA029;489;1;487;0;490;1;492;0;491;2;493;0;493;0;495;1;494;0;489;2;486;3;484;0
7/30/2025;1:42:27 AM;WG REA FORD CA029;489;1;487;0;490;1;492;0;491;2;493;0;493;0;495;1;496;0;492;2;489;3;487;0
7/30/2025;1:43:27 AM;WG REA FORD CA029;489;1;487;0;490;1;492;0;491;2;493;0;493;0;495;1;497;0;495;2;492;3;490;0
7/30/2025;1:44:27 AM;WG REA FORD CA029;489;1;487;0;490;1;492;0;491;2;493;0;493;0;496;1;498;0;497;2;495;3;493;0
7/30/2025;1:45:27 AM;WG REA FORD CA029;489;1;487;0;490;1;492;0;491;2;493;0;493;0;496;1;498;0;498;2;496;3;494;0
7/30/2025;1:46:27 AM;WG REA FORD CA029;489;1;487;0;490;1;492;0;491;2;493;0;493;0;496;1;498;0;498;2;496;3;495;0
7/30/2025;1:47:27 AM;WG REA FORD CA029;489;1;487;0;490;1;492;0;491;2;493;0;493;0;496;1;498;0;498;2;496;3;495;0
7/30/2025;1:48:27 AM;WG REA FORD CA029;492;1;489;1;491;1;492;0;491;2;493;0;493;0;496;1;498;0;498;2;496;3;495;0
7/30/2025;1:49:27 AM;WG REA FORD CA029;496;1;493;1;495;1;495;0;493;2;494;0;493;0;496;1;498;0;498;2;496;3;495;0
7/30/2025;1:50:27 AM;WG REA FORD CA029;499;1;496;1;498;1;498;0;496;2;496;0;496;0;496;1;498;0;498;2;496;3;495;0
7/30/2025;1:51:27 AM;WG REA FORD CA029;502;1;500;1;501;1;501;0;499;2;499;0;499;0;499;1;500;0;498;2;496;3;495;0
7/30/2025;1:52:27 AM;WG REA FORD CA029;506;1;503;1;504;1;504;0;502;2;502;0;502;0;502;1;502;0;499;2;497;3;495;0
7/30/2025;1:53:27 AM;WG REA FORD CA029;509;1;507;1;507;1;507;0;505;2;505;0;505;0;505;1;505;0;501;2;499;3;497;0
7/30/2025;1:54:27 AM;WG REA FORD CA029;513;1;510;1;510;1;510;0;508;2;508;0;508;0;508;1;509;0;504;2;502;3;500;0
7/30/2025;1:55:27 AM;WG REA FORD CA029;515;2;513;1;513;1;513;0;511;2;511;0;511;0;511;1;511;0;507;2;505;3;503;0
7/30/2025;1:56:27 AM;WG REA FORD CA029;519;2;516;1;516;1;516;0;514;2;514;0;514;0;514;1;514;0;510;2;507;3;506;0
7/30/2025;1:57:27 AM;WG REA FORD CA029;522;2;519;1;519;1;519;0;517;2;517;0;517;0;517;1;517;0;513;2;510;3;509;0
7/30/2025;1:58:27 AM;WG REA FORD CA029;523;2;520;1;521;1;522;0;520;2;520;0;520;0;520;1;520;0;516;2;513;3;512;0
7/30/2025;1:59:27 AM;WG REA FORD CA029;526;2;523;1;523;1;525;0;523;2;523;0;523;0;523;1;523;0;519;2;516;3;515;0
7/30/2025;2:00:27 AM;WG REA FORD CA029;529;2;526;1;526;1;527;0;524;2;526;0;526;0;526;1;526;0;522;2;519;3;518;0
7/30/2025;2:01:27 AM;WG REA FORD CA029;530;2;527;1;526;1;527;0;525;2;526;0;526;0;529;1;529;0;525;2;522;3;521;0
7/30/2025;2:02:27 AM;WG REA FORD CA029;532;2;529;1;529;1;530;0;528;2;529;0;528;0;529;1;531;0;528;2;525;3;524;0
7/30/2025;2:03:27 AM;WG REA FORD CA029;534;2;532;1;532;1;533;0;531;2;532;0;532;0;531;1;533;0;531;2;528;3;527;0
7/30/2025;2:04:27 AM;WG REA FORD CA029;538;2;535;1;535;1;536;0;534;2;535;0;535;0;534;1;536;0;532;2;529;3;528;0
7/30/2025;2:05:27 AM;WG REA FORD CA029;541;2;538;1;538;1;539;0;537;2;538;0;537;0;537;1;539;0;535;2;532;3;531;0
7/30/2025;2:06:27 AM;WG REA FORD CA029;544;2;541;1;541;1;542;0;540;2;541;0;540;0;540;1;542;0;538;2;535;3;534;0
7/30/2025;2:07:27 AM;WG REA FORD CA029;546;2;544;1;544;1;545;0;543;2;544;0;543;0;543;1;545;0;541;2;538;3;537;0
7/30/2025;2:08:27 AM;WG REA FORD CA029;550;2;547;1;547;1;548;0;546;2;547;0;546;0;546;1;548;0;544;2;541;3;540;0
7/30/2025;2:09:27 AM;WG REA FORD CA029;553;2;550;1;550;1;551;0;549;2;550;0;549;0;549;1;551;0;547;2;544;3;542;0
7/30/2025;2:10:27 AM;WG REA FORD CA029;556;2;553;1;553;1;554;0;552;2;552;0;552;0;552;1;554;0;550;2;547;3;545;0
7/30/2025;2:11:27 AM;WG REA FORD CA029;557;2;554;1;553;1;554;0;553;2;553;0;553;0;555;1;557;0;553;2;550;3;548;0
7/30/2025;2:12:27 AM;WG REA FORD CA029;557;2;554;1;554;1;555;0;553;2;554;0;554;0;556;1;558;0;555;2;553;3;551;0
7/30/2025;2:13:27 AM;WG REA FORD CA029;560;2;557;1;557;1;559;0;557;2;557;0;557;0;557;1;558;0;557;2;555;3;554;0
7/30/2025;2:14:27 AM;WG REA FORD CA029;563;2;560;1;560;1;562;0;560;2;560;0;560;0;560;1;561;0;558;2;556;3;555;0
7/30/2025;2:15:27 AM;WG REA FORD CA029;566;2;563;1;563;1;565;0;563;2;563;0;563;0;563;1;564;0;560;2;558;3;556;0
7/30/2025;2:16:27 AM;WG REA FORD CA029;569;2;566;1;566;1;568;0;566;2;566;0;566;0;566;1;567;0;563;2;560;3;559;0
7/30/2025;2:17:27 AM;WG REA FORD CA029;572;2;569;1;569;1;571;0;569;2;569;0;569;0;568;1;570;0;566;2;563;3;562;0
7/30/2025;2:18:27 AM;WG REA FORD CA029;575;2;572;1;572;1;574;0;572;2;572;0;572;0;572;1;573;0;569;2;566;3;565;0
7/30/2025;2:19:27 AM;WG REA FORD CA029;578;2;575;1;575;1;577;0;575;2;575;0;575;0;575;1;576;0;572;2;569;3;568;0
7/30/2025;2:20:27 AM;WG REA FORD CA029;581;2;578;1;578;1;579;0;578;2;578;0;578;0;577;1;579;0;575;2;572;3;571;0
7/30/2025;2:21:27 AM;WG REA FORD CA029;584;2;581;1;581;1;582;0;580;2;581;0;581;0;581;1;582;0;578;2;575;3;574;0
7/30/2025;2:22:27 AM;WG REA FORD CA029;587;2;584;1;584;1;585;0;583;2;584;0;584;0;583;1;585;0;581;2;578;3;577;0
7/30/2025;2:23:27 AM;WG REA FORD CA029;590;2;587;1;587;1;588;0;586;2;587;0;586;0;586;1;588;0;584;2;581;3;580;0
7/30/2025;2:24:27 AM;WG REA FORD CA029;593;2;590;1;590;1;591;0;589;2;590;0;589;0;589;1;590;0;587;2;584;3;583;0
7/30/2025;2:25:27 AM;WG REA FORD CA029;595;2;593;1;593;1;594;0;592;2;593;0;592;0;592;1;593;0;590;2;587;3;586;0
7/30/2025;2:26:27 AM;WG REA FORD CA029;599;2;596;1;596;1;597;0;595;2;596;0;595;0;595;1;595;0;592;2;590;3;588;0
7/30/2025;2:27:27 AM;WG REA FORD CA029;602;2;599;1;599;1;600;0;598;2;599;0;598;0;598;1;598;0;595;2;592;3;590;0
7/30/2025;2:28:27 AM;WG REA FORD CA029;605;2;602;1;602;1;603;0;601;2;601;0;601;0;601;1;601;0;596;3;594;3;592;0
7/30/2025;2:29:27 AM;WG REA FORD CA029;607;2;605;1;605;1;606;0;604;2;604;0;604;0;604;1;605;0;599;3;597;3;595;0
7/30/2025;2:30:27 AM;WG REA FORD CA029;610;2;608;1;607;1;609;0;607;2;607;0;607;0;607;1;607;0;602;3;600;3;598;0
7/30/2025;2:31:27 AM;WG REA FORD CA029;613;2;611;1;611;1;612;0;610;2;610;0;610;0;610;1;610;0;605;3;603;3;601;0
7/30/2025;2:32:27 AM;WG REA FORD CA029;616;2;614;1;613;1;615;0;613;2;613;0;613;0;613;1;614;0;608;3;605;3;604;0
7/30/2025;2:33:27 AM;WG REA FORD CA029;619;2;617;1;616;1;618;0;616;2;616;0;616;0;616;1;616;0;611;3;608;3;607;0
7/30/2025;2:34:27 AM;WG REA FORD CA029;622;2;619;1;619;1;620;0;619;2;619;0;619;0;619;1;619;0;614;3;611;3;610;0
7/30/2025;2:35:27 AM;WG REA FORD CA029;625;2;622;1;622;1;624;0;622;2;622;0;622;0;622;1;622;0;617;3;614;3;613;0
7/30/2025;2:36:27 AM;WG REA FORD CA029;628;2;625;1;625;1;627;0;625;2;625;0;625;0;625;1;625;0;620;3;617;3;616;0
7/30/2025;2:37:27 AM;WG REA FORD CA029;631;2;628;1;628;1;630;0;628;2;628;0;628;0;628;1;628;0;623;3;619;3;619;0
7/30/2025;2:38:27 AM;WG REA FORD CA029;634;2;631;1;631;1;633;0;631;2;631;0;631;0;631;1;631;0;626;3;623;3;621;0
7/30/2025;2:39:27 AM;WG REA FORD CA029;637;2;634;1;634;1;635;0;634;2;634;0;634;0;634;1;634;0;629;3;626;3;624;0
7/30/2025;2:40:27 AM;WG REA FORD CA029;640;2;637;1;637;1;639;0;637;2;637;0;637;0;637;1;637;0;631;4;628;3;627;0
7/30/2025;2:41:27 AM;WG REA FORD CA029;643;2;640;1;640;1;641;0;639;2;640;0;640;0;637;1;637;0;631;4;628;3;628;0
7/30/2025;2:42:27 AM;WG REA FORD CA029;646;2;643;1;643;1;644;0;642;2;643;0;643;0;639;1;640;0;633;4;631;3;629;0
7/30/2025;2:43:27 AM;WG REA FORD CA029;649;2;646;1;646;1;647;0;645;2;646;0;646;0;642;1;643;0;636;4;634;3;632;0
7/30/2025;2:44:27 AM;WG REA FORD CA029;652;2;649;1;649;1;650;0;648;2;649;0;649;0;645;1;646;0;639;4;637;3;635;0
7/30/2025;2:45:27 AM;WG REA FORD CA029;655;2;652;1;652;1;653;0;651;2;652;0;651;0;648;1;649;0;642;4;639;3;638;0
7/30/2025;2:46:27 AM;WG REA FORD CA029;658;2;655;1;655;1;656;0;654;2;655;0;654;0;652;1;652;0;645;4;642;3;641;0
7/30/2025;2:47:27 AM;WG REA FORD CA029;661;2;658;1;658;1;659;0;657;2;658;0;657;0;655;1;655;0;648;4;645;3;644;0
7/30/2025;2:48:27 AM;WG REA FORD CA029;664;2;661;1;661;1;662;0;660;2;661;0;660;0;657;1;658;0;651;4;648;3;647;0
7/30/2025;2:49:27 AM;WG REA FORD CA029;666;2;664;1;664;1;665;0;663;2;664;0;663;0;661;1;661;0;654;4;651;3;650;0
7/30/2025;2:50:27 AM;WG REA FORD CA029;669;2;667;1;666;1;668;0;666;2;666;0;666;0;664;1;664;0;657;4;654;3;653;0
7/30/2025;2:51:27 AM;WG REA FORD CA029;672;2;670;1;670;1;671;0;669;2;669;0;669;0;666;1;666;0;660;4;657;3;655;0
7/30/2025;2:52:27 AM;WG REA FORD CA029;675;2;673;1;673;1;674;0;672;2;672;0;672;0;670;1;670;0;663;4;660;3;658;0
7/30/2025;2:53:27 AM;WG REA FORD CA029;678;2;676;1;675;1;677;0;675;2;675;0;675;0;673;1;672;0;666;4;663;3;662;0
7/30/2025;2:54:27 AM;WG REA FORD CA029;681;2;679;1;678;1;680;0;678;2;678;0;678;0;676;1;675;0;669;4;666;3;665;0
7/30/2025;2:55:27 AM;WG REA FORD CA029;684;2;682;1;681;1;683;0;681;2;681;0;681;0;679;1;678;0;672;4;669;3;667;0
7/30/2025;2:56:27 AM;WG REA FORD CA029;687;2;685;1;684;1;686;0;684;2;684;0;684;0;682;1;681;0;675;4;672;3;670;0
7/30/2025;2:57:27 AM;WG REA FORD CA029;690;2;688;1;687;1;689;0;687;2;687;0;687;0;685;1;684;0;678;4;675;3;673;0
7/30/2025;2:58:27 AM;WG REA FORD CA029;693;2;690;1;690;1;692;0;690;2;690;0;690;0;688;1;687;0;681;4;678;3;676;0
7/30/2025;2:59:27 AM;WG REA FORD CA029;696;2;693;1;693;1;695;0;693;2;693;0;693;0;692;1;690;0;684;4;681;3;679;0
7/30/2025;3:00:27 AM;WG REA FORD CA029;699;2;696;1;696;1;698;0;696;2;696;0;696;0;695;1;693;0;687;4;684;3;682;0
7/30/2025;3:01:27 AM;WG REA FORD CA029;702;2;699;1;699;1;701;0;699;2;699;0;699;0;698;1;696;0;690;4;687;3;685;0
7/30/2025;3:02:27 AM;WG REA FORD CA029;705;2;702;1;702;1;704;0;702;2;702;0;702;0;701;1;699;0;693;4;690;3;688;0
7/30/2025;3:03:27 AM;WG REA FORD CA029;708;2;705;1;705;1;707;0;704;2;705;0;705;0;704;1;702;0;696;4;692;3;691;0
7/30/2025;3:04:27 AM;WG REA FORD CA029;711;2;708;1;708;1;709;0;707;2;708;0;708;0;707;1;705;0;698;4;695;3;694;0
7/30/2025;3:05:27 AM;WG REA FORD CA029;714;2;711;1;711;1;712;0;710;2;711;0;711;0;710;1;708;0;701;4;698;3;697;0
7/30/2025;3:06:27 AM;WG REA FORD CA029;715;2;712;1;711;1;712;0;711;2;711;0;711;0;713;1;711;0;704;4;701;3;700;0
7/30/2025;3:07:27 AM;WG REA FORD CA029;716;2;713;1;713;1;714;0;713;2;713;0;713;0;713;1;714;0;707;4;704;3;703;0
7/30/2025;3:08:27 AM;WG REA FORD CA029;719;2;716;1;716;1;718;0;716;2;716;0;716;0;716;1;716;0;710;4;707;3;706;0
7/30/2025;3:09:27 AM;WG REA FORD CA029;721;2;718;1;718;1;720;0;717;2;718;0;718;0;719;1;719;0;713;4;710;3;709;0
7/30/2025;3:10:27 AM;WG REA FORD CA029;723;2;720;1;719;1;720;0;718;2;719;0;718;0;720;1;722;0;716;4;713;3;712;0
7/30/2025;3:11:27 AM;WG REA FORD CA029;723;2;720;1;720;1;721;0;719;2;720;0;720;0;720;1;722;0;719;4;716;3;715;0
7/30/2025;3:12:27 AM;WG REA FORD CA029;726;2;723;1;723;1;724;0;722;2;723;0;723;0;722;1;724;0;720;4;718;3;717;0
7/30/2025;3:13:27 AM;WG REA FORD CA029;729;2;726;1;726;1;727;0;725;2;726;0;726;0;725;1;727;0;721;4;718;3;717;0
7/30/2025;3:14:27 AM;WG REA FORD CA029;732;2;729;1;729;1;730;0;728;2;729;0;729;0;728;1;730;0;724;4;721;3;720;0
7/30/2025;3:15:27 AM;WG REA FORD CA029;735;2;732;1;732;1;733;0;731;2;732;0;732;0;731;1;732;0;727;4;724;3;723;0
7/30/2025;3:16:27 AM;WG REA FORD CA029;738;2;735;1;735;1;736;0;734;2;735;0;735;0;734;1;735;0;729;4;726;3;725;0
7/30/2025;3:17:27 AM;WG REA FORD CA029;741;2;738;1;738;1;739;0;737;2;738;0;738;0;737;1;738;0;732;4;729;3;728;0
7/30/2025;3:18:27 AM;WG REA FORD CA029;744;2;741;1;741;1;742;0;740;2;741;0;740;0;740;1;741;0;735;4;732;3;731;0
7/30/2025;3:19:27 AM;WG REA FORD CA029;747;2;744;1;744;1;745;0;743;2;744;0;743;0;743;1;744;0;738;4;735;3;734;0
7/30/2025;3:20:27 AM;WG REA FORD CA029;750;2;747;1;747;1;748;0;746;2;747;0;746;0;746;1;746;0;741;4;738;3;737;0
7/30/2025;3:21:27 AM;WG REA FORD CA029;753;2;750;1;750;1;751;0;749;2;750;0;749;0;749;1;749;0;743;4;741;3;739;0
7/30/2025;3:22:27 AM;WG REA FORD CA029;756;2;753;1;752;1;754;0;752;2;752;0;752;0;752;1;753;0;746;4;744;3;742;0
7/30/2025;3:23:27 AM;WG REA FORD CA029;759;2;756;1;756;1;757;0;755;2;755;0;755;0;755;1;755;0;749;4;746;3;745;0
7/30/2025;3:24:27 AM;WG REA FORD CA029;762;2;759;1;759;1;760;0;758;2;758;0;758;0;758;1;758;0;752;4;749;3;748;0
7/30/2025;3:25:27 AM;WG REA FORD CA029;764;2;762;1;762;1;763;0;761;2;761;0;761;0;761;1;761;0;755;4;752;3;751;0
7/30/2025;3:26:27 AM;WG REA FORD CA029;767;2;765;1;764;1;766;0;764;2;764;0;764;0;764;1;764;0;758;4;755;3;754;0
7/30/2025;3:27:27 AM;WG REA FORD CA029;770;2;768;1;767;1;769;0;767;2;767;0;767;0;767;1;766;1;761;4;758;3;757;0
7/30/2025;3:28:27 AM;WG REA FORD CA029;773;2;771;1;770;1;772;0;770;2;770;0;770;0;769;1;769;1;763;4;761;3;759;0
7/30/2025;3:29:27 AM;WG REA FORD CA029;776;2;773;1;773;1;775;0;773;2;773;0;773;0;772;1;772;1;766;4;763;3;762;0
7/30/2025;3:30:27 AM;WG REA FORD CA029;779;2;776;1;776;1;778;0;776;2;776;0;776;0;775;1;775;1;769;4;766;3;765;0
7/30/2025;3:31:27 AM;WG REA FORD CA029;782;2;779;1;779;1;781;0;779;2;779;0;779;0;776;1;776;1;772;4;769;3;768;0
7/30/2025;3:32:27 AM;WG REA FORD CA029;785;2;782;1;782;1;784;0;782;2;782;0;782;0;779;1;779;1;774;4;772;3;771;0
7/30/2025;3:33:27 AM;WG REA FORD CA029;788;2;785;1;785;1;787;0;785;2;785;0;785;0;782;1;782;1;776;4;773;3;772;0
7/30/2025;3:34:27 AM;WG REA FORD CA029;790;2;787;1;787;1;790;0;788;2;788;0;788;0;785;1;785;1;779;4;776;3;775;0
7/30/2025;3:35:27 AM;WG REA FORD CA029;793;2;790;1;790;1;793;0;790;2;791;0;791;0;788;1;788;1;782;4;779;3;778;0
7/30/2025;3:36:28 AM;WG REA FORD CA029;796;2;793;1;793;1;795;0;794;2;794;0;794;0;791;1;791;1;785;4;782;3;781;0
7/30/2025;3:37:28 AM;WG REA FORD CA029;799;2;796;1;796;1;798;0;796;2;797;0;797;0;794;1;794;1;788;4;785;3;784;0
7/30/2025;3:38:28 AM;WG REA FORD CA029;802;2;799;1;799;1;801;0;799;2;800;0;800;0;797;1;797;1;791;4;788;3;787;0
7/30/2025;3:39:28 AM;WG REA FORD CA029;805;2;802;1;802;1;804;0;802;2;803;0;803;0;800;1;800;1;794;4;791;3;789;0
7/30/2025;3:40:28 AM;WG REA FORD CA029;808;2;805;1;805;1;807;0;805;2;806;0;806;0;804;1;803;1;797;4;794;3;792;0
7/30/2025;3:41:28 AM;WG REA FORD CA029;811;2;808;1;808;1;810;0;808;2;809;0;808;0;806;1;806;1;799;4;797;3;795;0
7/30/2025;3:42:28 AM;WG REA FORD CA029;814;2;811;1;811;1;813;0;811;2;812;0;811;0;810;1;809;1;802;4;800;3;798;0
7/30/2025;3:43:28 AM;WG REA FORD CA029;817;2;814;1;814;1;816;0;814;2;815;0;814;0;812;1;812;1;805;4;803;3;801;0
7/30/2025;3:44:28 AM;WG REA FORD CA029;820;2;817;1;817;1;819;0;817;2;818;0;817;0;815;1;815;1;808;4;805;3;804;0
7/30/2025;3:45:28 AM;WG REA FORD CA029;822;2;820;1;820;1;822;0;820;2;820;0;820;0;819;1;818;1;811;4;808;3;807;0
7/30/2025;3:46:28 AM;WG REA FORD CA029;826;2;823;1;823;1;825;0;823;2;823;0;823;0;822;1;821;1;814;4;811;3;810;0
7/30/2025;3:47:28 AM;WG REA FORD CA029;828;2;826;1;826;1;828;0;826;2;826;0;826;0;825;1;824;1;817;4;814;3;813;0
7/30/2025;3:48:28 AM;WG REA FORD CA029;831;2;829;1;829;1;831;0;829;2;829;0;829;0;828;1;826;1;820;4;817;3;816;0
7/30/2025;3:49:28 AM;WG REA FORD CA029;834;2;832;1;831;1;834;0;832;2;832;0;832;0;831;1;830;1;823;4;820;3;819;0
7/30/2025;3:50:28 AM;WG REA FORD CA029;837;2;835;1;834;1;837;0;835;2;835;0;835;0;834;1;833;1;826;4;823;3;822;0
7/30/2025;3:51:28 AM;WG REA FORD CA029;840;2;838;1;837;1;840;0;838;2;838;0;838;0;837;1;835;1;829;4;826;3;825;0
7/30/2025;3:52:28 AM;WG REA FORD CA029;843;2;841;1;840;1;843;0;841;2;841;0;841;0;840;1;838;1;832;4;829;3;828;0
7/30/2025;3:53:28 AM;WG REA FORD CA029;846;2;843;1;843;1;846;0;844;2;844;0;844;0;843;1;841;1;835;4;832;3;831;0
7/30/2025;3:54:28 AM;WG REA FORD CA029;849;2;846;1;846;1;849;0;847;2;847;0;847;0;846;1;844;1;838;4;835;3;834;0
7/30/2025;3:55:28 AM;WG REA FORD CA029;852;2;849;1;849;1;852;0;850;2;850;0;850;0;850;1;847;1;841;4;838;3;837;0
7/30/2025;3:56:28 AM;WG REA FORD CA029;855;2;852;1;852;1;855;0;853;2;853;0;853;0;853;1;850;1;844;4;841;3;840;0
7/30/2025;3:57:28 AM;WG REA FORD CA029;858;2;855;1;855;1;858;0;856;2;856;0;856;0;856;1;853;1;847;4;844;3;843;0
7/30/2025;3:58:28 AM;WG REA FORD CA029;861;2;858;1;858;1;860;0;859;2;859;0;859;0;859;1;856;1;850;4;847;3;846;0
7/30/2025;3:59:28 AM;WG REA FORD CA029;864;2;861;1;861;1;863;0;861;2;862;0;862;0;861;1;859;1;853;4;850;3;848;0
7/30/2025;4:00:28 AM;WG REA FORD CA029;867;2;864;1;864;1;867;0;864;2;865;0;865;0;864;1;862;1;856;4;852;3;851;0
7/30/2025;4:01:28 AM;WG REA FORD CA029;870;2;867;1;867;1;869;0;867;2;868;0;868;0;868;1;865;1;859;4;855;3;854;0
7/30/2025;4:02:28 AM;WG REA FORD CA029;873;2;870;1;870;1;872;0;870;2;871;0;871;0;870;1;868;1;861;4;858;3;857;0
7/30/2025;4:03:28 AM;WG REA FORD CA029;876;2;873;1;873;1;875;0;873;2;874;0;874;0;873;1;871;1;864;4;861;3;860;0
7/30/2025;4:04:28 AM;WG REA FORD CA029;879;2;876;1;876;1;878;0;876;2;877;0;877;0;876;1;874;1;867;4;864;3;863;0
7/30/2025;4:05:28 AM;WG REA FORD CA029;882;2;879;1;879;1;881;0;879;2;880;0;880;0;879;1;877;1;870;4;867;3;866;0
7/30/2025;4:06:28 AM;WG REA FORD CA029;885;2;882;1;882;1;884;0;882;2;883;0;882;0;882;1;880;1;873;4;870;3;869;0
7/30/2025;4:07:28 AM;WG REA FORD CA029;887;2;885;1;885;1;887;0;885;2;886;0;885;0;885;1;883;1;876;4;873;3;872;0
7/30/2025;4:08:28 AM;WG REA FORD CA029;891;2;888;1;888;1;890;0;888;2;889;0;888;0;888;1;886;1;879;4;876;3;875;0
7/30/2025;4:09:28 AM;WG REA FORD CA029;894;2;891;1;891;1;893;0;891;2;892;0;891;0;891;1;889;1;882;4;879;3;878;0
7/30/2025;4:10:28 AM;WG REA FORD CA029;897;2;894;1;894;1;896;0;894;2;894;0;894;0;894;2;892;1;885;4;882;3;881;0
7/30/2025;4:11:28 AM;WG REA FORD CA029;899;2;897;1;897;1;899;0;897;2;897;0;897;0;894;2;895;1;888;4;885;3;884;0
7/30/2025;4:12:28 AM;WG REA FORD CA029;902;2;900;1;899;1;902;0;900;2;900;0;900;0;894;3;896;1;891;4;888;3;887;0
7/30/2025;4:13:28 AM;WG REA FORD CA029;905;2;903;1;902;1;905;0;903;2;903;0;903;0;897;3;897;1;894;4;891;3;890;0
7/30/2025;4:14:28 AM;WG REA FORD CA029;908;2;906;1;905;1;908;0;906;2;906;0;906;0;900;3;900;1;895;4;892;3;891;0
7/30/2025;4:15:28 AM;WG REA FORD CA029;911;2;909;1;908;1;911;0;909;2;909;0;909;0;903;3;903;1;898;4;895;3;894;0
7/30/2025;4:16:28 AM;WG REA FORD CA029;914;2;911;1;911;1;914;0;912;2;912;0;912;0;907;3;906;1;900;4;897;3;896;0
7/30/2025;4:17:28 AM;WG REA FORD CA029;917;2;914;1;914;1;917;0;915;2;915;0;915;0;910;3;909;1;903;4;900;3;899;0
7/30/2025;4:18:28 AM;WG REA FORD CA029;920;2;917;1;917;1;919;0;918;2;918;0;918;0;913;3;912;1;906;4;903;3;902;0
7/30/2025;4:19:28 AM;WG REA FORD CA029;923;2;920;1;920;1;923;0;921;2;921;0;921;0;916;3;915;1;909;4;906;3;905;0
7/30/2025;4:20:28 AM;WG REA FORD CA029;926;2;923;1;923;1;926;0;924;2;924;0;924;0;919;3;918;1;912;4;909;3;908;0
7/30/2025;4:21:28 AM;WG REA FORD CA029;929;2;926;1;926;1;929;0;926;2;927;0;927;0;923;3;921;1;915;4;912;3;911;0
7/30/2025;4:22:28 AM;WG REA FORD CA029;932;2;929;1;929;1;931;0;929;2;930;0;930;0;926;3;924;1;918;4;915;3;914;0
7/30/2025;4:23:28 AM;WG REA FORD CA029;935;2;932;1;932;1;934;0;933;2;933;0;933;0;929;3;927;1;921;4;918;3;916;0
7/30/2025;4:24:28 AM;WG REA FORD CA029;937;2;935;1;935;1;937;0;935;2;936;0;935;0;932;3;930;1;924;4;921;3;920;0
7/30/2025;4:25:28 AM;WG REA FORD CA029;941;2;938;1;938;1;940;0;938;2;939;0;938;0;935;3;933;1;927;4;924;3;922;0
7/30/2025;4:26:28 AM;WG REA FORD CA029;944;2;941;1;941;1;943;0;941;2;942;0;941;0;939;3;936;1;929;4;927;3;925;0
7/30/2025;4:27:28 AM;WG REA FORD CA029;947;2;944;1;944;1;946;0;944;2;945;0;944;0;942;3;939;1;932;4;930;3;928;0
7/30/2025;4:28:28 AM;WG REA FORD CA029;950;2;947;1;947;1;949;0;947;2;947;0;947;0;942;3;942;1;935;4;932;3;931;0
7/30/2025;4:29:28 AM;WG REA FORD CA029;952;2;950;1;950;1;952;0;950;2;950;0;950;0;944;3;944;1;938;4;935;3;934;0
7/30/2025;4:30:28 AM;WG REA FORD CA029;955;2;953;1;953;1;955;0;953;2;953;0;953;0;947;3;947;1;941;4;938;3;937;0
7/30/2025;4:31:28 AM;WG REA FORD CA029;958;2;956;1;956;1;958;0;956;2;956;0;956;0;950;3;950;1;944;4;941;3;940;1
7/30/2025;4:32:28 AM;WG REA FORD CA029;961;2;959;1;958;1;961;0;959;2;959;0;959;0;953;3;953;1;947;4;944;3;943;1
7/30/2025;4:33:28 AM;WG REA FORD CA029;964;2;962;1;961;1;964;0;962;2;962;0;962;0;956;3;956;1;950;4;947;3;946;1
7/30/2025;4:34:28 AM;WG REA FORD CA029;967;2;965;1;964;1;967;0;965;2;965;0;965;0;959;3;958;1;952;4;950;3;949;1
7/30/2025;4:35:28 AM;WG REA FORD CA029;970;2;968;1;967;1;970;0;968;2;968;0;968;0;962;3;961;1;955;4;952;3;951;1
7/30/2025;4:36:28 AM;WG REA FORD CA029;973;2;970;1;970;1;973;0;971;2;971;0;971;0;965;3;964;1;958;4;955;3;954;1
7/30/2025;4:37:28 AM;WG REA FORD CA029;976;2;973;1;973;1;976;0;974;2;974;0;974;0;968;3;967;1;961;4;958;3;957;1
7/30/2025;4:38:28 AM;WG REA FORD CA029;979;2;976;1;976;1;979;0;977;2;977;0;977;0;971;3;970;1;964;4;961;3;960;1
7/30/2025;4:39:28 AM;WG REA FORD CA029;982;2;979;1;979;1;982;0;980;2;980;0;980;0;974;3;973;1;967;4;964;3;963;1
7/30/2025;4:40:28 AM;WG REA FORD CA029;985;2;982;1;982;1;984;0;982;2;983;0;983;0;977;4;976;1;970;4;967;3;966;1
7/30/2025;4:41:28 AM;WG REA FORD CA029;988;2;985;1;985;1;987;0;985;2;986;0;986;0;977;4;979;1;973;4;970;3;969;1
7/30/2025;4:42:28 AM;WG REA FORD CA029;991;2;988;1;988;1;990;0;988;2;989;0;987;0;977;4;979;1;976;4;973;3;972;1
7/30/2025;4:43:28 AM;WG REA FORD CA029;994;2;991;1;991;1;993;0;992;2;992;0;989;0;980;4;980;1;977;4;975;3;974;1
7/30/2025;4:44:28 AM;WG REA FORD CA029;997;2;994;1;994;1;996;0;994;2;995;0;992;0;983;4;983;1;977;4;975;3;974;1
7/30/2025;4:45:28 AM;WG REA FORD CA029;1000;2;997;1;997;1;999;0;997;2;998;0;995;0;986;4;986;1;980;4;977;3;976;1
7/30/2025;4:46:28 AM;WG REA FORD CA029;1002;2;999;1;997;2;1002;0;1000;2;1001;0;999;0;989;4;989;1;983;4;980;3;979;1
7/30/2025;4:47:28 AM;WG REA FORD CA029;1002;2;999;1;997;2;1002;0;1000;2;1001;0;1000;0;992;4;992;1;986;4;983;3;982;1
7/30/2025;4:48:28 AM;WG REA FORD CA029;1003;2;1000;1;1000;2;1004;0;1002;2;1002;0;1002;0;995;4;996;1;989;4;986;3;985;1
7/30/2025;4:49:28 AM;WG REA FORD CA029;1006;2;1003;1;1003;2;1007;0;1005;2;1005;0;1005;0;998;4;998;1;992;4;989;3;988;1
7/30/2025;4:50:28 AM;WG REA FORD CA029;1010;2;1007;1;1006;2;1010;0;1008;2;1008;0;1008;0;1001;4;1001;1;995;4;992;3;991;1
7/30/2025;4:51:28 AM;WG REA FORD CA029;1013;2;1010;1;1009;2;1013;0;1011;2;1011;0;1011;0;1005;4;1004;1;998;4;995;3;994;1
7/30/2025;4:52:28 AM;WG REA FORD CA029;1016;2;1013;1;1012;2;1016;0;1014;2;1014;0;1014;0;1007;4;1007;1;1001;4;998;3;996;1
7/30/2025;4:53:28 AM;WG REA FORD CA029;1019;2;1016;1;1015;2;1018;0;1016;2;1017;0;1017;0;1010;4;1009;1;1004;4;1001;3;999;1
7/30/2025;4:54:28 AM;WG REA FORD CA029;1022;2;1019;1;1018;2;1021;0;1020;2;1020;0;1020;0;1014;4;1012;1;1006;4;1003;3;1002;1
7/30/2025;4:55:28 AM;WG REA FORD CA029;1025;2;1022;1;1021;2;1024;0;1023;2;1023;0;1023;0;1017;4;1015;1;1009;4;1006;3;1005;1
7/30/2025;4:56:28 AM;WG REA FORD CA029;1028;2;1025;1;1024;2;1027;0;1025;2;1026;0;1026;0;1020;4;1018;1;1012;4;1009;3;1008;1
7/30/2025;4:57:28 AM;WG REA FORD CA029;1031;2;1028;1;1027;2;1030;0;1028;2;1029;0;1029;0;1023;4;1021;1;1015;4;1012;3;1011;1
7/30/2025;4:58:28 AM;WG REA FORD CA029;1032;2;1029;1;1027;2;1030;0;1029;2;1029;0;1029;0;1026;4;1024;1;1018;4;1015;3;1014;1
7/30/2025;4:59:28 AM;WG REA FORD CA029;1032;2;1029;1;1028;2;1031;0;1029;2;1030;0;1029;0;1029;4;1027;1;1021;4;1018;3;1017;1
7/30/2025;5:00:28 AM;WG REA FORD CA029;1035;2;1032;1;1031;2;1034;0;1032;2;1033;0;1033;0;1032;4;1030;1;1024;4;1021;3;1020;1
7/30/2025;5:01:28 AM;WG REA FORD CA029;1038;2;1035;1;1034;2;1036;0;1034;2;1036;0;1036;0;1035;4;1033;1;1027;4;1024;3;1023;1
7/30/2025;5:02:28 AM;WG REA FORD CA029;1041;2;1038;1;1037;2;1039;0;1038;2;1038;0;1038;0;1038;4;1036;1;1030;4;1027;3;1026;1
7/30/2025;5:03:28 AM;WG REA FORD CA029;1044;2;1041;1;1040;2;1042;0;1041;2;1041;0;1041;0;1041;4;1039;1;1033;4;1030;3;1028;1
7/30/2025;5:04:28 AM;WG REA FORD CA029;1047;2;1044;1;1043;2;1046;0;1044;2;1044;0;1044;0;1043;4;1042;1;1036;4;1033;3;1031;1
7/30/2025;5:05:28 AM;WG REA FORD CA029;1050;2;1047;1;1046;2;1048;0;1047;2;1047;0;1047;0;1046;4;1045;1;1038;5;1035;3;1034;1
7/30/2025;5:06:28 AM;WG REA FORD CA029;1053;2;1050;1;1049;2;1052;0;1050;2;1050;0;1050;0;1049;4;1048;1;1040;5;1038;3;1036;1
7/30/2025;5:07:28 AM;WG REA FORD CA029;1056;2;1053;1;1052;2;1054;0;1053;2;1053;0;1053;0;1052;4;1051;1;1043;5;1041;3;1039;1
7/30/2025;5:08:28 AM;WG REA FORD CA029;1059;2;1056;1;1055;2;1058;0;1056;2;1056;0;1056;0;1055;4;1054;1;1046;5;1043;3;1042;1
7/30/2025;5:09:28 AM;WG REA FORD CA029;1062;2;1059;1;1058;2;1060;0;1058;2;1059;0;1059;0;1058;4;1057;1;1049;5;1046;3;1045;1
7/30/2025;5:10:28 AM;WG REA FORD CA029;1065;2;1062;1;1061;2;1063;0;1061;2;1062;0;1062;0;1061;4;1060;1;1052;5;1049;3;1048;1
7/30/2025;5:11:28 AM;WG REA FORD CA029;1068;2;1065;1;1064;2;1066;0;1064;2;1065;0;1065;0;1065;4;1063;1;1055;5;1052;3;1051;1
7/30/2025;5:12:28 AM;WG REA FORD CA029;1071;2;1068;1;1067;2;1069;0;1067;2;1068;0;1068;0;1067;4;1066;1;1058;5;1055;3;1054;1
7/30/2025;5:13:28 AM;WG REA FORD CA029;1074;2;1071;1;1070;2;1072;0;1070;2;1071;0;1070;0;1070;4;1069;1;1061;5;1058;3;1057;1
7/30/2025;5:14:28 AM;WG REA FORD CA029;1077;2;1074;1;1073;2;1075;0;1073;2;1074;0;1073;0;1073;4;1070;1;1061;5;1058;3;1057;1
7/30/2025;5:15:28 AM;WG REA FORD CA029;1080;2;1077;1;1076;2;1078;0;1076;2;1077;0;1076;0;1076;4;1071;1;1064;5;1060;3;1059;1
7/30/2025;5:16:28 AM;WG REA FORD CA029;1083;2;1080;1;1079;2;1081;0;1079;2;1079;0;1079;0;1079;4;1074;1;1067;5;1063;3;1062;1
7/30/2025;5:17:28 AM;WG REA FORD CA029;1085;2;1083;1;1082;2;1084;0;1082;2;1082;0;1082;0;1082;4;1077;1;1068;5;1063;3;1063;1
7/30/2025;5:18:28 AM;WG REA FORD CA029;1088;2;1086;1;1084;2;1087;0;1085;2;1085;0;1085;0;1085;4;1077;1;1068;5;1063;3;1063;1
7/30/2025;5:19:28 AM;WG REA FORD CA029;1091;2;1089;1;1087;2;1090;0;1088;2;1088;0;1088;0;1088;4;1077;1;1068;5;1063;3;1063;1
7/30/2025;5:20:28 AM;WG REA FORD CA029;1094;2;1092;1;1090;2;1093;0;1091;2;1091;0;1091;0;1091;4;1077;1;1068;5;1063;3;1063;1
7/30/2025;5:21:28 AM;WG REA FORD CA029;1097;2;1094;1;1093;2;1096;0;1094;2;1094;0;1094;0;1092;4;1077;1;1068;5;1063;3;1063;1
7/30/2025;5:22:28 AM;WG REA FORD CA029;1098;2;1095;1;1096;2;1099;0;1097;2;1097;0;1097;0;1095;4;1077;1;1068;5;1063;3;1063;1
7/30/2025;5:23:28 AM;WG REA FORD CA029;1098;2;1095;1;1096;2;1101;0;1099;2;1100;0;1099;0;1097;4;1077;1;1070;5;1063;3;1063;1
7/30/2025;5:24:28 AM;WG REA FORD CA029;1098;2;1095;1;1096;2;1101;0;1100;2;1100;0;1100;0;1098;4;1080;1;1072;5;1064;3;1064;1
7/30/2025;5:25:28 AM;WG REA FORD CA029;1099;2;1096;1;1097;2;1101;0;1100;2;1101;0;1100;0;1101;4;1081;1;1072;5;1064;3;1064;1
7/30/2025;5:26:28 AM;WG REA FORD CA029;1102;2;1099;1;1100;2;1104;0;1102;2;1103;0;1102;0;1101;4;1081;1;1072;5;1064;3;1064;1
7/30/2025;5:27:28 AM;WG REA FORD CA029;1102;2;1099;1;1100;2;1105;0;1102;2;1104;0;1103;0;1101;4;1081;1;1072;5;1064;3;1064;1
7/30/2025;5:28:28 AM;WG REA FORD CA029;1102;2;1099;1;1100;2;1105;0;1102;2;1104;0;1104;0;1101;4;1081;1;1072;5;1064;3;1064;1
7/30/2025;5:29:28 AM;WG REA FORD CA029;1102;2;1099;1;1100;2;1105;0;1102;2;1104;0;1104;0;1101;4;1082;1;1075;5;1065;3;1064;1
7/30/2025;5:30:28 AM;WG REA FORD CA029;1102;2;1099;1;1100;2;1105;0;1102;2;1104;0;1104;0;1103;4;1085;1;1078;5;1068;3;1067;1
7/30/2025;5:31:28 AM;WG REA FORD CA029;1103;2;1100;1;1101;2;1105;0;1102;2;1104;0;1104;0;1106;4;1088;1;1081;5;1071;3;1070;1
7/30/2025;5:32:28 AM;WG REA FORD CA029;1106;2;1104;1;1105;2;1107;0;1105;2;1106;0;1106;0;1107;4;1091;1;1083;5;1074;3;1073;1
7/30/2025;5:33:28 AM;WG REA FORD CA029;1110;2;1107;1;1108;2;1110;0;1109;2;1109;0;1109;0;1108;4;1094;1;1086;5;1077;3;1076;1
7/30/2025;5:34:28 AM;WG REA FORD CA029;1113;2;1110;1;1111;2;1113;0;1112;2;1112;0;1112;0;1111;4;1097;1;1089;5;1080;3;1078;1
7/30/2025;5:35:28 AM;WG REA FORD CA029;1116;2;1113;1;1114;2;1117;0;1115;2;1115;0;1115;0;1115;4;1100;1;1092;5;1083;3;1081;1
7/30/2025;5:36:28 AM;WG REA FORD CA029;1119;2;1116;1;1117;2;1119;0;1118;2;1118;0;1118;0;1117;4;1103;1;1095;5;1086;3;1084;1
7/30/2025;5:37:28 AM;WG REA FORD CA029;1122;2;1120;1;1120;2;1122;0;1120;2;1121;0;1121;0;1120;4;1106;1;1098;5;1089;3;1087;1
7/30/2025;5:38:28 AM;WG REA FORD CA029;1125;2;1122;1;1123;2;1125;0;1124;2;1124;0;1124;0;1123;4;1109;1;1101;5;1092;3;1090;1
7/30/2025;5:39:28 AM;WG REA FORD CA029;1128;2;1125;1;1126;2;1128;0;1126;2;1127;0;1127;0;1126;4;1112;1;1104;5;1095;3;1093;1
7/30/2025;5:40:28 AM;WG REA FORD CA029;1131;2;1128;1;1129;2;1131;0;1129;2;1130;0;1130;0;1129;4;1114;1;1107;5;1097;3;1096;1
7/30/2025;5:41:28 AM;WG REA FORD CA029;1134;2;1131;1;1132;2;1134;0;1132;2;1133;0;1133;0;1132;4;1117;1;1110;5;1100;3;1099;1
7/30/2025;5:42:28 AM;WG REA FORD CA029;1137;2;1134;1;1135;2;1137;0;1135;2;1136;0;1135;0;1135;4;1120;1;1113;5;1103;3;1102;1
7/30/2025;5:43:28 AM;WG REA FORD CA029;1140;2;1137;1;1138;2;1140;0;1138;2;1139;0;1138;0;1138;4;1123;1;1116;5;1106;3;1105;1
7/30/2025;5:44:28 AM;WG REA FORD CA029;1143;2;1140;1;1141;2;1143;0;1141;2;1142;0;1141;0;1141;4;1126;1;1119;5;1109;3;1108;1
7/30/2025;5:45:28 AM;WG REA FORD CA029;1146;2;1143;1;1144;2;1146;0;1144;2;1144;0;1144;0;1144;4;1129;1;1122;5;1112;3;1111;1
7/30/2025;5:46:28 AM;WG REA FORD CA029;1149;2;1146;1;1146;2;1149;0;1147;2;1147;0;1147;0;1147;4;1132;1;1125;5;1115;3;1114;1
7/30/2025;5:47:28 AM;WG REA FORD CA029;1152;2;1149;1;1149;2;1152;0;1150;2;1150;0;1150;0;1150;4;1135;1;1128;5;1118;3;1117;1
7/30/2025;5:48:28 AM;WG REA FORD CA029;1155;2;1152;1;1152;2;1155;0;1153;2;1153;0;1153;0;1153;4;1138;1;1131;5;1121;3;1120;1
7/30/2025;5:49:28 AM;WG REA FORD CA029;1158;2;1155;1;1155;2;1158;0;1156;2;1156;0;1156;0;1156;4;1141;1;1134;5;1124;3;1123;1
7/30/2025;5:50:28 AM;WG REA FORD CA029;1161;2;1158;1;1158;2;1161;0;1159;2;1159;0;1159;0;1159;4;1144;1;1136;5;1127;3;1126;1
7/30/2025;5:51:28 AM;WG REA FORD CA029;1164;2;1161;1;1161;2;1164;0;1162;2;1162;0;1162;0;1162;4;1147;1;1139;5;1130;3;1129;1
7/30/2025;5:52:28 AM;WG REA FORD CA029;1166;2;1164;1;1164;2;1167;0;1165;2;1165;0;1165;0;1165;4;1150;1;1142;5;1133;3;1131;1
7/30/2025;5:53:28 AM;WG REA FORD CA029;1169;2;1167;1;1167;2;1170;0;1168;2;1168;0;1168;0;1168;4;1153;1;1145;5;1136;3;1134;1
7/30/2025;5:54:28 AM;WG REA FORD CA029;1172;2;1170;1;1170;2;1172;0;1171;2;1171;0;1171;0;1171;4;1155;1;1147;5;1139;3;1137;1
7/30/2025;5:55:28 AM;WG REA FORD CA029;1175;2;1172;1;1173;2;1176;0;1174;2;1174;0;1174;0;1173;4;1158;1;1150;5;1142;3;1140;1
7/30/2025;5:56:28 AM;WG REA FORD CA029;1178;2;1175;1;1176;2;1179;0;1176;2;1177;0;1177;0;1176;4;1162;1;1153;5;1145;3;1143;1
7/30/2025;5:57:28 AM;WG REA FORD CA029;1181;2;1178;1;1179;2;1181;0;1179;2;1180;0;1180;0;1179;4;1165;1;1156;5;1147;3;1146;1
7/30/2025;5:58:28 AM;WG REA FORD CA029;1184;2;1181;1;1182;2;1184;0;1182;2;1183;0;1183;0;1182;4;1167;1;1159;5;1150;3;1149;1
7/30/2025;5:59:28 AM;WG REA FORD CA029;1187;2;1184;1;1185;2;1187;0;1185;2;1186;0;1186;0;1185;4;1170;1;1162;5;1153;3;1152;1
7/30/2025;6:00:28 AM;WG REA FORD CA029;1190;2;1187;1;1188;2;1190;0;1188;2;1189;0;1189;0;1188;4;1173;1;1165;5;1156;3;1155;1
7/30/2025;6:01:28 AM;WG REA FORD CA029;1192;3;1190;1;1188;2;1190;0;1189;2;1189;0;1189;0;1191;4;1176;1;1168;5;1159;3;1158;1
7/30/2025;6:02:28 AM;WG REA FORD CA029;1195;3;1192;1;1191;2;1193;0;1191;2;1192;0;1191;0;1191;4;1179;1;1171;5;1162;3;1161;1
7/30/2025;6:03:28 AM;WG REA FORD CA029;1198;3;1195;1;1194;2;1196;0;1194;2;1195;0;1194;0;1194;4;1182;1;1174;5;1165;3;1164;1
7/30/2025;6:04:28 AM;WG REA FORD CA029;1201;3;1198;1;1197;2;1199;0;1197;2;1198;0;1198;0;1197;4;1185;1;1177;5;1168;3;1167;1
7/30/2025;6:05:28 AM;WG REA FORD CA029;1204;3;1201;1;1200;2;1202;0;1200;2;1201;0;1200;0;1200;4;1188;1;1180;5;1171;3;1170;1
7/30/2025;6:06:28 AM;WG REA FORD CA029;1207;3;1204;1;1203;2;1205;0;1203;2;1204;0;1203;0;1203;4;1191;1;1183;5;1174;3;1173;1
7/30/2025;6:07:28 AM;WG REA FORD CA029;1209;3;1206;1;1205;2;1207;0;1205;2;1206;0;1206;0;1206;4;1194;1;1185;5;1177;3;1175;1
7/30/2025;6:08:28 AM;WG REA FORD CA029;1212;3;1209;1;1208;2;1210;0;1209;2;1209;0;1209;0;1208;4;1197;1;1188;5;1180;3;1178;1
7/30/2025;6:09:28 AM;WG REA FORD CA029;1215;3;1212;1;1211;2;1213;0;1211;2;1212;0;1212;0;1212;4;1200;1;1191;5;1182;3;1181;1
7/30/2025;6:10:28 AM;WG REA FORD CA029;1218;3;1215;1;1214;2;1216;0;1214;2;1215;0;1215;0;1214;4;1203;1;1194;5;1185;3;1184;1
7/30/2025;6:11:28 AM;WG REA FORD CA029;1221;3;1218;1;1217;2;1219;0;1217;2;1218;0;1218;0;1217;4;1205;1;1197;5;1188;3;1187;1
7/30/2025;6:12:28 AM;WG REA FORD CA029;1224;3;1221;1;1220;2;1222;0;1220;2;1221;0;1221;0;1220;4;1208;1;1200;5;1191;3;1190;1
7/30/2025;6:13:28 AM;WG REA FORD CA029;1227;3;1224;1;1223;2;1225;0;1223;2;1224;0;1224;0;1223;4;1211;1;1203;5;1194;3;1193;1
7/30/2025;6:14:28 AM;WG REA FORD CA029;1230;3;1227;1;1226;2;1228;0;1226;2;1227;0;1226;0;1226;4;1214;1;1206;5;1197;3;1196;1
7/30/2025;6:15:28 AM;WG REA FORD CA029;1233;3;1230;1;1229;2;1231;0;1229;2;1230;0;1229;0;1229;4;1217;1;1209;5;1200;3;1199;1
7/30/2025;6:16:28 AM;WG REA FORD CA029;1235;3;1233;1;1232;2;1234;0;1232;2;1233;0;1232;0;1232;4;1220;1;1212;5;1203;3;1202;1
7/30/2025;6:17:28 AM;WG REA FORD CA029;1239;3;1236;1;1235;2;1237;0;1235;2;1235;0;1235;0;1235;4;1223;1;1215;5;1206;3;1205;1
7/30/2025;6:18:28 AM;WG REA FORD CA029;1241;3;1239;1;1238;2;1240;0;1238;2;1238;0;1238;0;1238;4;1226;1;1218;5;1209;3;1208;1
7/30/2025;6:19:28 AM;WG REA FORD CA029;1244;3;1242;1;1240;2;1243;0;1241;2;1241;0;1241;0;1241;4;1229;1;1220;5;1212;3;1211;1
7/30/2025;6:20:28 AM;WG REA FORD CA029;1247;3;1245;1;1243;2;1246;0;1244;2;1244;0;1244;0;1244;4;1232;1;1223;5;1215;3;1214;1
7/30/2025;6:21:28 AM;WG REA FORD CA029;1250;3;1247;1;1246;2;1249;0;1247;2;1247;0;1247;0;1247;4;1235;1;1226;5;1218;3;1216;1
7/30/2025;6:22:28 AM;WG REA FORD CA029;1253;3;1250;1;1249;2;1252;0;1250;2;1250;0;1250;0;1250;4;1238;1;1229;5;1221;3;1219;1
7/30/2025;6:23:28 AM;WG REA FORD CA029;1256;3;1253;1;1252;2;1255;0;1253;2;1253;0;1253;0;1253;4;1241;1;1232;5;1222;3;1222;1
7/30/2025;6:24:28 AM;WG REA FORD CA029;1259;3;1256;1;1255;2;1258;0;1256;2;1256;0;1256;0;1256;4;1242;1;1232;5;1222;3;1222;1
7/30/2025;6:25:28 AM;WG REA FORD CA029;1262;3;1259;1;1258;2;1261;0;1259;2;1259;0;1259;0;1259;4;1242;1;1232;5;1222;3;1222;1
7/30/2025;6:26:28 AM;WG REA FORD CA029;1263;3;1260;1;1261;2;1264;0;1261;2;1262;0;1262;0;1260;4;1242;1;1232;5;1222;3;1222;1
7/30/2025;6:27:28 AM;WG REA FORD CA029;1263;3;1260;1;1261;2;1266;0;1264;2;1265;0;1264;0;1262;4;1242;1;1234;5;1222;3;1222;1
7/30/2025;6:28:28 AM;WG REA FORD CA029;1263;3;1260;1;1261;2;1266;0;1265;2;1265;0;1265;0;1263;4;1245;1;1237;5;1225;3;1224;1
7/30/2025;6:29:28 AM;WG REA FORD CA029;1265;3;1262;1;1263;2;1267;0;1265;2;1266;0;1265;0;1266;4;1248;1;1239;5;1228;3;1226;1
7/30/2025;6:30:28 AM;WG REA FORD CA029;1268;3;1265;1;1266;2;1269;0;1268;2;1268;0;1268;0;1268;4;1250;1;1242;5;1230;3;1228;2
7/30/2025;6:31:28 AM;WG REA FORD CA029;1270;3;1267;1;1268;2;1273;0;1271;2;1271;0;1271;0;1271;4;1252;1;1242;5;1231;3;1228;2
7/30/2025;6:32:28 AM;WG REA FORD CA029;1273;3;1270;1;1271;2;1275;0;1273;2;1274;0;1273;0;1271;4;1252;1;1243;5;1231;3;1229;2
7/30/2025;6:33:28 AM;WG REA FORD CA029;1273;3;1270;1;1271;2;1276;0;1274;2;1275;0;1274;0;1272;4;1254;1;1246;5;1234;3;1233;2
7/30/2025;6:34:28 AM;WG REA FORD CA029;1274;3;1271;1;1272;2;1276;0;1275;2;1276;0;1275;0;1275;4;1257;1;1248;5;1237;3;1236;2
7/30/2025;6:35:28 AM;WG REA FORD CA029;1277;3;1274;1;1275;2;1278;0;1276;2;1277;0;1277;0;1277;4;1260;1;1251;5;1240;3;1239;2
7/30/2025;6:36:28 AM;WG REA FORD CA029;1280;3;1277;1;1278;2;1281;0;1279;2;1280;0;1280;0;1279;4;1263;1;1254;5;1243;3;1242;2
7/30/2025;6:37:28 AM;WG REA FORD CA029;1282;3;1280;1;1281;2;1284;0;1282;2;1283;0;1283;0;1282;4;1266;1;1257;6;1245;3;1244;2
7/30/2025;6:38:28 AM;WG REA FORD CA029;1285;3;1283;1;1283;2;1287;0;1285;2;1286;0;1285;0;1285;4;1269;1;1260;6;1248;3;1247;2
7/30/2025;6:39:28 AM;WG REA FORD CA029;1288;3;1285;1;1286;2;1290;0;1288;2;1289;0;1288;0;1288;4;1272;1;1263;6;1251;3;1250;2
7/30/2025;6:40:28 AM;WG REA FORD CA029;1290;4;1288;1;1289;2;1293;0;1291;2;1292;0;1291;0;1291;4;1275;1;1266;6;1254;3;1253;2
7/30/2025;6:41:28 AM;WG REA FORD CA029;1294;4;1291;1;1292;2;1296;0;1294;2;1295;0;1294;0;1294;4;1277;1;1267;7;1256;3;1255;2
7/30/2025;6:42:28 AM;WG REA FORD CA029;1297;4;1295;1;1295;2;1299;0;1297;2;1298;0;1297;0;1295;4;1279;1;1269;7;1257;3;1256;2
7/30/2025;6:43:28 AM;WG REA FORD CA029;1299;4;1296;1;1297;2;1302;0;1300;2;1300;0;1300;0;1298;4;1282;1;1272;7;1260;3;1258;2
7/30/2025;6:44:28 AM;WG REA FORD CA029;1301;4;1298;1;1299;2;1303;0;1301;2;1302;0;1301;0;1301;4;1285;1;1275;7;1263;3;1262;2
7/30/2025;6:45:28 AM;WG REA FORD CA029;1303;5;1301;1;1302;2;1306;0;1304;2;1305;0;1304;0;1303;4;1286;1;1275;8;1264;3;1263;2
7/30/2025;6:46:28 AM;WG REA FORD CA029;1307;5;1304;1;1305;2;1309;0;1307;2;1308;0;1307;0;1303;4;1286;1;1275;8;1264;3;1263;2
7/30/2025;6:47:28 AM;WG REA FORD CA029;1307;5;1304;1;1305;2;1310;0;1308;2;1309;0;1308;0;1303;4;1287;1;1275;8;1265;3;1264;2
7/30/2025;6:48:28 AM;WG REA FORD CA029;1308;5;1305;1;1306;2;1310;0;1309;2;1310;0;1309;0;1306;4;1290;1;1279;8;1267;3;1266;2
7/30/2025;6:49:28 AM;WG REA FORD CA029;1309;5;1306;1;1307;2;1311;0;1310;2;1311;0;1310;0;1309;4;1293;1;1281;8;1270;3;1269;2
7/30/2025;6:50:28 AM;WG REA FORD CA029;1312;5;1310;1;1310;2;1314;0;1312;2;1313;0;1312;0;1312;4;1296;1;1284;8;1273;3;1272;2
7/30/2025;6:51:28 AM;WG REA FORD CA029;1315;5;1313;1;1314;2;1317;0;1315;2;1316;0;1315;0;1315;4;1299;1;1287;8;1276;3;1275;2
7/30/2025;6:52:28 AM;WG REA FORD CA029;1318;5;1316;1;1317;2;1320;0;1318;2;1319;0;1318;0;1318;4;1302;1;1290;8;1279;3;1278;2
7/30/2025;6:53:28 AM;WG REA FORD CA029;1321;5;1319;1;1319;2;1323;0;1321;2;1322;0;1321;0;1321;4;1305;1;1293;8;1282;3;1281;2
7/30/2025;6:54:28 AM;WG REA FORD CA029;1324;5;1322;1;1322;2;1326;0;1324;2;1324;0;1324;0;1324;4;1308;1;1296;8;1285;3;1284;2
7/30/2025;6:55:28 AM;WG REA FORD CA029;1327;5;1324;1;1325;2;1329;0;1327;2;1327;0;1327;0;1327;4;1311;1;1299;8;1288;3;1287;2
7/30/2025;6:56:28 AM;WG REA FORD CA029;1330;5;1327;1;1328;2;1332;0;1330;2;1330;0;1330;0;1330;4;1312;1;1302;8;1291;3;1290;2
7/30/2025;6:57:28 AM;WG REA FORD CA029;1333;5;1330;1;1331;2;1335;0;1333;2;1333;0;1333;0;1332;4;1313;1;1302;8;1292;3;1291;2
7/30/2025;6:58:28 AM;WG REA FORD CA029;1333;5;1330;1;1331;2;1336;0;1334;2;1335;0;1334;0;1334;4;1317;1;1305;8;1295;3;1293;2
7/30/2025;6:59:28 AM;WG REA FORD CA029;1336;5;1333;1;1334;2;1338;0;1336;2;1337;0;1336;0;1337;4;1320;1;1308;8;1297;3;1296;2
7/30/2025;7:00:28 AM;WG REA FORD CA029;1339;5;1337;1;1337;2;1341;0;1339;2;1340;0;1339;0;1339;4;1323;1;1311;8;1300;3;1299;2
7/30/2025;7:01:28 AM;WG REA FORD CA029;1342;5;1340;1;1340;2;1344;0;1342;2;1342;0;1342;0;1342;4;1325;1;1314;8;1303;3;1302;2
7/30/2025;7:02:28 AM;WG REA FORD CA029;1345;5;1342;1;1343;2;1347;0;1345;2;1345;0;1345;0;1342;4;1325;1;1314;8;1303;3;1302;2
7/30/2025;7:03:28 AM;WG REA FORD CA029;0;0;0;0;0;0;0;0;0;0;0;0;0;0;0;0;0;0;0;0;0;0;0;0
7/30/2025;7:04:28 AM;WG REA FORD CA029;0;0;0;0;0;0;0;0;0;0;0;0;0;0;0;0;0;0;0;0;0;0;0;0
7/30/2025;7:05:28 AM;WG REA FORD CA029;0;0;0;0;0;0;0;0;0;0;0;0;0;0;0;0;0;0;0;0;0;0;0;0
7/30/2025;7:06:28 AM;WG REA FORD CA029;0;0;0;0;0;0;0;0;0;0;0;0;0;0;0;0;0;0;0;0;0;0;0;0
7/30/2025;7:07:28 AM;WG REA FORD CA029;0;0;0;0;0;0;0;0;0;0;0;0;0;0;1;0;2;0;1;1;0;0;1;0
7/30/2025;7:08:28 AM;WG REA FORD CA029;0;0;0;0;0;0;0;0;0;0;0;0;0;0;3;0;3;0;2;1;0;0;1;0
7/30/2025;7:09:28 AM;WG REA FORD CA029;0;0;0;0;0;0;0;0;0;0;0;0;0;0;3;0;3;0;2;1;0;0;1;0
7/30/2025;7:10:28 AM;WG REA FORD CA029;0;0;0;0;0;0;0;0;0;0;0;0;0;0;3;0;3;0;2;1;0;0;1;0
7/30/2025;7:11:28 AM;WG REA FORD CA029;0;0;0;0;0;0;0;0;0;0;0;0;0;0;5;0;5;0;4;1;0;0;1;0
7/30/2025;7:12:28 AM;WG REA FORD CA029;0;0;0;0;0;0;0;0;0;0;0;0;0;0;5;0;8;0;7;1;3;0;2;0
7/30/2025;7:13:28 AM;WG REA FORD CA029;1;0;1;0;1;0;0;0;0;0;0;0;0;0;6;0;10;0;7;1;4;0;2;0
7/30/2025;7:14:28 AM;WG REA FORD CA029;1;0;1;0;1;0;0;0;0;0;0;0;0;0;6;0;10;0;7;1;4;0;2;0
7/30/2025;7:15:28 AM;WG REA FORD CA029;2;0;2;1;2;0;1;0;1;0;0;0;1;0;6;0;10;0;8;1;5;0;4;0
7/30/2025;7:16:28 AM;WG REA FORD CA029;6;0;5;1;5;0;3;0;4;0;3;0;4;0;8;0;13;0;11;1;8;0;7;0
7/30/2025;7:17:28 AM;WG REA FORD CA029;9;0;8;1;8;0;6;0;7;0;6;0;7;0;11;0;15;0;14;1;11;0;10;0
7/30/2025;7:18:28 AM;WG REA FORD CA029;13;0;12;1;12;0;10;0;10;0;9;0;10;0;14;0;18;0;16;1;14;0;13;0
7/30/2025;7:19:28 AM;WG REA FORD CA029;16;0;15;1;15;0;13;0;13;0;12;0;13;0;17;0;21;0;19;1;17;0;16;1
7/30/2025;7:20:28 AM;WG REA FORD CA029;19;0;19;1;18;0;15;0;14;0;15;0;16;0;20;0;24;0;22;1;20;0;19;1
7/30/2025;7:21:28 AM;WG REA FORD CA029;21;0;20;1;18;0;16;0;16;0;16;0;16;0;22;0;27;0;25;1;23;0;22;1
7/30/2025;7:22:28 AM;WG REA FORD CA029;23;0;23;1;20;0;19;0;19;0;18;0;19;0;23;0;30;0;28;1;25;0;25;1
7/30/2025;7:23:28 AM;WG REA FORD CA029;26;0;26;1;24;0;22;0;22;0;21;0;22;0;26;0;32;0;31;1;28;0;28;1
7/30/2025;7:24:28 AM;WG REA FORD CA029;29;0;29;1;27;0;25;0;25;0;24;0;25;0;29;0;35;0;33;1;31;0;31;1
7/30/2025;7:25:28 AM;WG REA FORD CA029;32;0;32;1;30;0;28;0;28;0;27;0;28;0;32;0;38;0;36;1;34;0;34;1
7/30/2025;7:26:28 AM;WG REA FORD CA029;35;0;35;1;32;0;31;0;31;0;30;0;31;0;35;0;42;0;39;1;37;0;37;1
7/30/2025;7:27:28 AM;WG REA FORD CA029;38;0;38;1;35;0;34;0;34;0;33;0;34;0;38;0;45;0;42;1;40;0;40;1
7/30/2025;7:28:28 AM;WG REA FORD CA029;41;0;41;1;38;0;37;0;37;0;36;0;37;0;41;0;48;0;45;1;43;0;43;1
7/30/2025;7:29:28 AM;WG REA FORD CA029;44;0;43;1;41;0;40;0;40;0;39;0;40;0;44;0;51;0;48;1;46;0;46;1
7/30/2025;7:30:28 AM;WG REA FORD CA029;47;0;46;1;44;0;43;0;43;0;42;0;43;0;47;0;53;0;51;1;49;0;49;1
7/30/2025;7:31:28 AM;WG REA FORD CA029;50;0;49;1;47;0;46;0;46;0;45;0;46;0;50;0;56;0;54;1;52;0;52;1
7/30/2025;7:32:28 AM;WG REA FORD CA029;51;0;50;1;49;0;47;0;47;0;46;0;47;0;53;0;59;0;57;1;55;0;55;1
7/30/2025;7:33:28 AM;WG REA FORD CA029;51;0;50;1;49;0;47;0;47;0;46;0;47;0;53;0;62;0;60;1;58;0;58;1
7/30/2025;7:34:28 AM;WG REA FORD CA029;51;0;51;1;49;0;47;0;47;0;47;0;47;0;53;0;65;0;63;1;61;0;60;1
7/30/2025;7:35:28 AM;WG REA FORD CA029;54;0;53;1;52;0;50;0;50;0;50;0;50;0;54;0;68;0;66;1;64;0;63;1
7/30/2025;7:36:28 AM;WG REA FORD CA029;57;0;57;1;55;0;53;0;53;0;53;0;54;0;57;0;71;0;69;1;67;0;66;1
7/30/2025;7:37:28 AM;WG REA FORD CA029;61;0;60;1;58;0;56;0;56;0;56;0;57;0;60;0;74;0;72;1;70;0;69;1
7/30/2025;7:38:28 AM;WG REA FORD CA029;64;0;63;1;61;0;59;0;59;0;59;0;60;0;63;0;77;0;75;1;73;0;72;1
7/30/2025;7:39:28 AM;WG REA FORD CA029;67;0;66;1;64;0;62;0;62;0;62;0;62;0;66;0;80;0;77;1;75;0;75;1
7/30/2025;7:40:28 AM;WG REA FORD CA029;70;0;69;1;67;0;65;0;65;0;65;0;65;0;69;0;83;0;80;1;78;0;78;1
7/30/2025;7:41:28 AM;WG REA FORD CA029;73;0;72;1;70;0;68;0;68;0;68;0;68;0;72;0;86;0;83;1;81;0;81;1
7/30/2025;7:42:28 AM;WG REA FORD CA029;76;0;75;1;73;0;71;0;71;0;71;0;71;0;75;0;89;0;86;1;84;0;84;1
7/30/2025;7:43:28 AM;WG REA FORD CA029;79;0;78;1;76;0;74;0;74;0;73;0;74;0;78;0;92;0;89;1;87;0;87;1
7/30/2025;7:44:28 AM;WG REA FORD CA029;81;0;81;1;79;0;77;0;77;0;76;0;77;0;81;0;95;0;92;1;90;0;90;1
7/30/2025;7:45:28 AM;WG REA FORD CA029;84;0;84;1;82;0;80;0;80;0;79;0;80;0;84;0;98;0;95;1;93;0;93;1
7/30/2025;7:46:28 AM;WG REA FORD CA029;87;0;87;1;85;0;83;0;83;0;82;0;83;0;87;0;101;0;98;1;96;0;96;1
7/30/2025;7:47:28 AM;WG REA FORD CA029;90;0;90;1;87;0;86;0;86;0;85;0;86;0;90;0;104;0;101;1;99;0;99;1
7/30/2025;7:48:28 AM;WG REA FORD CA029;93;0;93;1;90;0;89;0;89;0;88;0;89;0;93;0;106;0;104;1;102;0;102;1
7/30/2025;7:49:28 AM;WG REA FORD CA029;96;0;95;1;93;0;92;0;92;0;91;0;92;0;96;0;109;0;107;1;105;0;105;1
7/30/2025;7:50:28 AM;WG REA FORD CA029;99;0;98;1;96;0;95;0;95;0;94;0;95;0;99;0;113;0;110;1;108;0;108;1
7/30/2025;7:51:28 AM;WG REA FORD CA029;102;0;101;1;99;0;98;0;98;0;97;0;98;0;102;0;115;0;113;1;111;0;110;1
7/30/2025;7:52:28 AM;WG REA FORD CA029;104;0;103;1;100;0;98;0;99;0;98;0;99;0;105;0;118;0;116;1;114;0;113;1
7/30/2025;7:53:28 AM;WG REA FORD CA029;104;0;103;1;100;0;98;0;99;0;98;0;99;0;106;0;119;0;117;1;116;0;116;1
7/30/2025;7:54:28 AM;WG REA FORD CA029;104;0;103;1;100;0;98;0;99;0;98;0;99;0;106;0;119;0;117;1;116;0;116;1
7/30/2025;7:55:28 AM;WG REA FORD CA029;104;0;103;1;100;0;98;0;99;0;98;0;99;0;106;0;119;0;117;1;116;0;116;1
7/30/2025;7:56:28 AM;WG REA FORD CA029;104;0;103;1;100;0;98;0;99;0;98;0;99;0;106;0;122;0;119;1;116;0;116;1
7/30/2025;7:57:28 AM;WG REA FORD CA029;104;0;103;1;100;0;98;0;99;0;98;0;99;0;106;0;123;0;122;1;118;0;117;1
7/30/2025;7:58:28 AM;WG REA FORD CA029;104;0;103;1;101;0;98;0;99;0;99;0;99;0;106;0;123;0;125;1;121;0;119;1
7/30/2025;7:59:28 AM;WG REA FORD CA029;105;0;104;1;101;0;99;0;99;0;100;0;100;0;106;0;123;0;125;1;122;0;121;1
7/30/2025;8:00:28 AM;WG REA FORD CA029;105;0;104;1;101;0;99;0;100;0;100;0;100;0;106;0;123;0;125;1;122;0;121;1
7/30/2025;8:01:28 AM;WG REA FORD CA029;105;0;104;1;102;0;99;0;100;0;100;0;100;0;106;0;123;0;125;1;122;0;121;1
7/30/2025;8:02:28 AM;WG REA FORD CA029;108;0;107;1;104;0;101;0;100;0;101;0;102;0;107;0;124;0;125;1;122;0;121;1
7/30/2025;8:03:28 AM;WG REA FORD CA029;108;0;107;1;104;0;101;0;101;0;101;0;102;0;108;0;125;0;125;1;122;0;121;1
7/30/2025;8:04:28 AM;WG REA FORD CA029;110;0;109;1;107;0;104;0;104;0;104;0;105;0;108;0;125;0;127;1;123;0;122;1
7/30/2025;8:05:28 AM;WG REA FORD CA029;113;0;112;1;110;0;108;0;107;0;107;0;108;0;111;0;128;0;127;1;124;0;123;1
7/30/2025;8:06:28 AM;WG REA FORD CA029;115;0;114;1;113;0;111;0;110;0;110;0;111;0;115;0;130;0;129;1;125;0;124;1
7/30/2025;8:07:28 AM;WG REA FORD CA029;117;0;116;1;115;0;113;0;113;0;113;0;114;0;118;0;132;0;131;1;128;0;127;1
7/30/2025;8:08:28 AM;WG REA FORD CA029;120;0;119;1;117;0;116;0;117;0;116;0;117;0;121;0;135;0;133;1;129;0;128;1
7/30/2025;8:09:28 AM;WG REA FORD CA029;123;0;122;1;120;0;119;0;119;0;119;0;120;0;124;0;138;0;136;1;132;0;131;1
7/30/2025;8:10:28 AM;WG REA FORD CA029;126;0;125;1;123;0;122;0;122;0;122;0;123;0;126;0;141;0;139;1;135;0;134;1
7/30/2025;8:11:28 AM;WG REA FORD CA029;129;0;128;1;126;0;125;0;125;0;125;0;126;0;129;0;144;0;142;1;138;0;137;1
7/30/2025;8:12:28 AM;WG REA FORD CA029;132;0;131;1;129;0;128;0;128;0;128;0;129;0;132;0;147;0;145;1;141;0;140;1
7/30/2025;8:13:28 AM;WG REA FORD CA029;135;0;134;1;132;0;131;0;131;0;131;0;131;0;135;0;150;0;148;1;144;0;143;1
7/30/2025;8:14:28 AM;WG REA FORD CA029;138;0;137;1;135;0;134;0;134;0;134;0;134;0;138;0;153;0;151;1;147;0;146;1
7/30/2025;8:15:28 AM;WG REA FORD CA029;141;0;140;1;138;0;136;0;137;0;137;0;137;0;141;0;156;0;154;1;150;0;149;1
7/30/2025;8:16:28 AM;WG REA FORD CA029;143;1;143;1;141;0;139;0;139;0;139;0;140;0;144;0;159;0;157;1;153;0;152;1
7/30/2025;8:17:28 AM;WG REA FORD CA029;146;1;146;1;144;0;142;0;142;0;142;0;143;0;146;0;162;0;160;1;155;0;154;1
7/30/2025;8:18:28 AM;WG REA FORD CA029;150;1;149;1;147;0;145;0;145;0;145;0;146;0;149;0;165;0;163;1;158;0;157;1
7/30/2025;8:19:28 AM;WG REA FORD CA029;152;1;151;1;149;0;148;0;148;0;147;0;148;0;152;0;168;0;166;1;161;0;160;1
7/30/2025;8:20:28 AM;WG REA FORD CA029;155;1;154;1;152;0;151;0;151;0;150;0;151;0;155;0;170;0;169;1;164;0;163;1
7/30/2025;8:21:28 AM;WG REA FORD CA029;158;1;157;1;155;0;154;0;154;0;153;0;154;0;158;0;173;0;171;1;167;0;166;1
7/30/2025;8:22:28 AM;WG REA FORD CA029;161;1;160;1;158;0;157;0;157;0;156;0;157;0;161;0;176;0;174;1;170;0;169;1
7/30/2025;8:23:28 AM;WG REA FORD CA029;164;1;163;1;161;0;160;0;160;0;159;0;160;0;164;0;179;0;177;1;173;0;172;1
7/30/2025;8:24:28 AM;WG REA FORD CA029;167;1;166;1;164;0;162;0;162;0;162;0;163;0;167;0;182;0;180;1;176;0;175;1
7/30/2025;8:25:28 AM;WG REA FORD CA029;169;1;169;1;166;0;163;0;164;0;165;0;165;0;170;0;185;0;183;1;179;0;178;1
7/30/2025;8:26:28 AM;WG REA FORD CA029;171;1;170;1;168;0;166;0;167;0;166;0;167;0;171;0;187;0;186;1;182;0;181;1
7/30/2025;8:27:28 AM;WG REA FORD CA029;174;1;173;1;171;0;169;0;169;0;169;0;170;0;174;0;190;0;188;1;184;0;183;1
7/30/2025;8:28:28 AM;WG REA FORD CA029;177;1;176;1;174;0;172;0;173;0;172;0;173;0;177;0;193;0;191;1;187;0;186;1
7/30/2025;8:29:28 AM;WG REA FORD CA029;180;1;179;1;177;0;176;0;176;0;175;0;176;0;180;0;196;0;194;1;190;0;189;1
7/30/2025;8:30:28 AM;WG REA FORD CA029;183;1;182;1;180;0;179;0;179;0;178;0;179;0;183;0;199;0;197;1;193;0;192;1
7/30/2025;8:31:28 AM;WG REA FORD CA029;186;1;185;1;183;0;182;0;182;0;181;0;182;0;186;0;202;0;200;1;196;0;195;1
7/30/2025;8:32:28 AM;WG REA FORD CA029;189;1;188;1;186;0;184;0;184;0;184;0;185;0;189;0;205;0;203;1;199;0;198;1
7/30/2025;8:33:28 AM;WG REA FORD CA029;192;1;191;1;189;0;187;0;188;0;187;0;188;0;192;0;207;0;206;1;202;0;201;1
7/30/2025;8:34:28 AM;WG REA FORD CA029;195;1;194;1;191;0;189;0;188;0;189;0;190;0;195;0;210;0;208;1;204;0;203;1
7/30/2025;8:35:28 AM;WG REA FORD CA029;195;1;194;1;191;0;190;0;190;0;190;0;190;0;196;0;212;0;211;1;207;0;206;1
7/30/2025;8:36:28 AM;WG REA FORD CA029;197;1;197;1;194;0;193;0;193;0;193;0;193;0;197;0;214;0;214;1;210;0;208;1
7/30/2025;8:37:28 AM;WG REA FORD CA029;200;1;200;1;197;0;196;0;196;0;196;0;196;0;200;0;216;0;215;1;212;0;211;1
7/30/2025;8:38:28 AM;WG REA FORD CA029;204;1;203;1;201;0;199;0;199;0;198;0;199;0;203;0;220;0;218;1;214;0;213;1
7/30/2025;8:39:28 AM;WG REA FORD CA029;206;1;206;1;204;0;202;0;202;0;201;0;202;0;206;0;223;0;221;1;217;0;216;1
7/30/2025;8:40:28 AM;WG REA FORD CA029;209;1;209;1;207;0;205;0;205;0;204;0;205;0;209;0;226;0;224;1;220;0;218;1
7/30/2025;8:41:28 AM;WG REA FORD CA029;212;1;212;1;209;0;208;0;208;0;207;0;208;0;212;0;228;0;227;1;223;0;221;1
7/30/2025;8:42:28 AM;WG REA FORD CA029;215;1;215;1;212;0;211;0;211;0;210;0;211;0;215;0;232;0;230;1;226;0;224;1
7/30/2025;8:43:28 AM;WG REA FORD CA029;218;1;218;1;215;0;214;0;214;0;213;0;214;0;218;0;234;0;232;1;229;0;227;1
7/30/2025;8:44:28 AM;WG REA FORD CA029;221;1;220;1;218;0;217;0;217;0;216;0;217;0;221;0;237;0;235;1;232;0;230;1
7/30/2025;8:45:28 AM;WG REA FORD CA029;224;1;223;1;221;0;220;0;220;0;219;0;220;0;224;0;240;0;238;1;234;0;233;1
7/30/2025;8:46:28 AM;WG REA FORD CA029;227;1;226;1;224;0;223;0;223;0;222;0;223;0;227;0;243;0;241;1;237;0;236;1
7/30/2025;8:47:28 AM;WG REA FORD CA029;230;1;229;1;227;0;225;0;226;0;225;0;226;0;230;0;246;0;244;1;240;0;239;1
7/30/2025;8:48:28 AM;WG REA FORD CA029;233;1;232;1;230;0;228;0;228;0;228;0;229;0;232;0;249;0;247;1;243;0;242;1
7/30/2025;8:49:28 AM;WG REA FORD CA029;236;1;235;1;233;0;231;0;231;0;231;0;232;0;235;0;252;0;250;1;246;0;245;1
7/30/2025;8:50:28 AM;WG REA FORD CA029;239;1;238;1;236;0;234;0;234;0;234;0;235;0;238;0;255;0;253;1;249;0;248;1
7/30/2025;8:51:28 AM;WG REA FORD CA029;242;1;241;1;239;0;237;0;237;0;237;0;238;0;241;0;257;0;256;1;252;0;251;1
7/30/2025;8:52:28 AM;WG REA FORD CA029;245;1;244;1;242;0;240;0;240;0;240;0;241;0;244;0;260;0;258;1;254;0;253;1
7/30/2025;8:53:28 AM;WG REA FORD CA029;248;1;247;1;245;0;243;0;243;0;243;0;244;0;247;0;263;0;261;1;257;0;256;1
7/30/2025;8:54:28 AM;WG REA FORD CA029;251;1;250;1;248;0;246;0;246;0;246;0;246;0;250;0;266;0;264;1;260;0;259;1
7/30/2025;8:55:28 AM;WG REA FORD CA029;254;1;253;1;251;0;249;0;249;0;249;0;249;0;253;0;268;0;267;1;263;0;262;1
7/30/2025;8:56:28 AM;WG REA FORD CA029;257;1;256;1;254;0;252;0;252;0;252;0;252;0;256;0;272;0;270;1;266;0;264;1
7/30/2025;8:57:28 AM;WG REA FORD CA029;260;1;259;1;257;0;255;0;255;0;255;0;255;0;259;0;274;0;272;1;269;0;267;1
7/30/2025;8:58:28 AM;WG REA FORD CA029;263;1;262;1;260;0;258;0;258;0;257;0;258;0;260;0;277;0;275;1;271;0;270;1
7/30/2025;8:59:28 AM;WG REA FORD CA029;265;1;265;1;262;0;260;0;261;0;260;0;261;0;262;0;278;0;278;1;274;0;273;1
7/30/2025;9:00:28 AM;WG REA FORD CA029;268;1;267;1;265;0;263;0;263;0;263;0;264;0;265;0;281;0;279;1;276;0;275;1
7/30/2025;9:01:28 AM;WG REA FORD CA029;271;1;270;1;268;0;266;0;266;0;266;0;267;0;268;0;284;0;282;1;279;0;277;1
7/30/2025;9:02:28 AM;WG REA FORD CA029;274;1;273;1;271;0;269;0;269;0;269;0;270;0;271;0;287;0;285;1;281;0;280;1
7/30/2025;9:03:28 AM;WG REA FORD CA029;277;1;276;1;274;0;273;0;273;0;272;0;273;0;274;0;290;0;288;1;284;0;283;1
7/30/2025;9:04:28 AM;WG REA FORD CA029;280;1;279;1;277;0;276;0;276;0;275;0;276;0;277;0;293;0;291;1;287;0;286;1
7/30/2025;9:05:28 AM;WG REA FORD CA029;283;1;282;1;280;0;278;0;279;0;278;0;279;0;281;0;296;0;294;1;290;0;289;1
7/30/2025;9:06:28 AM;WG REA FORD CA029;286;1;285;1;283;0;281;0;281;0;281;0;282;0;284;0;299;0;297;1;293;0;292;1
7/30/2025;9:07:28 AM;WG REA FORD CA029;289;1;288;1;286;0;284;0;284;0;284;0;285;0;287;0;302;0;300;1;296;0;295;1
7/30/2025;9:08:28 AM;WG REA FORD CA029;292;1;291;1;289;0;287;0;287;0;287;0;288;0;289;0;305;0;303;1;299;0;297;1
7/30/2025;9:09:28 AM;WG REA FORD CA029;295;1;294;1;292;0;290;0;290;0;290;0;291;0;293;0;308;0;306;1;302;0;300;1
7/30/2025;9:10:28 AM;WG REA FORD CA029;298;1;297;1;295;0;293;0;293;0;293;0;294;0;296;0;311;0;309;1;305;0;303;1
7/30/2025;9:11:28 AM;WG REA FORD CA029;301;1;300;1;298;0;296;0;296;0;296;0;296;0;299;0;314;0;311;1;308;0;306;1
7/30/2025;9:12:28 AM;WG REA FORD CA029;304;1;303;1;301;0;299;0;299;0;299;0;299;0;302;0;317;0;314;1;310;0;309;1
7/30/2025;9:13:28 AM;WG REA FORD CA029;307;1;306;1;304;0;302;0;302;0;302;0;302;0;305;0;320;0;317;1;313;0;312;1
7/30/2025;9:14:28 AM;WG REA FORD CA029;310;1;309;1;307;0;305;0;305;0;305;0;305;0;308;0;323;0;320;1;316;0;315;1
7/30/2025;9:15:28 AM;WG REA FORD CA029;313;1;312;1;310;0;308;0;308;0;307;0;308;0;311;0;326;0;323;1;319;0;318;1
7/30/2025;9:16:28 AM;WG REA FORD CA029;316;1;315;1;313;0;311;0;311;0;310;0;311;0;314;0;329;0;326;1;322;0;321;1
7/30/2025;9:17:28 AM;WG REA FORD CA029;318;1;318;1;316;0;314;0;314;0;313;0;314;0;317;0;332;0;329;1;325;0;324;1
7/30/2025;9:18:28 AM;WG REA FORD CA029;321;1;321;1;318;0;317;0;316;0;316;0;317;0;321;0;335;0;332;1;328;0;327;1
7/30/2025;9:19:28 AM;WG REA FORD CA029;323;1;322;1;319;0;317;0;317;0;317;0;318;0;324;0;338;0;335;1;331;0;330;1
7/30/2025;9:20:28 AM;WG REA FORD CA029;324;1;324;1;322;0;320;0;320;0;320;0;320;0;324;0;341;0;338;1;334;0;333;1
7/30/2025;9:21:28 AM;WG REA FORD CA029;328;1;327;1;325;0;323;0;323;0;323;0;323;0;327;0;343;0;341;1;337;0;336;1
7/30/2025;9:22:28 AM;WG REA FORD CA029;331;1;330;1;328;0;326;0;326;0;326;0;327;0;330;0;346;0;344;1;340;0;339;1
7/30/2025;9:23:28 AM;WG REA FORD CA029;333;1;333;1;331;0;329;0;329;0;329;0;329;0;333;0;349;0;347;1;343;0;342;1
7/30/2025;9:24:28 AM;WG REA FORD CA029;336;1;336;1;333;0;332;0;332;0;332;0;332;0;336;0;352;0;350;1;346;0;344;1
7/30/2025;9:25:28 AM;WG REA FORD CA029;339;1;339;1;337;0;335;0;335;0;335;0;335;0;339;0;355;0;353;1;349;0;347;1
7/30/2025;9:26:28 AM;WG REA FORD CA029;343;1;342;1;340;0;338;0;338;0;338;0;338;0;342;0;357;0;356;1;352;0;350;1
7/30/2025;9:27:28 AM;WG REA FORD CA029;344;2;344;1;343;0;341;0;341;0;340;0;341;0;345;0;361;0;359;1;355;0;353;1
7/30/2025;9:28:28 AM;WG REA FORD CA029;348;2;348;1;346;0;344;0;344;0;343;0;344;0;348;0;364;0;362;1;357;0;356;1
7/30/2025;9:29:28 AM;WG REA FORD CA029;351;2;351;1;349;0;347;0;347;0;346;0;347;0;351;0;367;0;365;1;360;0;359;1
7/30/2025;9:30:28 AM;WG REA FORD CA029;354;2;354;1;352;0;350;0;350;0;349;0;350;0;354;0;369;0;368;1;363;0;362;1
7/30/2025;9:31:28 AM;WG REA FORD CA029;357;2;357;1;354;0;353;0;353;0;352;0;353;0;357;0;372;0;371;1;366;0;365;1
7/30/2025;9:32:28 AM;WG REA FORD CA029;360;2;360;1;357;0;356;0;356;0;355;0;356;0;360;0;375;0;373;1;369;0;368;1
7/30/2025;9:33:28 AM;WG REA FORD CA029;363;2;362;1;360;0;359;0;359;0;358;0;359;0;363;0;378;0;376;1;372;0;371;1
7/30/2025;9:34:28 AM;WG REA FORD CA029;366;2;365;1;363;0;362;0;362;0;361;0;362;0;366;0;381;0;379;1;375;0;374;1
7/30/2025;9:35:28 AM;WG REA FORD CA029;369;2;368;1;366;0;365;0;365;0;364;0;365;0;369;0;384;0;382;1;378;0;377;1
7/30/2025;9:36:28 AM;WG REA FORD CA029;371;3;371;1;369;0;368;0;368;0;367;0;368;0;372;0;387;0;385;1;381;0;380;1
7/30/2025;9:37:28 AM;WG REA FORD CA029;375;3;374;1;372;0;371;0;371;0;370;0;371;0;374;0;390;0;388;1;384;0;382;1
7/30/2025;9:38:28 AM;WG REA FORD CA029;378;3;377;1;375;0;373;0;374;0;373;0;374;0;378;0;393;0;390;1;387;0;385;2
7/30/2025;9:39:28 AM;WG REA FORD CA029;381;3;380;1;378;0;376;0;377;0;376;0;377;0;380;0;396;0;393;1;388;0;388;2
7/30/2025;9:40:28 AM;WG REA FORD CA029;384;3;383;1;381;0;380;0;379;0;379;0;380;0;384;0;398;0;393;1;388;0;388;2
7/30/2025;9:41:28 AM;WG REA FORD CA029;387;3;386;1;384;0;382;0;383;0;382;0;383;0;387;0;398;0;393;1;388;0;388;2
7/30/2025;9:42:28 AM;WG REA FORD CA029;390;3;389;1;387;0;385;0;385;0;385;0;386;0;390;0;398;0;393;1;388;0;388;2
7/30/2025;9:43:28 AM;WG REA FORD CA029;393;3;392;1;390;0;388;0;388;0;388;0;389;0;392;0;399;0;395;2;389;0;388;2
7/30/2025;9:44:28 AM;WG REA FORD CA029;396;3;395;1;393;0;391;0;391;0;391;0;392;0;395;0;403;0;398;2;392;0;391;2
7/30/2025;9:45:28 AM;WG REA FORD CA029;399;3;398;1;396;0;394;0;394;0;394;0;394;0;398;0;406;0;401;2;395;0;394;2
7/30/2025;9:46:28 AM;WG REA FORD CA029;402;3;401;1;399;0;397;0;397;0;397;0;397;0;401;0;409;0;404;2;398;0;397;2
7/30/2025;9:47:28 AM;WG REA FORD CA029;405;3;404;1;402;0;400;0;400;0;400;0;400;0;404;0;411;0;407;2;400;1;400;2
7/30/2025;9:48:28 AM;WG REA FORD CA029;407;3;407;1;405;0;403;0;403;0;403;0;403;0;407;0;414;0;410;2;403;1;402;2
7/30/2025;9:49:28 AM;WG REA FORD CA029;410;4;410;1;408;0;406;0;406;0;405;0;406;0;410;0;417;0;413;2;406;1;405;2
7/30/2025;9:50:28 AM;WG REA FORD CA029;414;4;413;1;411;0;409;0;409;0;407;0;409;0;413;0;421;0;416;2;409;1;408;2
7/30/2025;9:51:28 AM;WG REA FORD CA029;415;4;414;1;411;0;409;0;409;0;407;0;409;0;415;0;423;0;419;2;412;1;411;2
7/30/2025;9:52:28 AM;WG REA FORD CA029;415;4;414;1;411;0;409;0;409;0;407;0;409;0;416;0;426;0;422;2;415;1;414;2
7/30/2025;9:53:28 AM;WG REA FORD CA029;415;4;414;1;412;0;411;0;411;0;410;0;411;0;416;0;429;0;424;3;417;1;416;2
7/30/2025;9:54:28 AM;WG REA FORD CA029;415;5;415;1;413;0;412;0;412;0;411;0;412;0;418;0;432;0;427;3;420;1;419;2
7/30/2025;9:55:28 AM;WG REA FORD CA029;418;5;418;1;416;0;415;0;415;0;414;0;415;0;419;0;435;0;430;3;423;1;422;2
7/30/2025;9:56:28 AM;WG REA FORD CA029;422;5;421;1;419;0;418;0;418;0;417;0;418;0;422;0;437;0;432;3;426;1;425;2
7/30/2025;9:57:28 AM;WG REA FORD CA029;425;5;425;1;423;0;421;0;421;0;420;0;421;0;425;0;440;0;435;3;429;1;427;2
7/30/2025;9:58:28 AM;WG REA FORD CA029;428;5;428;1;425;0;424;0;424;0;423;0;424;0;428;0;443;0;438;3;431;1;430;2
7/30/2025;9:59:28 AM;WG REA FORD CA029;431;5;431;1;428;0;427;0;427;0;426;0;427;0;431;0;446;0;441;3;434;1;433;2
7/30/2025;10:00:28 AM;WG REA FORD CA029;433;6;433;1;431;0;430;0;430;0;429;0;430;0;434;0;447;0;443;3;437;1;436;2
7/30/2025;10:01:28 AM;WG REA FORD CA029;437;6;436;1;434;0;433;0;433;0;432;0;433;0;437;0;450;0;445;3;438;1;437;2
7/30/2025;10:02:28 AM;WG REA FORD CA029;440;6;439;1;437;0;436;0;436;0;435;0;436;0;440;0;453;0;448;3;441;1;440;2
7/30/2025;10:03:28 AM;WG REA FORD CA029;443;6;442;1;440;0;439;0;439;0;438;0;439;0;443;0;457;0;451;3;444;1;443;2
7/30/2025;10:04:28 AM;WG REA FORD CA029;446;6;445;1;443;0;442;0;442;0;441;0;442;0;446;0;459;0;453;4;446;1;445;2
7/30/2025;10:05:28 AM;WG REA FORD CA029;449;6;448;1;446;0;444;0;444;0;444;0;445;0;448;0;462;0;455;4;448;1;447;2
7/30/2025;10:06:28 AM;WG REA FORD CA029;452;6;451;1;449;0;447;0;448;0;447;0;448;0;450;0;464;0;457;4;450;1;449;2
7/30/2025;10:07:28 AM;WG REA FORD CA029;455;6;454;1;452;0;450;0;450;0;450;0;451;0;453;0;467;0;460;4;453;1;452;2
7/30/2025;10:08:28 AM;WG REA FORD CA029;458;6;457;1;455;0;453;0;453;0;453;0;454;0;456;0;470;0;463;4;456;1;455;2
7/30/2025;10:09:28 AM;WG REA FORD CA029;461;6;460;1;458;0;456;0;456;0;456;0;457;0;459;0;473;0;466;4;459;1;458;2
7/30/2025;10:10:28 AM;WG REA FORD CA029;464;6;463;1;461;0;459;0;459;0;459;0;459;0;462;0;476;0;469;4;462;1;461;2
7/30/2025;10:11:28 AM;WG REA FORD CA029;467;6;466;1;464;0;461;0;462;0;462;0;462;0;465;0;479;0;472;4;465;1;464;2
7/30/2025;10:12:28 AM;WG REA FORD CA029;468;6;467;1;464;0;461;0;462;0;462;0;462;0;469;0;481;0;475;4;467;1;466;2
7/30/2025;10:13:28 AM;WG REA FORD CA029;468;6;467;1;464;0;461;0;462;0;462;0;462;0;469;0;483;0;475;4;467;1;466;2
7/30/2025;10:14:28 AM;WG REA FORD CA029;468;6;467;1;464;0;461;0;462;0;463;0;463;0;469;0;483;0;475;4;467;1;466;2
7/30/2025;10:15:28 AM;WG REA FORD CA029;470;6;469;1;466;0;462;0;462;0;463;0;463;0;470;0;483;0;475;4;467;1;466;2
7/30/2025;10:16:28 AM;WG REA FORD CA029;471;6;470;1;469;0;465;0;465;0;465;0;466;0;470;0;483;0;475;4;467;1;466;2
7/30/2025;10:17:28 AM;WG REA FORD CA029;471;6;470;1;470;0;468;0;469;0;468;0;469;0;472;0;483;0;475;4;467;1;466;2
7/30/2025;10:18:28 AM;WG REA FORD CA029;471;6;470;1;470;0;469;0;469;0;469;0;469;0;475;0;483;0;475;4;467;1;466;2
7/30/2025;10:19:28 AM;WG REA FORD CA029;471;6;470;1;470;0;469;0;470;0;470;0;470;0;475;0;483;0;475;4;467;1;466;2
7/30/2025;10:20:28 AM;WG REA FORD CA029;471;6;470;1;470;0;469;0;470;0;471;0;471;0;477;0;484;0;478;4;468;1;466;2
7/30/2025;10:21:28 AM;WG REA FORD CA029;471;6;470;1;470;0;469;0;470;0;471;0;471;0;477;0;487;0;481;4;471;1;469;2
7/30/2025;10:22:28 AM;WG REA FORD CA029;473;6;472;1;472;0;470;0;471;0;471;0;471;0;477;0;490;0;484;4;474;1;472;2
7/30/2025;10:23:28 AM;WG REA FORD CA029;475;7;475;1;475;0;473;0;473;0;473;0;473;0;479;0;491;0;486;4;477;1;475;2
7/30/2025;10:24:28 AM;WG REA FORD CA029;479;7;478;1;478;0;475;0;476;0;475;0;476;0;480;0;491;0;486;4;478;1;476;2
7/30/2025;10:25:28 AM;WG REA FORD CA029;481;7;480;1;480;0;479;0;479;0;478;0;479;0;483;0;491;0;486;4;478;1;476;2
7/30/2025;10:26:28 AM;WG REA FORD CA029;485;7;484;1;483;0;482;0;482;0;481;0;482;0;485;0;494;0;488;4;480;1;477;2
7/30/2025;10:27:28 AM;WG REA FORD CA029;488;7;487;1;486;0;485;0;485;0;484;0;485;0;488;0;498;0;491;4;482;1;480;2
7/30/2025;10:28:28 AM;WG REA FORD CA029;490;8;490;1;489;0;488;0;488;0;487;0;488;0;491;0;501;0;494;4;485;1;483;2
7/30/2025;10:29:28 AM;WG REA FORD CA029;494;8;493;1;492;0;491;0;491;0;490;0;491;0;494;0;504;0;497;4;488;1;486;2
7/30/2025;10:30:28 AM;WG REA FORD CA029;494;8;493;1;492;0;491;0;491;0;490;0;491;0;497;0;507;0;500;4;491;1;489;2
7/30/2025;10:31:28 AM;WG REA FORD CA029;496;8;496;1;494;0;493;0;492;0;492;0;493;0;498;0;509;0;503;4;494;1;492;2
7/30/2025;10:32:28 AM;WG REA FORD CA029;499;8;499;1;497;0;496;0;496;0;495;0;496;0;500;0;513;0;506;4;497;1;495;2
7/30/2025;10:33:28 AM;WG REA FORD CA029;503;8;502;1;500;0;499;0;499;0;498;0;499;0;503;0;516;0;509;4;500;1;498;2
7/30/2025;10:34:28 AM;WG REA FORD CA029;506;8;505;1;503;0;502;0;502;0;501;0;502;0;506;0;518;0;511;5;503;1;501;2
7/30/2025;10:35:28 AM;WG REA FORD CA029;507;9;507;1;503;1;504;0;504;0;504;0;504;0;509;0;522;0;514;5;505;1;503;2
7/30/2025;10:36:28 AM;WG REA FORD CA029;507;9;507;1;503;1;504;0;504;0;504;0;504;0;510;0;524;0;517;5;508;1;506;2
7/30/2025;10:37:28 AM;WG REA FORD CA029;509;9;508;1;507;1;506;0;506;0;506;0;506;0;511;0;527;0;520;5;511;1;509;2
7/30/2025;10:38:28 AM;WG REA FORD CA029;512;9;511;1;510;1;509;0;509;0;509;0;509;0;513;0;530;0;523;5;514;1;512;2
7/30/2025;10:39:28 AM;WG REA FORD CA029;515;9;515;1;513;1;512;0;512;0;512;0;512;0;516;0;531;0;526;5;517;1;515;2
7/30/2025;10:40:28 AM;WG REA FORD CA029;519;9;518;1;515;1;515;0;515;0;515;0;515;0;519;0;533;0;528;5;519;1;517;2
7/30/2025;10:41:28 AM;WG REA FORD CA029;522;9;521;1;519;1;518;0;518;0;518;0;518;0;522;0;537;0;530;5;521;1;518;2
7/30/2025;10:42:28 AM;WG REA FORD CA029;526;9;525;1;522;1;521;0;521;0;521;0;521;0;525;0;540;0;532;5;524;1;521;2
7/30/2025;10:43:28 AM;WG REA FORD CA029;529;9;528;1;525;1;524;0;524;0;523;0;524;0;528;0;543;0;535;5;527;1;524;2
7/30/2025;10:44:28 AM;WG REA FORD CA029;532;9;531;1;528;1;527;0;527;0;526;0;527;0;531;0;546;0;538;5;530;1;527;2
7/30/2025;10:45:28 AM;WG REA FORD CA029;534;9;534;1;531;1;530;0;530;0;529;0;530;0;534;0;549;0;540;6;532;1;529;2
7/30/2025;10:46:28 AM;WG REA FORD CA029;537;9;537;1;533;1;533;0;533;0;532;0;533;0;537;0;552;0;542;7;533;1;531;2
7/30/2025;10:47:28 AM;WG REA FORD CA029;540;9;540;1;536;1;536;0;536;0;535;0;536;0;540;0;554;0;545;7;536;1;534;2
7/30/2025;10:48:28 AM;WG REA FORD CA029;542;10;542;1;539;1;538;0;538;0;538;0;539;0;540;0;554;0;545;7;536;1;534;2
7/30/2025;10:49:28 AM;WG REA FORD CA029;546;10;545;1;543;1;541;0;541;0;541;0;541;0;540;0;554;0;545;7;536;1;534;2
7/30/2025;10:50:28 AM;WG REA FORD CA029;548;11;548;1;546;1;544;0;544;0;544;0;543;0;540;0;554;0;545;7;536;1;534;2
7/30/2025;10:51:28 AM;WG REA FORD CA029;552;11;551;1;547;1;545;0;544;0;545;0;546;0;541;0;556;0;547;7;536;1;535;2
7/30/2025;10:52:28 AM;WG REA FORD CA029;552;11;551;1;547;1;545;0;544;0;545;0;546;0;545;0;558;0;547;7;536;1;535;2
7/30/2025;10:53:28 AM;WG REA FORD CA029;552;11;551;1;547;1;545;0;544;0;545;0;546;0;547;0;558;0;549;7;536;1;535;2
7/30/2025;10:54:28 AM;WG REA FORD CA029;552;11;551;1;547;1;545;0;544;0;545;0;546;0;547;0;559;0;550;7;537;1;535;2
7/30/2025;10:55:28 AM;WG REA FORD CA029;552;11;551;1;547;1;545;0;544;0;545;0;546;0;548;0;562;0;553;7;540;1;538;2
7/30/2025;10:56:28 AM;WG REA FORD CA029;552;11;551;1;547;1;545;0;544;0;545;0;546;0;548;0;565;0;555;7;543;1;541;2
7/30/2025;10:57:28 AM;WG REA FORD CA029;553;11;552;1;549;1;548;0;548;0;547;0;548;0;550;0;566;0;558;7;546;1;544;2
7/30/2025;10:58:28 AM;WG REA FORD CA029;556;11;555;1;552;1;551;0;551;0;550;0;551;0;553;0;569;0;561;7;549;1;546;2
7/30/2025;10:59:28 AM;WG REA FORD CA029;559;11;558;1;555;1;554;0;554;0;553;0;554;0;556;0;572;0;563;7;552;1;549;2
7/30/2025;11:00:28 AM;WG REA FORD CA029;562;11;561;1;558;1;557;0;557;0;556;0;557;0;559;0;575;0;566;7;554;1;552;2
7/30/2025;11:01:28 AM;WG REA FORD CA029;565;11;564;1;561;1;560;0;560;0;559;0;560;0;563;0;578;0;569;7;557;1;555;2
7/30/2025;11:02:28 AM;WG REA FORD CA029;568;11;567;1;564;1;563;0;563;0;562;0;563;0;565;0;581;0;572;7;560;1;558;2
7/30/2025;11:03:28 AM;WG REA FORD CA029;571;11;570;1;567;1;566;0;566;0;565;0;566;0;569;0;584;0;575;7;563;1;561;2
7/30/2025;11:04:28 AM;WG REA FORD CA029;574;11;573;1;570;1;568;0;569;0;568;0;569;0;572;0;586;0;578;7;566;1;563;2
7/30/2025;11:05:28 AM;WG REA FORD CA029;577;11;576;1;573;1;571;0;571;0;571;0;572;0;575;0;589;0;580;7;568;1;566;2
7/30/2025;11:06:28 AM;WG REA FORD CA029;580;11;579;1;576;1;574;0;574;0;574;0;575;0;579;0;593;0;583;7;571;1;569;2
7/30/2025;11:07:28 AM;WG REA FORD CA029;583;11;582;1;579;1;577;0;577;0;577;0;578;0;581;0;596;0;586;7;574;1;572;2
7/30/2025;11:08:28 AM;WG REA FORD CA029;586;11;585;1;582;1;580;0;580;0;580;0;581;0;584;0;599;0;589;7;577;1;575;2
7/30/2025;11:09:28 AM;WG REA FORD CA029;588;12;587;1;585;1;583;0;583;0;583;0;583;0;588;0;602;0;592;7;580;1;578;2
7/30/2025;11:10:28 AM;WG REA FORD CA029;591;12;591;1;588;1;586;0;586;0;586;0;586;0;589;0;605;0;595;7;583;1;581;2
7/30/2025;11:11:28 AM;WG REA FORD CA029;595;12;594;1;591;1;589;0;589;0;588;0;589;0;590;0;607;0;598;7;586;1;584;2
7/30/2025;11:12:28 AM;WG REA FORD CA029;597;12;597;1;594;1;592;0;592;0;591;0;592;0;593;0;610;0;601;7;589;1;587;2
7/30/2025;11:13:28 AM;WG REA FORD CA029;600;12;599;1;596;1;595;0;595;0;594;0;595;0;596;0;613;0;604;7;592;1;589;2
7/30/2025;11:14:28 AM;WG REA FORD CA029;603;12;603;1;599;1;598;0;598;0;597;0;598;0;599;0;616;0;607;7;595;1;592;2
7/30/2025;11:15:28 AM;WG REA FORD CA029;606;12;606;1;603;1;601;0;601;0;600;0;601;0;602;1;618;0;610;7;598;1;595;2
7/30/2025;11:16:28 AM;WG REA FORD CA029;609;12;609;1;605;1;604;0;604;0;603;0;604;0;605;1;621;0;612;7;600;1;598;2
7/30/2025;11:17:28 AM;WG REA FORD CA029;612;12;612;1;608;1;607;0;607;0;606;0;607;0;608;1;624;0;614;7;600;1;599;2
7/30/2025;11:18:28 AM;WG REA FORD CA029;615;12;614;1;611;1;610;0;610;0;609;0;610;0;611;1;625;0;614;7;600;1;599;2
7/30/2025;11:19:28 AM;WG REA FORD CA029;618;12;617;1;614;1;613;0;613;0;612;0;613;0;614;1;625;0;614;7;600;1;599;2
7/30/2025;11:20:28 AM;WG REA FORD CA029;621;12;620;1;617;1;616;0;616;0;615;0;616;0;617;1;625;0;616;7;603;1;601;2
7/30/2025;11:21:28 AM;WG REA FORD CA029;624;12;623;1;620;1;619;0;619;0;618;0;619;0;620;1;628;0;619;7;606;1;604;2
7/30/2025;11:22:28 AM;WG REA FORD CA029;627;12;626;1;623;1;621;0;622;0;621;0;622;0;623;1;631;0;621;7;609;1;607;2
7/30/2025;11:23:28 AM;WG REA FORD CA029;630;12;629;1;626;1;625;0;625;0;624;0;625;0;626;1;634;0;624;7;612;1;610;2
7/30/2025;11:24:28 AM;WG REA FORD CA029;633;12;632;1;629;1;627;0;627;0;627;0;628;0;629;1;637;0;627;7;615;1;612;2
7/30/2025;11:25:28 AM;WG REA FORD CA029;636;12;635;1;632;1;630;0;630;0;630;0;631;0;632;1;640;0;630;7;618;1;615;2
7/30/2025;11:26:28 AM;WG REA FORD CA029;639;12;638;1;635;1;633;0;634;0;633;0;634;0;635;1;643;0;633;7;621;1;618;2
7/30/2025;11:27:28 AM;WG REA FORD CA029;642;12;641;1;638;1;636;0;636;0;636;0;637;0;638;1;646;0;636;7;624;1;621;2
7/30/2025;11:28:28 AM;WG REA FORD CA029;645;12;644;1;641;1;639;0;639;0;639;0;640;0;641;1;649;0;639;7;627;1;624;2
7/30/2025;11:29:28 AM;WG REA FORD CA029;648;12;647;1;644;1;642;0;642;0;642;0;643;0;645;1;651;0;642;7;630;1;627;2
7/30/2025;11:30:28 AM;WG REA FORD CA029;651;12;650;1;647;1;645;0;645;0;645;0;645;0;648;1;655;0;645;7;632;1;630;2
7/30/2025;11:31:28 AM;WG REA FORD CA029;654;12;653;1;650;1;648;0;648;0;648;0;648;0;651;1;657;0;648;7;635;1;633;2
7/30/2025;11:32:28 AM;WG REA FORD CA029;657;12;656;1;653;1;651;0;651;0;651;0;651;0;654;1;660;0;651;7;638;1;636;2
7/30/2025;11:33:28 AM;WG REA FORD CA029;660;12;659;1;656;1;654;0;654;0;653;0;654;0;657;1;663;0;654;7;641;1;639;2
7/30/2025;11:34:28 AM;WG REA FORD CA029;662;12;662;1;658;1;657;0;657;0;656;0;657;0;660;1;666;0;657;7;644;1;642;2
7/30/2025;11:35:28 AM;WG REA FORD CA029;665;12;665;1;662;1;660;0;660;0;659;0;660;0;663;1;669;0;660;7;647;1;645;2
7/30/2025;11:36:28 AM;WG REA FORD CA029;668;12;668;1;665;1;663;0;663;0;662;0;663;0;666;1;672;0;663;7;650;1;648;2
7/30/2025;11:37:28 AM;WG REA FORD CA029;671;12;671;1;667;1;666;0;666;0;665;0;666;0;669;1;675;0;666;7;653;1;651;2
7/30/2025;11:38:28 AM;WG REA FORD CA029;674;12;674;1;670;1;669;0;669;0;668;0;669;0;673;1;678;0;669;7;656;1;654;2
7/30/2025;11:39:28 AM;WG REA FORD CA029;677;12;677;1;673;1;672;0;672;0;671;0;672;0;676;1;681;0;672;7;659;1;657;2
7/30/2025;11:40:28 AM;WG REA FORD CA029;680;12;680;1;676;1;675;0;675;0;674;0;675;0;678;1;684;0;674;7;662;1;660;2
7/30/2025;11:41:28 AM;WG REA FORD CA029;683;12;682;1;679;1;678;0;678;0;677;0;678;0;681;1;687;0;677;7;665;1;663;2
7/30/2025;11:42:28 AM;WG REA FORD CA029;686;12;685;1;682;1;681;0;681;0;680;0;681;0;685;1;690;0;680;7;668;1;665;2
7/30/2025;11:43:28 AM;WG REA FORD CA029;689;12;688;1;685;1;684;0;684;0;683;0;684;0;688;1;693;0;683;7;671;1;668;2
7/30/2025;11:44:28 AM;WG REA FORD CA029;692;12;691;1;688;1;687;0;687;0;686;0;687;0;691;1;696;0;686;7;674;1;671;2
7/30/2025;11:45:28 AM;WG REA FORD CA029;695;12;694;1;691;1;690;0;690;0;689;0;690;0;694;1;699;0;689;7;677;1;674;2
7/30/2025;11:46:28 AM;WG REA FORD CA029;698;12;697;1;694;1;692;0;693;0;692;0;693;0;697;1;702;0;692;7;680;1;677;2
7/30/2025;11:47:28 AM;WG REA FORD CA029;701;12;700;1;697;1;695;0;696;0;695;0;696;0;700;1;705;0;695;7;682;1;680;2
7/30/2025;11:48:28 AM;WG REA FORD CA029;704;12;703;1;700;1;698;0;698;0;698;0;699;0;702;1;707;0;698;7;685;1;683;2
7/30/2025;11:49:28 AM;WG REA FORD CA029;707;12;706;1;703;1;701;0;701;0;701;0;702;0;705;1;710;0;701;7;688;1;686;2
7/30/2025;11:50:28 AM;WG REA FORD CA029;710;12;709;1;706;1;704;0;704;0;704;0;705;0;708;1;713;0;704;7;691;1;689;2
7/30/2025;11:51:28 AM;WG REA FORD CA029;713;12;712;1;709;1;707;0;707;0;707;0;708;0;711;1;716;0;707;7;694;1;692;2
7/30/2025;11:52:28 AM;WG REA FORD CA029;716;12;715;1;712;1;710;0;710;0;710;0;710;0;714;1;719;0;710;7;697;1;695;2
7/30/2025;11:53:28 AM;WG REA FORD CA029;719;12;718;1;715;1;713;0;713;0;713;0;713;0;717;1;722;0;713;7;700;1;698;2
7/30/2025;11:54:28 AM;WG REA FORD CA029;722;12;721;1;717;1;715;1;715;0;715;0;716;0;720;1;725;0;716;7;703;1;701;2
7/30/2025;11:55:28 AM;WG REA FORD CA029;724;12;724;1;721;1;718;1;718;0;718;0;718;0;723;1;728;0;719;7;706;1;704;2
7/30/2025;11:56:28 AM;WG REA FORD CA029;726;12;725;1;722;1;719;1;719;0;719;0;719;0;725;1;731;0;722;7;709;1;707;2
7/30/2025;11:57:28 AM;WG REA FORD CA029;728;12;728;1;725;1;722;1;722;0;722;0;722;0;726;1;734;0;724;7;712;1;710;2
7/30/2025;11:58:28 AM;WG REA FORD CA029;732;12;731;1;728;1;725;1;725;0;725;0;726;0;729;1;737;0;727;7;715;1;713;2
7/30/2025;11:59:28 AM;WG REA FORD CA029;733;12;733;1;731;1;728;1;728;0;728;0;729;0;732;1;740;0;730;7;718;1;715;2
7/30/2025;12:00:28 PM;WG REA FORD CA029;735;13;735;1;734;1;731;1;731;0;731;0;732;0;735;1;742;0;733;7;721;1;718;2
7/30/2025;12:01:28 PM;WG REA FORD CA029;739;13;738;1;737;1;734;1;734;0;734;0;734;0;738;1;745;0;735;7;724;1;721;2
7/30/2025;12:02:28 PM;WG REA FORD CA029;742;13;741;1;740;1;737;1;737;0;737;0;737;0;741;1;748;0;737;7;727;1;724;2
7/30/2025;12:03:28 PM;WG REA FORD CA029;745;13;745;1;743;1;740;1;740;0;739;0;740;0;744;1;751;0;739;7;730;1;727;2
7/30/2025;12:04:28 PM;WG REA FORD CA029;748;13;748;1;746;1;743;1;743;0;742;0;743;0;747;1;754;0;742;7;732;1;730;2
7/30/2025;12:05:28 PM;WG REA FORD CA029;751;13;751;1;747;1;746;1;745;0;745;0;746;0;750;1;757;0;745;7;735;1;733;2
7/30/2025;12:06:28 PM;WG REA FORD CA029;753;13;752;1;748;1;746;1;745;0;746;0;747;0;753;1;760;0;748;7;738;1;736;2
7/30/2025;12:07:28 PM;WG REA FORD CA029;753;13;752;1;749;1;747;1;747;0;747;0;748;0;753;1;763;0;751;7;741;1;739;2
7/30/2025;12:08:28 PM;WG REA FORD CA029;756;13;755;1;752;1;751;1;751;0;750;0;751;0;753;1;766;0;754;7;744;1;742;2
7/30/2025;12:09:28 PM;WG REA FORD CA029;759;13;758;1;755;1;753;1;754;0;753;0;754;0;753;1;769;0;757;7;747;1;745;2
7/30/2025;12:10:28 PM;WG REA FORD CA029;762;13;761;1;758;1;756;1;756;0;756;0;757;0;753;1;770;0;760;7;750;1;748;2
7/30/2025;12:11:28 PM;WG REA FORD CA029;765;13;764;1;761;1;759;1;759;0;759;0;760;0;756;1;772;0;762;7;752;2;751;2
7/30/2025;12:12:28 PM;WG REA FORD CA029;768;13;767;1;764;1;762;1;762;0;762;0;763;0;759;1;776;0;764;7;754;2;752;2
7/30/2025;12:13:28 PM;WG REA FORD CA029;771;13;770;1;767;1;766;1;765;0;765;0;766;0;762;1;778;0;767;7;757;2;754;2
7/30/2025;12:14:28 PM;WG REA FORD CA029;774;13;773;1;770;1;768;1;768;0;768;0;769;0;765;1;781;0;769;7;760;2;757;2
7/30/2025;12:15:28 PM;WG REA FORD CA029;777;13;776;1;773;1;771;1;771;0;771;0;772;0;768;1;784;0;772;7;762;2;760;2
7/30/2025;12:16:28 PM;WG REA FORD CA029;780;13;779;1;776;1;774;1;774;0;774;0;775;0;771;1;787;0;775;7;765;2;763;2
7/30/2025;12:17:28 PM;WG REA FORD CA029;783;13;782;1;779;1;777;1;777;0;777;0;778;0;775;1;790;0;778;7;768;2;766;2
7/30/2025;12:18:28 PM;WG REA FORD CA029;786;13;785;1;782;1;780;1;780;0;780;0;781;0;778;1;793;0;781;7;771;2;768;2
7/30/2025;12:19:28 PM;WG REA FORD CA029;789;13;788;1;785;1;783;1;783;0;783;0;784;0;780;1;796;0;784;7;774;2;771;2
7/30/2025;12:20:28 PM;WG REA FORD CA029;792;13;791;1;788;1;786;1;786;0;786;0;787;0;783;1;799;0;787;7;777;2;774;2
7/30/2025;12:21:28 PM;WG REA FORD CA029;795;13;794;1;791;1;789;1;789;0;789;0;790;0;786;1;802;0;790;7;780;2;777;2
7/30/2025;12:22:28 PM;WG REA FORD CA029;798;13;797;1;794;1;792;1;792;0;792;0;792;0;790;1;805;0;792;7;783;2;780;2
7/30/2025;12:23:28 PM;WG REA FORD CA029;801;13;800;1;797;1;795;1;795;0;795;0;795;0;793;1;808;0;795;7;785;2;783;2
7/30/2025;12:24:28 PM;WG REA FORD CA029;804;13;803;1;800;1;798;1;798;0;798;0;798;0;796;1;811;0;798;7;788;2;786;2
7/30/2025;12:25:28 PM;WG REA FORD CA029;807;13;806;1;803;1;801;1;801;0;801;0;801;0;799;1;814;0;801;7;791;2;789;2
7/30/2025;12:26:28 PM;WG REA FORD CA029;810;13;809;1;806;1;804;1;804;0;803;0;804;0;802;1;817;0;804;7;794;2;792;2
7/30/2025;12:27:28 PM;WG REA FORD CA029;813;13;812;1;809;1;807;1;807;0;806;0;807;0;805;1;820;0;807;7;797;2;795;2
7/30/2025;12:28:28 PM;WG REA FORD CA029;815;13;815;1;812;1;810;1;810;0;809;0;810;0;808;1;823;0;810;7;800;2;798;2
7/30/2025;12:29:28 PM;WG REA FORD CA029;818;13;818;1;814;1;813;1;813;0;812;0;813;0;812;1;826;0;813;7;803;2;801;2
7/30/2025;12:30:28 PM;WG REA FORD CA029;821;13;821;1;817;1;816;1;816;0;815;0;816;0;814;1;829;0;816;7;806;2;804;2
7/30/2025;12:31:28 PM;WG REA FORD CA029;824;13;823;1;819;1;817;1;817;0;815;0;817;0;818;1;832;0;819;7;809;2;807;2
7/30/2025;12:32:28 PM;WG REA FORD CA029;824;13;823;1;819;1;817;1;817;0;815;0;817;0;821;1;834;0;822;7;812;2;810;2
7/30/2025;12:33:28 PM;WG REA FORD CA029;824;13;823;1;819;1;817;1;817;0;815;0;817;0;824;1;838;0;825;7;815;2;813;2
7/30/2025;12:34:28 PM;WG REA FORD CA029;824;13;823;1;820;1;818;1;818;0;818;0;818;0;824;1;840;0;828;7;818;2;816;2
7/30/2025;12:35:28 PM;WG REA FORD CA029;826;13;825;1;822;1;821;1;821;0;820;1;820;0;825;1;842;0;831;7;821;2;818;2
7/30/2025;12:36:28 PM;WG REA FORD CA029;829;13;828;1;825;1;824;1;824;0;823;1;823;0;827;1;844;0;833;7;824;2;821;2
7/30/2025;12:37:28 PM;WG REA FORD CA029;832;13;831;1;828;1;827;1;827;0;826;1;826;0;830;1;845;0;835;7;825;2;823;2
7/30/2025;12:38:28 PM;WG REA FORD CA029;835;13;835;1;831;1;830;1;830;0;829;1;829;0;833;1;848;0;837;7;827;2;825;2
7/30/2025;12:39:28 PM;WG REA FORD CA029;838;13;838;1;834;1;833;1;833;0;832;1;832;0;836;1;851;0;840;7;830;2;827;2
7/30/2025;12:40:28 PM;WG REA FORD CA029;841;13;841;1;837;1;836;1;836;0;835;1;835;0;839;1;854;0;842;7;833;2;830;2
7/30/2025;12:41:28 PM;WG REA FORD CA029;844;13;843;1;840;1;839;1;839;0;838;1;838;0;842;1;857;0;845;7;836;2;833;2
7/30/2025;12:42:28 PM;WG REA FORD CA029;847;13;846;1;843;1;842;1;842;0;841;1;841;0;845;1;860;0;848;7;838;2;836;2
7/30/2025;12:43:28 PM;WG REA FORD CA029;850;13;849;1;846;1;845;1;845;0;844;1;844;0;848;1;863;0;851;7;841;2;839;2
7/30/2025;12:44:28 PM;WG REA FORD CA029;852;13;851;1;849;1;848;1;848;0;847;1;847;0;851;1;866;0;854;7;844;2;842;2
7/30/2025;12:45:28 PM;WG REA FORD CA029;855;13;854;1;851;1;850;1;851;0;850;1;850;0;854;1;869;0;857;7;847;2;845;2
7/30/2025;12:46:28 PM;WG REA FORD CA029;858;13;857;1;854;1;853;1;854;0;853;1;853;0;857;1;872;0;860;7;850;2;848;2
7/30/2025;12:47:28 PM;WG REA FORD CA029;861;13;860;1;857;1;857;1;856;0;856;1;856;0;860;1;875;0;863;7;853;2;851;2
7/30/2025;12:48:28 PM;WG REA FORD CA029;864;13;863;1;860;1;859;1;859;0;859;1;859;0;863;1;878;0;866;7;856;2;854;2
7/30/2025;12:49:28 PM;WG REA FORD CA029;867;13;866;1;863;1;862;1;863;0;862;1;862;0;865;1;881;0;869;7;859;2;857;2
7/30/2025;12:50:28 PM;WG REA FORD CA029;870;13;869;1;866;1;865;1;865;0;865;1;865;0;868;1;884;0;872;7;862;2;860;2
7/30/2025;12:51:28 PM;WG REA FORD CA029;873;13;872;1;869;1;868;1;868;0;868;1;868;0;871;1;887;0;875;7;865;2;863;2
7/30/2025;12:52:28 PM;WG REA FORD CA029;876;13;875;1;872;1;871;1;871;0;871;1;871;0;874;1;890;0;878;7;868;2;866;2
7/30/2025;12:53:28 PM;WG REA FORD CA029;879;13;878;1;875;1;874;1;874;0;874;1;874;0;877;1;892;0;881;7;871;2;868;2
7/30/2025;12:54:28 PM;WG REA FORD CA029;882;13;881;1;878;1;877;1;877;0;877;1;877;0;880;1;896;0;884;7;874;2;871;2
7/30/2025;12:55:28 PM;WG REA FORD CA029;885;13;884;1;881;1;880;1;880;0;880;1;879;0;883;1;899;0;887;7;877;2;874;2
7/30/2025;12:56:28 PM;WG REA FORD CA029;888;13;887;1;884;1;883;1;883;0;883;1;882;0;886;1;902;0;889;8;880;2;877;2
7/30/2025;12:57:28 PM;WG REA FORD CA029;891;13;890;1;886;1;886;1;886;0;885;1;885;0;889;1;905;0;892;8;882;2;879;2
7/30/2025;12:58:28 PM;WG REA FORD CA029;893;13;893;1;889;1;889;1;889;0;888;1;888;0;892;1;907;0;895;8;885;2;882;2
7/30/2025;12:59:28 PM;WG REA FORD CA029;896;13;896;1;892;1;892;1;892;0;891;1;891;0;895;1;910;0;897;8;888;2;885;2
7/30/2025;1:00:28 PM;WG REA FORD CA029;899;13;899;1;895;1;895;1;895;0;894;1;894;0;898;1;913;0;900;8;891;2;888;2
7/30/2025;1:01:28 PM;WG REA FORD CA029;902;13;902;1;898;1;898;1;898;0;897;1;897;0;901;1;917;0;903;8;893;2;891;2
7/30/2025;1:02:28 PM;WG REA FORD CA029;905;13;905;1;901;1;901;1;901;0;900;1;900;0;904;1;919;0;906;8;896;2;894;2
7/30/2025;1:03:28 PM;WG REA FORD CA029;908;13;907;1;904;1;904;1;904;0;903;1;903;0;906;1;922;0;909;8;899;2;897;2
7/30/2025;1:04:28 PM;WG REA FORD CA029;911;13;910;1;907;1;907;1;907;0;906;1;906;0;910;1;925;0;912;8;902;2;900;2
7/30/2025;1:05:28 PM;WG REA FORD CA029;914;13;913;1;910;1;910;1;910;0;909;1;909;0;913;1;928;0;915;8;905;2;903;2
7/30/2025;1:06:28 PM;WG REA FORD CA029;917;13;916;1;913;1;913;1;913;0;912;1;912;0;916;1;931;0;918;8;908;2;906;2
7/30/2025;1:07:28 PM;WG REA FORD CA029;920;13;919;1;916;1;916;1;916;0;915;1;915;0;919;1;934;0;921;8;911;2;909;2
7/30/2025;1:08:28 PM;WG REA FORD CA029;923;13;922;1;919;1;918;1;919;0;918;1;918;0;921;1;937;0;924;8;914;2;912;2
7/30/2025;1:09:28 PM;WG REA FORD CA029;926;13;925;1;922;1;921;1;921;0;921;1;921;0;921;1;938;0;927;8;917;2;915;2
7/30/2025;1:10:28 PM;WG REA FORD CA029;929;13;928;1;925;1;924;1;924;0;924;1;924;0;924;1;939;0;927;8;918;2;916;2
7/30/2025;1:11:28 PM;WG REA FORD CA029;932;13;931;1;928;1;927;1;928;0;927;1;927;0;927;1;942;0;929;8;919;2;917;2
7/30/2025;1:12:28 PM;WG REA FORD CA029;935;13;934;1;931;1;930;1;930;0;930;1;930;0;930;1;945;0;932;8;922;2;920;2
7/30/2025;1:13:28 PM;WG REA FORD CA029;938;13;937;1;934;1;933;1;933;0;933;1;933;0;933;1;948;0;935;8;925;2;922;2
7/30/2025;1:14:28 PM;WG REA FORD CA029;941;13;940;1;937;1;936;1;936;0;936;1;936;0;936;1;951;0;938;8;927;2;925;2
7/30/2025;1:15:28 PM;WG REA FORD CA029;944;13;943;1;940;1;939;1;939;0;939;1;939;0;939;1;954;0;941;8;930;2;928;2
7/30/2025;1:16:28 PM;WG REA FORD CA029;947;13;946;1;943;1;942;1;942;0;942;1;941;0;943;1;957;0;944;8;933;2;931;2
7/30/2025;1:17:28 PM;WG REA FORD CA029;950;13;949;1;946;1;945;1;945;0;945;1;944;0;946;1;960;0;946;8;936;2;934;2
7/30/2025;1:18:28 PM;WG REA FORD CA029;953;13;952;1;949;1;948;1;948;0;948;1;947;0;949;1;963;0;949;8;939;2;937;2
7/30/2025;1:19:28 PM;WG REA FORD CA029;956;13;955;1;952;1;951;1;951;0;951;1;950;0;952;1;966;0;952;8;942;2;940;2
7/30/2025;1:20:28 PM;WG REA FORD CA029;959;13;958;1;955;1;954;1;954;0;953;1;953;0;955;1;969;0;954;9;944;2;942;2
7/30/2025;1:21:28 PM;WG REA FORD CA029;961;13;961;1;958;1;957;1;957;0;956;1;956;0;958;1;972;0;957;9;947;2;945;2
7/30/2025;1:22:28 PM;WG REA FORD CA029;964;13;964;1;960;1;960;1;960;0;959;1;959;0;961;1;975;0;960;9;950;2;948;2
7/30/2025;1:23:28 PM;WG REA FORD CA029;967;13;967;1;963;1;963;1;963;0;962;1;962;0;964;1;978;0;963;9;953;2;951;2
7/30/2025;1:24:28 PM;WG REA FORD CA029;970;13;969;1;966;1;966;1;966;0;965;1;965;0;967;1;981;0;966;9;956;2;954;2
7/30/2025;1:25:28 PM;WG REA FORD CA029;973;13;972;1;969;1;969;1;969;0;968;1;968;0;970;1;984;0;969;9;959;2;957;2
7/30/2025;1:26:28 PM;WG REA FORD CA029;976;13;975;1;972;1;972;1;972;0;971;1;971;0;974;1;986;0;972;9;962;2;960;2
7/30/2025;1:27:28 PM;WG REA FORD CA029;979;13;978;1;975;1;974;1;975;0;974;1;974;0;977;1;989;0;975;9;965;2;963;2
7/30/2025;1:28:28 PM;WG REA FORD CA029;982;13;981;1;978;1;977;1;978;0;977;1;977;0;980;1;992;0;978;9;968;2;966;2
7/30/2025;1:29:28 PM;WG REA FORD CA029;985;13;984;1;981;1;980;1;980;0;980;1;980;0;983;1;995;0;981;9;971;2;969;2
7/30/2025;1:30:28 PM;WG REA FORD CA029;988;13;987;1;984;1;983;1;984;0;982;1;983;0;986;1;998;0;984;9;974;2;972;2
7/30/2025;1:31:28 PM;WG REA FORD CA029;990;13;988;1;985;1;984;1;984;0;982;1;983;0;989;1;1001;0;987;9;977;2;975;2
7/30/2025;1:32:28 PM;WG REA FORD CA029;990;13;988;1;985;1;984;1;984;0;982;1;983;0;989;1;1004;0;990;9;980;2;977;2
7/30/2025;1:33:28 PM;WG REA FORD CA029;990;13;988;1;985;1;984;1;984;0;982;1;983;0;989;1;1006;0;993;9;983;2;980;2
7/30/2025;1:34:28 PM;WG REA FORD CA029;990;13;988;1;985;1;984;1;984;0;982;1;983;0;989;1;1006;0;996;9;986;2;983;2
7/30/2025;1:35:28 PM;WG REA FORD CA029;990;13;989;1;985;1;984;1;984;0;983;1;983;0;989;1;1006;0;996;9;987;2;985;2
7/30/2025;1:36:28 PM;WG REA FORD CA029;991;13;990;1;987;1;986;1;986;0;985;2;985;0;989;1;1006;0;996;9;987;2;985;2
7/30/2025;1:37:28 PM;WG REA FORD CA029;994;13;992;2;990;1;989;1;989;0;989;2;987;0;992;1;1009;0;996;9;987;2;985;2
7/30/2025;1:38:28 PM;WG REA FORD CA029;997;13;995;2;993;1;992;1;992;0;992;2;990;0;994;1;1010;0;998;9;988;2;986;2
7/30/2025;1:39:28 PM;WG REA FORD CA029;1000;13;999;2;996;1;995;1;995;0;994;2;993;0;997;1;1013;0;1000;9;991;2;988;2
7/30/2025;1:40:28 PM;WG REA FORD CA029;1004;13;1002;2;999;1;998;1;998;0;997;2;996;0;1000;1;1015;0;1002;9;992;2;990;2
7/30/2025;1:41:28 PM;WG REA FORD CA029;1006;13;1005;2;1001;1;1000;1;1000;0;998;2;998;0;1002;1;1015;0;1003;9;994;2;992;2
7/30/2025;1:42:28 PM;WG REA FORD CA029;1007;13;1005;2;1001;1;1000;1;1000;0;998;2;998;0;1004;1;1017;0;1003;9;994;2;992;2
7/30/2025;1:43:28 PM;WG REA FORD CA029;1007;13;1005;2;1002;1;1001;1;1001;0;1001;2;999;0;1005;1;1020;0;1006;9;997;2;994;2
7/30/2025;1:44:28 PM;WG REA FORD CA029;1009;13;1008;2;1005;1;1004;1;1004;0;1004;4;1001;0;1006;1;1023;0;1009;9;999;2;997;2
7/30/2025;1:45:28 PM;WG REA FORD CA029;1012;13;1011;2;1008;1;1007;1;1007;0;1007;4;1003;0;1008;1;1025;0;1012;9;1002;2;1000;2
7/30/2025;1:46:28 PM;WG REA FORD CA029;1015;13;1014;2;1011;1;1010;1;1010;0;1009;4;1006;0;1010;1;1027;0;1015;9;1005;2;1003;2
7/30/2025;1:47:28 PM;WG REA FORD CA029;1018;13;1016;2;1014;1;1013;1;1013;0;1012;4;1009;0;1013;1;1030;0;1016;9;1006;2;1004;2
7/30/2025;1:48:28 PM;WG REA FORD CA029;1020;13;1019;2;1016;1;1016;1;1016;0;1015;4;1012;0;1016;1;1032;0;1019;9;1009;2;1007;2
7/30/2025;1:49:28 PM;WG REA FORD CA029;1023;13;1022;2;1018;1;1019;1;1019;0;1018;4;1015;0;1019;1;1036;0;1022;9;1012;2;1010;2
7/30/2025;1:50:28 PM;WG REA FORD CA029;1026;13;1025;2;1021;1;1022;1;1022;0;1021;4;1018;0;1022;1;1038;0;1025;9;1015;2;1012;2
7/30/2025;1:51:28 PM;WG REA FORD CA029;1029;13;1027;2;1024;1;1025;1;1025;0;1024;4;1021;0;1025;1;1041;0;1028;9;1018;2;1015;2
7/30/2025;1:52:28 PM;WG REA FORD CA029;1032;13;1030;2;1027;1;1028;1;1028;0;1027;4;1024;0;1028;1;1044;0;1030;9;1021;2;1018;2
7/30/2025;1:53:28 PM;WG REA FORD CA029;1033;13;1031;2;1030;1;1030;1;1031;0;1030;4;1027;0;1028;1;1044;0;1030;9;1021;2;1019;2
7/30/2025;1:54:28 PM;WG REA FORD CA029;1036;13;1034;2;1031;1;1034;1;1034;0;1033;4;1030;0;1028;1;1044;0;1030;9;1021;2;1019;2
7/30/2025;1:55:28 PM;WG REA FORD CA029;1039;13;1037;2;1034;1;1036;1;1037;0;1036;4;1032;0;1028;1;1044;0;1030;9;1021;2;1019;2
7/30/2025;1:56:28 PM;WG REA FORD CA029;1042;13;1040;2;1037;1;1039;1;1039;0;1039;4;1033;0;1028;1;1044;0;1031;9;1021;2;1019;2
7/30/2025;1:57:28 PM;WG REA FORD CA029;1045;13;1043;2;1040;1;1042;1;1042;0;1042;4;1037;0;1031;1;1048;0;1033;9;1021;2;1019;2
7/30/2025;1:58:28 PM;WG REA FORD CA029;1048;13;1046;2;1043;1;1045;1;1045;0;1045;4;1040;0;1034;1;1050;0;1035;9;1023;2;1020;2
7/30/2025;1:59:28 PM;WG REA FORD CA029;1051;13;1049;2;1046;1;1048;1;1048;0;1048;4;1043;0;1037;1;1052;0;1038;9;1026;2;1023;2
7/30/2025;2:00:28 PM;WG REA FORD CA029;1054;13;1052;2;1049;1;1051;1;1051;0;1051;4;1046;0;1040;1;1055;0;1041;9;1029;2;1026;2
7/30/2025;2:01:28 PM;WG REA FORD CA029;1057;13;1055;2;1051;1;1054;1;1054;0;1053;4;1049;0;1043;1;1058;0;1044;9;1032;2;1028;2
7/30/2025;2:02:28 PM;WG REA FORD CA029;1059;13;1057;2;1054;1;1057;1;1057;0;1056;4;1052;0;1046;1;1062;0;1047;9;1035;2;1031;2
7/30/2025;2:03:28 PM;WG REA FORD CA029;1062;13;1060;2;1057;1;1060;1;1060;0;1059;4;1055;0;1050;1;1065;0;1050;9;1038;2;1034;2
7/30/2025;2:04:28 PM;WG REA FORD CA029;1065;13;1064;2;1060;1;1063;1;1063;0;1062;4;1058;0;1053;1;1067;0;1053;9;1041;2;1037;2
7/30/2025;2:05:28 PM;WG REA FORD CA029;1068;13;1067;2;1063;1;1066;1;1066;0;1065;4;1062;0;1056;1;1071;0;1056;9;1043;2;1040;2
7/30/2025;2:06:28 PM;WG REA FORD CA029;1071;13;1069;2;1066;1;1069;1;1069;0;1068;4;1065;0;1059;1;1074;0;1059;9;1046;2;1043;2
7/30/2025;2:07:28 PM;WG REA FORD CA029;1074;13;1072;2;1069;1;1072;1;1072;0;1071;4;1068;0;1061;1;1076;0;1062;9;1049;2;1046;2
7/30/2025;2:08:28 PM;WG REA FORD CA029;1077;13;1075;2;1072;1;1075;1;1075;0;1074;4;1070;0;1065;1;1079;0;1065;9;1052;2;1049;2
7/30/2025;2:09:28 PM;WG REA FORD CA029;1080;13;1078;2;1075;1;1078;1;1078;0;1077;4;1074;0;1068;1;1082;0;1068;9;1055;2;1052;2
7/30/2025;2:10:28 PM;WG REA FORD CA029;1083;13;1081;2;1078;1;1080;1;1081;0;1080;4;1077;0;1071;1;1085;0;1070;10;1058;2;1055;2
7/30/2025;2:11:28 PM;WG REA FORD CA029;1086;13;1084;2;1081;1;1083;1;1083;0;1083;4;1080;0;1074;1;1088;0;1073;10;1060;3;1058;2
7/30/2025;2:12:28 PM;WG REA FORD CA029;1089;13;1087;2;1084;1;1086;1;1086;0;1086;4;1082;0;1076;1;1091;0;1076;10;1063;3;1060;2
7/30/2025;2:13:28 PM;WG REA FORD CA029;1092;13;1090;2;1087;1;1089;1;1090;0;1089;4;1085;0;1080;1;1094;0;1079;10;1066;3;1063;2
7/30/2025;2:14:28 PM;WG REA FORD CA029;1095;13;1093;2;1090;1;1092;1;1092;0;1092;4;1087;0;1082;1;1097;0;1082;10;1069;3;1066;2
7/30/2025;2:15:28 PM;WG REA FORD CA029;1098;13;1096;2;1093;1;1095;1;1095;0;1095;4;1087;0;1082;1;1099;0;1085;10;1072;3;1069;2
7/30/2025;2:16:28 PM;WG REA FORD CA029;1100;13;1098;2;1094;1;1096;1;1096;0;1096;4;1087;0;1082;1;1099;0;1088;10;1075;3;1071;2
7/30/2025;2:17:28 PM;WG REA FORD CA029;1101;13;1099;2;1096;1;1098;1;1098;0;1098;4;1090;0;1084;1;1101;0;1088;10;1076;3;1073;2
7/30/2025;2:18:28 PM;WG REA FORD CA029;1104;13;1102;2;1099;1;1101;1;1102;0;1101;4;1093;0;1088;1;1104;0;1089;10;1077;3;1074;2
7/30/2025;2:19:28 PM;WG REA FORD CA029;1107;13;1105;2;1102;1;1105;1;1104;0;1104;4;1096;0;1091;1;1107;0;1092;10;1079;3;1076;2
7/30/2025;2:20:28 PM;WG REA FORD CA029;1110;13;1108;2;1105;1;1108;1;1108;0;1107;4;1100;0;1094;1;1109;0;1095;10;1082;3;1079;2
7/30/2025;2:21:28 PM;WG REA FORD CA029;1113;13;1111;2;1108;1;1111;1;1111;0;1110;4;1102;0;1097;1;1112;0;1098;10;1085;3;1081;2
7/30/2025;2:22:28 PM;WG REA FORD CA029;1115;13;1113;2;1110;1;1112;1;1111;0;1112;4;1106;0;1100;1;1115;0;1100;10;1088;3;1084;2
7/30/2025;2:23:28 PM;WG REA FORD CA029;1116;13;1114;2;1110;1;1112;1;1111;0;1112;4;1107;0;1103;1;1118;0;1103;10;1091;3;1087;2
7/30/2025;2:24:28 PM;WG REA FORD CA029;1117;13;1115;2;1112;1;1114;1;1115;0;1114;4;1111;0;1106;1;1121;0;1106;10;1093;3;1090;2
7/30/2025;2:25:28 PM;WG REA FORD CA029;1120;13;1118;2;1115;1;1118;1;1118;0;1117;4;1114;0;1109;1;1124;0;1109;10;1096;3;1093;2
7/30/2025;2:26:28 PM;WG REA FORD CA029;1123;13;1121;2;1118;1;1121;1;1121;0;1120;4;1117;0;1112;1;1128;0;1112;10;1099;3;1096;2
7/30/2025;2:27:28 PM;WG REA FORD CA029;1126;13;1124;2;1121;1;1124;1;1124;0;1123;4;1120;0;1115;1;1130;0;1115;10;1102;3;1099;2
7/30/2025;2:28:28 PM;WG REA FORD CA029;1129;13;1127;2;1124;1;1127;1;1127;0;1126;4;1123;0;1118;1;1133;0;1117;11;1104;3;1101;2
7/30/2025;2:29:28 PM;WG REA FORD CA029;1132;13;1130;2;1127;1;1129;1;1129;0;1129;4;1126;0;1121;1;1136;0;1120;11;1107;3;1104;2
7/30/2025;2:30:28 PM;WG REA FORD CA029;1135;13;1133;2;1130;1;1132;1;1132;0;1132;4;1128;0;1124;1;1139;0;1123;11;1110;3;1107;2
7/30/2025;2:31:28 PM;WG REA FORD CA029;1138;13;1136;2;1133;1;1135;1;1135;0;1135;4;1131;0;1128;1;1142;0;1126;11;1113;3;1110;2
7/30/2025;2:32:28 PM;WG REA FORD CA029;1141;13;1139;2;1136;1;1138;1;1138;0;1138;4;1134;0;1131;1;1145;0;1129;11;1116;3;1113;2
7/30/2025;2:33:28 PM;WG REA FORD CA029;1144;13;1142;2;1139;1;1141;1;1141;0;1141;4;1137;0;1134;1;1148;0;1132;11;1119;3;1116;2
7/30/2025;2:34:28 PM;WG REA FORD CA029;1147;13;1145;2;1142;1;1144;1;1144;0;1144;4;1140;0;1136;1;1151;0;1135;11;1122;3;1119;2
7/30/2025;2:35:28 PM;WG REA FORD CA029;1150;13;1148;2;1145;1;1147;1;1147;0;1147;4;1143;0;1139;1;1154;0;1138;11;1125;3;1121;2
7/30/2025;2:36:28 PM;WG REA FORD CA029;1153;13;1151;2;1148;1;1150;1;1150;0;1149;4;1146;0;1142;1;1157;0;1141;11;1128;3;1124;2
7/30/2025;2:37:28 PM;WG REA FORD CA029;1155;13;1153;2;1150;1;1152;1;1153;0;1152;4;1149;0;1145;1;1160;0;1144;11;1131;3;1127;2
7/30/2025;2:38:28 PM;WG REA FORD CA029;1158;13;1156;2;1153;1;1156;1;1156;0;1155;4;1152;0;1148;1;1163;0;1147;11;1134;3;1130;2
7/30/2025;2:39:28 PM;WG REA FORD CA029;1161;13;1159;2;1156;1;1159;1;1159;0;1158;4;1155;0;1151;1;1166;0;1149;11;1136;3;1133;2
7/30/2025;2:40:28 PM;WG REA FORD CA029;1164;13;1162;2;1159;1;1161;1;1161;0;1161;4;1158;0;1154;1;1169;0;1152;11;1139;3;1136;2
7/30/2025;2:41:28 PM;WG REA FORD CA029;1167;13;1165;2;1162;1;1164;1;1164;0;1164;4;1161;0;1157;1;1172;0;1155;11;1142;3;1139;2
7/30/2025;2:42:28 PM;WG REA FORD CA029;1170;13;1168;2;1165;1;1167;1;1167;0;1167;4;1164;0;1161;1;1175;0;1158;11;1145;3;1142;2
7/30/2025;2:43:28 PM;WG REA FORD CA029;1173;13;1171;2;1168;1;1170;1;1170;0;1170;4;1167;0;1164;1;1178;0;1161;11;1148;3;1145;2
7/30/2025;2:44:28 PM;WG REA FORD CA029;1176;13;1174;2;1171;1;1173;1;1173;0;1173;4;1170;0;1167;1;1181;0;1164;11;1151;3;1148;2
7/30/2025;2:45:28 PM;WG REA FORD CA029;1179;13;1177;2;1174;1;1176;1;1176;0;1176;4;1173;0;1170;1;1184;0;1167;11;1154;3;1151;2
7/30/2025;2:46:28 PM;WG REA FORD CA029;1182;13;1180;2;1177;1;1179;1;1179;0;1179;4;1175;0;1173;1;1186;0;1170;11;1157;3;1154;2
7/30/2025;2:47:28 PM;WG REA FORD CA029;1185;13;1183;2;1180;1;1182;1;1182;0;1182;4;1178;0;1176;1;1189;0;1173;11;1160;3;1157;2
7/30/2025;2:48:28 PM;WG REA FORD CA029;1188;13;1186;2;1183;1;1185;1;1185;0;1185;4;1181;0;1179;1;1193;0;1176;11;1163;3;1160;2
7/30/2025;2:49:28 PM;WG REA FORD CA029;1191;13;1189;2;1186;1;1188;1;1188;0;1187;4;1184;0;1182;1;1195;0;1179;11;1166;3;1163;2
7/30/2025;2:50:28 PM;WG REA FORD CA029;1193;13;1192;2;1188;1;1191;1;1191;0;1190;4;1187;0;1185;1;1198;0;1182;11;1169;3;1166;2
7/30/2025;2:51:28 PM;WG REA FORD CA029;1196;13;1195;2;1191;1;1194;1;1194;0;1193;4;1190;0;1189;1;1201;0;1185;11;1172;3;1169;2
7/30/2025;2:52:28 PM;WG REA FORD CA029;1199;13;1198;2;1194;1;1197;1;1197;0;1196;4;1193;0;1192;1;1204;0;1188;11;1175;3;1171;2
7/30/2025;2:53:28 PM;WG REA FORD CA029;1202;13;1200;2;1197;1;1200;1;1200;0;1199;4;1196;0;1195;1;1207;0;1191;11;1178;3;1174;2
7/30/2025;2:54:28 PM;WG REA FORD CA029;1205;13;1203;2;1200;1;1203;1;1203;0;1202;4;1199;0;1197;1;1210;0;1194;11;1180;3;1177;2
7/30/2025;2:55:28 PM;WG REA FORD CA029;1208;13;1206;2;1202;1;1203;1;1204;0;1204;4;1200;0;1200;1;1213;0;1197;11;1183;3;1180;2
7/30/2025;2:56:28 PM;WG REA FORD CA029;1208;13;1206;2;1202;1;1203;1;1204;0;1204;4;1200;0;1204;1;1216;0;1200;11;1186;3;1183;2
7/30/2025;2:57:28 PM;WG REA FORD CA029;1208;13;1206;2;1202;1;1203;1;1204;0;1204;4;1200;0;1207;1;1219;0;1203;11;1189;3;1186;2
7/30/2025;2:58:28 PM;WG REA FORD CA029;1208;13;1206;2;1203;1;1204;1;1204;0;1204;4;1200;0;1207;1;1222;0;1206;11;1192;3;1189;2
7/30/2025;2:59:28 PM;WG REA FORD CA029;1209;13;1207;2;1203;1;1204;1;1204;0;1204;4;1200;0;1207;1;1224;0;1208;11;1195;3;1192;2
7/30/2025;3:00:28 PM;WG REA FORD CA029;0;0;0;0;0;0;0;0;0;0;1;0;1;0;0;0;0;0;0;0;0;0;0;0
7/30/2025;3:01:28 PM;WG REA FORD CA029;0;0;0;0;0;0;0;0;0;0;1;0;2;0;0;0;0;0;0;0;0;0;0;0
7/30/2025;3:02:28 PM;WG REA FORD CA029;0;0;0;0;0;0;0;0;0;0;1;0;2;0;0;0;0;0;0;0;0;0;0;0
7/30/2025;3:03:28 PM;WG REA FORD CA029;0;0;0;0;0;0;0;0;0;0;1;0;2;0;0;0;0;0;0;0;0;0;0;0
7/30/2025;3:04:29 PM;WG REA FORD CA029;0;0;0;0;0;0;0;0;0;0;1;0;2;0;0;0;0;0;0;0;0;0;0;0
7/30/2025;3:05:29 PM;WG REA FORD CA029;0;0;0;0;0;0;0;0;0;0;1;0;2;0;0;0;0;0;0;0;0;0;0;0
7/30/2025;3:06:29 PM;WG REA FORD CA029;2;0;2;0;3;0;2;0;0;0;1;0;2;0;0;0;0;0;0;0;0;0;0;0
7/30/2025;3:07:29 PM;WG REA FORD CA029;3;0;3;0;3;0;2;0;0;0;1;0;2;0;0;0;0;0;0;0;0;0;0;0
7/30/2025;3:08:29 PM;WG REA FORD CA029;3;0;3;0;3;0;2;0;0;0;1;0;2;0;0;0;0;0;0;0;0;0;0;0
7/30/2025;3:09:29 PM;WG REA FORD CA029;3;0;3;0;3;0;2;0;0;0;1;0;2;0;0;0;0;0;1;0;0;0;0;0
7/30/2025;3:10:29 PM;WG REA FORD CA029;3;0;3;0;3;0;2;0;0;0;1;0;2;0;1;0;1;0;3;0;0;0;0;0
7/30/2025;3:11:29 PM;WG REA FORD CA029;3;0;3;0;4;0;3;0;2;0;2;0;2;0;1;0;1;0;5;0;3;0;2;0
7/30/2025;3:12:29 PM;WG REA FORD CA029;5;0;6;0;7;0;6;0;5;0;5;0;6;0;2;0;2;0;5;0;4;0;3;0
7/30/2025;3:13:29 PM;WG REA FORD CA029;9;0;9;0;10;0;9;0;8;0;8;0;9;0;5;0;5;0;5;0;4;0;3;0
7/30/2025;3:14:29 PM;WG REA FORD CA029;11;0;11;0;13;0;12;0;11;0;11;0;12;0;8;0;8;0;8;0;6;0;5;0
7/30/2025;3:15:29 PM;WG REA FORD CA029;12;0;12;0;15;0;15;0;14;0;14;0;15;0;11;0;10;0;11;0;9;0;8;0
7/30/2025;3:16:29 PM;WG REA FORD CA029;15;0;15;0;16;0;18;0;17;0;17;0;18;0;14;0;13;0;13;0;11;0;10;0
7/30/2025;3:17:29 PM;WG REA FORD CA029;18;0;18;0;19;0;20;0;20;0;20;0;20;0;17;0;16;0;16;0;14;0;13;0
7/30/2025;3:18:29 PM;WG REA FORD CA029;21;0;21;0;22;0;23;0;23;0;23;0;23;0;20;0;18;0;19;0;17;0;16;0
7/30/2025;3:19:29 PM;WG REA FORD CA029;24;0;24;0;25;0;26;0;26;0;25;0;26;0;23;0;22;0;21;1;20;0;18;0
7/30/2025;3:20:29 PM;WG REA FORD CA029;27;0;27;0;28;0;29;0;29;0;28;0;29;0;26;0;25;0;23;1;22;0;20;0
7/30/2025;3:21:29 PM;WG REA FORD CA029;29;0;30;0;30;0;31;0;32;0;31;0;32;0;29;0;27;0;26;1;25;0;23;0
7/30/2025;3:22:29 PM;WG REA FORD CA029;30;0;30;0;31;0;33;0;33;0;32;0;33;0;32;0;30;0;29;1;28;0;26;0
7/30/2025;3:23:29 PM;WG REA FORD CA029;33;0;33;0;34;0;36;0;36;0;35;0;36;0;33;0;32;0;32;1;30;0;29;0
7/30/2025;3:24:29 PM;WG REA FORD CA029;36;0;37;0;37;0;39;0;39;0;38;0;39;0;36;0;35;0;35;1;33;0;32;0
7/30/2025;3:25:29 PM;WG REA FORD CA029;38;1;39;0;40;0;41;0;42;0;41;0;42;0;39;0;38;0;38;1;36;0;34;0
7/30/2025;3:26:29 PM;WG REA FORD CA029;42;1;42;0;43;0;45;0;45;0;44;0;45;0;42;0;41;0;40;1;39;0;37;0
7/30/2025;3:27:29 PM;WG REA FORD CA029;45;1;45;0;46;0;48;0;48;0;47;0;48;0;45;0;44;0;43;1;42;0;40;0
7/30/2025;3:28:29 PM;WG REA FORD CA029;48;1;48;0;49;0;51;0;51;0;50;0;51;0;48;0;47;0;46;1;44;0;43;0
7/30/2025;3:29:29 PM;WG REA FORD CA029;51;1;51;0;52;0;54;0;54;0;53;0;54;0;51;0;49;0;48;1;47;0;46;0
7/30/2025;3:30:29 PM;WG REA FORD CA029;54;1;54;0;55;0;56;0;57;0;56;0;57;0;54;0;52;0;51;1;49;0;48;0
7/30/2025;3:31:29 PM;WG REA FORD CA029;56;2;57;0;58;0;59;0;59;0;59;0;60;0;57;0;55;0;54;1;52;0;51;0
7/30/2025;3:32:29 PM;WG REA FORD CA029;59;2;60;0;61;0;62;0;62;0;62;0;63;0;60;0;58;0;57;1;55;0;54;0
7/30/2025;3:33:29 PM;WG REA FORD CA029;63;2;63;0;64;0;65;0;65;0;65;0;66;0;62;0;61;0;60;1;58;0;57;0
7/30/2025;3:34:29 PM;WG REA FORD CA029;66;2;66;0;67;0;68;0;68;0;68;0;69;0;65;0;64;0;63;1;61;0;60;0
7/30/2025;3:35:29 PM;WG REA FORD CA029;69;2;69;0;70;0;71;0;71;0;71;0;72;0;68;0;67;0;66;1;64;0;63;0
7/30/2025;3:36:29 PM;WG REA FORD CA029;72;2;72;0;73;0;74;0;74;0;74;0;74;0;71;0;70;0;69;1;67;0;66;0
7/30/2025;3:37:29 PM;WG REA FORD CA029;75;2;75;0;76;0;77;0;77;0;77;0;77;0;74;0;73;0;72;1;70;0;69;0
7/30/2025;3:38:29 PM;WG REA FORD CA029;78;2;78;0;79;0;80;0;80;0;79;0;80;0;77;0;76;0;75;1;73;0;72;0
7/30/2025;3:39:29 PM;WG REA FORD CA029;80;2;81;0;82;0;83;0;83;0;82;0;83;0;80;0;78;0;78;1;76;0;75;0
7/30/2025;3:40:29 PM;WG REA FORD CA029;83;2;84;0;85;0;86;0;86;0;85;0;86;0;83;0;82;0;81;1;79;0;78;0
7/30/2025;3:41:29 PM;WG REA FORD CA029;86;2;87;0;88;0;89;0;89;0;88;0;89;0;86;0;84;0;84;1;82;0;81;0
7/30/2025;3:42:29 PM;WG REA FORD CA029;89;2;90;0;90;0;92;0;92;0;91;0;92;0;89;0;88;0;87;1;85;0;83;0
7/30/2025;3:43:29 PM;WG REA FORD CA029;92;2;93;0;93;0;95;0;95;0;94;0;95;0;92;0;90;0;90;1;88;0;86;0
7/30/2025;3:44:29 PM;WG REA FORD CA029;94;3;95;0;96;0;97;0;98;0;97;0;98;0;94;0;93;0;92;1;91;0;89;0
7/30/2025;3:45:29 PM;WG REA FORD CA029;97;3;98;0;99;0;101;0;101;0;100;0;101;0;97;0;96;0;95;1;93;0;92;0
7/30/2025;3:46:29 PM;WG REA FORD CA029;101;3;101;0;102;0;104;0;104;0;103;0;104;0;100;0;99;0;98;1;96;0;95;0
7/30/2025;3:47:29 PM;WG REA FORD CA029;104;3;104;0;105;0;107;0;107;0;106;0;107;0;104;0;102;0;101;1;99;0;98;0
7/30/2025;3:48:29 PM;WG REA FORD CA029;107;3;107;0;108;0;110;0;110;0;109;0;110;0;107;0;105;0;104;1;102;0;101;0
7/30/2025;3:49:29 PM;WG REA FORD CA029;110;3;110;0;111;0;112;0;113;0;112;0;113;0;110;0;108;0;107;1;105;0;104;0
7/30/2025;3:50:29 PM;WG REA FORD CA029;113;3;113;0;114;0;116;0;115;0;115;0;116;0;113;0;111;0;110;1;108;0;107;0
7/30/2025;3:51:29 PM;WG REA FORD CA029;116;3;116;0;117;0;118;0;119;0;118;0;119;0;116;0;114;0;113;1;111;0;110;0
7/30/2025;3:52:29 PM;WG REA FORD CA029;119;3;119;0;120;0;121;0;121;0;121;0;122;0;118;0;117;0;116;1;114;0;113;0
7/30/2025;3:53:29 PM;WG REA FORD CA029;122;3;122;0;123;0;124;0;124;0;124;0;125;0;121;0;120;0;119;1;117;0;116;0
7/30/2025;3:54:29 PM;WG REA FORD CA029;124;3;125;0;125;0;127;0;127;0;127;0;127;0;124;0;123;0;122;1;120;0;119;0
7/30/2025;3:55:29 PM;WG REA FORD CA029;127;3;128;0;129;0;130;0;130;0;130;0;130;0;127;0;126;0;125;1;123;0;121;0
7/30/2025;3:56:29 PM;WG REA FORD CA029;131;3;131;0;132;0;133;0;133;0;132;0;133;0;130;0;129;0;128;1;126;0;124;0
7/30/2025;3:57:29 PM;WG REA FORD CA029;133;3;134;0;135;0;136;0;136;0;135;0;136;0;133;0;132;0;131;1;129;0;127;0
7/30/2025;3:58:29 PM;WG REA FORD CA029;136;3;137;0;138;0;139;0;139;0;138;0;139;0;136;0;135;0;133;1;132;0;130;0
7/30/2025;3:59:29 PM;WG REA FORD CA029;139;3;140;0;140;0;142;0;142;0;141;0;142;0;139;0;138;0;136;1;135;0;133;0
7/30/2025;4:00:29 PM;WG REA FORD CA029;142;3;143;0;143;0;145;0;145;0;144;0;145;0;142;0;140;0;139;1;137;0;136;0
7/30/2025;4:01:29 PM;WG REA FORD CA029;145;3;145;0;146;0;148;0;148;0;147;0;148;0;145;0;143;0;142;1;140;0;139;0
7/30/2025;4:02:29 PM;WG REA FORD CA029;148;3;148;0;149;0;151;0;151;0;150;0;151;0;148;0;146;0;145;1;143;0;142;0
7/30/2025;4:03:29 PM;WG REA FORD CA029;151;3;151;0;152;0;153;0;154;0;153;0;154;0;151;0;149;0;148;1;146;0;145;0
7/30/2025;4:04:29 PM;WG REA FORD CA029;153;3;153;0;153;0;153;0;154;0;154;0;154;0;154;0;152;0;151;1;149;0;148;0
7/30/2025;4:05:29 PM;WG REA FORD CA029;153;3;153;0;153;0;153;0;154;0;154;0;154;0;154;0;154;0;154;1;152;0;151;0
7/30/2025;4:06:29 PM;WG REA FORD CA029;153;3;153;0;153;0;153;0;154;0;154;0;154;0;154;0;154;0;157;1;155;0;154;0
7/30/2025;4:07:29 PM;WG REA FORD CA029;153;3;153;0;154;0;153;0;154;0;154;0;154;0;154;0;154;0;157;1;156;0;155;0
7/30/2025;4:08:29 PM;WG REA FORD CA029;153;3;153;0;154;0;153;0;154;0;154;0;154;0;154;0;154;0;157;1;156;0;155;0
7/30/2025;4:09:29 PM;WG REA FORD CA029;153;3;153;0;154;0;153;0;154;0;154;0;154;0;154;0;154;0;157;1;156;0;155;0
7/30/2025;4:10:29 PM;WG REA FORD CA029;153;3;153;0;154;0;153;0;154;0;154;0;154;0;154;0;154;0;157;1;156;0;155;0
7/30/2025;4:11:29 PM;WG REA FORD CA029;153;3;153;0;154;0;153;0;154;0;154;0;154;0;154;0;154;0;157;1;156;0;155;0
7/30/2025;4:12:29 PM;WG REA FORD CA029;154;3;153;0;155;0;153;0;154;0;154;0;154;0;154;0;154;0;157;1;156;0;155;0
7/30/2025;4:13:29 PM;WG REA FORD CA029;154;3;153;0;155;0;153;0;154;0;154;0;154;0;154;0;154;0;157;1;156;0;155;0
7/30/2025;4:14:29 PM;WG REA FORD CA029;154;3;154;0;155;0;153;0;154;0;154;0;154;0;154;0;154;0;157;1;156;0;155;0
7/30/2025;4:15:29 PM;WG REA FORD CA029;154;3;154;0;155;0;153;0;154;0;154;0;154;0;154;0;154;0;157;1;156;0;155;0
7/30/2025;4:16:29 PM;WG REA FORD CA029;154;3;154;0;155;0;153;0;154;0;154;0;154;0;154;0;154;0;157;1;156;0;155;0
7/30/2025;4:17:29 PM;WG REA FORD CA029;154;3;154;0;156;0;153;0;154;0;154;0;154;0;154;0;154;0;157;1;156;0;155;0
7/30/2025;4:18:29 PM;WG REA FORD CA029;154;3;154;0;156;0;154;0;154;0;154;0;154;0;154;0;154;0;157;1;156;0;155;0
7/30/2025;4:19:29 PM;WG REA FORD CA029;154;3;154;0;156;0;154;0;154;0;154;0;154;0;154;0;154;0;157;1;156;0;155;0
7/30/2025;4:20:29 PM;WG REA FORD CA029;155;4;155;0;158;0;155;0;154;0;155;0;156;0;154;0;154;0;157;1;156;0;155;0
7/30/2025;4:21:29 PM;WG REA FORD CA029;158;4;158;0;158;0;155;0;154;0;155;0;156;0;156;0;155;0;157;1;156;0;155;0
7/30/2025;4:22:29 PM;WG REA FORD CA029;158;4;158;0;158;0;155;0;154;0;155;0;156;0;156;0;156;0;158;1;156;0;155;0
7/30/2025;4:23:29 PM;WG REA FORD CA029;158;4;158;0;159;0;157;0;157;0;156;0;157;0;156;0;156;0;159;1;158;0;157;0
7/30/2025;4:24:29 PM;WG REA FORD CA029;161;4;161;0;162;0;160;0;160;0;159;0;160;0;157;0;156;0;159;1;158;0;157;0
7/30/2025;4:25:29 PM;WG REA FORD CA029;164;4;165;0;165;0;163;0;163;0;162;0;163;0;160;0;159;0;159;1;158;0;157;0
7/30/2025;4:26:29 PM;WG REA FORD CA029;167;4;167;0;168;0;166;0;166;0;165;0;166;0;163;0;162;0;162;1;160;0;158;0
7/30/2025;4:27:29 PM;WG REA FORD CA029;168;4;168;0;170;0;169;0;169;0;168;0;169;0;166;0;165;0;164;1;163;0;161;0
7/30/2025;4:28:29 PM;WG REA FORD CA029;169;4;169;0;171;0;171;0;171;0;171;0;172;0;169;0;168;0;167;1;166;0;164;0
7/30/2025;4:29:29 PM;WG REA FORD CA029;172;4;172;0;173;0;174;0;175;0;174;0;175;0;171;0;170;0;169;1;168;0;167;0
7/30/2025;4:30:29 PM;WG REA FORD CA029;175;4;175;0;176;0;177;0;178;0;177;0;178;0;174;0;173;0;172;1;170;0;169;0
7/30/2025;4:31:29 PM;WG REA FORD CA029;178;4;178;0;179;0;181;0;181;0;180;0;181;0;177;0;176;0;175;1;173;0;172;0
7/30/2025;4:32:29 PM;WG REA FORD CA029;181;4;181;0;182;0;184;0;184;0;183;0;184;0;181;0;179;0;178;1;176;0;175;0
7/30/2025;4:33:29 PM;WG REA FORD CA029;184;4;184;0;185;0;187;0;187;0;186;0;187;0;184;0;182;0;181;1;179;0;178;0
7/30/2025;4:34:29 PM;WG REA FORD CA029;187;4;187;0;188;0;189;0;189;0;189;0;190;0;186;0;185;0;184;1;182;0;181;0
7/30/2025;4:35:29 PM;WG REA FORD CA029;190;4;190;0;191;0;192;0;192;0;192;0;193;0;189;0;188;0;187;1;185;0;184;0
7/30/2025;4:36:29 PM;WG REA FORD CA029;193;4;193;0;194;0;195;0;195;0;195;0;196;0;192;0;191;0;190;1;188;0;187;0
7/30/2025;4:37:29 PM;WG REA FORD CA029;196;4;196;0;197;0;198;0;198;0;198;0;199;0;195;0;194;0;193;1;191;0;190;0
7/30/2025;4:38:29 PM;WG REA FORD CA029;199;4;199;0;200;0;201;0;201;0;201;0;202;0;197;0;196;0;196;1;194;0;192;0
7/30/2025;4:39:29 PM;WG REA FORD CA029;202;4;202;0;203;0;204;0;204;0;204;0;204;0;201;0;199;0;199;1;197;0;195;0
7/30/2025;4:40:29 PM;WG REA FORD CA029;205;4;205;0;206;0;207;0;207;0;207;0;207;0;204;0;202;0;201;1;199;0;198;0
7/30/2025;4:41:29 PM;WG REA FORD CA029;208;4;208;0;209;0;210;0;210;0;210;0;210;0;205;0;205;0;204;1;202;0;201;0
7/30/2025;4:42:29 PM;WG REA FORD CA029;210;4;211;0;212;0;213;0;213;0;212;0;213;0;206;0;206;0;207;1;205;0;204;0
7/30/2025;4:43:29 PM;WG REA FORD CA029;214;4;214;0;215;0;216;0;216;0;215;0;216;0;209;0;208;0;208;1;207;0;206;0
7/30/2025;4:44:29 PM;WG REA FORD CA029;216;4;216;0;217;0;218;0;218;0;218;0;218;0;209;0;208;0;208;1;207;0;206;0
7/30/2025;4:45:29 PM;WG REA FORD CA029;216;4;216;0;217;0;218;0;218;0;218;0;218;0;209;0;208;0;208;1;207;0;206;0
7/30/2025;4:46:29 PM;WG REA FORD CA029;216;4;216;0;217;0;218;0;218;0;218;0;218;0;209;0;208;0;208;1;207;0;206;0
7/30/2025;4:47:29 PM;WG REA FORD CA029;216;4;216;0;217;0;218;0;218;0;218;0;218;0;209;0;208;0;208;1;207;0;206;0
7/30/2025;4:48:29 PM;WG REA FORD CA029;216;4;216;0;217;0;218;0;218;0;218;0;218;0;209;0;208;0;208;1;207;0;206;0
7/30/2025;4:49:29 PM;WG REA FORD CA029;216;4;216;0;217;0;218;0;218;0;218;0;218;0;209;0;208;0;208;1;207;0;206;0
7/30/2025;4:50:29 PM;WG REA FORD CA029;216;4;216;0;217;0;218;0;218;0;218;0;218;0;209;0;208;0;208;1;207;0;206;0
7/30/2025;4:51:29 PM;WG REA FORD CA029;216;4;216;0;217;0;218;0;218;0;218;0;218;0;209;0;208;0;208;1;207;0;206;0
7/30/2025;4:52:29 PM;WG REA FORD CA029;216;4;216;0;217;0;218;0;218;0;218;0;218;0;209;0;208;0;208;1;207;0;206;0
7/30/2025;4:53:29 PM;WG REA FORD CA029;216;4;216;0;217;0;218;0;218;0;218;0;218;0;209;0;208;0;208;1;207;0;206;0
7/30/2025;4:54:29 PM;WG REA FORD CA029;216;4;216;0;217;0;218;0;218;0;218;0;218;0;209;0;208;0;208;1;207;0;206;0
7/30/2025;4:55:29 PM;WG REA FORD CA029;216;4;216;0;217;0;218;0;218;0;218;0;218;0;209;0;208;0;208;1;207;0;206;0
7/30/2025;4:56:29 PM;WG REA FORD CA029;216;4;216;0;217;0;218;0;218;0;218;0;218;0;209;0;208;0;208;1;207;0;206;0
7/30/2025;4:57:29 PM;WG REA FORD CA029;216;4;216;0;217;0;218;0;218;0;218;0;218;0;209;0;208;0;208;1;207;0;206;0
7/30/2025;4:58:29 PM;WG REA FORD CA029;216;4;216;0;217;0;218;0;218;0;218;0;218;0;209;0;208;0;208;1;207;0;206;0
7/30/2025;4:59:29 PM;WG REA FORD CA029;216;4;216;0;217;0;218;0;218;0;218;0;218;0;209;0;208;0;208;1;207;0;206;0
7/30/2025;5:00:29 PM;WG REA FORD CA029;216;4;216;0;217;0;218;0;218;0;218;0;218;0;209;0;208;0;208;1;207;0;206;0
7/30/2025;5:01:29 PM;WG REA FORD CA029;216;4;216;0;217;0;218;0;218;0;218;0;218;0;209;0;208;0;208;1;207;0;206;0
7/30/2025;5:02:29 PM;WG REA FORD CA029;216;4;216;0;217;0;218;0;218;0;218;0;218;0;209;0;208;0;208;1;207;0;206;0
7/30/2025;5:03:29 PM;WG REA FORD CA029;216;4;216;0;217;0;218;0;218;0;218;0;218;0;209;0;208;0;208;1;207;0;206;0
7/30/2025;5:04:29 PM;WG REA FORD CA029;216;4;216;0;217;0;218;0;218;0;218;0;218;0;209;0;208;0;208;1;207;0;206;0
7/30/2025;5:05:29 PM;WG REA FORD CA029;216;4;216;0;217;0;218;0;218;0;218;0;218;0;209;0;208;0;208;1;207;0;206;0
7/30/2025;5:06:29 PM;WG REA FORD CA029;216;4;216;0;217;0;218;0;218;0;218;0;218;0;209;0;208;0;208;1;207;0;206;0
7/30/2025;5:07:29 PM;WG REA FORD CA029;216;4;216;0;217;0;218;0;218;0;218;0;218;0;209;0;208;0;208;1;207;0;206;0
7/30/2025;5:08:29 PM;WG REA FORD CA029;216;4;216;0;217;0;218;0;218;0;218;0;218;0;211;0;211;0;208;1;207;0;206;0
7/30/2025;5:09:29 PM;WG REA FORD CA029;219;4;219;0;220;0;221;0;221;0;221;0;222;0;214;0;211;0;208;1;207;0;206;0
7/30/2025;5:10:29 PM;WG REA FORD CA029;222;4;222;0;223;0;225;0;225;0;224;0;225;0;218;0;211;0;209;1;207;0;206;0
7/30/2025;5:11:29 PM;WG REA FORD CA029;225;4;225;0;226;0;228;0;228;0;227;0;228;0;221;0;213;0;212;1;210;0;209;0
7/30/2025;5:12:29 PM;WG REA FORD CA029;228;4;228;0;229;0;231;0;231;0;230;0;231;0;223;0;216;0;215;1;213;0;211;0
7/30/2025;5:13:29 PM;WG REA FORD CA029;231;4;231;0;232;0;234;0;233;0;233;0;234;0;227;0;219;0;217;1;215;0;213;0
7/30/2025;5:14:29 PM;WG REA FORD CA029;234;4;234;0;235;0;236;0;236;0;236;0;237;0;230;0;222;0;221;1;218;0;216;1
7/30/2025;5:15:29 PM;WG REA FORD CA029;237;4;237;0;238;0;239;0;239;0;239;0;240;0;233;0;225;0;223;1;221;0;220;1
7/30/2025;5:16:29 PM;WG REA FORD CA029;240;4;240;0;241;0;242;0;242;0;242;0;243;0;236;0;228;0;226;1;224;0;223;1
7/30/2025;5:17:29 PM;WG REA FORD CA029;243;4;243;0;244;0;245;0;245;0;245;0;246;0;239;0;231;0;229;1;227;0;225;1
7/30/2025;5:18:29 PM;WG REA FORD CA029;246;4;246;0;247;0;248;0;248;0;248;0;249;0;242;0;234;0;232;1;230;0;228;1
7/30/2025;5:19:29 PM;WG REA FORD CA029;249;4;249;0;250;0;251;0;251;0;251;0;252;0;243;0;234;0;233;1;230;0;229;1
7/30/2025;5:20:29 PM;WG REA FORD CA029;249;4;249;0;250;0;252;0;252;0;251;0;252;0;243;0;234;0;233;1;230;0;229;1
7/30/2025;5:21:29 PM;WG REA FORD CA029;249;4;249;0;250;0;252;0;252;0;251;0;252;0;243;0;234;0;233;1;230;0;229;1
7/30/2025;5:22:29 PM;WG REA FORD CA029;249;4;249;0;250;0;252;0;252;0;251;0;252;0;243;0;234;0;233;1;230;0;229;1
7/30/2025;5:23:29 PM;WG REA FORD CA029;249;4;249;0;250;0;252;0;252;0;251;0;252;0;243;0;234;0;233;1;231;0;229;1
7/30/2025;5:24:29 PM;WG REA FORD CA029;251;4;252;0;253;0;254;0;254;0;254;0;254;0;246;0;237;0;236;1;233;0;232;1
7/30/2025;5:25:29 PM;WG REA FORD CA029;255;4;255;0;256;0;257;0;257;0;257;0;257;0;249;0;240;0;239;1;236;0;235;1
7/30/2025;5:26:29 PM;WG REA FORD CA029;258;4;258;0;259;0;260;0;260;0;260;0;261;0;252;0;243;0;242;1;239;0;238;1
7/30/2025;5:27:29 PM;WG REA FORD CA029;261;4;261;0;262;0;263;0;263;0;263;0;264;0;256;0;246;0;245;1;242;0;241;1
7/30/2025;5:28:29 PM;WG REA FORD CA029;264;4;264;0;265;0;266;0;266;0;266;0;267;0;259;0;249;0;248;1;245;0;244;1
7/30/2025;5:29:29 PM;WG REA FORD CA029;267;4;267;0;268;0;269;0;269;0;269;0;270;0;262;0;252;0;251;1;248;0;247;1
7/30/2025;5:30:29 PM;WG REA FORD CA029;270;4;270;0;271;0;272;0;272;0;272;0;272;0;265;0;255;0;254;1;251;0;250;1
7/30/2025;5:31:29 PM;WG REA FORD CA029;273;4;273;0;274;0;275;0;275;0;275;0;275;0;268;0;258;0;257;1;254;0;253;1
7/30/2025;5:32:29 PM;WG REA FORD CA029;276;4;276;0;277;0;278;0;278;0;277;0;278;0;271;0;261;0;260;1;257;0;256;1
7/30/2025;5:33:29 PM;WG REA FORD CA029;279;4;279;0;280;0;281;0;281;0;280;0;281;0;274;0;264;0;262;1;260;0;259;1
7/30/2025;5:34:29 PM;WG REA FORD CA029;281;4;282;0;283;0;284;0;284;0;283;0;284;0;277;0;267;0;265;1;263;0;261;1
7/30/2025;5:35:29 PM;WG REA FORD CA029;284;4;285;0;285;0;287;0;287;0;286;0;287;0;280;0;270;0;268;1;266;0;264;1
7/30/2025;5:36:29 PM;WG REA FORD CA029;287;4;288;0;288;0;290;0;290;0;289;0;290;0;283;0;273;0;271;1;269;0;267;1
7/30/2025;5:37:29 PM;WG REA FORD CA029;290;4;291;0;291;0;293;0;293;0;292;0;293;0;286;0;276;0;274;1;272;0;270;1
7/30/2025;5:38:29 PM;WG REA FORD CA029;293;4;294;0;294;0;296;0;296;0;295;0;296;0;289;0;279;0;277;1;275;0;273;1
7/30/2025;5:39:29 PM;WG REA FORD CA029;296;4;296;0;297;0;299;0;299;0;298;0;299;0;293;0;282;0;280;1;277;0;276;1
7/30/2025;5:40:29 PM;WG REA FORD CA029;299;4;299;0;300;0;302;0;302;0;301;0;302;0;296;0;285;0;283;1;280;0;279;1
7/30/2025;5:41:30 PM;WG REA FORD CA029;302;4;302;0;303;0;305;0;305;0;304;0;305;0;299;0;288;0;286;1;283;0;282;1
7/30/2025;5:42:30 PM;WG REA FORD CA029;305;4;305;0;306;0;308;0;308;0;307;0;308;0;302;0;290;0;289;1;286;0;285;1
7/30/2025;5:43:30 PM;WG REA FORD CA029;308;4;308;0;309;0;310;0;311;0;310;0;311;0;305;0;293;0;292;1;289;0;288;1
7/30/2025;5:44:30 PM;WG REA FORD CA029;311;4;311;0;312;0;314;0;313;0;313;0;314;0;308;0;296;0;295;1;292;0;291;1
7/30/2025;5:45:30 PM;WG REA FORD CA029;314;4;314;0;315;0;317;0;317;0;316;0;317;0;312;0;299;0;298;1;295;0;294;1
7/30/2025;5:46:30 PM;WG REA FORD CA029;317;4;317;0;318;0;319;0;319;0;319;0;320;0;315;0;302;0;301;1;298;0;297;1
7/30/2025;5:47:30 PM;WG REA FORD CA029;320;4;320;0;321;0;322;0;322;0;322;0;323;0;318;0;305;0;304;1;301;0;300;1
7/30/2025;5:48:30 PM;WG REA FORD CA029;323;4;323;0;324;0;325;0;325;0;325;0;326;0;321;0;308;0;306;1;304;0;303;1
7/30/2025;5:49:30 PM;WG REA FORD CA029;326;4;326;0;327;0;328;0;328;0;328;0;328;0;324;0;311;0;309;1;307;0;306;1
7/30/2025;5:50:30 PM;WG REA FORD CA029;328;4;329;0;330;0;331;0;331;0;331;0;331;0;328;0;314;0;312;1;310;0;309;1
7/30/2025;5:51:30 PM;WG REA FORD CA029;331;4;332;0;333;0;334;0;334;0;334;0;334;0;331;0;317;0;315;1;313;0;311;1
7/30/2025;5:52:30 PM;WG REA FORD CA029;334;4;335;0;336;0;337;0;337;0;337;0;337;0;334;0;320;0;318;1;316;0;314;1
7/30/2025;5:53:30 PM;WG REA FORD CA029;337;4;338;0;339;0;340;0;340;0;339;0;340;0;337;0;323;0;321;1;319;0;317;1
7/30/2025;5:54:30 PM;WG REA FORD CA029;340;5;340;0;341;0;343;0;343;0;342;0;343;0;340;0;326;0;324;1;322;0;320;1
7/30/2025;5:55:30 PM;WG REA FORD CA029;343;5;343;0;344;0;346;0;346;0;345;0;346;0;343;0;329;0;327;1;324;0;323;1
7/30/2025;5:56:30 PM;WG REA FORD CA029;346;5;346;0;347;0;349;0;349;0;348;0;349;0;345;0;331;0;330;1;327;0;326;1
7/30/2025;5:57:30 PM;WG REA FORD CA029;349;5;349;0;350;0;352;0;352;0;351;0;352;0;345;0;334;0;333;1;330;0;329;1
7/30/2025;5:58:30 PM;WG REA FORD CA029;352;5;352;0;353;0;355;0;355;0;354;0;355;0;345;0;337;0;335;2;333;0;332;1
7/30/2025;5:59:30 PM;WG REA FORD CA029;354;5;355;0;356;0;358;0;358;0;357;0;358;0;345;0;340;0;338;2;336;0;335;1
7/30/2025;6:00:30 PM;WG REA FORD CA029;358;5;358;0;359;0;361;0;361;0;360;0;358;0;345;0;343;0;341;2;339;0;338;1
7/30/2025;6:01:30 PM;WG REA FORD CA029;361;5;361;0;362;0;363;0;363;0;363;0;358;0;345;0;346;0;344;2;342;0;341;1
7/30/2025;6:02:30 PM;WG REA FORD CA029;362;5;362;0;362;0;363;0;363;0;363;0;358;0;345;0;346;0;347;2;345;0;344;1
7/30/2025;6:03:30 PM;WG REA FORD CA029;362;5;362;0;362;0;363;0;363;0;363;0;358;0;345;0;346;0;348;2;347;0;346;1
7/30/2025;6:04:30 PM;WG REA FORD CA029;362;5;362;0;362;0;363;0;363;0;363;0;358;0;345;0;346;0;348;2;347;0;346;1
7/30/2025;6:05:30 PM;WG REA FORD CA029;362;5;362;0;362;0;363;0;363;0;363;0;358;0;345;0;346;0;348;2;347;0;346;1
7/30/2025;6:06:30 PM;WG REA FORD CA029;362;5;362;0;362;0;363;0;363;0;363;0;358;0;345;0;346;0;348;2;347;0;346;1
7/30/2025;6:07:30 PM;WG REA FORD CA029;362;5;362;0;362;0;363;0;363;0;363;0;358;0;345;0;346;0;348;2;347;0;346;1
7/30/2025;6:08:30 PM;WG REA FORD CA029;362;5;362;0;362;0;363;0;363;0;363;0;358;0;345;0;346;0;348;2;347;0;346;1
7/30/2025;6:09:30 PM;WG REA FORD CA029;362;5;362;0;362;0;363;0;363;0;363;0;358;0;345;0;346;0;348;2;347;0;346;1
7/30/2025;6:10:30 PM;WG REA FORD CA029;362;5;362;0;362;0;363;0;363;0;363;0;358;0;345;0;346;0;348;2;347;0;346;1
7/30/2025;6:11:30 PM;WG REA FORD CA029;362;5;362;0;362;0;363;0;363;0;363;0;358;0;345;0;346;0;348;2;347;0;346;1
7/30/2025;6:12:30 PM;WG REA FORD CA029;362;5;362;0;362;0;363;0;363;0;363;0;358;0;345;0;346;0;348;2;347;0;346;1
7/30/2025;6:13:30 PM;WG REA FORD CA029;362;5;362;0;362;0;363;0;363;0;363;0;358;0;345;0;346;0;348;2;347;0;346;1
7/30/2025;6:14:30 PM;WG REA FORD CA029;362;5;362;0;362;0;363;0;363;0;363;0;358;0;345;0;346;0;348;2;347;0;346;1
7/30/2025;6:15:30 PM;WG REA FORD CA029;362;5;362;0;362;0;363;0;363;0;363;0;358;0;345;0;346;0;348;2;347;0;346;1
7/30/2025;6:16:30 PM;WG REA FORD CA029;362;5;362;0;362;0;364;0;364;0;364;0;359;0;348;0;346;0;348;2;347;0;346;1
7/30/2025;6:17:30 PM;WG REA FORD CA029;364;5;364;0;365;0;367;0;367;0;366;0;363;0;351;0;349;0;348;2;347;0;346;1
7/30/2025;6:18:30 PM;WG REA FORD CA029;367;5;367;0;368;0;370;0;370;0;369;0;366;0;354;0;352;0;351;2;349;0;347;1
7/30/2025;6:19:30 PM;WG REA FORD CA029;370;5;370;0;371;0;372;0;373;0;372;0;369;0;357;0;355;0;353;2;352;0;350;1
7/30/2025;6:20:30 PM;WG REA FORD CA029;371;5;371;0;371;0;372;0;373;0;372;0;371;0;359;0;358;0;356;2;354;0;353;1
7/30/2025;6:21:30 PM;WG REA FORD CA029;371;5;371;0;371;0;372;0;373;0;372;0;372;0;362;0;361;0;359;2;357;0;356;1
7/30/2025;6:22:30 PM;WG REA FORD CA029;371;5;371;0;371;0;373;0;373;0;372;0;373;0;365;0;364;0;362;2;360;0;359;1
7/30/2025;6:23:30 PM;WG REA FORD CA029;373;5;373;0;374;0;376;0;376;0;375;0;376;0;368;0;367;0;365;2;363;0;361;1
7/30/2025;6:24:30 PM;WG REA FORD CA029;376;5;376;0;378;0;379;0;379;0;378;0;379;0;369;0;367;0;367;2;365;0;363;1
7/30/2025;6:25:30 PM;WG REA FORD CA029;379;5;380;0;380;0;382;0;382;0;381;0;382;0;371;0;370;0;368;2;367;0;365;1
7/30/2025;6:26:30 PM;WG REA FORD CA029;382;5;383;0;383;0;385;0;385;0;384;0;385;0;375;0;373;0;370;2;370;0;368;1
7/30/2025;6:27:30 PM;WG REA FORD CA029;385;5;386;0;386;0;388;0;388;0;387;0;388;0;377;0;376;0;373;2;372;0;370;1
7/30/2025;6:28:30 PM;WG REA FORD CA029;388;5;388;0;389;0;391;0;391;0;390;0;391;0;381;0;379;0;376;2;375;0;373;1
7/30/2025;6:29:30 PM;WG REA FORD CA029;391;5;391;0;392;0;394;0;394;0;393;0;394;0;384;0;382;0;378;2;377;0;375;1
7/30/2025;6:30:30 PM;WG REA FORD CA029;394;5;394;0;395;0;397;0;397;0;396;0;397;0;387;0;384;0;380;2;380;0;378;1
7/30/2025;6:31:30 PM;WG REA FORD CA029;397;5;397;0;398;0;400;0;400;0;399;0;400;0;390;0;387;0;383;2;382;0;380;1
7/30/2025;6:32:30 PM;WG REA FORD CA029;400;5;400;0;401;0;403;0;403;0;402;0;403;0;392;0;390;0;385;2;384;0;383;1
7/30/2025;6:33:30 PM;WG REA FORD CA029;403;5;403;0;404;0;406;0;405;0;405;0;406;0;396;0;392;0;388;2;387;0;386;1
7/30/2025;6:34:30 PM;WG REA FORD CA029;406;5;406;0;407;0;408;0;408;0;408;0;409;0;398;0;395;0;391;2;390;0;389;1
7/30/2025;6:35:30 PM;WG REA FORD CA029;409;5;409;0;410;0;411;0;411;0;411;0;412;0;401;0;398;0;394;2;393;0;392;1
7/30/2025;6:36:30 PM;WG REA FORD CA029;412;5;412;0;413;0;414;0;414;0;414;0;415;0;405;0;401;0;397;2;396;0;395;1
7/30/2025;6:37:30 PM;WG REA FORD CA029;413;5;414;0;416;0;417;0;417;0;417;0;418;0;408;0;404;0;399;2;399;0;397;1
7/30/2025;6:38:30 PM;WG REA FORD CA029;413;5;414;0;417;0;417;0;418;0;418;0;418;0;411;0;406;0;402;2;402;0;400;1
7/30/2025;6:39:30 PM;WG REA FORD CA029;413;5;414;0;417;0;417;0;418;0;418;0;418;0;414;0;410;0;405;2;404;0;403;1
7/30/2025;6:40:30 PM;WG REA FORD CA029;413;5;414;0;417;0;417;0;418;0;418;0;418;0;417;0;412;0;408;2;407;0;406;1
7/30/2025;6:41:30 PM;WG REA FORD CA029;413;5;414;0;417;0;417;0;418;0;418;0;418;0;418;0;415;0;411;2;410;0;408;1
7/30/2025;6:42:30 PM;WG REA FORD CA029;413;5;414;0;417;0;417;0;418;0;418;0;418;0;419;0;418;0;414;2;413;0;412;1
7/30/2025;6:43:30 PM;WG REA FORD CA029;413;5;414;0;417;1;419;0;419;0;419;0;419;0;419;0;418;0;417;2;416;0;415;1
7/30/2025;6:44:30 PM;WG REA FORD CA029;413;5;414;0;417;1;420;0;420;0;420;0;420;0;419;0;418;0;418;2;419;0;418;1
7/30/2025;6:45:30 PM;WG REA FORD CA029;413;5;414;0;417;1;421;0;421;0;421;0;421;0;421;0;419;0;418;2;419;0;418;1
7/30/2025;6:46:30 PM;WG REA FORD CA029;413;5;414;0;417;1;421;0;422;0;422;0;422;0;421;0;420;0;418;2;419;0;418;1
7/30/2025;6:47:30 PM;WG REA FORD CA029;413;5;414;0;417;1;421;0;422;0;423;0;423;0;422;0;421;0;420;2;421;0;420;1
7/30/2025;6:48:30 PM;WG REA FORD CA029;413;5;414;0;417;1;421;0;422;0;423;0;423;0;424;0;422;0;421;2;422;0;421;1
7/30/2025;6:49:30 PM;WG REA FORD CA029;413;5;414;0;417;1;421;0;422;0;423;0;424;0;424;0;423;0;422;2;423;0;421;1
7/30/2025;6:50:30 PM;WG REA FORD CA029;413;5;414;0;417;1;421;0;422;0;423;0;424;0;425;0;423;0;422;3;423;0;422;1
7/30/2025;6:51:30 PM;WG REA FORD CA029;413;5;414;0;417;1;421;0;422;0;423;0;424;0;425;0;423;0;422;3;423;0;422;1
7/30/2025;6:52:30 PM;WG REA FORD CA029;413;5;414;0;417;1;421;0;422;0;423;0;424;0;425;0;423;0;422;3;423;0;422;1
7/30/2025;6:53:30 PM;WG REA FORD CA029;416;5;416;0;417;1;421;0;422;0;423;0;424;0;425;0;423;0;422;3;423;0;422;1
7/30/2025;6:54:30 PM;WG REA FORD CA029;418;5;418;0;417;1;421;0;422;0;423;0;424;0;425;0;423;0;422;3;423;0;422;1
7/30/2025;6:55:30 PM;WG REA FORD CA029;418;5;418;0;417;1;421;0;422;0;423;0;424;0;425;0;423;0;422;3;423;0;422;1
7/30/2025;6:56:30 PM;WG REA FORD CA029;420;5;420;0;420;1;422;0;422;0;423;0;424;0;425;0;423;0;422;3;423;0;422;1
7/30/2025;6:57:30 PM;WG REA FORD CA029;423;5;423;0;424;1;425;0;425;0;425;0;426;0;425;0;423;0;422;3;423;0;422;1
7/30/2025;6:58:30 PM;WG REA FORD CA029;425;5;426;0;426;1;428;0;428;0;428;0;429;0;426;0;424;0;422;3;423;0;422;1
7/30/2025;6:59:30 PM;WG REA FORD CA029;429;5;429;0;429;1;432;0;432;0;431;0;432;0;429;0;427;0;422;3;423;0;422;1
7/30/2025;7:00:30 PM;WG REA FORD CA029;432;5;432;0;432;1;434;0;434;0;434;0;435;0;432;0;429;0;424;3;425;0;424;1
7/30/2025;7:01:30 PM;WG REA FORD CA029;435;5;435;0;435;1;437;0;437;0;437;0;438;0;435;0;432;0;427;3;427;0;426;1
7/30/2025;7:02:30 PM;WG REA FORD CA029;438;5;438;0;438;1;440;0;440;0;440;0;441;0;438;0;435;0;430;3;430;0;427;1
7/30/2025;7:03:30 PM;WG REA FORD CA029;441;5;441;0;441;1;443;0;443;0;443;0;444;0;441;0;438;0;433;3;432;0;430;1
7/30/2025;7:04:30 PM;WG REA FORD CA029;444;5;444;0;444;1;446;0;446;0;446;0;446;0;444;0;441;0;435;3;435;0;434;1
7/30/2025;7:05:30 PM;WG REA FORD CA029;447;5;447;0;447;1;449;0;449;0;449;0;449;0;447;0;444;0;438;3;438;0;437;1
7/30/2025;7:06:30 PM;WG REA FORD CA029;447;5;447;0;447;1;449;0;449;0;449;0;450;0;448;0;444;0;439;3;438;0;438;1
7/30/2025;7:07:30 PM;WG REA FORD CA029;447;5;447;0;447;1;449;0;449;0;449;0;450;0;448;0;444;0;439;3;438;0;438;1
7/30/2025;7:08:30 PM;WG REA FORD CA029;447;5;447;0;447;1;449;0;449;0;449;0;450;0;448;0;444;0;439;3;438;0;438;1
7/30/2025;7:09:30 PM;WG REA FORD CA029;448;5;448;0;447;1;450;0;450;0;450;0;450;0;449;0;446;0;441;3;440;0;439;1
7/30/2025;7:10:30 PM;WG REA FORD CA029;450;5;451;0;450;1;453;0;453;0;453;0;453;0;450;0;448;0;444;3;443;0;442;1
7/30/2025;7:11:30 PM;WG REA FORD CA029;453;6;453;0;454;1;455;0;455;0;455;0;456;0;453;0;451;0;447;3;446;0;445;1
7/30/2025;7:12:30 PM;WG REA FORD CA029;455;6;456;0;457;1;458;0;458;0;458;0;458;0;456;0;453;0;449;3;449;0;448;1
7/30/2025;7:13:30 PM;WG REA FORD CA029;459;6;460;0;460;1;461;0;461;0;461;0;461;0;459;0;456;0;451;3;451;0;450;1
7/30/2025;7:14:30 PM;WG REA FORD CA029;462;6;463;0;463;1;464;0;464;0;464;0;465;0;462;0;459;0;454;3;454;0;453;1
7/30/2025;7:15:30 PM;WG REA FORD CA029;466;6;466;0;466;1;467;0;467;0;467;0;468;0;465;0;462;0;457;3;457;0;456;1
7/30/2025;7:16:30 PM;WG REA FORD CA029;469;6;469;0;469;1;470;0;470;0;470;0;471;0;468;0;462;0;458;3;459;0;458;1
7/30/2025;7:17:30 PM;WG REA FORD CA029;472;6;472;0;472;1;473;0;473;0;473;0;474;0;471;0;465;0;460;3;460;0;459;1
7/30/2025;7:18:30 PM;WG REA FORD CA029;475;6;475;0;475;1;476;0;476;0;476;0;477;0;474;0;468;0;463;3;463;0;462;1
7/30/2025;7:19:30 PM;WG REA FORD CA029;478;6;478;0;478;1;479;0;479;0;479;0;480;0;477;0;472;0;466;3;466;0;465;1
7/30/2025;7:20:30 PM;WG REA FORD CA029;481;6;481;0;481;1;482;0;482;0;482;0;482;0;480;0;474;0;469;3;469;0;468;1
7/30/2025;7:21:30 PM;WG REA FORD CA029;484;6;484;0;484;1;485;0;485;0;485;0;485;0;483;0;478;0;471;4;471;0;470;1
7/30/2025;7:22:30 PM;WG REA FORD CA029;487;6;487;0;487;1;488;0;488;0;488;0;488;0;486;0;480;0;474;4;474;0;473;1
7/30/2025;7:23:30 PM;WG REA FORD CA029;490;6;490;0;490;1;491;0;491;0;491;0;491;0;489;0;483;0;477;4;477;0;476;1
7/30/2025;7:24:30 PM;WG REA FORD CA029;493;6;493;0;493;1;494;0;494;0;493;0;494;0;492;0;486;0;480;4;480;0;479;1
7/30/2025;7:25:30 PM;WG REA FORD CA029;496;6;496;0;496;1;497;0;497;0;496;0;497;0;495;0;489;0;482;5;482;0;481;1
7/30/2025;7:26:30 PM;WG REA FORD CA029;498;6;499;0;498;1;500;0;500;0;499;0;500;0;496;0;490;0;482;5;483;0;482;1
7/30/2025;7:27:30 PM;WG REA FORD CA029;501;7;501;0;501;1;503;0;503;0;502;0;503;0;498;0;492;0;485;5;485;0;483;1
7/30/2025;7:28:30 PM;WG REA FORD CA029;504;7;504;0;504;1;506;0;506;0;505;0;506;0;502;0;495;0;487;5;487;0;486;1
7/30/2025;7:29:30 PM;WG REA FORD CA029;507;7;507;0;507;1;509;0;509;0;508;0;509;0;505;0;498;0;490;5;490;0;489;1
7/30/2025;7:30:30 PM;WG REA FORD CA029;510;7;510;0;510;1;512;0;512;0;511;0;512;0;508;0;501;0;493;5;493;0;492;1
7/30/2025;7:31:30 PM;WG REA FORD CA029;513;7;513;0;513;1;515;0;515;0;514;0;515;0;511;0;504;0;496;5;496;0;495;1
7/30/2025;7:32:30 PM;WG REA FORD CA029;516;7;516;0;516;1;518;0;518;0;517;0;518;0;514;0;507;0;499;5;499;0;498;1
7/30/2025;7:33:30 PM;WG REA FORD CA029;519;7;519;0;519;1;520;0;521;0;520;0;521;0;517;0;510;0;502;5;502;0;501;1
7/30/2025;7:34:30 PM;WG REA FORD CA029;522;7;522;0;522;1;523;0;524;0;523;0;524;0;521;0;513;0;505;5;505;0;504;1
7/30/2025;7:35:30 PM;WG REA FORD CA029;525;7;525;0;525;1;527;0;526;0;526;0;527;0;524;0;516;0;508;5;508;0;507;1
7/30/2025;7:36:30 PM;WG REA FORD CA029;528;7;528;0;528;1;529;0;530;0;529;0;530;0;527;0;518;0;511;5;511;0;510;1
7/30/2025;7:37:30 PM;WG REA FORD CA029;529;7;529;0;528;1;529;0;530;0;529;0;530;0;530;0;522;0;514;5;514;0;512;1
7/30/2025;7:38:30 PM;WG REA FORD CA029;530;7;530;0;530;1;531;0;531;0;531;0;532;0;531;0;524;0;517;5;517;0;515;1
7/30/2025;7:39:30 PM;WG REA FORD CA029;532;7;533;0;533;1;534;0;534;0;534;0;534;0;532;0;527;0;520;5;520;0;518;1
7/30/2025;7:40:30 PM;WG REA FORD CA029;536;7;536;0;536;1;537;0;537;0;537;0;537;0;535;0;528;0;522;5;522;0;521;1
7/30/2025;7:41:30 PM;WG REA FORD CA029;539;7;539;0;539;1;540;0;540;0;540;0;540;0;536;0;529;0;523;5;523;0;522;1
7/30/2025;7:42:30 PM;WG REA FORD CA029;542;7;542;0;542;1;543;0;543;0;543;0;543;0;536;0;533;0;525;5;526;0;524;1
7/30/2025;7:43:30 PM;WG REA FORD CA029;545;7;545;0;545;1;546;0;546;0;546;0;546;0;538;0;536;0;528;5;529;0;527;1
7/30/2025;7:44:30 PM;WG REA FORD CA029;548;7;548;0;548;1;549;0;549;0;549;0;549;0;542;0;539;0;531;5;531;0;530;1
7/30/2025;7:45:30 PM;WG REA FORD CA029;551;7;551;0;551;1;552;0;552;0;551;0;552;0;545;0;541;0;534;5;534;0;533;1
7/30/2025;7:46:30 PM;WG REA FORD CA029;554;7;554;0;554;1;555;0;555;0;554;0;555;0;548;0;545;0;537;5;537;0;536;1
7/30/2025;7:47:30 PM;WG REA FORD CA029;556;7;557;0;557;1;558;0;558;0;557;0;558;0;551;0;548;0;540;5;540;0;539;1
7/30/2025;7:48:30 PM;WG REA FORD CA029;559;7;560;0;559;1;561;0;561;0;560;0;561;0;554;0;551;0;543;5;543;0;542;1
7/30/2025;7:49:30 PM;WG REA FORD CA029;562;7;562;0;562;1;563;0;563;0;563;0;563;0;557;0;553;0;546;5;546;0;545;1
7/30/2025;7:50:30 PM;WG REA FORD CA029;564;7;565;0;565;1;566;0;566;0;566;0;566;0;560;0;556;0;549;5;549;0;548;1
7/30/2025;7:51:30 PM;WG REA FORD CA029;567;7;568;0;568;1;569;0;569;0;569;0;569;0;563;0;560;0;552;5;552;0;551;1
7/30/2025;7:52:30 PM;WG REA FORD CA029;571;7;571;0;571;1;572;0;572;0;572;0;572;0;566;0;562;0;555;5;555;0;554;1
7/30/2025;7:53:30 PM;WG REA FORD CA029;573;7;574;0;574;1;574;0;575;0;574;0;575;0;569;0;565;0;558;5;558;0;557;1
7/30/2025;7:54:30 PM;WG REA FORD CA029;575;7;575;0;574;1;574;0;575;0;575;0;575;0;572;0;568;0;561;5;561;0;560;1
7/30/2025;7:55:30 PM;WG REA FORD CA029;575;7;575;0;574;1;574;0;575;0;575;0;575;0;575;0;571;0;564;5;564;0;563;1
7/30/2025;7:56:30 PM;WG REA FORD CA029;575;7;575;0;574;1;574;0;575;0;575;0;575;0;575;0;574;0;567;5;567;0;565;1
7/30/2025;7:57:30 PM;WG REA FORD CA029;576;7;576;0;575;1;574;0;575;0;575;0;576;0;575;0;574;0;570;5;570;0;568;1
7/30/2025;7:58:30 PM;WG REA FORD CA029;576;7;576;0;575;1;574;0;575;0;576;0;576;0;576;0;575;0;571;5;572;0;571;1
7/30/2025;7:59:30 PM;WG REA FORD CA029;576;7;576;0;575;1;574;0;575;0;576;0;576;0;576;0;575;0;571;5;572;0;571;1
7/30/2025;8:00:30 PM;WG REA FORD CA029;576;7;576;0;575;1;574;0;575;0;576;0;576;0;576;0;575;0;572;5;573;0;572;1
7/30/2025;8:01:30 PM;WG REA FORD CA029;576;7;576;0;575;1;575;0;575;0;576;0;576;0;576;0;575;0;572;5;573;0;572;1
7/30/2025;8:02:30 PM;WG REA FORD CA029;576;7;576;0;575;1;575;0;576;0;576;0;576;0;577;0;576;0;572;5;573;0;572;1
7/30/2025;8:03:30 PM;WG REA FORD CA029;578;7;578;0;578;1;577;0;577;0;577;0;578;0;577;0;576;0;573;5;573;0;572;1
7/30/2025;8:04:30 PM;WG REA FORD CA029;581;7;581;0;581;1;580;0;580;0;580;0;581;0;578;0;577;0;573;5;574;0;573;1
7/30/2025;8:05:30 PM;WG REA FORD CA029;584;7;584;0;584;1;583;0;583;0;583;0;584;0;581;0;579;0;574;5;574;0;573;1
7/30/2025;8:06:30 PM;WG REA FORD CA029;586;7;586;0;587;1;586;0;587;0;586;0;587;0;584;0;582;0;575;5;576;0;575;1
7/30/2025;8:07:30 PM;WG REA FORD CA029;588;7;588;0;588;1;589;0;589;0;589;0;590;0;587;0;585;0;578;5;578;0;577;1
7/30/2025;8:08:30 PM;WG REA FORD CA029;591;7;591;0;591;1;592;0;592;0;592;0;593;0;590;0;588;0;581;5;581;0;580;1
7/30/2025;8:09:30 PM;WG REA FORD CA029;594;7;594;0;594;1;595;0;595;0;595;0;596;0;593;0;591;0;583;6;583;0;582;1
7/30/2025;8:10:30 PM;WG REA FORD CA029;597;7;597;0;597;1;598;0;598;0;598;0;598;0;596;0;594;0;586;6;586;0;585;1
7/30/2025;8:11:30 PM;WG REA FORD CA029;600;7;600;0;600;1;601;0;601;0;601;0;601;0;599;0;597;0;589;6;589;0;588;1
7/30/2025;8:12:30 PM;WG REA FORD CA029;603;7;603;0;603;1;604;0;604;0;604;0;604;0;602;0;600;0;592;6;592;0;591;1
7/30/2025;8:13:30 PM;WG REA FORD CA029;606;7;606;0;606;1;607;0;607;0;606;0;607;0;605;0;603;0;595;6;594;1;593;1
7/30/2025;8:14:30 PM;WG REA FORD CA029;608;7;609;0;608;1;610;0;610;0;609;0;610;0;608;0;606;0;598;6;597;1;595;1
7/30/2025;8:15:30 PM;WG REA FORD CA029;611;7;612;0;611;1;613;0;613;0;612;0;613;0;611;0;608;0;601;6;600;1;598;1
7/30/2025;8:16:30 PM;WG REA FORD CA029;614;7;615;0;614;1;616;0;616;0;615;0;616;0;614;0;611;0;603;6;603;1;601;1
7/30/2025;8:17:30 PM;WG REA FORD CA029;617;7;618;0;617;1;619;0;619;0;618;0;619;0;617;0;614;0;606;6;605;1;604;1
7/30/2025;8:18:30 PM;WG REA FORD CA029;620;7;621;0;620;1;622;0;622;0;621;0;622;0;620;0;617;0;609;6;608;1;607;1
7/30/2025;8:19:30 PM;WG REA FORD CA029;623;7;624;0;623;1;625;0;625;0;624;0;625;0;623;0;620;0;612;6;611;1;610;1
7/30/2025;8:20:30 PM;WG REA FORD CA029;626;7;626;0;626;1;628;0;628;0;627;0;628;0;626;0;623;0;615;6;614;1;613;1
7/30/2025;8:21:30 PM;WG REA FORD CA029;629;7;629;0;629;1;631;0;631;0;630;0;631;0;629;0;625;0;618;6;617;1;615;1
7/30/2025;8:22:30 PM;WG REA FORD CA029;632;7;632;0;632;1;634;0;634;0;633;0;634;0;632;0;625;0;618;6;618;1;617;1
7/30/2025;8:23:30 PM;WG REA FORD CA029;635;7;635;0;635;1;637;0;637;0;636;0;637;0;635;0;625;0;618;6;618;1;617;1
7/30/2025;8:24:30 PM;WG REA FORD CA029;638;7;638;0;638;1;640;0;640;0;639;0;640;0;638;0;625;0;618;6;618;1;617;1
7/30/2025;8:25:30 PM;WG REA FORD CA029;641;7;641;0;641;1;643;0;643;0;642;0;643;0;641;0;628;0;620;6;619;1;618;1
7/30/2025;8:26:30 PM;WG REA FORD CA029;644;7;644;0;644;1;645;0;646;0;645;0;646;0;643;0;630;0;623;6;622;1;621;1
7/30/2025;8:27:30 PM;WG REA FORD CA029;647;7;647;0;647;1;649;0;648;0;648;0;649;0;647;0;633;0;625;6;625;1;623;1
7/30/2025;8:28:30 PM;WG REA FORD CA029;650;7;650;0;650;1;652;0;651;0;651;0;652;0;649;0;636;0;628;6;627;1;626;1
7/30/2025;8:29:30 PM;WG REA FORD CA029;653;7;653;0;653;1;654;0;654;0;654;0;655;0;652;0;640;0;631;6;630;1;629;1
7/30/2025;8:30:30 PM;WG REA FORD CA029;656;7;656;0;656;1;657;0;658;0;657;0;658;0;655;0;643;0;634;6;633;1;632;1
7/30/2025;8:31:30 PM;WG REA FORD CA029;659;7;659;0;659;1;660;0;660;0;660;0;661;0;658;0;646;0;637;6;636;1;635;1
7/30/2025;8:32:30 PM;WG REA FORD CA029;661;7;662;0;662;1;663;0;663;0;663;0;664;0;661;0;649;0;640;6;639;1;638;1
7/30/2025;8:33:30 PM;WG REA FORD CA029;661;7;662;0;665;1;666;0;666;0;666;0;667;0;664;0;652;0;643;6;642;1;641;1
7/30/2025;8:34:30 PM;WG REA FORD CA029;661;7;662;0;665;1;669;0;669;0;669;0;669;0;667;0;654;0;646;6;645;1;644;1
7/30/2025;8:35:30 PM;WG REA FORD CA029;661;7;662;0;665;1;669;0;669;0;669;0;670;0;669;0;657;0;649;6;648;1;647;1
7/30/2025;8:36:30 PM;WG REA FORD CA029;663;7;663;0;666;1;669;0;670;0;670;0;670;0;670;0;660;0;652;6;651;1;650;1
7/30/2025;8:37:30 PM;WG REA FORD CA029;667;7;667;0;669;1;671;0;671;0;671;0;672;0;670;0;663;0;655;6;654;1;653;1
7/30/2025;8:38:30 PM;WG REA FORD CA029;670;7;670;0;672;1;674;0;674;0;674;0;675;0;672;0;666;0;658;6;657;1;656;1
7/30/2025;8:39:30 PM;WG REA FORD CA029;674;7;674;0;676;1;677;0;677;0;677;0;678;0;675;0;669;0;661;6;660;1;658;1
7/30/2025;8:40:30 PM;WG REA FORD CA029;677;7;677;0;679;1;680;0;681;0;680;0;681;0;678;0;672;0;664;6;663;1;661;1
7/30/2025;8:41:30 PM;WG REA FORD CA029;680;7;681;0;682;1;684;0;684;0;683;0;684;0;682;0;675;0;667;6;666;1;664;1
7/30/2025;8:42:30 PM;WG REA FORD CA029;684;7;684;0;685;1;687;0;687;0;686;0;687;0;685;0;678;0;670;6;668;1;667;1
7/30/2025;8:43:30 PM;WG REA FORD CA029;687;7;687;0;686;1;687;0;688;0;687;0;688;0;688;0;681;0;673;6;671;1;670;1
7/30/2025;8:44:30 PM;WG REA FORD CA029;687;7;687;0;686;1;687;0;688;0;687;0;688;0;688;0;684;0;675;6;674;1;673;1
7/30/2025;8:45:30 PM;WG REA FORD CA029;688;7;688;0;688;1;690;0;690;0;689;0;690;0;688;0;687;0;678;6;677;1;676;1
7/30/2025;8:46:30 PM;WG REA FORD CA029;691;7;691;0;691;1;693;0;693;0;692;0;693;0;690;0;689;0;681;6;680;1;679;1
7/30/2025;8:47:30 PM;WG REA FORD CA029;694;7;694;0;694;1;696;0;696;0;695;0;696;0;693;0;691;0;684;6;683;1;682;1
7/30/2025;8:48:30 PM;WG REA FORD CA029;697;7;697;0;697;1;699;0;699;0;698;0;699;0;696;0;694;0;686;6;686;1;684;1
7/30/2025;8:49:30 PM;WG REA FORD CA029;700;7;700;0;700;1;702;0;702;0;701;0;702;0;699;0;697;0;689;6;688;1;687;1
7/30/2025;8:50:30 PM;WG REA FORD CA029;703;7;703;0;703;1;705;0;705;0;704;0;705;0;699;0;698;0;692;6;691;1;690;1
7/30/2025;8:51:30 PM;WG REA FORD CA029;706;7;706;0;706;1;708;0;708;0;707;0;708;0;702;0;700;0;694;6;694;1;693;1
7/30/2025;8:52:30 PM;WG REA FORD CA029;709;7;709;0;709;1;710;0;711;0;710;0;711;0;705;0;703;0;695;6;695;1;693;1
7/30/2025;8:53:30 PM;WG REA FORD CA029;712;7;712;0;712;1;713;0;714;0;713;0;714;0;708;0;706;0;697;7;697;1;695;1
7/30/2025;8:54:30 PM;WG REA FORD CA029;715;7;715;0;715;1;716;0;717;0;716;0;717;0;711;0;709;0;700;7;699;1;698;1
7/30/2025;8:55:30 PM;WG REA FORD CA029;718;7;718;0;718;1;719;0;720;0;719;0;720;0;714;0;712;0;703;7;702;1;701;1
7/30/2025;8:56:30 PM;WG REA FORD CA029;721;7;721;0;721;1;722;0;722;0;722;0;723;0;717;0;714;0;706;7;705;1;704;1
7/30/2025;8:57:30 PM;WG REA FORD CA029;724;7;724;0;724;1;725;0;725;0;725;0;726;0;720;0;718;0;708;8;708;1;706;1
7/30/2025;8:58:30 PM;WG REA FORD CA029;727;7;727;0;727;1;728;0;728;0;728;0;729;0;723;0;720;0;710;8;709;1;708;1
7/30/2025;8:59:30 PM;WG REA FORD CA029;730;7;730;0;730;1;731;0;731;0;731;0;731;0;723;0;721;0;711;8;710;1;709;1
7/30/2025;9:00:30 PM;WG REA FORD CA029;733;7;733;0;733;1;734;0;734;0;734;0;734;0;727;0;724;0;714;8;713;1;711;1
7/30/2025;9:01:30 PM;WG REA FORD CA029;736;7;736;0;736;1;737;0;737;0;737;0;737;0;729;0;726;0;716;8;715;1;714;1
7/30/2025;9:02:30 PM;WG REA FORD CA029;739;7;739;0;739;1;740;0;740;0;739;0;740;0;732;0;728;0;717;8;715;1;714;1
7/30/2025;9:03:30 PM;WG REA FORD CA029;741;7;742;0;742;1;743;0;743;0;742;0;743;0;735;0;729;0;717;8;715;1;714;1
7/30/2025;9:04:30 PM;WG REA FORD CA029;744;7;745;0;744;1;746;0;746;0;745;0;746;0;738;0;729;0;717;8;715;1;714;1
7/30/2025;9:05:30 PM;WG REA FORD CA029;747;7;748;0;747;1;749;0;749;0;748;0;749;0;740;0;729;0;717;8;715;1;714;1
7/30/2025;9:06:30 PM;WG REA FORD CA029;749;7;749;0;750;1;752;0;752;0;751;0;752;0;741;0;729;0;717;8;715;1;714;1
7/30/2025;9:07:30 PM;WG REA FORD CA029;749;7;749;0;751;1;755;0;755;0;754;0;755;0;744;0;729;0;719;8;715;1;714;1
7/30/2025;9:08:30 PM;WG REA FORD CA029;749;7;749;0;751;1;755;0;755;0;755;0;755;0;747;0;732;0;721;8;718;1;716;1
7/30/2025;9:09:30 PM;WG REA FORD CA029;751;7;750;0;753;1;756;0;756;0;756;0;756;0;750;0;735;0;724;8;721;1;719;1
7/30/2025;9:10:30 PM;WG REA FORD CA029;751;7;751;0;753;1;756;0;756;0;756;0;756;0;753;0;738;0;727;8;724;1;721;1
7/30/2025;9:11:30 PM;WG REA FORD CA029;754;7;754;0;756;1;759;0;759;0;758;0;759;0;757;0;741;0;730;8;727;1;724;1
7/30/2025;9:12:30 PM;WG REA FORD CA029;757;7;758;0;760;1;762;0;762;0;761;0;762;0;760;0;744;0;733;8;730;1;727;1
7/30/2025;9:13:30 PM;WG REA FORD CA029;761;7;761;0;763;1;765;0;765;0;764;0;765;0;763;0;747;0;736;8;733;1;730;1
7/30/2025;9:14:30 PM;WG REA FORD CA029;764;7;765;0;766;1;768;0;768;0;767;0;768;0;766;0;749;0;739;8;736;1;733;1
7/30/2025;9:15:30 PM;WG REA FORD CA029;768;7;768;0;769;1;771;0;771;0;770;0;771;0;769;0;752;0;742;8;738;1;736;1
7/30/2025;9:16:30 PM;WG REA FORD CA029;771;7;771;0;772;1;774;0;774;0;773;0;774;0;772;0;756;0;745;8;741;1;739;1
7/30/2025;9:17:30 PM;WG REA FORD CA029;774;7;774;0;775;1;777;0;777;0;776;0;777;0;775;0;758;0;748;8;744;1;742;1
7/30/2025;9:18:30 PM;WG REA FORD CA029;777;7;777;0;778;1;780;0;780;0;779;0;780;0;777;0;761;0;751;8;747;1;745;1
7/30/2025;9:19:30 PM;WG REA FORD CA029;780;7;780;0;781;1;783;0;783;0;782;0;783;0;781;0;764;0;754;8;750;1;748;1
7/30/2025;9:20:30 PM;WG REA FORD CA029;783;7;783;0;784;1;785;0;786;0;785;0;786;0;784;0;767;0;757;8;753;1;751;1
7/30/2025;9:21:30 PM;WG REA FORD CA029;786;7;786;0;787;1;789;0;789;0;788;0;789;0;787;0;770;0;760;8;756;1;754;1
7/30/2025;9:22:30 PM;WG REA FORD CA029;789;7;789;0;790;1;791;0;792;0;791;0;792;0;790;0;773;0;763;8;759;1;757;1
7/30/2025;9:23:30 PM;WG REA FORD CA029;792;7;792;0;793;1;794;0;794;0;794;0;795;0;792;0;776;0;766;8;762;1;760;1
7/30/2025;9:24:30 PM;WG REA FORD CA029;795;7;795;0;796;1;797;0;797;0;797;0;798;0;795;0;779;0;769;8;765;1;763;1
7/30/2025;9:25:30 PM;WG REA FORD CA029;798;7;798;0;799;1;800;0;800;0;800;0;801;0;798;0;782;0;772;8;768;1;766;1
7/30/2025;9:26:30 PM;WG REA FORD CA029;801;7;801;0;802;1;803;0;803;0;803;0;804;0;801;0;785;0;774;8;771;1;769;1
7/30/2025;9:27:30 PM;WG REA FORD CA029;804;7;804;0;805;1;806;0;806;0;806;0;807;0;804;0;788;0;777;8;774;1;772;1
7/30/2025;9:28:30 PM;WG REA FORD CA029;806;8;806;0;808;1;809;0;809;0;809;0;810;0;807;0;791;0;780;8;777;1;774;1
7/30/2025;9:29:30 PM;WG REA FORD CA029;809;8;809;0;811;1;812;0;812;0;812;0;812;0;810;0;794;0;783;8;780;1;777;1
7/30/2025;9:30:30 PM;WG REA FORD CA029;812;8;813;0;814;1;815;0;815;0;815;0;815;0;813;0;797;0;786;8;783;1;780;1
7/30/2025;9:31:30 PM;WG REA FORD CA029;815;8;815;0;817;1;818;0;818;0;818;0;818;0;816;0;800;0;789;8;786;1;783;1
7/30/2025;9:32:30 PM;WG REA FORD CA029;818;8;818;0;820;1;821;0;821;0;820;0;821;0;819;0;802;0;792;8;789;1;786;1
7/30/2025;9:33:30 PM;WG REA FORD CA029;821;8;821;0;823;1;824;0;824;0;823;0;824;0;822;0;805;0;795;8;791;1;789;1
7/30/2025;9:34:30 PM;WG REA FORD CA029;824;8;824;0;826;1;827;0;827;0;826;0;827;0;825;0;809;0;798;8;794;1;792;1
7/30/2025;9:35:30 PM;WG REA FORD CA029;827;8;827;0;828;1;830;0;830;0;829;0;830;0;828;0;811;0;801;8;797;1;795;1
7/30/2025;9:36:30 PM;WG REA FORD CA029;830;8;830;0;831;1;833;0;833;0;832;0;833;0;830;0;814;0;804;8;800;1;798;1
7/30/2025;9:37:30 PM;WG REA FORD CA029;833;8;833;0;834;1;836;0;836;0;835;0;836;0;833;0;817;0;807;8;803;1;801;1
7/30/2025;9:38:30 PM;WG REA FORD CA029;836;8;836;0;836;1;837;0;836;0;837;0;838;0;837;0;820;0;810;8;806;1;804;1
7/30/2025;9:39:30 PM;WG REA FORD CA029;837;8;837;0;836;1;837;0;836;0;837;0;838;0;838;0;823;0;813;8;809;1;807;1
7/30/2025;9:40:30 PM;WG REA FORD CA029;838;8;838;0;838;1;839;0;839;0;839;0;840;0;838;0;826;0;816;8;812;1;810;1
7/30/2025;9:41:30 PM;WG REA FORD CA029;841;8;841;0;841;1;842;0;842;0;842;0;843;0;840;0;829;0;819;8;815;1;813;1
7/30/2025;9:42:30 PM;WG REA FORD CA029;844;8;844;0;844;1;845;0;845;0;845;0;846;0;843;0;832;0;822;8;818;1;816;1
7/30/2025;9:43:30 PM;WG REA FORD CA029;847;8;847;0;847;1;849;0;849;0;848;0;849;0;847;0;835;0;825;8;821;1;819;1
7/30/2025;9:44:30 PM;WG REA FORD CA029;850;8;850;0;850;1;851;0;851;0;851;0;852;0;850;0;838;0;827;8;824;1;822;1
7/30/2025;9:45:30 PM;WG REA FORD CA029;853;8;853;0;853;1;854;0;854;0;854;0;855;0;852;0;841;0;830;8;827;1;825;1
7/30/2025;9:46:30 PM;WG REA FORD CA029;856;8;856;0;856;1;857;0;857;0;857;0;858;0;855;0;844;0;834;8;829;2;827;1
7/30/2025;9:47:30 PM;WG REA FORD CA029;859;8;859;0;859;1;860;0;860;0;860;0;861;0;858;0;847;0;836;8;832;2;830;1
7/30/2025;9:48:30 PM;WG REA FORD CA029;862;8;862;0;862;1;863;0;863;0;863;0;864;0;859;0;850;0;839;8;835;2;833;1
7/30/2025;9:49:30 PM;WG REA FORD CA029;865;8;865;0;865;1;866;0;866;0;866;0;866;0;859;0;853;0;842;8;838;2;835;1
7/30/2025;9:50:30 PM;WG REA FORD CA029;868;8;868;0;868;1;869;0;869;0;869;0;869;0;859;0;856;0;845;8;841;2;838;1
7/30/2025;9:51:30 PM;WG REA FORD CA029;871;8;871;0;871;1;872;0;872;0;872;0;870;0;859;0;858;0;848;8;844;2;841;1
7/30/2025;9:52:30 PM;WG REA FORD CA029;874;8;874;0;874;1;875;0;875;0;874;0;870;0;859;0;858;0;851;8;847;2;844;1
7/30/2025;9:53:30 PM;WG REA FORD CA029;875;8;875;0;874;1;875;0;875;0;875;0;871;0;859;0;858;0;852;8;849;2;847;1
7/30/2025;9:54:30 PM;WG REA FORD CA029;877;8;877;0;877;1;878;0;878;0;878;0;874;0;862;0;861;0;852;8;849;2;847;1
7/30/2025;9:55:30 PM;WG REA FORD CA029;880;8;880;0;880;1;881;0;882;0;881;0;877;0;865;0;864;0;853;9;849;2;847;1
7/30/2025;9:56:30 PM;WG REA FORD CA029;883;8;883;0;883;1;884;0;884;0;884;0;880;0;868;0;866;0;856;9;852;2;850;1
7/30/2025;9:57:30 PM;WG REA FORD CA029;886;8;886;0;886;1;887;0;887;0;887;0;883;0;872;0;866;0;857;9;854;2;852;1
7/30/2025;9:58:30 PM;WG REA FORD CA029;887;8;887;0;887;1;888;0;887;0;888;0;886;0;875;0;866;0;857;9;854;2;852;1
7/30/2025;9:59:30 PM;WG REA FORD CA029;887;8;887;0;887;1;888;0;887;0;888;0;889;0;878;0;866;0;857;9;854;2;852;1
7/30/2025;10:00:30 PM;WG REA FORD CA029;887;8;887;0;887;1;888;0;887;0;888;0;889;0;881;0;866;0;857;9;854;2;852;1
7/30/2025;10:01:30 PM;WG REA FORD CA029;887;8;887;0;887;1;888;0;887;0;888;0;889;0;884;0;869;0;858;9;854;2;852;1
7/30/2025;10:02:30 PM;WG REA FORD CA029;888;8;888;0;887;1;888;0;887;0;888;0;889;0;886;0;872;0;861;9;857;2;855;1
7/30/2025;10:03:30 PM;WG REA FORD CA029;888;8;888;0;887;1;888;0;887;0;888;0;889;0;889;0;875;0;864;9;860;2;858;1
7/30/2025;10:04:30 PM;WG REA FORD CA029;888;8;888;0;887;1;888;0;887;0;888;0;889;0;889;0;878;0;867;9;863;2;861;1
7/30/2025;10:05:30 PM;WG REA FORD CA029;889;8;889;0;889;1;890;0;890;0;890;0;891;0;889;0;881;0;870;9;866;2;864;1
7/30/2025;10:06:30 PM;WG REA FORD CA029;892;8;892;0;892;1;893;0;894;0;893;0;894;0;892;0;884;0;873;9;869;2;867;1
7/30/2025;10:07:30 PM;WG REA FORD CA029;895;8;895;0;895;1;896;0;897;0;896;0;897;0;895;0;887;0;876;9;872;2;869;1
7/30/2025;10:08:30 PM;WG REA FORD CA029;898;8;898;0;898;1;899;0;900;0;899;0;900;0;898;0;889;0;879;9;875;2;872;1
7/30/2025;10:09:30 PM;WG REA FORD CA029;901;8;901;0;901;1;903;0;903;0;902;0;903;0;900;0;889;0;879;9;876;2;874;1
7/30/2025;10:10:30 PM;WG REA FORD CA029;904;8;904;0;904;1;905;0;905;0;905;0;906;0;903;0;889;0;879;9;876;2;874;1
7/30/2025;10:11:30 PM;WG REA FORD CA029;907;8;907;0;907;1;908;0;908;0;908;0;909;0;906;0;889;0;879;9;876;2;874;1
7/30/2025;10:12:30 PM;WG REA FORD CA029;909;8;909;0;910;1;911;0;911;0;911;0;912;0;909;0;892;0;881;9;877;2;875;1
7/30/2025;10:13:30 PM;WG REA FORD CA029;911;8;911;0;913;1;914;0;914;0;914;0;915;0;912;0;895;0;884;9;880;2;878;1
7/30/2025;10:14:30 PM;WG REA FORD CA029;914;8;914;0;916;1;917;0;917;0;917;0;917;0;915;0;898;0;887;9;883;2;881;1
7/30/2025;10:15:30 PM;WG REA FORD CA029;917;8;917;0;919;1;920;0;920;0;920;0;920;0;918;0;901;0;890;9;886;2;884;1
7/30/2025;10:16:30 PM;WG REA FORD CA029;920;8;920;0;922;1;923;0;923;0;923;0;923;0;921;0;904;0;893;9;889;2;887;1
7/30/2025;10:17:30 PM;WG REA FORD CA029;923;8;923;0;925;1;926;0;926;0;926;0;926;0;924;0;907;0;896;9;892;2;890;1
7/30/2025;10:18:30 PM;WG REA FORD CA029;926;8;926;0;928;1;929;0;929;0;928;0;929;0;927;0;910;0;899;9;895;2;893;1
7/30/2025;10:19:30 PM;WG REA FORD CA029;929;8;929;0;931;1;932;0;932;0;931;0;932;0;930;0;913;0;902;9;898;2;896;1
7/30/2025;10:20:30 PM;WG REA FORD CA029;932;8;932;0;934;1;935;0;935;0;934;0;935;0;933;0;916;0;905;9;901;2;898;1
7/30/2025;10:21:30 PM;WG REA FORD CA029;935;8;935;0;936;1;938;0;938;0;937;0;938;0;936;0;919;0;908;9;904;2;901;1
7/30/2025;10:22:30 PM;WG REA FORD CA029;938;8;938;0;939;1;941;0;941;0;940;0;941;0;939;0;922;0;911;9;907;2;904;1
7/30/2025;10:23:30 PM;WG REA FORD CA029;941;8;941;0;942;1;944;0;944;0;943;0;944;0;942;0;925;0;914;9;910;2;907;1
7/30/2025;10:24:30 PM;WG REA FORD CA029;944;8;944;0;945;1;947;0;947;0;946;0;947;0;945;0;928;0;916;9;912;2;910;1
7/30/2025;10:25:30 PM;WG REA FORD CA029;947;8;947;0;948;1;950;0;950;0;949;0;950;0;948;0;931;0;919;9;915;2;913;1
7/30/2025;10:26:30 PM;WG REA FORD CA029;950;8;950;0;951;1;953;0;953;0;952;0;953;0;950;0;934;0;922;9;918;2;916;1
7/30/2025;10:27:30 PM;WG REA FORD CA029;952;8;953;0;954;1;955;0;956;0;955;0;956;0;954;0;937;0;925;9;921;2;919;1
7/30/2025;10:28:30 PM;WG REA FORD CA029;955;8;956;0;957;1;959;0;958;0;958;0;959;0;957;0;940;0;928;9;924;2;922;1
7/30/2025;10:29:30 PM;WG REA FORD CA029;958;8;959;0;960;1;961;0;961;0;961;0;962;0;960;0;943;0;931;9;927;2;925;1
7/30/2025;10:30:30 PM;WG REA FORD CA029;961;8;962;0;963;1;964;0;964;0;964;0;965;0;962;0;946;0;934;9;930;2;928;1
7/30/2025;10:31:30 PM;WG REA FORD CA029;964;8;964;0;966;1;967;0;967;0;967;0;968;0;965;0;948;0;937;9;933;2;931;1
7/30/2025;10:32:30 PM;WG REA FORD CA029;967;8;967;0;969;1;970;0;970;0;970;0;971;0;968;0;951;0;939;10;935;2;933;1
7/30/2025;10:33:30 PM;WG REA FORD CA029;970;8;970;0;972;1;973;0;973;0;973;0;974;0;971;0;954;0;942;10;938;2;936;1
7/30/2025;10:34:30 PM;WG REA FORD CA029;973;8;973;0;975;1;976;0;976;0;976;0;977;0;974;0;957;0;945;10;941;2;939;1
7/30/2025;10:35:30 PM;WG REA FORD CA029;2;0;2;0;2;0;2;0;2;0;2;0;3;0;2;0;2;0;2;0;2;0;2;0
7/30/2025;10:36:30 PM;WG REA FORD CA029;5;0;5;0;5;0;5;0;5;0;5;0;5;0;5;0;5;0;5;0;5;0;5;0
7/30/2025;10:37:30 PM;WG REA FORD CA029;8;0;8;0;8;0;8;0;8;0;8;0;8;0;8;0;8;0;8;0;8;0;8;0
7/30/2025;10:38:30 PM;WG REA FORD CA029;11;0;11;0;11;0;11;0;11;0;10;0;11;0;11;0;11;0;11;0;11;0;11;0
7/30/2025;10:39:30 PM;WG REA FORD CA029;13;0;13;0;13;0;13;0;13;0;13;1;13;0;14;0;14;0;14;0;14;0;14;0
7/30/2025;10:40:30 PM;WG REA FORD CA029;14;0;14;0;13;0;14;0;14;0;14;1;13;0;15;0;17;0;17;0;17;0;16;0
7/30/2025;10:41:30 PM;WG REA FORD CA029;17;0;17;0;16;0;17;0;17;0;17;1;16;0;16;0;20;0;20;0;20;0;19;0
7/30/2025;10:42:30 PM;WG REA FORD CA029;21;0;21;0;19;0;20;0;20;0;19;1;19;0;19;0;23;0;23;0;23;0;22;0
7/30/2025;10:43:30 PM;WG REA FORD CA029;24;0;24;0;22;0;23;0;23;0;22;1;22;0;22;0;26;0;26;0;26;0;25;0
7/30/2025;10:44:30 PM;WG REA FORD CA029;27;0;28;0;26;0;26;0;26;0;25;1;25;0;25;0;29;0;28;0;29;0;28;0
7/30/2025;10:45:30 PM;WG REA FORD CA029;30;0;31;0;29;0;29;0;29;0;28;1;28;0;28;0;32;0;31;0;31;0;31;0
7/30/2025;10:46:30 PM;WG REA FORD CA029;33;0;34;0;32;0;32;0;32;0;31;1;31;0;31;0;34;0;34;0;34;0;34;0
7/30/2025;10:47:30 PM;WG REA FORD CA029;36;0;37;0;35;0;35;0;35;0;34;1;34;0;34;0;37;0;37;0;37;0;37;0
7/30/2025;10:48:30 PM;WG REA FORD CA029;39;0;40;0;37;0;38;0;38;0;37;1;37;0;37;0;40;0;40;0;40;0;40;0
7/30/2025;10:49:30 PM;WG REA FORD CA029;41;0;42;0;40;0;41;0;41;0;40;1;40;0;40;0;43;0;43;0;43;0;43;0
7/30/2025;10:50:30 PM;WG REA FORD CA029;44;0;45;0;42;0;44;0;44;0;43;1;43;0;43;0;46;0;46;0;46;0;46;0
7/30/2025;10:51:30 PM;WG REA FORD CA029;47;0;47;0;45;0;47;0;47;0;46;1;46;0;46;0;49;0;49;0;49;0;49;0
7/30/2025;10:52:30 PM;WG REA FORD CA029;50;0;50;0;48;0;50;0;50;0;49;1;49;0;48;0;52;0;52;0;52;0;52;0
7/30/2025;10:53:30 PM;WG REA FORD CA029;53;0;53;0;51;0;53;0;53;0;52;1;52;0;49;0;55;0;55;0;55;0;55;0
7/30/2025;10:54:30 PM;WG REA FORD CA029;56;0;56;0;54;0;56;0;56;0;55;1;55;0;52;0;58;0;58;0;58;0;58;0
7/30/2025;10:55:30 PM;WG REA FORD CA029;59;0;59;0;57;0;59;0;59;0;58;1;58;0;55;0;61;0;61;0;61;0;61;0
7/30/2025;10:56:30 PM;WG REA FORD CA029;62;0;62;0;60;0;62;0;62;0;61;1;61;0;58;0;64;0;64;0;64;0;63;0
7/30/2025;10:57:30 PM;WG REA FORD CA029;65;0;65;0;63;0;64;0;65;0;64;1;64;0;61;0;67;0;67;0;67;0;66;0
7/30/2025;10:58:30 PM;WG REA FORD CA029;68;0;68;0;66;0;68;0;68;0;67;1;67;0;64;0;70;0;70;0;70;0;69;0
7/30/2025;10:59:30 PM;WG REA FORD CA029;71;0;71;0;69;0;70;0;70;0;70;1;70;0;67;0;73;0;73;0;73;0;72;0
7/30/2025;11:00:30 PM;WG REA FORD CA029;74;0;74;0;72;0;73;0;73;0;73;1;73;0;70;0;76;0;76;0;75;0;75;0
7/30/2025;11:01:30 PM;WG REA FORD CA029;77;0;77;0;75;0;76;0;76;0;76;1;76;0;73;0;79;0;78;0;78;0;78;0
7/30/2025;11:02:30 PM;WG REA FORD CA029;80;0;80;0;78;0;79;0;79;0;79;1;79;0;77;0;82;0;81;0;81;0;81;0
7/30/2025;11:03:30 PM;WG REA FORD CA029;83;0;83;0;81;0;82;0;82;0;82;1;81;0;80;0;85;0;84;0;83;1;84;0
7/30/2025;11:04:30 PM;WG REA FORD CA029;86;0;86;0;84;0;85;0;85;0;85;1;84;0;83;0;88;0;87;0;86;1;86;0
7/30/2025;11:05:30 PM;WG REA FORD CA029;89;0;89;0;87;0;88;0;88;0;88;1;87;0;86;0;91;0;90;0;89;1;89;0
7/30/2025;11:06:30 PM;WG REA FORD CA029;92;0;92;0;90;0;91;0;91;0;91;1;90;0;88;0;94;0;93;0;92;1;92;0
7/30/2025;11:07:30 PM;WG REA FORD CA029;95;0;95;0;93;0;94;0;94;0;93;1;93;0;92;0;97;0;96;0;95;1;95;0
7/30/2025;11:08:30 PM;WG REA FORD CA029;98;0;98;0;96;0;97;0;97;0;96;1;96;0;95;0;100;0;99;0;98;1;98;0
7/30/2025;11:09:30 PM;WG REA FORD CA029;100;0;101;0;99;0;100;0;100;0;99;1;99;0;98;0;103;0;102;0;101;1;101;0
7/30/2025;11:10:30 PM;WG REA FORD CA029;103;0;104;0;102;0;103;0;103;0;102;1;102;0;101;0;105;0;105;0;104;1;104;0
7/30/2025;11:11:30 PM;WG REA FORD CA029;106;0;107;0;104;0;106;0;106;0;105;1;105;0;104;0;109;0;108;0;107;1;107;0
7/30/2025;11:12:30 PM;WG REA FORD CA029;109;0;110;0;107;0;108;0;109;0;108;1;108;0;107;0;111;0;111;0;110;1;110;0
7/30/2025;11:13:30 PM;WG REA FORD CA029;110;0;110;0;107;0;108;0;109;0;108;1;108;0;110;0;114;0;114;0;113;1;113;0
7/30/2025;11:14:30 PM;WG REA FORD CA029;111;0;111;0;109;0;110;0;110;0;110;1;110;0;110;0;117;0;117;0;116;1;115;0
7/30/2025;11:15:30 PM;WG REA FORD CA029;114;0;114;0;112;0;113;0;113;0;113;1;113;0;112;0;120;0;120;0;119;1;118;0
7/30/2025;11:16:30 PM;WG REA FORD CA029;117;0;117;0;115;0;116;0;117;0;116;1;116;0;115;0;123;0;123;0;122;1;121;0
7/30/2025;11:17:30 PM;WG REA FORD CA029;120;0;120;0;118;0;119;0;119;0;119;1;119;0;118;0;126;0;126;0;125;1;124;0
7/30/2025;11:18:30 PM;WG REA FORD CA029;123;0;123;0;121;0;122;0;122;0;122;1;122;0;122;0;129;0;129;0;127;1;127;0
7/30/2025;11:19:30 PM;WG REA FORD CA029;126;0;126;0;123;0;124;0;125;0;124;1;124;0;124;0;132;0;132;0;130;1;130;0
7/30/2025;11:20:30 PM;WG REA FORD CA029;126;0;126;0;124;0;125;0;125;0;125;1;124;0;126;0;135;0;135;0;133;1;133;0
7/30/2025;11:21:30 PM;WG REA FORD CA029;129;0;129;0;127;0;128;0;128;0;128;1;127;0;127;0;138;0;137;0;136;1;135;0
7/30/2025;11:22:30 PM;WG REA FORD CA029;132;0;132;0;130;0;131;0;131;0;131;1;131;0;130;0;140;0;140;0;138;1;137;0
7/30/2025;11:23:30 PM;WG REA FORD CA029;135;0;135;0;133;0;134;0;134;0;134;1;134;0;133;0;143;0;143;0;141;1;140;0
7/30/2025;11:24:30 PM;WG REA FORD CA029;138;0;138;0;136;0;137;0;137;0;137;1;137;0;136;0;146;0;145;0;144;1;143;0
7/30/2025;11:25:30 PM;WG REA FORD CA029;141;0;141;0;139;0;140;0;140;0;140;1;140;0;139;0;149;0;148;0;147;1;147;0
7/30/2025;11:26:30 PM;WG REA FORD CA029;144;0;144;0;142;0;143;0;143;0;143;1;142;0;142;0;152;0;151;0;150;1;149;0
7/30/2025;11:27:30 PM;WG REA FORD CA029;147;0;147;0;144;0;144;0;145;0;146;1;145;0;145;0;155;0;154;0;153;1;152;0
7/30/2025;11:28:30 PM;WG REA FORD CA029;147;0;147;0;144;0;144;0;145;0;146;1;145;0;147;0;158;0;157;0;156;1;155;0
7/30/2025;11:29:30 PM;WG REA FORD CA029;147;0;147;0;144;0;144;0;145;0;146;1;145;0;147;0;161;0;160;0;158;1;158;0
7/30/2025;11:30:30 PM;WG REA FORD CA029;147;0;147;0;144;0;144;0;145;0;146;1;145;0;147;0;163;0;163;0;161;1;161;0
7/30/2025;11:31:30 PM;WG REA FORD CA029;148;0;148;0;146;0;148;0;148;0;148;1;147;0;147;0;163;0;166;0;164;1;164;0
7/30/2025;11:32:30 PM;WG REA FORD CA029;151;0;151;0;149;0;151;0;151;0;151;1;150;0;150;0;165;0;167;0;167;1;167;0
7/30/2025;11:33:30 PM;WG REA FORD CA029;154;0;154;0;152;0;154;0;154;0;153;1;153;0;153;0;168;0;169;0;168;1;167;0
7/30/2025;11:34:30 PM;WG REA FORD CA029;157;0;158;0;155;0;157;0;157;0;156;1;156;0;156;0;171;0;171;0;171;1;170;0
7/30/2025;11:35:30 PM;WG REA FORD CA029;160;0;160;0;158;0;160;0;160;0;159;1;159;0;159;0;174;0;174;0;174;1;173;0
7/30/2025;11:36:30 PM;WG REA FORD CA029;163;0;163;0;161;0;163;0;163;0;162;1;162;0;162;0;177;0;177;0;176;1;176;0
7/30/2025;11:37:30 PM;WG REA FORD CA029;166;0;166;0;164;0;166;0;166;0;165;1;165;0;165;0;180;0;180;0;179;1;179;0
7/30/2025;11:38:30 PM;WG REA FORD CA029;169;0;169;0;167;0;169;0;169;0;168;1;168;0;168;0;182;0;182;0;182;1;182;0
7/30/2025;11:39:30 PM;WG REA FORD CA029;172;0;172;0;170;0;172;0;172;0;171;1;171;0;171;0;185;0;185;0;185;1;184;0
7/30/2025;11:40:30 PM;WG REA FORD CA029;175;0;175;0;173;0;175;0;175;0;174;1;174;0;174;0;188;0;188;0;187;1;187;0
7/30/2025;11:41:30 PM;WG REA FORD CA029;178;0;178;0;176;0;177;0;178;0;177;1;177;0;177;0;191;0;191;0;190;1;190;0
7/30/2025;11:42:30 PM;WG REA FORD CA029;181;0;181;0;179;0;181;0;181;0;180;1;180;0;180;0;194;0;194;0;193;1;193;0
7/30/2025;11:43:30 PM;WG REA FORD CA029;184;0;184;0;182;0;183;0;183;0;183;1;183;0;183;0;197;0;197;0;196;1;196;0
7/30/2025;11:44:30 PM;WG REA FORD CA029;187;0;187;0;185;0;186;0;186;0;186;1;186;0;185;0;200;0;200;0;199;1;199;0
7/30/2025;11:45:30 PM;WG REA FORD CA029;190;0;190;0;188;0;189;0;189;0;189;1;189;0;188;0;203;0;203;0;202;1;202;0
7/30/2025;11:46:30 PM;WG REA FORD CA029;193;0;193;0;191;0;192;0;192;0;192;1;192;0;191;0;206;0;206;0;205;1;204;0
7/30/2025;11:47:30 PM;WG REA FORD CA029;196;0;196;0;194;0;195;0;195;0;195;1;195;0;194;0;209;0;209;0;207;1;206;0
7/30/2025;11:48:30 PM;WG REA FORD CA029;198;0;199;0;197;0;198;0;198;0;198;1;197;0;197;0;212;0;211;1;210;1;209;0
7/30/2025;11:49:30 PM;WG REA FORD CA029;202;0;202;0;200;0;201;0;201;0;201;1;200;0;200;0;215;0;214;1;213;1;212;0
7/30/2025;11:50:30 PM;WG REA FORD CA029;204;0;205;0;203;0;204;0;204;0;204;1;203;0;203;0;218;0;216;2;216;1;215;0
7/30/2025;11:51:30 PM;WG REA FORD CA029;208;0;208;0;206;0;207;0;207;0;206;1;206;0;206;0;220;0;218;2;218;1;218;0
7/30/2025;11:52:30 PM;WG REA FORD CA029;210;0;211;0;209;0;210;0;210;0;209;1;209;0;206;0;220;0;218;2;218;1;218;0
7/30/2025;11:53:30 PM;WG REA FORD CA029;213;0;214;0;212;0;213;0;213;0;212;1;212;0;208;0;222;0;220;2;220;1;219;0
7/30/2025;11:54:30 PM;WG REA FORD CA029;216;0;217;0;214;0;216;0;216;0;215;1;215;0;211;0;225;0;223;2;222;1;222;0
7/30/2025;11:55:30 PM;WG REA FORD CA029;219;0;220;0;217;0;219;0;219;0;218;1;218;0;214;0;229;0;226;2;225;1;225;0
7/30/2025;11:56:30 PM;WG REA FORD CA029;222;0;223;0;220;0;222;0;222;0;221;1;221;0;217;0;232;0;228;3;227;1;227;0
7/30/2025;11:57:30 PM;WG REA FORD CA029;225;0;225;0;223;0;225;0;225;0;224;1;224;0;220;0;234;0;231;3;230;1;230;0
7/30/2025;11:58:30 PM;WG REA FORD CA029;228;0;228;0;226;0;228;0;228;0;227;1;227;0;224;0;238;0;234;3;233;1;233;0
7/30/2025;11:59:30 PM;WG REA FORD CA029;231;0;231;0;229;0;231;0;231;0;230;1;230;0;227;0;240;0;237;3;236;1;236;0
7/31/2025;12:00:30 AM;WG REA FORD CA029;234;0;234;0;232;0;234;0;234;0;233;1;233;0;230;0;243;0;240;3;239;1;239;0
7/31/2025;12:01:30 AM;WG REA FORD CA029;237;0;237;0;235;0;237;0;236;0;236;1;236;0;233;0;246;0;243;3;242;1;242;0
7/31/2025;12:02:30 AM;WG REA FORD CA029;240;0;240;0;238;0;240;0;240;0;239;1;239;0;236;0;249;0;246;3;245;1;245;0
7/31/2025;12:03:30 AM;WG REA FORD CA029;243;0;243;0;241;0;242;0;243;0;242;1;242;0;240;0;252;0;249;3;248;1;248;0
7/31/2025;12:04:30 AM;WG REA FORD CA029;246;0;246;0;244;0;245;0;246;0;245;1;245;0;243;0;255;0;252;3;251;1;250;0
7/31/2025;12:05:30 AM;WG REA FORD CA029;249;0;249;0;247;0;248;0;248;0;248;1;248;0;246;0;258;0;255;3;254;1;253;0
7/31/2025;12:06:30 AM;WG REA FORD CA029;252;0;252;0;250;0;251;0;251;0;251;1;251;0;249;0;261;0;258;3;257;1;256;0
7/31/2025;12:07:30 AM;WG REA FORD CA029;255;0;255;0;253;0;254;0;254;0;254;1;254;0;252;0;264;0;261;3;260;1;259;0
7/31/2025;12:08:30 AM;WG REA FORD CA029;258;0;258;0;256;0;257;0;257;0;257;1;257;0;255;0;267;0;264;3;263;1;262;0
7/31/2025;12:09:30 AM;WG REA FORD CA029;261;0;261;0;259;0;260;0;260;0;260;1;259;0;258;0;270;0;266;3;265;1;265;0
7/31/2025;12:10:30 AM;WG REA FORD CA029;264;0;264;0;262;0;263;0;263;0;263;1;262;0;262;0;273;0;269;3;268;1;268;0
7/31/2025;12:11:30 AM;WG REA FORD CA029;267;0;267;0;265;0;266;0;266;0;266;1;265;0;265;0;276;0;272;3;271;1;271;0
7/31/2025;12:12:30 AM;WG REA FORD CA029;270;0;270;0;268;0;269;0;269;0;268;1;268;0;268;0;279;0;275;3;274;1;274;0
7/31/2025;12:13:30 AM;WG REA FORD CA029;273;0;273;0;271;0;272;0;272;0;271;1;271;0;271;0;282;0;278;3;277;1;277;0
7/31/2025;12:14:30 AM;WG REA FORD CA029;275;0;276;0;274;0;275;0;275;0;274;1;274;0;274;0;285;0;281;3;280;1;280;0
7/31/2025;12:15:30 AM;WG REA FORD CA029;278;0;279;0;276;0;278;0;278;0;277;1;277;0;277;0;287;0;284;3;283;1;283;0
7/31/2025;12:16:30 AM;WG REA FORD CA029;281;0;282;0;279;0;281;0;281;0;280;1;280;0;280;0;288;0;285;4;285;1;285;0
7/31/2025;12:17:30 AM;WG REA FORD CA029;284;0;284;0;282;0;284;0;284;0;283;1;283;0;282;0;290;0;285;5;285;1;285;0
7/31/2025;12:18:30 AM;WG REA FORD CA029;287;0;287;0;285;0;287;0;287;0;286;1;286;0;282;0;290;0;285;5;285;1;285;0
7/31/2025;12:19:30 AM;WG REA FORD CA029;290;0;290;0;288;0;290;0;290;0;289;1;289;0;282;0;290;0;285;5;285;1;285;0
7/31/2025;12:20:30 AM;WG REA FORD CA029;293;0;293;0;291;0;293;0;293;0;292;1;290;0;282;0;290;0;285;5;285;1;285;0
7/31/2025;12:21:30 AM;WG REA FORD CA029;294;0;294;0;294;0;296;0;296;0;295;1;293;0;283;0;291;0;285;5;285;1;285;0
7/31/2025;12:22:30 AM;WG REA FORD CA029;294;0;294;0;294;0;298;0;298;0;298;1;295;0;286;0;291;0;286;5;285;1;285;0
7/31/2025;12:23:30 AM;WG REA FORD CA029;295;0;295;0;295;0;299;0;299;0;299;1;298;0;288;0;294;0;289;5;288;1;288;0
7/31/2025;12:24:30 AM;WG REA FORD CA029;297;0;297;0;297;0;299;0;300;0;300;1;299;0;291;0;297;0;292;5;291;1;291;0
7/31/2025;12:25:30 AM;WG REA FORD CA029;300;0;300;0;300;0;302;0;303;0;302;1;302;0;295;0;297;0;294;5;294;1;294;0
7/31/2025;12:26:30 AM;WG REA FORD CA029;302;0;302;0;302;0;305;0;306;0;305;1;305;0;295;0;299;0;295;5;294;1;294;0
7/31/2025;12:27:30 AM;WG REA FORD CA029;302;0;302;0;302;0;306;0;306;0;306;1;305;0;298;0;303;0;298;5;297;1;296;0
7/31/2025;12:28:30 AM;WG REA FORD CA029;305;0;305;0;305;0;308;0;308;0;308;1;307;0;301;0;303;0;300;5;300;1;299;0
7/31/2025;12:29:30 AM;WG REA FORD CA029;308;0;308;0;308;0;311;0;311;0;310;1;310;0;303;0;304;0;300;5;300;1;300;0
7/31/2025;12:30:30 AM;WG REA FORD CA029;308;0;308;0;308;0;312;0;312;0;312;1;311;0;305;0;305;0;301;5;300;1;300;0
7/31/2025;12:31:30 AM;WG REA FORD CA029;309;0;309;0;309;0;312;0;313;0;313;1;312;0;308;0;306;0;302;5;302;1;302;0
7/31/2025;12:32:30 AM;WG REA FORD CA029;309;0;309;0;309;0;313;0;314;0;314;1;313;0;311;0;309;0;304;5;303;1;303;0
7/31/2025;12:33:30 AM;WG REA FORD CA029;311;0;311;0;311;0;313;0;314;0;314;1;313;0;314;0;312;0;307;5;306;1;306;0
7/31/2025;12:34:30 AM;WG REA FORD CA029;314;0;315;0;313;0;314;0;314;0;315;1;314;0;316;0;315;0;310;5;309;1;309;0
7/31/2025;12:35:30 AM;WG REA FORD CA029;316;0;316;0;313;0;314;0;314;0;315;1;315;0;316;0;318;0;312;6;311;1;311;0
7/31/2025;12:36:30 AM;WG REA FORD CA029;317;0;317;0;316;0;316;0;316;0;316;1;315;0;317;0;321;0;315;6;314;1;313;0
7/31/2025;12:37:30 AM;WG REA FORD CA029;320;0;320;0;318;0;319;0;319;0;319;1;318;0;318;0;324;0;318;6;317;1;316;0
7/31/2025;12:38:30 AM;WG REA FORD CA029;323;0;323;0;321;0;322;0;322;0;322;1;321;0;321;0;327;0;321;6;320;1;319;0
7/31/2025;12:39:30 AM;WG REA FORD CA029;326;0;326;0;324;0;325;0;325;0;325;1;324;0;324;0;330;0;323;6;323;1;322;0
7/31/2025;12:40:30 AM;WG REA FORD CA029;329;0;329;0;327;0;328;0;328;0;328;1;327;0;327;0;333;0;326;6;326;1;325;0
7/31/2025;12:41:30 AM;WG REA FORD CA029;332;0;332;0;330;0;331;0;331;0;331;1;330;0;330;0;336;0;328;7;328;1;327;0
7/31/2025;12:42:30 AM;WG REA FORD CA029;334;0;335;0;333;0;334;0;334;0;334;1;333;0;333;0;339;0;331;7;330;1;330;0
7/31/2025;12:43:30 AM;WG REA FORD CA029;337;0;338;0;336;0;337;0;337;0;336;1;336;0;336;0;342;0;334;7;333;1;333;0
7/31/2025;12:44:30 AM;WG REA FORD CA029;341;0;341;0;339;0;340;0;340;0;339;1;339;0;339;0;345;0;337;7;336;1;336;0
7/31/2025;12:45:30 AM;WG REA FORD CA029;343;0;344;0;342;0;343;0;343;0;342;1;342;0;342;0;348;0;340;7;339;1;339;0
7/31/2025;12:46:30 AM;WG REA FORD CA029;346;0;347;0;344;0;346;0;346;0;345;1;345;0;345;0;350;0;343;7;342;1;342;0
7/31/2025;12:47:30 AM;WG REA FORD CA029;349;0;349;0;347;0;349;0;349;0;348;1;348;0;348;0;353;0;346;7;345;1;345;0
7/31/2025;12:48:30 AM;WG REA FORD CA029;352;0;352;0;350;0;351;0;352;0;351;1;351;0;350;0;356;0;349;7;348;1;348;0
7/31/2025;12:49:30 AM;WG REA FORD CA029;355;0;355;0;353;0;355;0;355;0;354;1;354;0;353;0;359;0;352;7;351;1;351;0
7/31/2025;12:50:30 AM;WG REA FORD CA029;358;0;358;0;356;0;358;0;358;0;357;1;357;0;357;0;363;0;355;7;354;1;354;0
7/31/2025;12:51:30 AM;WG REA FORD CA029;361;0;361;0;359;0;361;0;361;0;360;1;360;0;360;0;365;0;358;7;357;1;357;0
7/31/2025;12:52:30 AM;WG REA FORD CA029;364;0;364;0;361;0;362;0;363;0;362;1;362;0;363;0;368;0;361;7;360;1;360;0
7/31/2025;12:53:30 AM;WG REA FORD CA029;364;0;364;0;361;0;362;0;363;0;362;1;362;0;364;0;371;0;363;8;362;1;362;0
7/31/2025;12:54:30 AM;WG REA FORD CA029;365;0;365;0;363;0;364;0;364;0;364;1;363;0;364;0;374;0;366;8;365;1;365;0
7/31/2025;12:55:30 AM;WG REA FORD CA029;368;0;368;0;366;0;367;0;367;0;367;1;366;0;366;0;376;0;369;8;368;1;368;0
7/31/2025;12:56:30 AM;WG REA FORD CA029;371;0;371;0;369;0;370;0;370;0;370;1;370;0;369;0;376;0;369;8;369;1;369;0
7/31/2025;12:57:30 AM;WG REA FORD CA029;374;0;374;0;372;0;373;0;373;0;373;1;373;0;370;0;376;0;369;8;369;1;369;0
7/31/2025;12:58:30 AM;WG REA FORD CA029;377;0;377;0;375;0;376;0;376;0;376;1;376;0;372;0;379;0;371;8;370;1;370;0
7/31/2025;12:59:30 AM;WG REA FORD CA029;380;0;380;0;378;0;379;0;379;0;379;1;379;0;375;0;382;0;374;8;373;1;372;0
7/31/2025;1:00:30 AM;WG REA FORD CA029;383;0;383;0;381;0;382;0;382;0;382;1;381;0;379;0;385;0;377;8;376;1;375;0
7/31/2025;1:01:30 AM;WG REA FORD CA029;386;0;386;0;384;0;385;0;385;0;385;1;384;0;382;0;388;0;380;8;379;1;378;0
7/31/2025;1:02:30 AM;WG REA FORD CA029;389;0;389;0;387;0;388;0;388;0;388;1;387;0;385;0;391;0;382;8;382;1;381;0
7/31/2025;1:03:30 AM;WG REA FORD CA029;392;0;392;0;390;0;391;0;391;0;391;1;390;0;388;0;394;0;385;8;384;1;384;0
7/31/2025;1:04:30 AM;WG REA FORD CA029;395;0;395;0;393;0;394;0;394;0;393;1;393;0;391;0;397;0;388;8;387;1;386;0
7/31/2025;1:05:30 AM;WG REA FORD CA029;397;0;398;0;395;0;397;0;397;0;396;1;396;0;394;0;400;0;391;8;389;1;388;0
7/31/2025;1:06:30 AM;WG REA FORD CA029;400;0;401;0;399;0;400;0;400;0;399;1;399;0;397;0;402;0;394;8;392;1;392;0
7/31/2025;1:07:30 AM;WG REA FORD CA029;403;0;404;0;402;0;403;0;403;0;402;1;402;0;401;0;405;0;397;8;395;1;395;0
7/31/2025;1:08:30 AM;WG REA FORD CA029;406;0;407;0;404;0;406;0;406;0;405;1;405;0;404;0;408;0;400;8;398;1;398;0
7/31/2025;1:09:30 AM;WG REA FORD CA029;409;0;409;0;407;0;409;0;409;0;408;1;408;0;407;0;411;0;403;8;401;1;401;0
7/31/2025;1:10:30 AM;WG REA FORD CA029;412;0;412;0;410;0;412;0;412;0;411;1;411;0;410;0;414;0;406;8;404;1;404;0
7/31/2025;1:11:30 AM;WG REA FORD CA029;415;0;415;0;413;0;415;0;415;0;414;1;414;0;413;0;417;0;408;8;407;1;407;0
7/31/2025;1:12:30 AM;WG REA FORD CA029;418;0;418;0;416;0;416;0;417;0;417;1;416;0;416;0;420;0;411;8;410;1;409;0
7/31/2025;1:13:30 AM;WG REA FORD CA029;419;0;419;0;416;0;416;0;417;0;417;1;417;0;418;0;423;0;414;8;413;1;412;0
7/31/2025;1:14:30 AM;WG REA FORD CA029;419;0;419;0;416;0;416;0;417;0;418;1;417;0;418;0;426;0;417;8;416;1;415;0
7/31/2025;1:15:30 AM;WG REA FORD CA029;419;0;419;0;417;0;416;0;417;0;418;1;417;0;418;0;429;0;420;8;419;1;418;0
7/31/2025;1:16:30 AM;WG REA FORD CA029;420;0;420;0;417;0;416;0;417;0;418;1;417;0;419;0;432;0;423;8;421;1;421;0
7/31/2025;1:17:30 AM;WG REA FORD CA029;420;0;420;0;418;0;416;0;417;0;418;1;417;0;419;0;434;0;426;8;424;1;424;0
7/31/2025;1:18:30 AM;WG REA FORD CA029;421;0;421;0;418;0;417;0;417;0;418;1;417;0;419;0;435;0;429;8;427;1;427;0
7/31/2025;1:19:30 AM;WG REA FORD CA029;421;0;421;0;419;0;418;0;418;0;418;1;417;0;419;0;435;0;431;8;430;1;430;0
7/31/2025;1:20:30 AM;WG REA FORD CA029;424;0;423;1;422;0;421;0;421;0;421;1;421;0;420;0;436;0;431;8;431;1;431;0
7/31/2025;1:21:30 AM;WG REA FORD CA029;427;0;426;1;424;0;424;0;424;0;424;1;424;0;423;0;439;0;431;8;431;1;431;0
7/31/2025;1:22:30 AM;WG REA FORD CA029;429;0;428;1;425;0;424;0;425;0;425;1;424;0;426;0;441;0;433;8;433;1;433;0
7/31/2025;1:23:30 AM;WG REA FORD CA029;429;0;428;1;425;0;424;0;425;0;426;1;425;0;427;0;442;0;436;8;435;1;435;0
7/31/2025;1:24:30 AM;WG REA FORD CA029;429;0;428;1;425;0;424;0;425;0;426;1;425;0;427;0;443;0;438;8;438;1;438;0
7/31/2025;1:25:30 AM;WG REA FORD CA029;429;0;428;1;425;0;424;0;425;0;426;1;425;0;427;0;443;0;439;8;439;1;439;0
7/31/2025;1:26:30 AM;WG REA FORD CA029;429;0;428;1;425;0;425;0;425;0;426;1;425;0;427;0;443;0;439;8;439;1;439;0
7/31/2025;1:27:30 AM;WG REA FORD CA029;429;0;428;1;426;0;427;0;427;0;427;1;426;0;428;0;444;0;439;8;439;1;439;0
7/31/2025;1:28:30 AM;WG REA FORD CA029;431;0;430;1;429;0;430;0;430;0;430;1;429;0;429;0;444;0;439;8;439;1;439;0
7/31/2025;1:29:30 AM;WG REA FORD CA029;434;0;434;1;431;0;433;0;433;0;432;1;432;0;432;0;447;0;440;8;440;1;440;0
7/31/2025;1:30:30 AM;WG REA FORD CA029;437;0;437;1;435;0;436;0;436;0;435;1;435;0;435;0;450;0;442;8;442;1;441;0
7/31/2025;1:31:30 AM;WG REA FORD CA029;440;0;440;1;438;0;439;0;439;0;438;1;438;0;438;0;454;0;445;8;445;1;444;0
7/31/2025;1:32:30 AM;WG REA FORD CA029;443;0;443;1;440;0;442;0;442;0;441;1;441;0;441;0;456;0;448;8;447;1;447;0
7/31/2025;1:33:30 AM;WG REA FORD CA029;446;0;446;1;443;0;445;0;445;0;444;1;444;0;444;0;460;0;451;8;450;1;450;0
7/31/2025;1:34:30 AM;WG REA FORD CA029;449;0;448;1;446;0;448;0;448;0;447;1;447;0;447;0;462;0;454;8;453;1;453;0
7/31/2025;1:35:30 AM;WG REA FORD CA029;452;0;451;1;449;0;451;0;451;0;450;1;450;0;450;0;465;0;457;8;456;1;456;0
7/31/2025;1:36:30 AM;WG REA FORD CA029;455;0;454;1;452;0;454;0;454;0;453;1;453;0;453;0;468;0;460;8;459;1;459;0
7/31/2025;1:37:30 AM;WG REA FORD CA029;458;0;457;1;455;0;457;0;457;0;456;1;456;0;456;0;471;0;463;8;462;1;462;0
7/31/2025;1:38:30 AM;WG REA FORD CA029;461;0;460;1;458;0;460;0;460;0;459;1;459;0;458;0;474;0;466;8;465;1;465;0
7/31/2025;1:39:30 AM;WG REA FORD CA029;464;0;463;1;461;0;462;0;462;0;462;1;462;0;458;0;474;0;469;8;468;1;468;0
7/31/2025;1:40:30 AM;WG REA FORD CA029;467;0;466;1;464;0;465;0;466;0;465;1;465;0;461;0;477;0;470;8;470;1;470;0
7/31/2025;1:41:30 AM;WG REA FORD CA029;470;0;469;1;467;0;468;0;469;0;468;1;468;0;464;0;479;0;472;8;471;1;471;0
7/31/2025;1:42:30 AM;WG REA FORD CA029;473;0;472;1;470;0;471;0;471;0;471;1;471;0;468;1;482;0;474;8;473;1;473;0
7/31/2025;1:43:30 AM;WG REA FORD CA029;476;0;475;1;473;0;474;0;474;0;474;1;474;0;468;1;484;0;477;8;476;1;475;0
7/31/2025;1:44:30 AM;WG REA FORD CA029;479;0;478;1;476;0;477;0;477;0;477;1;476;0;469;2;485;0;480;8;479;1;478;0
7/31/2025;1:45:30 AM;WG REA FORD CA029;482;0;481;1;479;0;480;0;480;0;480;1;479;0;471;2;487;0;481;8;481;1;481;0
7/31/2025;1:46:30 AM;WG REA FORD CA029;484;0;484;1;482;0;483;0;483;0;483;1;482;0;475;2;490;0;482;8;481;1;481;0
7/31/2025;1:47:30 AM;WG REA FORD CA029;488;0;487;1;485;0;486;0;486;0;486;1;485;0;477;2;493;0;485;8;484;1;484;0
7/31/2025;1:48:30 AM;WG REA FORD CA029;491;0;490;1;488;0;489;0;489;0;488;1;488;0;480;2;496;0;488;8;487;1;487;0
7/31/2025;1:49:30 AM;WG REA FORD CA029;493;0;493;1;491;0;492;0;492;0;491;1;491;0;484;2;499;0;491;8;490;1;490;0
7/31/2025;1:50:30 AM;WG REA FORD CA029;496;0;496;1;494;0;495;0;495;0;494;1;494;0;487;2;502;0;494;8;493;1;493;0
7/31/2025;1:51:30 AM;WG REA FORD CA029;499;0;499;1;496;0;498;0;498;0;497;1;497;0;490;2;504;0;497;8;496;1;496;0
7/31/2025;1:52:30 AM;WG REA FORD CA029;502;0;502;1;499;0;501;0;501;0;500;1;500;0;493;2;507;0;500;8;499;1;498;0
7/31/2025;1:53:30 AM;WG REA FORD CA029;505;0;505;1;502;0;504;0;504;0;503;1;503;0;496;2;511;0;503;8;502;1;501;0
7/31/2025;1:54:30 AM;WG REA FORD CA029;508;0;508;1;505;0;507;0;507;0;506;1;506;0;499;2;514;0;505;8;505;1;504;0
7/31/2025;1:55:30 AM;WG REA FORD CA029;511;0;510;1;508;0;510;0;510;0;509;1;509;0;502;2;517;0;508;8;508;1;507;0
7/31/2025;1:56:30 AM;WG REA FORD CA029;514;0;513;1;511;0;513;0;513;0;512;1;512;0;505;2;520;0;511;8;510;1;510;0
7/31/2025;1:57:30 AM;WG REA FORD CA029;517;0;516;1;514;0;515;0;516;0;515;1;515;0;508;2;523;0;514;8;513;1;513;0
7/31/2025;1:58:30 AM;WG REA FORD CA029;519;0;518;1;516;0;517;0;517;0;517;1;517;0;511;2;526;0;516;9;515;1;515;0
7/31/2025;1:59:30 AM;WG REA FORD CA029;522;0;521;1;519;0;520;0;520;0;520;1;520;0;514;2;528;0;518;10;518;1;518;0
7/31/2025;2:00:30 AM;WG REA FORD CA029;525;0;524;1;522;0;524;0;523;0;523;1;523;0;517;2;532;0;521;10;520;1;520;0
7/31/2025;2:01:30 AM;WG REA FORD CA029;528;0;527;1;525;0;527;0;527;0;526;1;526;0;520;2;535;0;524;10;523;1;523;0
7/31/2025;2:02:30 AM;WG REA FORD CA029;531;0;530;1;528;0;529;0;530;0;529;1;529;0;523;2;538;0;527;10;526;1;526;0
7/31/2025;2:03:30 AM;WG REA FORD CA029;534;0;533;1;531;0;533;0;533;0;532;1;532;0;526;2;540;0;530;10;529;1;529;0
7/31/2025;2:04:30 AM;WG REA FORD CA029;537;0;536;1;534;0;535;0;536;0;535;1;535;0;529;2;543;0;533;10;532;1;532;0
7/31/2025;2:05:30 AM;WG REA FORD CA029;540;0;539;1;537;0;538;0;539;0;538;1;538;0;533;2;546;0;536;10;535;1;535;0
7/31/2025;2:06:30 AM;WG REA FORD CA029;543;0;542;1;540;0;541;0;541;0;541;1;541;0;536;2;549;0;539;10;538;1;538;0
7/31/2025;2:07:30 AM;WG REA FORD CA029;545;0;544;1;541;0;541;0;542;0;543;1;542;0;539;2;552;0;542;10;541;1;541;0
7/31/2025;2:08:30 AM;WG REA FORD CA029;545;0;544;1;541;0;541;0;542;0;543;1;542;0;540;2;555;0;545;10;544;1;543;0
7/31/2025;2:09:30 AM;WG REA FORD CA029;545;0;544;1;541;0;541;0;542;0;543;1;542;0;540;2;557;0;548;10;546;1;546;0
7/31/2025;2:10:30 AM;WG REA FORD CA029;545;0;544;1;541;0;541;0;542;0;543;1;542;0;540;2;557;0;551;10;549;1;549;0
7/31/2025;2:11:30 AM;WG REA FORD CA029;545;0;544;1;541;0;541;0;542;0;543;1;542;0;540;2;557;0;551;10;551;1;551;0
7/31/2025;2:12:30 AM;WG REA FORD CA029;545;0;544;1;541;0;541;0;542;0;543;1;542;0;540;2;557;0;551;10;551;1;551;0
7/31/2025;2:13:30 AM;WG REA FORD CA029;545;0;544;1;541;0;541;0;542;0;543;1;542;0;540;2;557;0;551;10;551;1;551;0
7/31/2025;2:14:30 AM;WG REA FORD CA029;545;0;544;1;541;0;541;0;542;0;543;1;542;0;540;2;557;0;551;10;551;1;551;0
7/31/2025;2:15:30 AM;WG REA FORD CA029;546;0;545;1;543;0;544;0;544;0;544;1;544;0;540;2;557;0;551;10;551;1;551;0
7/31/2025;2:16:30 AM;WG REA FORD CA029;548;0;547;1;545;0;546;0;546;0;546;1;546;0;540;2;557;0;551;10;551;1;551;0
7/31/2025;2:17:30 AM;WG REA FORD CA029;551;0;550;1;548;0;549;0;550;0;549;1;549;0;542;2;557;0;551;10;551;1;551;0
7/31/2025;2:18:30 AM;WG REA FORD CA029;554;0;553;1;551;0;552;0;553;0;552;1;552;0;545;2;560;0;551;10;551;1;551;0
7/31/2025;2:19:30 AM;WG REA FORD CA029;557;0;556;1;554;0;555;0;556;0;555;1;555;0;548;2;564;0;554;10;553;1;552;0
7/31/2025;2:20:30 AM;WG REA FORD CA029;560;0;559;1;557;0;559;0;559;0;558;1;558;0;551;2;567;0;557;10;556;1;555;0
7/31/2025;2:21:30 AM;WG REA FORD CA029;563;0;562;1;560;0;562;0;562;0;561;1;561;0;555;2;570;0;559;10;559;1;558;0
7/31/2025;2:22:30 AM;WG REA FORD CA029;566;0;565;1;563;0;564;0;564;0;564;1;564;0;558;2;570;0;562;10;561;1;561;0
7/31/2025;2:23:30 AM;WG REA FORD CA029;569;0;568;1;566;0;568;0;568;0;567;1;567;0;561;2;573;0;563;10;562;1;562;0
7/31/2025;2:24:30 AM;WG REA FORD CA029;572;0;571;1;569;0;571;0;571;0;570;1;570;0;564;2;576;0;566;10;565;1;565;0
7/31/2025;2:25:30 AM;WG REA FORD CA029;575;0;574;1;572;0;573;0;574;0;573;1;573;0;568;2;579;0;569;10;568;1;568;0
7/31/2025;2:26:30 AM;WG REA FORD CA029;578;0;577;1;575;0;576;0;577;0;576;1;576;0;571;2;582;0;572;10;571;1;571;0
7/31/2025;2:27:30 AM;WG REA FORD CA029;581;0;580;1;578;0;579;0;579;0;579;1;579;0;574;2;585;0;575;10;574;1;573;0
7/31/2025;2:28:30 AM;WG REA FORD CA029;584;0;583;1;581;0;582;0;582;0;582;1;582;0;577;2;588;0;578;10;577;1;576;0
7/31/2025;2:29:30 AM;WG REA FORD CA029;587;0;586;1;584;0;585;0;585;0;585;1;585;0;580;2;591;0;581;10;580;1;579;0
7/31/2025;2:30:30 AM;WG REA FORD CA029;588;0;587;1;584;0;585;0;586;0;585;1;585;0;584;2;594;0;584;10;583;1;582;0
7/31/2025;2:31:30 AM;WG REA FORD CA029;588;0;587;1;585;0;586;0;586;0;586;1;585;0;586;2;595;0;586;10;586;1;585;0
7/31/2025;2:32:30 AM;WG REA FORD CA029;590;0;590;1;588;0;589;0;589;0;589;1;588;0;588;2;596;0;587;10;587;1;587;0
7/31/2025;2:33:30 AM;WG REA FORD CA029;594;0;593;1;591;0;592;0;592;0;592;1;591;0;591;2;599;0;588;11;588;1;588;0
7/31/2025;2:34:30 AM;WG REA FORD CA029;597;0;596;1;594;0;595;0;595;0;595;1;594;0;594;2;603;0;591;11;590;1;590;0
7/31/2025;2:35:30 AM;WG REA FORD CA029;600;0;599;1;597;0;598;0;598;0;597;1;597;0;597;2;605;0;594;11;593;1;593;0
7/31/2025;2:36:30 AM;WG REA FORD CA029;603;0;602;1;600;0;601;0;601;0;600;1;600;0;600;2;608;0;597;11;596;1;596;0
7/31/2025;2:37:30 AM;WG REA FORD CA029;604;0;603;1;600;0;601;0;602;0;601;1;601;0;603;2;611;0;600;11;599;1;599;0
7/31/2025;2:38:30 AM;WG REA FORD CA029;606;0;605;1;603;0;604;0;604;0;604;1;603;0;603;2;614;0;603;11;602;1;602;0
7/31/2025;2:39:30 AM;WG REA FORD CA029;609;0;608;1;606;0;607;0;607;0;607;1;607;0;606;2;617;0;606;11;605;1;605;0
7/31/2025;2:40:30 AM;WG REA FORD CA029;612;0;611;1;609;0;610;0;610;0;610;1;610;0;609;2;621;0;609;11;608;1;608;0
7/31/2025;2:41:30 AM;WG REA FORD CA029;615;0;614;1;612;0;613;0;613;0;613;1;612;0;612;2;624;0;612;11;611;1;611;0
7/31/2025;2:42:30 AM;WG REA FORD CA029;618;0;617;1;615;0;616;0;616;0;616;1;615;0;615;2;626;0;615;11;614;1;614;0
7/31/2025;2:43:30 AM;WG REA FORD CA029;621;0;620;1;618;0;619;0;619;0;619;1;618;0;618;2;629;0;618;11;617;1;617;0
7/31/2025;2:44:30 AM;WG REA FORD CA029;623;0;623;1;621;0;622;0;622;0;622;1;621;0;621;2;632;0;621;11;620;1;620;0
7/31/2025;2:45:30 AM;WG REA FORD CA029;627;0;626;1;624;0;625;0;625;0;625;1;624;0;624;2;635;0;624;11;623;1;623;0
7/31/2025;2:46:30 AM;WG REA FORD CA029;630;0;629;1;627;0;628;0;628;0;628;1;627;0;626;2;638;0;627;11;626;1;625;0
7/31/2025;2:47:30 AM;WG REA FORD CA029;633;0;632;1;630;0;631;0;631;0;630;1;630;0;627;2;641;0;630;11;628;1;628;0
7/31/2025;2:48:30 AM;WG REA FORD CA029;636;0;635;1;633;0;634;0;634;0;633;1;633;0;630;2;644;0;633;11;631;1;631;0
7/31/2025;2:49:30 AM;WG REA FORD CA029;638;0;638;1;636;0;637;0;637;0;636;1;636;0;633;2;647;0;635;12;634;1;634;0
7/31/2025;2:50:30 AM;WG REA FORD CA029;641;0;641;1;638;0;640;0;640;0;639;1;639;0;636;2;650;0;638;12;637;1;636;0
7/31/2025;2:51:30 AM;WG REA FORD CA029;644;0;644;1;641;0;643;0;643;0;642;1;642;0;639;2;653;0;640;13;639;1;638;0
7/31/2025;2:52:30 AM;WG REA FORD CA029;647;0;646;1;644;0;645;0;646;0;645;1;645;0;642;2;656;0;642;13;642;1;641;0
7/31/2025;2:53:30 AM;WG REA FORD CA029;650;0;649;1;647;0;649;0;649;0;648;1;648;0;644;2;656;0;644;13;644;1;644;0
7/31/2025;2:54:30 AM;WG REA FORD CA029;653;0;652;1;650;0;652;0;652;0;651;1;651;0;648;2;659;0;646;13;645;1;645;0
7/31/2025;2:55:30 AM;WG REA FORD CA029;656;0;655;1;653;0;655;0;655;0;654;1;654;0;650;2;662;0;649;13;648;1;648;0
7/31/2025;2:56:30 AM;WG REA FORD CA029;659;0;658;1;656;0;658;0;658;0;657;1;657;0;654;2;665;0;652;13;651;1;651;0
7/31/2025;2:57:30 AM;WG REA FORD CA029;662;0;661;1;659;0;661;0;661;0;660;1;660;0;657;2;668;0;655;13;654;1;654;0
7/31/2025;2:58:30 AM;WG REA FORD CA029;665;0;664;1;662;0;663;0;664;0;663;1;663;0;660;2;671;0;658;13;657;1;657;0
7/31/2025;2:59:30 AM;WG REA FORD CA029;668;0;667;1;664;0;665;0;666;0;665;1;665;0;663;2;674;0;660;14;659;1;659;0
7/31/2025;3:00:30 AM;WG REA FORD CA029;668;0;667;1;664;0;665;0;666;0;665;1;665;0;666;2;677;0;663;14;662;1;662;0
7/31/2025;3:01:30 AM;WG REA FORD CA029;669;0;669;1;666;0;668;0;668;0;668;1;667;0;667;2;680;0;666;14;665;1;664;0
7/31/2025;3:02:30 AM;WG REA FORD CA029;672;0;672;1;670;0;671;0;671;0;670;1;670;0;670;2;683;0;669;14;668;1;667;0
7/31/2025;3:03:30 AM;WG REA FORD CA029;676;0;675;1;673;0;674;0;674;0;673;1;673;0;673;2;686;0;672;14;671;1;670;0
7/31/2025;3:04:30 AM;WG REA FORD CA029;678;0;678;1;675;0;677;0;677;0;676;1;676;0;676;2;689;0;674;14;674;1;673;0
7/31/2025;3:05:30 AM;WG REA FORD CA029;681;0;680;1;678;0;680;0;680;0;679;1;679;0;679;2;692;0;677;14;676;1;676;0
7/31/2025;3:06:30 AM;WG REA FORD CA029;684;0;683;1;680;0;681;0;682;0;681;1;681;0;682;2;695;0;680;14;679;1;679;0
7/31/2025;3:07:30 AM;WG REA FORD CA029;684;0;683;1;681;0;682;0;682;0;682;1;681;0;683;2;698;0;683;14;682;1;682;0
7/31/2025;3:08:30 AM;WG REA FORD CA029;687;0;686;1;684;0;685;0;685;0;685;1;685;0;684;2;699;0;683;14;682;1;682;0
7/31/2025;3:09:30 AM;WG REA FORD CA029;690;0;689;1;687;0;688;0;688;0;688;1;688;0;687;2;699;0;684;14;682;1;682;0
7/31/2025;3:10:30 AM;WG REA FORD CA029;693;0;692;1;690;0;691;0;691;0;691;1;691;0;690;2;701;0;687;14;685;1;685;0
7/31/2025;3:11:30 AM;WG REA FORD CA029;696;0;695;1;693;0;694;0;694;0;694;1;694;0;693;2;704;0;690;14;688;1;688;0
7/31/2025;3:12:30 AM;WG REA FORD CA029;699;0;698;1;696;0;697;0;697;0;697;1;697;0;697;2;707;0;693;14;691;1;691;0
7/31/2025;3:13:30 AM;WG REA FORD CA029;702;0;701;1;699;0;700;0;700;0;700;1;700;0;699;2;710;0;695;14;694;1;694;0
7/31/2025;3:14:30 AM;WG REA FORD CA029;705;0;704;1;702;0;703;0;703;0;703;1;703;0;702;2;713;0;698;14;697;1;697;0
7/31/2025;3:15:30 AM;WG REA FORD CA029;708;0;707;1;705;0;706;0;706;0;706;1;706;0;705;2;716;0;701;14;700;1;699;0
7/31/2025;3:16:30 AM;WG REA FORD CA029;711;0;710;1;708;0;709;0;709;0;709;1;708;0;708;2;717;0;704;14;703;1;702;0
7/31/2025;3:17:30 AM;WG REA FORD CA029;713;0;713;1;710;0;712;0;712;0;712;1;711;0;711;2;717;0;704;14;704;1;704;0
7/31/2025;3:18:30 AM;WG REA FORD CA029;716;0;715;1;713;0;715;0;715;0;714;1;714;0;714;2;717;0;704;14;704;1;704;0
7/31/2025;3:19:30 AM;WG REA FORD CA029;719;0;718;1;716;0;718;0;718;0;717;1;717;0;714;2;717;0;704;14;704;1;704;0
7/31/2025;3:20:30 AM;WG REA FORD CA029;722;0;721;1;719;0;721;0;721;0;720;1;720;0;714;2;717;0;704;14;704;1;704;0
7/31/2025;3:21:30 AM;WG REA FORD CA029;722;0;721;1;721;0;724;0;724;0;723;1;722;0;714;2;717;0;704;14;704;1;704;0
7/31/2025;3:22:30 AM;WG REA FORD CA029;722;0;721;1;721;0;725;0;725;0;725;1;724;0;716;2;718;0;704;14;704;1;704;0
7/31/2025;3:23:30 AM;WG REA FORD CA029;722;0;721;1;721;0;725;0;726;0;726;1;725;0;719;2;721;0;707;14;706;1;706;0
7/31/2025;3:24:30 AM;WG REA FORD CA029;724;0;723;1;723;0;726;0;727;0;727;1;726;0;722;2;723;0;710;14;709;1;709;0
7/31/2025;3:25:30 AM;WG REA FORD CA029;727;0;726;1;726;0;729;0;729;0;729;1;728;0;725;2;726;0;712;14;711;1;711;0
7/31/2025;3:26:30 AM;WG REA FORD CA029;730;0;729;1;729;0;732;0;732;0;732;1;731;0;728;2;729;0;715;14;714;1;714;0
7/31/2025;3:27:30 AM;WG REA FORD CA029;733;0;732;1;732;0;735;0;735;0;735;1;734;0;732;2;732;0;718;14;717;1;717;0
7/31/2025;3:28:30 AM;WG REA FORD CA029;736;0;735;1;735;0;738;0;738;0;738;1;737;0;735;2;736;0;721;14;720;1;720;0
7/31/2025;3:29:30 AM;WG REA FORD CA029;739;0;738;1;738;0;741;0;741;0;741;1;740;0;738;2;739;0;724;14;723;1;723;0
7/31/2025;3:30:30 AM;WG REA FORD CA029;742;0;741;1;741;0;744;0;744;0;743;1;743;0;741;2;742;0;727;14;726;1;726;0
7/31/2025;3:31:30 AM;WG REA FORD CA029;745;0;744;1;744;0;747;0;747;0;746;1;746;0;744;2;744;0;730;14;729;1;729;0
7/31/2025;3:32:30 AM;WG REA FORD CA029;748;0;747;1;747;0;750;0;750;0;749;1;749;0;747;2;747;0;733;14;732;1;732;0
7/31/2025;3:33:30 AM;WG REA FORD CA029;751;0;750;1;750;0;753;0;753;0;752;1;752;0;750;2;750;0;736;14;735;1;735;0
7/31/2025;3:34:30 AM;WG REA FORD CA029;754;0;753;1;753;0;756;0;756;0;755;1;755;0;753;2;753;0;739;14;738;1;737;0
7/31/2025;3:35:30 AM;WG REA FORD CA029;756;0;756;1;756;0;759;0;759;0;758;1;758;0;756;2;756;0;742;14;741;1;740;0
7/31/2025;3:36:30 AM;WG REA FORD CA029;760;0;759;1;759;0;762;0;762;0;761;1;761;0;759;2;759;0;745;14;744;1;743;0
7/31/2025;3:37:30 AM;WG REA FORD CA029;763;0;762;1;762;0;765;0;765;0;764;1;764;0;762;2;762;0;748;14;746;1;746;0
7/31/2025;3:38:30 AM;WG REA FORD CA029;766;0;765;1;765;0;768;0;768;0;767;1;767;0;766;2;765;0;751;14;749;1;749;0
7/31/2025;3:39:30 AM;WG REA FORD CA029;768;0;768;1;768;0;771;0;771;0;770;1;770;0;769;2;768;0;754;14;752;1;752;0
7/31/2025;3:40:30 AM;WG REA FORD CA029;772;0;771;1;771;0;773;0;774;0;773;1;773;0;772;2;771;0;756;14;755;1;755;0
7/31/2025;3:41:30 AM;WG REA FORD CA029;774;0;773;1;773;0;776;0;776;0;776;1;775;0;775;2;774;0;759;14;758;1;758;0
7/31/2025;3:42:30 AM;WG REA FORD CA029;777;0;776;1;776;0;779;0;779;0;778;1;778;0;778;2;777;0;762;14;761;1;761;0
7/31/2025;3:43:30 AM;WG REA FORD CA029;780;0;779;1;779;0;782;0;782;0;781;1;781;0;781;2;780;0;765;14;764;1;764;0
7/31/2025;3:44:30 AM;WG REA FORD CA029;783;0;783;1;783;0;785;0;785;0;784;1;784;0;784;2;783;0;768;14;767;1;767;0
7/31/2025;3:45:30 AM;WG REA FORD CA029;786;0;786;1;785;0;788;0;788;0;787;1;787;0;787;2;786;0;771;14;770;1;770;0
7/31/2025;3:46:30 AM;WG REA FORD CA029;789;0;789;1;788;0;791;0;791;0;790;1;790;0;790;2;789;0;774;14;773;1;773;0
7/31/2025;3:47:30 AM;WG REA FORD CA029;792;0;792;1;791;0;794;0;794;0;793;1;793;0;793;2;792;0;777;14;776;1;776;0
7/31/2025;3:48:30 AM;WG REA FORD CA029;795;0;794;1;794;0;797;0;797;0;796;1;796;0;796;2;795;0;780;14;779;1;779;0
7/31/2025;3:49:30 AM;WG REA FORD CA029;798;0;797;1;797;0;800;0;800;0;799;1;799;0;799;2;798;0;783;14;782;1;781;0
7/31/2025;3:50:30 AM;WG REA FORD CA029;801;0;800;1;800;0;803;0;803;0;802;1;802;0;802;2;800;0;786;14;785;1;784;0
7/31/2025;3:51:30 AM;WG REA FORD CA029;804;0;803;1;803;0;806;0;806;0;805;1;805;0;805;2;803;0;789;14;788;1;787;0
7/31/2025;3:52:30 AM;WG REA FORD CA029;807;0;806;1;806;0;809;0;809;0;808;1;808;0;808;2;806;0;792;14;790;1;790;0
7/31/2025;3:53:30 AM;WG REA FORD CA029;810;0;809;1;809;0;811;0;811;0;811;1;811;0;811;2;809;0;795;14;793;1;793;0
7/31/2025;3:54:30 AM;WG REA FORD CA029;813;0;812;1;812;0;815;0;815;0;814;1;814;0;813;2;812;0;798;14;796;1;796;0
7/31/2025;3:55:30 AM;WG REA FORD CA029;816;0;815;1;815;0;817;0;817;0;817;1;817;0;817;2;815;0;801;14;799;1;799;0
7/31/2025;3:56:30 AM;WG REA FORD CA029;819;0;818;1;818;0;820;0;820;0;820;1;820;0;819;2;818;0;804;14;802;1;801;0
7/31/2025;3:57:30 AM;WG REA FORD CA029;822;0;821;1;821;0;823;0;823;0;823;1;823;0;822;2;821;0;807;14;805;1;804;0
7/31/2025;3:58:30 AM;WG REA FORD CA029;825;0;824;1;824;0;826;0;826;0;826;1;825;0;825;2;824;0;809;14;808;1;807;0
7/31/2025;3:59:30 AM;WG REA FORD CA029;828;0;827;1;827;0;829;0;829;0;829;1;828;0;828;2;827;0;812;14;811;1;810;0
7/31/2025;4:00:30 AM;WG REA FORD CA029;831;0;830;1;830;0;832;0;832;0;832;1;831;0;831;2;830;0;815;14;814;1;813;0
7/31/2025;4:01:30 AM;WG REA FORD CA029;833;0;833;1;833;0;835;0;835;0;835;1;834;0;834;2;831;0;818;14;817;1;816;0
7/31/2025;4:02:30 AM;WG REA FORD CA029;836;0;836;1;835;0;838;0;838;0;838;1;837;0;838;2;833;0;820;14;819;1;819;0
7/31/2025;4:03:30 AM;WG REA FORD CA029;837;0;836;1;836;0;841;0;841;0;841;1;840;0;840;2;836;0;822;14;821;1;821;0
7/31/2025;4:04:30 AM;WG REA FORD CA029;840;0;839;1;839;0;842;0;842;0;842;1;841;0;842;2;839;0;825;14;824;1;824;0
7/31/2025;4:05:30 AM;WG REA FORD CA029;842;0;841;1;840;0;842;0;842;0;843;1;842;0;843;2;842;0;828;14;827;1;827;0
7/31/2025;4:06:30 AM;WG REA FORD CA029;843;0;842;1;841;0;843;0;843;0;843;1;842;0;844;2;845;0;831;14;830;1;830;0
7/31/2025;4:07:30 AM;WG REA FORD CA029;846;0;846;1;844;0;846;0;846;0;846;1;845;0;845;2;848;0;834;14;833;1;833;0
7/31/2025;4:08:30 AM;WG REA FORD CA029;850;0;849;1;847;0;849;0;849;0;849;1;848;0;848;2;851;0;837;14;836;1;836;0
7/31/2025;4:09:30 AM;WG REA FORD CA029;853;0;852;1;850;0;852;0;852;0;852;1;851;0;851;2;854;0;840;14;839;1;839;0
7/31/2025;4:10:30 AM;WG REA FORD CA029;856;0;855;1;853;0;855;0;855;0;855;1;854;0;854;2;857;0;843;14;842;1;842;0
7/31/2025;4:11:30 AM;WG REA FORD CA029;858;0;858;1;856;0;858;0;858;0;858;1;857;0;857;2;860;0;846;14;845;1;844;0
7/31/2025;4:12:30 AM;WG REA FORD CA029;862;0;861;1;859;0;861;0;861;0;860;1;860;0;860;2;863;0;849;14;848;1;847;0
7/31/2025;4:13:30 AM;WG REA FORD CA029;864;0;864;1;862;0;864;0;864;0;863;1;863;0;863;2;866;0;852;14;850;1;850;0
7/31/2025;4:14:30 AM;WG REA FORD CA029;867;0;867;1;864;0;867;0;867;0;866;1;866;0;866;2;869;0;855;14;853;1;853;0
7/31/2025;4:15:30 AM;WG REA FORD CA029;870;0;870;1;867;0;870;0;870;0;869;1;869;0;869;2;872;0;858;14;856;1;856;0
7/31/2025;4:16:30 AM;WG REA FORD CA029;873;0;872;1;870;0;873;0;873;0;872;1;872;0;872;2;875;0;861;14;859;1;859;0
7/31/2025;4:17:30 AM;WG REA FORD CA029;876;0;875;1;873;0;876;0;876;0;875;1;875;0;875;2;878;0;863;14;862;1;862;0
7/31/2025;4:18:30 AM;WG REA FORD CA029;878;1;878;1;876;0;879;0;879;0;878;1;878;0;878;2;881;0;866;14;865;1;865;0
7/31/2025;4:19:30 AM;WG REA FORD CA029;882;1;881;1;879;0;882;0;882;0;881;1;881;0;878;2;884;0;869;14;868;1;868;0
7/31/2025;4:20:30 AM;WG REA FORD CA029;884;2;883;1;882;0;885;0;885;0;884;1;884;0;878;2;886;0;872;14;871;1;870;1
7/31/2025;4:21:30 AM;WG REA FORD CA029;888;2;887;1;885;0;887;0;888;0;887;1;887;0;881;2;887;0;873;14;873;1;873;1
7/31/2025;4:22:30 AM;WG REA FORD CA029;891;2;890;1;888;0;891;0;891;0;890;1;890;0;885;2;890;0;876;14;875;1;875;1
7/31/2025;4:23:30 AM;WG REA FORD CA029;893;2;893;1;891;0;893;0;894;0;893;1;893;0;887;2;893;0;879;14;878;1;878;1
7/31/2025;4:24:30 AM;WG REA FORD CA029;896;2;895;1;894;0;897;0;897;0;896;1;896;0;891;2;896;0;882;14;881;1;880;1
7/31/2025;4:25:30 AM;WG REA FORD CA029;899;2;899;1;897;0;899;0;900;0;899;1;899;0;894;2;899;0;885;14;883;1;883;1
7/31/2025;4:26:30 AM;WG REA FORD CA029;902;2;902;1;900;0;902;0;903;0;902;1;902;0;897;2;902;0;888;14;886;1;886;1
7/31/2025;4:27:30 AM;WG REA FORD CA029;905;2;905;1;903;0;905;0;905;0;905;1;905;0;900;2;904;0;891;14;889;1;889;1
7/31/2025;4:28:30 AM;WG REA FORD CA029;908;2;908;1;905;0;907;0;908;0;908;1;907;0;903;2;907;0;893;14;892;1;892;1
7/31/2025;4:29:30 AM;WG REA FORD CA029;911;2;910;1;908;0;911;0;911;0;911;1;910;0;906;2;911;0;896;14;895;1;895;1
7/31/2025;4:30:30 AM;WG REA FORD CA029;914;2;913;1;911;0;914;0;914;0;913;1;913;0;909;2;914;0;898;15;897;1;897;1
7/31/2025;4:31:30 AM;WG REA FORD CA029;917;2;916;1;914;0;917;0;917;0;916;1;916;0;912;2;917;0;901;15;900;1;900;1
7/31/2025;4:32:30 AM;WG REA FORD CA029;920;2;920;1;917;0;920;0;920;0;919;1;919;0;915;2;920;0;904;15;903;1;903;1
7/31/2025;4:33:30 AM;WG REA FORD CA029;923;2;922;1;920;0;923;0;923;0;922;1;922;0;918;2;923;0;907;15;906;1;905;1
7/31/2025;4:34:30 AM;WG REA FORD CA029;926;2;925;1;923;0;926;0;926;0;925;1;925;0;921;2;926;0;910;15;908;1;908;1
7/31/2025;4:35:30 AM;WG REA FORD CA029;929;2;928;1;926;0;929;0;929;0;928;1;928;0;924;2;928;0;913;15;911;1;911;1
7/31/2025;4:36:30 AM;WG REA FORD CA029;932;2;931;1;929;0;932;0;932;0;931;1;931;0;927;2;931;0;916;15;914;1;914;1
7/31/2025;4:37:30 AM;WG REA FORD CA029;935;2;934;1;932;0;935;0;935;0;934;1;934;0;930;2;934;0;918;15;917;1;916;1
7/31/2025;4:38:30 AM;WG REA FORD CA029;938;2;937;1;935;0;938;0;938;0;937;1;937;0;933;2;937;0;921;15;919;1;919;1
7/31/2025;4:39:30 AM;WG REA FORD CA029;940;2;940;1;938;0;941;0;941;0;940;1;940;0;937;2;939;0;924;15;922;1;921;1
7/31/2025;4:40:30 AM;WG REA FORD CA029;943;2;942;1;941;0;943;0;944;0;943;1;943;0;940;2;941;0;925;15;923;1;923;1
7/31/2025;4:41:30 AM;WG REA FORD CA029;946;2;945;1;944;0;946;0;946;0;946;1;946;0;943;2;944;0;928;15;926;1;926;1
7/31/2025;4:42:30 AM;WG REA FORD CA029;947;2;946;1;946;0;949;0;949;0;949;1;949;0;946;2;946;0;931;15;929;1;929;1
7/31/2025;4:43:30 AM;WG REA FORD CA029;950;2;949;1;949;0;952;0;952;0;952;1;952;0;949;2;949;0;934;15;932;1;932;1
7/31/2025;4:44:30 AM;WG REA FORD CA029;953;2;952;1;952;0;955;0;955;0;955;1;955;0;952;2;952;0;937;15;935;1;935;1
7/31/2025;4:45:30 AM;WG REA FORD CA029;956;2;955;1;955;0;958;0;958;0;958;1;958;0;955;2;954;0;940;15;938;1;938;1
7/31/2025;4:46:30 AM;WG REA FORD CA029;958;2;958;1;958;0;961;0;961;0;961;1;960;0;959;2;957;0;942;15;941;1;940;1
7/31/2025;4:47:30 AM;WG REA FORD CA029;960;2;960;1;959;0;964;0;964;0;964;1;963;0;962;2;960;0;945;15;944;1;943;1
7/31/2025;4:48:30 AM;WG REA FORD CA029;963;2;963;1;963;0;966;0;966;0;966;1;966;0;965;2;963;0;948;15;946;1;946;1
7/31/2025;4:49:30 AM;WG REA FORD CA029;967;2;966;1;966;0;969;0;969;0;969;1;969;0;968;2;966;0;951;15;949;1;949;1
7/31/2025;4:50:30 AM;WG REA FORD CA029;970;2;969;1;969;0;972;0;972;0;972;1;972;0;971;2;969;0;953;16;952;1;951;1
7/31/2025;4:51:30 AM;WG REA FORD CA029;973;2;972;1;972;0;975;0;975;0;975;1;975;0;975;2;972;0;956;16;955;1;954;1
7/31/2025;4:52:30 AM;WG REA FORD CA029;975;2;975;1;974;0;977;0;978;0;978;1;977;0;977;2;974;0;959;16;958;1;957;1
7/31/2025;4:53:30 AM;WG REA FORD CA029;978;2;977;1;976;0;978;0;978;0;978;1;977;0;979;2;977;0;961;16;960;1;960;1
7/31/2025;4:54:30 AM;WG REA FORD CA029;979;2;978;1;977;0;979;0;979;0;979;1;979;0;979;2;980;0;964;16;963;1;963;1
7/31/2025;4:55:30 AM;WG REA FORD CA029;982;2;981;1;978;0;980;0;981;0;980;1;980;0;981;2;984;0;967;16;966;1;966;1
7/31/2025;4:56:30 AM;WG REA FORD CA029;983;2;983;1;980;0;983;0;983;0;982;1;982;0;982;2;985;0;970;16;969;1;969;1
7/31/2025;4:57:30 AM;WG REA FORD CA029;986;2;985;1;983;0;985;0;985;0;985;1;985;0;984;2;986;0;971;16;971;1;971;1
7/31/2025;4:58:30 AM;WG REA FORD CA029;989;2;988;1;986;0;989;0;989;0;988;1;988;0;988;2;989;0;973;16;972;1;972;1
7/31/2025;4:59:30 AM;WG REA FORD CA029;992;2;991;1;989;0;992;0;992;0;991;1;991;0;990;2;992;0;976;16;975;1;975;1
7/31/2025;5:00:30 AM;WG REA FORD CA029;995;2;994;1;992;0;995;0;995;0;994;1;994;0;993;2;995;0;979;16;978;1;978;1
7/31/2025;5:01:30 AM;WG REA FORD CA029;998;2;997;1;995;0;998;0;998;0;997;1;997;0;997;2;998;0;982;16;981;1;981;1
7/31/2025;5:02:30 AM;WG REA FORD CA029;1001;2;1000;1;998;0;1000;0;1001;0;1000;1;1000;0;1000;2;1001;0;985;16;984;1;984;1
7/31/2025;5:03:30 AM;WG REA FORD CA029;1004;2;1003;1;1001;0;1003;0;1004;0;1003;1;1003;0;1003;2;1004;0;988;16;986;1;986;1
7/31/2025;5:04:30 AM;WG REA FORD CA029;1007;2;1006;1;1004;0;1006;0;1006;0;1006;1;1006;0;1005;2;1007;0;991;16;989;1;989;1
7/31/2025;5:05:30 AM;WG REA FORD CA029;1009;2;1008;1;1006;0;1009;0;1009;0;1009;1;1008;0;1008;2;1010;0;994;16;992;1;992;1
7/31/2025;5:06:30 AM;WG REA FORD CA029;1012;2;1012;1;1010;0;1012;0;1012;0;1012;1;1011;0;1011;2;1013;0;997;16;995;1;995;1
7/31/2025;5:07:30 AM;WG REA FORD CA029;1016;2;1015;1;1013;0;1015;0;1015;0;1015;1;1014;0;1014;2;1016;0;1000;16;998;1;998;1
7/31/2025;5:08:30 AM;WG REA FORD CA029;1018;2;1018;1;1016;0;1018;0;1018;0;1017;1;1017;0;1017;2;1017;0;1002;16;1001;1;1001;1
7/31/2025;5:09:30 AM;WG REA FORD CA029;1022;2;1021;1;1019;0;1021;0;1021;0;1020;1;1020;0;1020;2;1020;0;1004;16;1003;1;1003;1
7/31/2025;5:10:30 AM;WG REA FORD CA029;1024;2;1023;1;1021;0;1024;0;1024;0;1023;1;1023;0;1023;2;1023;0;1007;16;1006;1;1006;1
7/31/2025;5:11:30 AM;WG REA FORD CA029;1027;2;1026;1;1024;0;1027;0;1027;0;1026;1;1026;0;1026;2;1026;0;1010;16;1009;1;1009;1
7/31/2025;5:12:30 AM;WG REA FORD CA029;1030;2;1029;1;1027;0;1030;0;1030;0;1029;1;1029;0;1029;2;1029;0;1012;17;1011;1;1011;1
7/31/2025;5:13:30 AM;WG REA FORD CA029;1033;2;1032;1;1030;0;1033;0;1033;0;1032;1;1032;0;1032;2;1033;0;1014;17;1013;1;1012;1
7/31/2025;5:14:30 AM;WG REA FORD CA029;1036;2;1035;1;1033;0;1036;0;1036;0;1035;1;1035;0;1035;2;1035;0;1017;17;1015;1;1015;1
7/31/2025;5:15:30 AM;WG REA FORD CA029;1038;2;1038;1;1036;0;1039;0;1039;0;1038;1;1038;0;1038;2;1038;0;1020;17;1018;1;1018;1
7/31/2025;5:16:30 AM;WG REA FORD CA029;1041;2;1040;1;1039;0;1042;0;1042;0;1041;1;1041;0;1041;2;1040;0;1023;17;1021;1;1021;1
7/31/2025;5:17:30 AM;WG REA FORD CA029;1044;2;1043;1;1042;0;1044;0;1044;0;1044;1;1044;0;1044;2;1043;0;1026;17;1024;1;1024;1
7/31/2025;5:18:30 AM;WG REA FORD CA029;1047;2;1046;1;1045;0;1047;0;1047;0;1047;1;1047;0;1046;2;1046;0;1029;17;1027;1;1027;1
7/31/2025;5:19:30 AM;WG REA FORD CA029;1050;2;1049;1;1048;0;1050;0;1051;0;1050;1;1050;0;1049;2;1049;0;1031;17;1029;1;1030;1
7/31/2025;5:20:30 AM;WG REA FORD CA029;1053;2;1052;1;1051;0;1054;0;1053;0;1053;1;1053;0;1053;2;1052;0;1034;17;1032;1;1032;1
7/31/2025;5:21:30 AM;WG REA FORD CA029;1055;2;1055;1;1054;0;1056;0;1057;0;1056;1;1056;0;1056;2;1055;0;1037;17;1035;1;1035;1
7/31/2025;5:22:30 AM;WG REA FORD CA029;1058;2;1057;1;1057;0;1059;0;1059;0;1059;1;1059;0;1058;2;1057;0;1039;17;1037;1;1036;1
7/31/2025;5:23:30 AM;WG REA FORD CA029;1061;2;1060;1;1060;0;1062;0;1063;0;1062;1;1062;0;1061;2;1059;0;1041;17;1040;1;1039;1
7/31/2025;5:24:30 AM;WG REA FORD CA029;1063;2;1062;1;1062;0;1065;0;1065;0;1065;1;1065;0;1064;2;1062;0;1044;17;1042;1;1042;1
7/31/2025;5:25:30 AM;WG REA FORD CA029;1066;2;1065;1;1065;0;1068;0;1068;0;1068;1;1068;0;1067;2;1065;0;1047;17;1045;1;1045;1
7/31/2025;5:26:30 AM;WG REA FORD CA029;1068;2;1068;1;1067;0;1071;0;1071;0;1071;1;1071;0;1070;2;1067;0;1050;17;1048;1;1048;1
7/31/2025;5:27:30 AM;WG REA FORD CA029;1071;2;1070;1;1070;0;1073;0;1074;0;1074;1;1073;0;1073;2;1070;0;1053;17;1051;1;1051;1
7/31/2025;5:28:30 AM;WG REA FORD CA029;1074;2;1073;1;1073;0;1077;0;1077;0;1076;1;1076;0;1076;2;1073;0;1056;17;1054;1;1053;1
7/31/2025;5:29:30 AM;WG REA FORD CA029;1077;2;1076;1;1076;0;1080;0;1080;0;1079;1;1079;0;1079;2;1075;0;1057;17;1055;1;1055;1
7/31/2025;5:30:30 AM;WG REA FORD CA029;1080;2;1079;1;1079;0;1083;0;1083;0;1082;1;1082;0;1082;2;1078;0;1060;17;1058;1;1058;2
7/31/2025;5:31:30 AM;WG REA FORD CA029;1081;2;1080;1;1080;0;1084;0;1084;0;1084;1;1083;0;1084;2;1080;0;1062;17;1061;1;1060;2
7/31/2025;5:32:30 AM;WG REA FORD CA029;1084;2;1083;1;1083;0;1087;0;1087;0;1087;1;1086;0;1086;2;1082;0;1065;17;1063;1;1063;2
7/31/2025;5:33:30 AM;WG REA FORD CA029;1086;2;1085;1;1085;0;1090;0;1090;0;1090;1;1089;0;1089;2;1085;0;1068;17;1066;1;1065;2
7/31/2025;5:34:30 AM;WG REA FORD CA029;1089;2;1088;1;1088;0;1092;0;1092;0;1092;1;1091;0;1091;2;1087;0;1070;17;1068;1;1067;2
7/31/2025;5:35:30 AM;WG REA FORD CA029;1092;2;1091;1;1091;0;1095;0;1095;0;1094;1;1094;0;1094;2;1090;0;1073;17;1071;1;1070;2
7/31/2025;5:36:30 AM;WG REA FORD CA029;1094;2;1093;1;1093;0;1097;0;1097;0;1097;1;1096;0;1097;2;1093;0;1075;17;1074;1;1073;2
7/31/2025;5:37:30 AM;WG REA FORD CA029;1096;2;1096;1;1096;0;1099;0;1100;0;1099;1;1099;0;1099;2;1096;0;1078;17;1076;1;1076;2
7/31/2025;5:38:30 AM;WG REA FORD CA029;1100;2;1099;1;1099;0;1102;0;1102;0;1102;1;1102;0;1102;2;1099;0;1080;17;1079;1;1078;2
7/31/2025;5:39:30 AM;WG REA FORD CA029;1102;2;1102;1;1101;0;1105;0;1105;0;1105;1;1105;0;1104;2;1101;0;1083;17;1082;1;1081;2
7/31/2025;5:40:30 AM;WG REA FORD CA029;1105;2;1104;1;1103;0;1108;0;1108;0;1107;1;1107;0;1107;2;1104;0;1086;17;1084;1;1083;2
7/31/2025;5:41:30 AM;WG REA FORD CA029;1107;2;1106;1;1106;0;1110;0;1110;0;1110;1;1109;0;1109;2;1106;0;1088;17;1086;1;1086;2
7/31/2025;5:42:30 AM;WG REA FORD CA029;1110;2;1109;1;1109;0;1113;0;1113;0;1113;1;1112;0;1112;2;1108;0;1091;17;1089;1;1089;2
7/31/2025;5:43:30 AM;WG REA FORD CA029;1112;2;1111;1;1111;0;1115;0;1115;0;1115;1;1114;0;1115;2;1111;0;1093;17;1091;1;1091;2
7/31/2025;5:44:30 AM;WG REA FORD CA029;1115;2;1114;1;1114;0;1118;0;1118;0;1118;1;1117;0;1117;2;1113;0;1096;17;1094;1;1094;2
7/31/2025;5:45:30 AM;WG REA FORD CA029;1117;2;1116;1;1116;0;1120;0;1120;0;1120;1;1119;0;1120;2;1115;0;1099;17;1097;1;1096;2
7/31/2025;5:46:30 AM;WG REA FORD CA029;1120;2;1119;1;1119;0;1123;0;1123;0;1123;1;1122;0;1122;2;1118;0;1101;17;1100;1;1099;2
7/31/2025;5:47:30 AM;WG REA FORD CA029;1121;2;1121;1;1121;0;1125;0;1125;0;1125;1;1124;0;1124;2;1121;0;1104;17;1102;1;1102;2
7/31/2025;5:48:30 AM;WG REA FORD CA029;1125;2;1124;1;1124;0;1127;0;1127;0;1127;1;1127;0;1124;2;1124;0;1107;17;1105;1;1105;2
7/31/2025;5:49:30 AM;WG REA FORD CA029;1127;2;1127;1;1127;0;1130;0;1130;0;1130;1;1130;0;1126;2;1127;0;1110;17;1108;1;1108;2
7/31/2025;5:50:30 AM;WG REA FORD CA029;1131;2;1130;1;1130;0;1133;0;1133;0;1133;1;1133;0;1129;2;1130;0;1112;17;1111;1;1111;2
7/31/2025;5:51:30 AM;WG REA FORD CA029;1134;2;1133;1;1133;0;1136;0;1137;0;1136;1;1136;0;1132;2;1133;0;1115;17;1113;1;1113;3
7/31/2025;5:52:30 AM;WG REA FORD CA029;1137;2;1136;1;1136;0;1139;0;1139;0;1139;1;1139;0;1136;2;1136;0;1117;18;1116;1;1116;3
7/31/2025;5:53:30 AM;WG REA FORD CA029;1139;2;1138;1;1138;0;1142;0;1142;0;1142;1;1141;0;1138;2;1138;0;1120;18;1119;1;1119;3
7/31/2025;5:54:30 AM;WG REA FORD CA029;1142;2;1141;1;1141;0;1145;0;1145;0;1145;1;1144;0;1141;2;1141;0;1123;18;1121;1;1121;3
7/31/2025;5:55:30 AM;WG REA FORD CA029;1144;2;1144;1;1144;0;1147;0;1147;0;1147;1;1146;0;1144;2;1144;0;1126;18;1124;1;1124;3
7/31/2025;5:56:30 AM;WG REA FORD CA029;1148;2;1147;1;1147;0;1150;0;1150;0;1150;1;1150;0;1147;2;1147;0;1129;18;1127;1;1127;3
7/31/2025;5:57:30 AM;WG REA FORD CA029;1151;2;1150;1;1150;0;1153;0;1153;0;1153;1;1153;0;1150;2;1150;0;1132;18;1130;1;1130;3
7/31/2025;5:58:30 AM;WG REA FORD CA029;1154;2;1153;1;1153;0;1156;0;1157;0;1156;1;1156;0;1153;2;1153;0;1134;18;1132;1;1132;3
7/31/2025;5:59:30 AM;WG REA FORD CA029;1156;2;1156;1;1155;0;1159;0;1159;0;1159;1;1159;0;1156;2;1156;0;1137;18;1135;1;1135;3
7/31/2025;6:00:30 AM;WG REA FORD CA029;1159;2;1159;1;1158;0;1162;0;1162;0;1162;1;1162;0;1159;2;1159;0;1140;18;1138;1;1137;3
7/31/2025;6:01:30 AM;WG REA FORD CA029;1162;2;1161;1;1161;0;1165;0;1165;0;1165;1;1165;0;1162;2;1160;0;1141;18;1140;1;1139;3
7/31/2025;6:02:30 AM;WG REA FORD CA029;1165;2;1164;1;1164;0;1168;0;1168;0;1168;1;1167;0;1165;2;1163;0;1144;18;1142;1;1142;4
7/31/2025;6:03:30 AM;WG REA FORD CA029;1166;2;1166;1;1166;0;1169;0;1169;0;1169;1;1169;0;1168;2;1166;0;1147;18;1145;1;1145;4
7/31/2025;6:04:30 AM;WG REA FORD CA029;1169;2;1168;1;1168;0;1172;0;1172;0;1172;1;1171;0;1171;2;1168;0;1150;18;1148;1;1148;4
7/31/2025;6:05:30 AM;WG REA FORD CA029;1172;2;1171;1;1171;0;1175;0;1175;0;1175;1;1174;0;1174;2;1171;0;1153;18;1151;1;1151;4
7/31/2025;6:06:30 AM;WG REA FORD CA029;1175;2;1174;1;1174;0;1176;0;1176;0;1176;1;1175;0;1177;2;1174;0;1154;19;1153;1;1153;4
7/31/2025;6:07:30 AM;WG REA FORD CA029;1176;2;1175;1;1174;0;1176;0;1176;0;1176;1;1175;0;1177;2;1176;0;1157;19;1156;1;1155;4
7/31/2025;6:08:30 AM;WG REA FORD CA029;1176;2;1175;1;1174;0;1176;0;1176;0;1176;1;1176;0;1177;2;1176;0;1158;19;1157;1;1156;4
7/31/2025;6:09:30 AM;WG REA FORD CA029;1178;2;1177;1;1174;0;1177;0;1177;0;1177;1;1176;0;1178;2;1176;0;1159;19;1159;1;1159;4
7/31/2025;6:10:30 AM;WG REA FORD CA029;1178;2;1177;1;1175;0;1178;0;1178;0;1177;1;1177;0;1178;2;1176;0;1159;19;1159;1;1159;4
7/31/2025;6:11:30 AM;WG REA FORD CA029;1181;2;1180;1;1178;0;1181;0;1181;0;1179;1;1179;0;1180;2;1177;0;1159;19;1159;1;1159;4
7/31/2025;6:12:30 AM;WG REA FORD CA029;1183;2;1181;2;1181;0;1184;0;1184;0;1182;1;1182;0;1182;2;1178;0;1161;19;1160;1;1160;4
7/31/2025;6:13:30 AM;WG REA FORD CA029;1184;2;1183;2;1183;0;1186;0;1186;0;1185;1;1185;0;1183;2;1180;0;1161;19;1161;1;1161;4
7/31/2025;6:14:30 AM;WG REA FORD CA029;1185;2;1183;2;1183;0;1188;0;1188;0;1187;1;1186;0;1186;2;1183;0;1164;19;1163;1;1163;4
7/31/2025;6:15:30 AM;WG REA FORD CA029;1187;2;1186;2;1185;0;1189;0;1189;0;1188;1;1188;0;1188;2;1186;0;1167;19;1166;1;1166;4
7/31/2025;6:16:30 AM;WG REA FORD CA029;1190;2;1189;2;1188;0;1192;0;1192;0;1191;1;1190;0;1190;2;1189;0;1170;19;1168;1;1168;4
7/31/2025;6:17:30 AM;WG REA FORD CA029;1193;2;1192;2;1192;0;1195;0;1195;0;1194;1;1193;0;1193;2;1190;0;1173;19;1171;1;1171;4
7/31/2025;6:18:30 AM;WG REA FORD CA029;1195;3;1194;2;1194;0;1198;0;1198;0;1197;1;1196;0;1195;2;1191;0;1173;19;1173;1;1173;4
7/31/2025;6:19:30 AM;WG REA FORD CA029;1197;3;1195;2;1195;0;1200;0;1200;0;1199;1;1198;0;1197;2;1194;0;1175;19;1174;1;1174;4
7/31/2025;6:20:30 AM;WG REA FORD CA029;1199;3;1197;2;1197;0;1201;0;1201;0;1200;1;1199;0;1200;2;1196;0;1178;19;1177;1;1177;4
7/31/2025;6:21:30 AM;WG REA FORD CA029;1202;3;1200;2;1200;0;1204;0;1204;0;1203;1;1202;0;1202;2;1199;0;1181;19;1180;1;1180;4
7/31/2025;6:22:30 AM;WG REA FORD CA029;1205;3;1203;2;1203;0;1206;0;1206;0;1205;1;1204;0;1205;2;1203;0;1184;19;1183;1;1183;4
7/31/2025;6:23:30 AM;WG REA FORD CA029;1207;3;1205;2;1205;0;1208;0;1209;0;1208;1;1207;0;1207;2;1206;0;1187;19;1185;1;1185;4
7/31/2025;6:24:30 AM;WG REA FORD CA029;1210;3;1209;2;1208;0;1211;0;1211;0;1210;1;1210;0;1210;2;1209;0;1190;19;1188;1;1187;4
7/31/2025;6:25:30 AM;WG REA FORD CA029;1214;3;1212;2;1211;0;1214;0;1214;0;1213;1;1213;0;1213;2;1212;0;1192;19;1190;1;1190;4
7/31/2025;6:26:30 AM;WG REA FORD CA029;1216;3;1215;2;1214;0;1217;0;1217;0;1216;1;1216;0;1216;2;1215;0;1195;19;1193;1;1193;4
7/31/2025;6:27:30 AM;WG REA FORD CA029;1219;3;1218;2;1217;0;1220;0;1220;0;1219;1;1219;0;1219;2;1217;0;1198;19;1196;1;1196;4
7/31/2025;6:28:30 AM;WG REA FORD CA029;1222;3;1220;2;1220;0;1222;0;1223;0;1222;1;1222;0;1222;2;1220;0;1201;19;1199;1;1199;4
7/31/2025;6:29:30 AM;WG REA FORD CA029;1225;3;1223;2;1223;0;1226;0;1226;0;1225;1;1225;0;1225;2;1223;0;1203;19;1201;1;1201;4
7/31/2025;6:30:30 AM;WG REA FORD CA029;1228;3;1226;2;1226;0;1229;0;1229;0;1228;1;1228;0;1228;2;1226;0;1206;19;1204;1;1204;4
7/31/2025;6:31:30 AM;WG REA FORD CA029;1230;3;1228;2;1228;0;1232;0;1232;0;1231;1;1231;0;1231;2;1228;0;1209;19;1207;1;1207;4
7/31/2025;6:32:30 AM;WG REA FORD CA029;1233;3;1231;2;1231;0;1235;0;1235;0;1234;1;1234;0;1234;2;1231;0;1211;19;1209;1;1209;4
7/31/2025;6:33:30 AM;WG REA FORD CA029;1236;3;1234;2;1234;0;1237;0;1237;0;1237;1;1236;0;1237;2;1233;0;1214;19;1212;1;1212;4
7/31/2025;6:34:30 AM;WG REA FORD CA029;1238;3;1237;2;1236;0;1240;0;1240;0;1240;1;1239;0;1239;2;1236;0;1217;19;1215;1;1215;4
7/31/2025;6:35:30 AM;WG REA FORD CA029;1241;3;1239;2;1239;0;1243;0;1243;0;1243;1;1242;0;1241;2;1239;0;1219;19;1217;1;1217;4
7/31/2025;6:36:30 AM;WG REA FORD CA029;1244;3;1242;2;1242;0;1246;0;1246;0;1246;1;1245;0;1244;2;1242;0;1222;19;1220;1;1220;4
7/31/2025;6:37:30 AM;WG REA FORD CA029;1246;3;1244;2;1244;0;1248;0;1249;0;1248;1;1248;0;1248;2;1244;0;1225;19;1223;1;1223;4
7/31/2025;6:38:30 AM;WG REA FORD CA029;1249;3;1247;2;1247;0;1251;0;1251;0;1251;1;1250;0;1250;2;1247;0;1227;19;1225;1;1225;4
7/31/2025;6:39:30 AM;WG REA FORD CA029;1252;3;1250;2;1250;0;1254;0;1254;0;1254;1;1253;0;1253;2;1249;0;1230;19;1228;1;1228;4
7/31/2025;6:40:30 AM;WG REA FORD CA029;1254;3;1252;2;1252;0;1256;0;1256;0;1256;1;1255;0;1256;2;1250;0;1232;19;1230;1;1230;4
7/31/2025;6:41:30 AM;WG REA FORD CA029;1257;3;1255;2;1255;0;1259;0;1259;0;1259;1;1258;0;1256;2;1253;0;1234;19;1233;1;1233;4
7/31/2025;6:42:30 AM;WG REA FORD CA029;1257;3;1255;2;1255;0;1260;0;1260;0;1260;1;1259;0;1259;2;1256;0;1237;19;1235;1;1235;4
7/31/2025;6:43:30 AM;WG REA FORD CA029;1260;3;1258;2;1258;0;1262;0;1262;0;1262;1;1261;0;1261;2;1258;0;1240;19;1238;1;1238;4
7/31/2025;6:44:30 AM;WG REA FORD CA029;1263;3;1261;2;1261;0;1265;0;1265;0;1265;1;1264;0;1264;2;1262;0;1243;19;1241;1;1241;4
7/31/2025;6:45:30 AM;WG REA FORD CA029;1266;3;1264;2;1264;0;1268;0;1268;0;1268;1;1267;0;1267;2;1263;0;1245;19;1243;1;1243;4
7/31/2025;6:46:30 AM;WG REA FORD CA029;1269;3;1267;2;1267;0;1270;0;1271;0;1270;1;1270;0;1269;2;1264;0;1246;19;1246;1;1246;4
7/31/2025;6:47:30 AM;WG REA FORD CA029;1270;3;1268;2;1268;0;1273;0;1273;0;1273;1;1272;0;1271;2;1267;0;1249;19;1248;1;1247;4
7/31/2025;6:48:30 AM;WG REA FORD CA029;1272;3;1270;2;1270;0;1274;0;1274;0;1274;1;1273;0;1274;2;1269;0;1251;19;1250;1;1250;4
7/31/2025;6:49:30 AM;WG REA FORD CA029;1275;3;1273;2;1273;0;1277;0;1277;0;1276;1;1276;0;1276;2;1272;0;1253;19;1253;1;1252;4
7/31/2025;6:50:30 AM;WG REA FORD CA029;1277;3;1275;2;1275;0;1279;0;1279;0;1279;1;1278;0;1278;2;1275;0;1256;19;1255;1;1255;4
7/31/2025;6:51:30 AM;WG REA FORD CA029;1280;3;1278;2;1278;0;1282;0;1282;0;1281;1;1281;0;1281;2;1276;0;1258;19;1258;1;1258;4
7/31/2025;6:52:30 AM;WG REA FORD CA029;1282;3;1280;2;1280;0;1285;0;1285;0;1284;1;1284;0;1283;2;1279;0;1260;19;1259;1;1259;4
7/31/2025;6:53:30 AM;WG REA FORD CA029;1284;3;1282;2;1282;0;1286;0;1286;0;1285;1;1285;0;1286;2;1283;0;1263;19;1262;1;1262;4
7/31/2025;6:54:30 AM;WG REA FORD CA029;1287;3;1285;2;1285;0;1289;0;1289;0;1288;1;1288;0;1288;2;1286;0;1266;19;1265;1;1263;4
7/31/2025;6:55:30 AM;WG REA FORD CA029;1290;3;1289;2;1288;0;1292;0;1292;0;1291;1;1291;0;1289;2;1288;0;1268;19;1266;1;1266;4
7/31/2025;6:56:30 AM;WG REA FORD CA029;1293;3;1291;2;1291;0;1295;0;1295;0;1294;1;1294;0;1292;2;1290;0;1271;19;1269;1;1269;4
7/31/2025;6:57:30 AM;WG REA FORD CA029;1295;3;1293;2;1293;0;1297;0;1297;0;1297;1;1296;0;1295;2;1293;0;1272;19;1271;1;1270;4
7/31/2025;6:58:30 AM;WG REA FORD CA029;1298;3;1296;2;1296;0;1300;0;1300;0;1300;1;1299;0;1298;2;1294;0;1275;19;1273;1;1272;5
7/31/2025;6:59:30 AM;WG REA FORD CA029;1299;3;1297;2;1297;0;1302;0;1302;0;1302;1;1301;0;1301;2;1297;0;1278;19;1276;1;1275;5
7/31/2025;7:00:30 AM;WG REA FORD CA029;1302;3;1300;2;1300;0;1303;0;1303;0;1303;1;1303;0;1303;2;1300;0;1280;19;1278;1;1278;5
7/31/2025;7:01:30 AM;WG REA FORD CA029;1305;3;1303;2;1303;0;1306;0;1307;0;1306;1;1306;0;1303;2;1300;0;1280;19;1278;1;1279;5
7/31/2025;7:02:30 AM;WG REA FORD CA029;1305;3;1303;2;1303;0;1308;0;1308;0;1308;1;1307;0;1303;2;1300;0;1280;19;1278;1;1279;5
7/31/2025;7:03:30 AM;WG REA FORD CA029;1305;3;1303;2;1303;0;1308;0;1309;0;1309;1;1308;0;1303;2;1300;0;1280;19;1278;1;1279;5
7/31/2025;7:04:30 AM;WG REA FORD CA029;1306;3;1304;2;1304;0;1309;0;1309;0;1309;1;1309;0;1303;2;1300;0;1280;19;1278;1;1279;5
7/31/2025;7:05:30 AM;WG REA FORD CA029;0;0;0;0;0;0;0;0;0;0;0;0;0;0;0;0;0;0;0;0;0;0;0;0
7/31/2025;7:06:30 AM;WG REA FORD CA029;0;0;0;0;0;0;0;0;0;0;0;0;0;0;0;0;0;0;0;0;0;0;0;0
7/31/2025;7:07:30 AM;WG REA FORD CA029;0;0;0;0;0;0;0;0;0;0;1;0;1;0;0;0;0;0;0;0;0;0;0;0
7/31/2025;7:08:30 AM;WG REA FORD CA029;0;0;0;0;0;0;0;0;0;0;1;0;1;0;0;0;0;0;0;0;0;0;0;0
7/31/2025;7:09:30 AM;WG REA FORD CA029;0;0;0;0;0;0;0;0;0;0;1;0;2;0;0;0;0;0;0;0;0;0;0;0
7/31/2025;7:10:30 AM;WG REA FORD CA029;0;0;0;0;0;0;0;0;0;0;1;0;2;0;0;0;0;0;0;0;0;0;0;0
7/31/2025;7:11:30 AM;WG REA FORD CA029;0;0;0;0;0;0;0;0;0;0;1;0;2;0;0;0;0;0;0;0;0;0;0;0
7/31/2025;7:12:30 AM;WG REA FORD CA029;0;0;0;0;0;0;0;0;0;0;1;0;2;0;0;0;0;0;0;0;0;0;0;0
7/31/2025;7:13:30 AM;WG REA FORD CA029;0;0;0;0;0;0;0;0;0;0;1;0;2;0;0;0;0;0;0;0;0;0;0;0
7/31/2025;7:14:30 AM;WG REA FORD CA029;0;0;0;0;0;0;0;0;0;0;1;0;2;0;0;0;0;0;0;0;0;0;0;0
7/31/2025;7:15:30 AM;WG REA FORD CA029;0;0;0;0;0;0;0;0;0;0;1;0;2;0;1;0;2;0;2;0;0;0;0;0
7/31/2025;7:16:30 AM;WG REA FORD CA029;0;0;1;0;0;0;0;0;0;0;1;0;2;0;1;0;4;0;5;0;2;0;1;0
7/31/2025;7:17:30 AM;WG REA FORD CA029;2;0;2;0;2;0;1;0;0;0;1;0;2;0;1;0;5;0;5;0;3;0;2;0
7/31/2025;7:18:30 AM;WG REA FORD CA029;4;0;4;0;4;0;1;0;0;0;1;0;2;0;1;0;7;0;7;0;5;0;3;0
7/31/2025;7:19:30 AM;WG REA FORD CA029;5;0;6;0;4;0;1;0;0;0;1;0;2;0;1;0;10;0;10;0;8;0;6;1
7/31/2025;7:20:30 AM;WG REA FORD CA029;7;0;7;0;4;0;1;0;0;0;1;0;2;0;1;0;12;0;13;0;11;0;8;1
7/31/2025;7:21:30 AM;WG REA FORD CA029;7;0;7;0;4;0;1;0;0;0;1;0;2;0;1;0;14;0;15;0;12;0;10;2
7/31/2025;7:22:30 AM;WG REA FORD CA029;7;0;7;0;4;0;1;0;0;0;1;0;2;0;1;0;17;0;17;0;15;0;14;2
7/31/2025;7:23:30 AM;WG REA FORD CA029;7;0;7;0;4;0;1;0;0;0;1;0;2;0;1;0;18;0;20;0;18;0;17;2
7/31/2025;7:24:30 AM;WG REA FORD CA029;7;0;7;0;4;0;1;0;0;0;1;0;2;0;1;0;18;0;22;0;21;0;20;2
7/31/2025;7:25:30 AM;WG REA FORD CA029;7;0;7;0;4;0;1;0;0;0;1;0;2;0;1;0;18;0;24;0;23;0;22;2
7/31/2025;7:26:30 AM;WG REA FORD CA029;7;0;7;0;4;0;1;0;0;0;1;0;2;0;1;0;18;0;24;0;24;0;25;2
7/31/2025;7:27:30 AM;WG REA FORD CA029;7;0;7;0;4;0;1;0;0;0;1;0;2;0;1;0;18;0;24;0;24;0;28;2
7/31/2025;7:28:30 AM;WG REA FORD CA029;7;0;7;0;4;0;1;0;0;0;1;0;2;0;1;0;18;0;24;0;24;0;28;2
7/31/2025;7:29:30 AM;WG REA FORD CA029;7;0;7;0;4;0;1;0;0;0;1;0;2;0;1;0;18;0;24;0;24;0;28;2
7/31/2025;7:30:30 AM;WG REA FORD CA029;7;0;7;0;4;0;1;0;0;0;1;0;2;0;1;0;18;0;24;0;24;0;28;2
7/31/2025;7:31:30 AM;WG REA FORD CA029;7;0;7;0;4;0;1;0;0;0;1;0;2;0;1;0;18;0;24;0;24;0;28;2
7/31/2025;7:32:30 AM;WG REA FORD CA029;7;0;7;0;4;0;1;0;0;0;1;0;2;0;1;0;18;0;24;0;24;0;28;2
7/31/2025;7:33:30 AM;WG REA FORD CA029;7;0;7;0;4;0;1;0;0;0;1;0;2;0;1;0;18;0;24;0;24;0;28;2
7/31/2025;7:34:30 AM;WG REA FORD CA029;7;0;7;0;4;0;1;0;0;0;1;0;2;0;1;0;18;0;24;0;24;0;28;2
7/31/2025;7:35:30 AM;WG REA FORD CA029 REWORK NO BRANSON;7;0;7;0;4;0;1;0;0;0;1;0;2;0;1;0;18;0;24;0;24;0;28;2
7/31/2025;7:36:30 AM;WG REA FORD CA029 REWORK NO BRANSON;7;0;7;0;4;0;1;0;0;0;1;0;2;0;1;0;18;0;24;0;24;0;28;2
7/31/2025;7:37:30 AM;WG REA FORD CA029 REWORK NO BRANSON;7;0;7;0;4;0;1;0;0;0;1;0;2;0;1;0;18;0;25;1;24;0;28;2
7/31/2025;7:38:30 AM;WG REA FORD CA029 REWORK NO BRANSON;7;0;7;0;4;0;1;0;0;0;1;0;2;0;1;0;18;0;25;1;24;0;28;2
7/31/2025;7:39:30 AM;WG REA FORD CA029 REWORK NO BRANSON;7;0;7;0;4;0;1;0;0;0;1;0;2;0;1;0;18;0;28;1;24;0;28;2
7/31/2025;7:40:30 AM;WG REA FORD CA029 REWORK NO BRANSON;7;0;7;0;4;0;1;0;0;0;1;0;2;0;1;0;18;0;30;2;28;0;28;2
7/31/2025;7:41:30 AM;WG REA FORD CA029 REWORK NO BRANSON;7;0;7;0;4;0;1;0;0;0;1;0;2;0;1;0;18;0;32;2;30;0;28;2
7/31/2025;7:42:30 AM;WG REA FORD CA029 REWORK NO BRANSON;7;0;7;0;4;0;1;0;0;0;1;0;2;0;1;0;18;0;33;4;31;0;29;2
7/31/2025;7:43:30 AM;WG REA FORD CA029 REWORK NO BRANSON;7;0;7;0;4;0;1;0;0;0;1;0;2;0;1;0;18;0;36;4;34;0;31;2
7/31/2025;7:44:30 AM;WG REA FORD CA029 REWORK NO BRANSON;7;0;7;0;4;0;1;0;0;0;1;0;2;0;1;0;18;0;38;5;35;0;33;2
7/31/2025;7:45:30 AM;WG REA FORD CA029 REWORK NO BRANSON;7;0;7;0;4;0;1;0;0;0;1;0;2;0;1;0;18;0;39;7;37;0;35;2
7/31/2025;7:46:30 AM;WG REA FORD CA029 REWORK NO BRANSON;7;0;7;0;4;0;1;0;0;0;1;0;2;0;1;0;18;0;40;9;38;0;36;2
7/31/2025;7:47:30 AM;WG REA FORD CA029 REWORK NO BRANSON;7;0;7;0;4;0;1;0;0;0;1;0;2;0;1;0;18;0;43;9;40;0;38;2
7/31/2025;7:48:30 AM;WG REA FORD CA029 REWORK NO BRANSON;7;0;7;0;4;0;1;0;0;0;1;0;2;0;1;0;18;0;44;11;42;0;40;2
7/31/2025;7:49:30 AM;WG REA FORD CA029 REWORK NO BRANSON;7;0;7;0;4;0;1;0;0;0;1;0;2;0;1;0;18;0;46;11;44;0;42;2
7/31/2025;7:50:30 AM;WG REA FORD CA029 REWORK NO BRANSON;7;0;7;0;4;0;1;0;0;0;1;0;2;0;1;0;18;0;46;11;46;0;44;2
7/31/2025;7:51:30 AM;WG REA FORD CA029 REWORK NO BRANSON;7;0;7;0;4;0;1;0;0;0;1;0;2;0;1;0;18;0;46;11;46;0;46;2
7/31/2025;7:52:30 AM;WG REA FORD CA029 REWORK NO BRANSON;7;0;7;0;4;0;1;0;0;0;1;0;2;0;1;0;18;0;46;11;46;0;50;2
7/31/2025;7:53:30 AM;WG REA FORD CA029;0;0;0;0;0;0;0;0;0;0;0;0;0;0;0;0;0;0;0;0;0;0;0;0
7/31/2025;7:54:30 AM;WG REA FORD CA029;0;0;0;0;0;0;0;0;0;0;0;0;0;0;0;0;0;0;0;0;0;0;0;0
7/31/2025;7:55:30 AM;WG REA FORD CA029;0;0;0;0;0;0;0;0;0;0;0;0;0;0;2;0;1;0;0;0;0;0;0;0
7/31/2025;7:56:30 AM;WG REA FORD CA029;0;0;0;0;0;0;0;0;0;0;0;0;0;0;5;0;4;0;0;0;0;0;0;0
7/31/2025;7:57:30 AM;WG REA FORD CA029;0;0;0;0;0;0;0;0;0;0;0;0;0;0;8;0;7;0;2;0;0;0;0;0
7/31/2025;7:58:30 AM;WG REA FORD CA029;0;0;0;0;0;0;0;0;1;0;0;0;0;0;9;0;9;0;2;0;0;0;0;0
7/31/2025;7:59:30 AM;WG REA FORD CA029;0;0;0;0;1;0;0;0;1;0;1;0;0;0;9;0;9;0;2;0;0;0;0;0
7/31/2025;8:00:30 AM;WG REA FORD CA029;2;0;2;0;4;0;3;0;3;0;2;0;1;0;9;0;9;0;2;0;0;0;0;0
7/31/2025;8:01:30 AM;WG REA FORD CA029;5;0;6;0;7;0;6;0;6;0;4;0;4;0;11;0;10;0;3;0;0;0;0;0
7/31/2025;8:02:30 AM;WG REA FORD CA029;9;0;9;0;10;0;9;0;9;0;7;0;7;0;14;0;12;0;5;1;2;0;0;0
7/31/2025;8:03:30 AM;WG REA FORD CA029;10;0;10;0;12;0;12;0;12;0;10;0;10;0;17;0;15;0;8;1;5;0;0;0
7/31/2025;8:04:30 AM;WG REA FORD CA029;12;0;12;0;13;0;15;0;15;0;13;0;13;0;20;0;18;0;11;1;8;0;0;0
7/31/2025;8:05:30 AM;WG REA FORD CA029;15;0;15;0;16;0;18;0;18;0;16;0;16;0;23;0;21;0;14;1;10;0;3;1
7/31/2025;8:06:30 AM;WG REA FORD CA029;18;0;18;0;19;0;20;0;21;0;19;0;19;0;26;0;24;0;17;1;13;0;6;1
7/31/2025;8:07:30 AM;WG REA FORD CA029;18;0;18;0;22;0;24;0;24;0;22;0;22;0;29;0;27;0;20;1;16;0;9;1
7/31/2025;8:08:30 AM;WG REA FORD CA029;20;0;21;0;23;0;26;0;26;0;25;0;24;0;32;0;30;0;22;1;18;0;10;1
7/31/2025;8:09:30 AM;WG REA FORD CA029;24;0;24;0;27;0;29;0;29;0;28;0;27;0;34;0;32;0;24;1;21;0;13;1
7/31/2025;8:10:30 AM;WG REA FORD CA029;27;0;28;0;30;0;32;0;32;0;31;0;31;0;37;0;35;0;27;1;24;0;17;1
7/31/2025;8:11:30 AM;WG REA FORD CA029;31;0;31;0;34;0;35;0;35;0;34;0;34;0;41;0;38;0;30;1;27;0;19;1
7/31/2025;8:12:30 AM;WG REA FORD CA029;34;0;34;0;37;0;38;0;38;0;37;0;37;0;43;0;41;0;33;2;29;0;22;1
7/31/2025;8:13:30 AM;WG REA FORD CA029;37;0;38;0;40;0;41;0;41;0;40;0;39;0;46;0;44;0;36;2;32;0;25;1
7/31/2025;8:14:30 AM;WG REA FORD CA029;41;0;41;0;43;0;44;0;44;0;43;0;42;0;49;0;47;0;38;3;35;0;28;1
7/31/2025;8:15:30 AM;WG REA FORD CA029;44;0;45;0;46;0;47;0;47;0;45;0;45;0;52;0;50;0;41;3;38;0;31;1
7/31/2025;8:16:30 AM;WG REA FORD CA029;48;0;48;0;49;0;50;0;50;0;48;0;48;0;55;0;53;0;44;3;41;0;34;1
7/31/2025;8:17:30 AM;WG REA FORD CA029;49;0;50;0;52;0;53;0;53;0;51;0;51;0;58;0;56;0;47;3;44;0;37;1
7/31/2025;8:18:30 AM;WG REA FORD CA029;52;0;53;0;55;0;56;0;56;0;54;0;54;0;61;0;59;0;50;3;47;0;39;1
7/31/2025;8:19:30 AM;WG REA FORD CA029;56;0;57;0;57;0;59;0;59;0;57;0;57;0;64;0;62;0;53;3;50;0;42;1
7/31/2025;8:20:30 AM;WG REA FORD CA029;59;0;60;0;60;0;62;0;62;0;60;0;60;0;67;0;65;0;56;3;53;0;45;1
7/31/2025;8:21:30 AM;WG REA FORD CA029;62;0;63;0;63;0;65;0;65;0;63;0;63;0;70;0;68;0;58;3;56;0;48;1
7/31/2025;8:22:30 AM;WG REA FORD CA029;65;0;65;0;66;0;68;0;68;0;66;0;66;0;72;0;71;0;61;3;59;0;51;1
7/31/2025;8:23:30 AM;WG REA FORD CA029;68;0;68;0;69;0;71;0;71;0;69;0;69;0;75;0;73;0;63;4;60;0;53;1
7/31/2025;8:24:30 AM;WG REA FORD CA029;71;0;71;0;72;0;74;0;74;0;72;0;72;0;78;0;76;0;64;6;62;0;55;1
7/31/2025;8:25:30 AM;WG REA FORD CA029;74;0;74;0;75;0;77;0;77;0;75;0;75;0;80;0;77;0;64;7;62;0;55;1
7/31/2025;8:26:30 AM;WG REA FORD CA029;77;0;77;0;78;0;80;0;80;0;78;0;78;0;82;0;79;0;66;7;63;0;55;1
7/31/2025;8:27:30 AM;WG REA FORD CA029;80;0;80;0;81;0;83;0;83;0;81;0;81;0;85;0;82;0;68;7;66;0;58;1
7/31/2025;8:28:30 AM;WG REA FORD CA029;83;0;83;0;84;0;86;0;86;0;84;0;84;0;88;0;84;0;71;7;69;0;61;1
7/31/2025;8:29:30 AM;WG REA FORD CA029;86;0;86;0;87;0;88;0;89;0;87;0;87;0;92;0;87;0;72;9;70;0;63;1
7/31/2025;8:30:30 AM;WG REA FORD CA029;89;0;89;0;90;0;91;0;91;0;90;0;90;0;95;0;90;0;75;9;72;0;64;1
7/31/2025;8:31:30 AM;WG REA FORD CA029;92;0;92;0;93;0;94;0;94;0;93;0;93;0;96;0;90;0;75;9;72;0;65;1
7/31/2025;8:32:30 AM;WG REA FORD CA029;95;0;95;0;96;0;97;0;97;0;96;0;96;0;96;0;90;0;75;9;72;0;65;1
7/31/2025;8:33:30 AM;WG REA FORD CA029;98;0;98;0;99;0;100;0;100;0;99;0;98;0;96;0;90;0;75;9;72;0;65;1
7/31/2025;8:34:30 AM;WG REA FORD CA029;100;0;100;0;102;0;103;0;103;0;102;0;98;0;96;0;90;0;75;9;72;0;65;1
7/31/2025;8:35:30 AM;WG REA FORD CA029;100;0;100;0;103;0;105;0;105;0;104;0;98;0;96;0;90;0;75;9;72;0;65;1
7/31/2025;8:36:30 AM;WG REA FORD CA029;100;0;100;0;103;0;105;0;105;0;104;0;98;0;96;0;90;0;75;9;72;0;65;1
7/31/2025;8:37:30 AM;WG REA FORD CA029;100;0;100;0;103;0;105;0;105;0;104;0;98;0;96;0;90;0;75;9;72;0;65;1
7/31/2025;8:38:30 AM;WG REA FORD CA029;100;0;101;0;104;0;105;0;105;0;104;0;98;0;96;0;90;0;75;9;72;0;65;1
7/31/2025;8:39:30 AM;WG REA FORD CA029;101;0;101;0;104;0;105;0;105;0;104;0;98;0;96;0;90;0;75;9;72;0;65;1
7/31/2025;8:40:30 AM;WG REA FORD CA029;101;0;101;0;104;0;105;0;105;0;104;0;98;0;96;0;90;0;75;9;72;0;65;1
7/31/2025;8:41:30 AM;WG REA FORD CA029;101;0;101;0;104;0;105;0;105;0;104;0;98;0;96;0;90;0;75;9;72;0;65;1
7/31/2025;8:42:30 AM;WG REA FORD CA029;101;0;101;0;104;0;105;0;105;0;104;0;98;0;96;0;90;0;75;9;72;0;65;1
7/31/2025;8:43:30 AM;WG REA FORD CA029;101;0;101;0;104;0;105;0;105;0;104;0;98;0;96;0;90;0;75;9;72;0;65;1
7/31/2025;8:44:30 AM;WG REA FORD CA029;101;0;101;0;104;0;105;0;105;0;104;0;98;0;96;0;90;0;75;9;72;0;65;1
7/31/2025;8:45:30 AM;WG REA FORD CA029;101;0;101;0;104;0;105;0;105;0;104;0;98;0;96;0;90;0;75;9;72;0;65;1
7/31/2025;8:46:30 AM;WG REA FORD CA029;101;0;101;0;104;0;105;0;105;0;104;0;98;0;96;0;90;0;75;9;72;0;65;1
7/31/2025;8:47:30 AM;WG REA FORD CA029;101;0;101;0;104;0;105;0;105;0;104;0;99;0;96;0;91;0;76;9;73;0;66;1
7/31/2025;8:48:30 AM;WG REA FORD CA029;101;0;101;0;104;0;108;0;108;0;106;0;101;0;99;0;94;0;79;9;76;0;69;1
7/31/2025;8:49:30 AM;WG REA FORD CA029;103;0;103;0;106;0;109;0;109;0;108;0;105;0;102;0;97;0;82;9;79;0;71;1
7/31/2025;8:50:30 AM;WG REA FORD CA029;106;0;107;0;110;0;112;0;112;0;111;0;108;0;105;0;100;0;85;9;82;0;74;1
7/31/2025;8:51:30 AM;WG REA FORD CA029;110;0;110;0;113;0;115;0;115;0;114;0;111;0;109;0;100;0;87;9;85;0;77;1
7/31/2025;8:52:30 AM;WG REA FORD CA029;112;0;112;0;115;0;118;0;118;0;117;0;115;0;112;0;104;0;89;9;86;0;78;1
7/31/2025;8:53:30 AM;WG REA FORD CA029;113;0;113;0;116;0;119;0;119;0;118;0;117;0;115;0;107;0;92;9;89;0;81;1
7/31/2025;8:54:30 AM;WG REA FORD CA029;116;0;117;0;119;0;122;0;122;0;121;0;120;0;119;0;110;0;94;9;92;0;84;1
7/31/2025;8:55:30 AM;WG REA FORD CA029;119;0;120;0;122;0;124;0;125;0;124;0;123;0;122;0;113;0;97;9;95;0;87;1
7/31/2025;8:56:30 AM;WG REA FORD CA029;122;0;123;0;126;0;127;0;128;0;126;0;126;0;125;0;116;0;100;9;96;0;89;1
7/31/2025;8:57:30 AM;WG REA FORD CA029;125;0;126;0;129;0;131;0;131;0;129;0;129;0;128;0;118;0;103;9;99;0;91;2
7/31/2025;8:58:30 AM;WG REA FORD CA029;128;0;128;0;131;0;134;0;134;0;132;0;132;0;131;0;121;0;106;9;102;0;94;2
7/31/2025;8:59:30 AM;WG REA FORD CA029;131;0;131;0;134;0;137;0;137;0;135;0;135;0;135;0;124;0;109;9;105;0;97;2
7/31/2025;9:00:30 AM;WG REA FORD CA029;134;0;134;0;137;0;140;0;140;0;138;0;138;0;137;0;127;0;111;9;108;0;98;2
7/31/2025;9:01:30 AM;WG REA FORD CA029;137;0;137;0;140;0;142;0;142;0;141;0;141;0;140;0;129;0;114;9;110;0;101;2
7/31/2025;9:02:30 AM;WG REA FORD CA029;139;0;139;0;142;0;145;0;145;0;144;0;144;0;144;0;132;0;117;9;113;0;104;2
7/31/2025;9:03:30 AM;WG REA FORD CA029;142;0;142;0;145;0;148;0;148;0;146;0;146;0;145;0;135;0;119;9;116;0;107;2
7/31/2025;9:04:30 AM;WG REA FORD CA029;145;0;145;0;148;0;151;0;150;0;149;0;149;0;147;0;138;0;122;9;119;0;110;2
7/31/2025;9:05:30 AM;WG REA FORD CA029;147;0;147;0;150;0;153;0;153;0;152;0;151;0;150;0;140;0;125;9;121;0;113;2
7/31/2025;9:06:30 AM;WG REA FORD CA029;150;0;150;0;153;0;156;0;156;0;155;0;154;0;153;0;144;0;128;9;124;0;116;2
7/31/2025;9:07:30 AM;WG REA FORD CA029;153;0;153;0;156;0;158;0;159;0;158;0;157;0;156;0;147;0;131;9;127;0;119;2
7/31/2025;9:08:30 AM;WG REA FORD CA029;156;0;156;0;159;0;162;0;162;0;160;0;160;0;159;0;149;0;134;9;130;0;122;2
7/31/2025;9:09:30 AM;WG REA FORD CA029;159;0;159;0;162;0;165;0;165;0;163;0;163;0;163;0;152;0;137;9;133;0;125;2
7/31/2025;9:10:30 AM;WG REA FORD CA029;162;0;162;0;165;0;168;0;168;0;166;0;166;0;166;0;155;0;140;9;136;0;128;2
7/31/2025;9:11:30 AM;WG REA FORD CA029;165;0;165;0;168;0;171;0;171;0;169;0;169;0;169;0;158;0;143;9;139;0;131;2
7/31/2025;9:12:30 AM;WG REA FORD CA029;168;0;168;0;171;0;174;0;174;0;172;0;172;0;172;0;161;0;146;9;142;0;134;2
7/31/2025;9:13:30 AM;WG REA FORD CA029;171;0;171;0;174;0;177;0;177;0;175;0;175;0;175;0;164;0;148;9;145;0;136;2
7/31/2025;9:14:30 AM;WG REA FORD CA029;174;0;174;0;177;0;180;0;180;0;178;0;178;0;178;0;167;0;151;9;148;0;139;2
7/31/2025;9:15:30 AM;WG REA FORD CA029;176;0;177;0;179;0;182;0;182;0;181;0;181;0;181;0;170;0;154;9;151;0;142;2
7/31/2025;9:16:30 AM;WG REA FORD CA029;179;0;180;0;182;0;185;0;185;0;184;0;183;0;184;0;173;0;157;9;154;0;145;2
7/31/2025;9:17:30 AM;WG REA FORD CA029;182;0;182;0;185;0;188;0;188;0;187;0;186;0;188;0;176;0;160;9;157;0;148;2
7/31/2025;9:18:30 AM;WG REA FORD CA029;185;0;185;0;188;0;191;0;191;0;190;0;189;0;190;0;179;0;163;9;159;0;151;2
7/31/2025;9:19:30 AM;WG REA FORD CA029;188;0;188;0;191;0;193;0;194;0;192;0;192;0;193;0;182;0;166;9;162;0;154;2
7/31/2025;9:20:30 AM;WG REA FORD CA029;191;0;191;0;194;0;197;0;197;0;195;0;195;0;196;0;184;0;169;9;165;0;157;2
7/31/2025;9:21:30 AM;WG REA FORD CA029;194;0;194;0;197;0;200;0;199;0;198;0;198;0;199;0;184;0;171;9;168;0;160;2
7/31/2025;9:22:30 AM;WG REA FORD CA029;196;0;196;0;199;0;203;0;203;0;201;0;201;0;202;0;184;0;171;9;169;0;161;2
7/31/2025;9:23:30 AM;WG REA FORD CA029;196;0;196;0;199;0;203;0;203;0;202;0;201;0;203;0;184;0;171;9;169;0;161;2
7/31/2025;9:24:30 AM;WG REA FORD CA029;196;0;196;0;199;0;203;0;204;0;203;0;202;0;203;0;184;0;171;9;169;0;161;2
7/31/2025;9:25:30 AM;WG REA FORD CA029;196;0;196;0;199;0;203;0;204;0;204;0;203;0;203;0;184;0;171;9;169;0;161;2
7/31/2025;9:26:30 AM;WG REA FORD CA029;196;0;196;0;199;0;203;0;204;0;204;0;204;0;205;0;184;0;171;9;169;0;161;2
7/31/2025;9:27:30 AM;WG REA FORD CA029;196;0;196;0;199;0;203;0;204;0;204;0;204;0;205;0;184;0;171;9;169;0;161;2
7/31/2025;9:28:30 AM;WG REA FORD CA029;196;0;196;0;199;0;203;0;204;0;204;0;204;0;205;0;184;0;171;9;169;0;161;2
7/31/2025;9:29:30 AM;WG REA FORD CA029;196;0;196;0;199;0;203;0;204;0;204;0;204;0;205;0;186;0;171;9;169;0;161;2
7/31/2025;9:30:30 AM;WG REA FORD CA029;196;0;196;0;199;0;203;0;204;0;204;0;204;0;208;0;189;0;173;10;170;0;162;2
7/31/2025;9:31:30 AM;WG REA FORD CA029;198;0;199;0;202;0;205;0;205;0;204;0;204;0;211;0;192;0;176;10;173;0;165;2
7/31/2025;9:32:30 AM;WG REA FORD CA029;202;0;202;0;205;0;207;0;208;0;206;0;206;0;213;0;196;0;179;10;176;0;168;2
7/31/2025;9:33:30 AM;WG REA FORD CA029;205;0;205;0;208;0;210;0;210;0;209;0;209;0;216;0;198;0;182;10;179;0;171;2
7/31/2025;9:34:30 AM;WG REA FORD CA029;208;0;208;0;211;0;213;0;213;0;212;0;212;0;218;0;201;0;185;10;182;0;174;2
7/31/2025;9:35:30 AM;WG REA FORD CA029;211;0;211;0;214;0;216;0;216;0;215;0;215;0;222;0;205;0;188;10;185;0;177;2
7/31/2025;9:36:30 AM;WG REA FORD CA029;214;0;214;0;217;0;219;0;220;0;218;0;218;0;224;0;208;0;191;10;188;0;180;2
7/31/2025;9:37:30 AM;WG REA FORD CA029;217;0;217;0;220;0;222;0;222;0;221;0;221;0;228;0;210;0;194;10;191;0;183;2
7/31/2025;9:38:30 AM;WG REA FORD CA029;219;1;220;0;223;0;224;0;224;0;224;0;223;0;230;0;213;0;197;10;194;0;186;2
7/31/2025;9:39:30 AM;WG REA FORD CA029;220;1;221;0;225;0;228;0;228;0;226;0;226;0;233;0;216;0;200;10;197;0;189;2
7/31/2025;9:40:30 AM;WG REA FORD CA029;220;1;221;0;225;0;229;0;229;0;227;0;227;0;236;0;219;0;203;10;200;0;192;2
7/31/2025;9:41:30 AM;WG REA FORD CA029;223;1;222;0;226;0;229;0;229;0;228;0;227;0;236;0;222;0;206;10;203;0;194;2
7/31/2025;9:42:30 AM;WG REA FORD CA029;225;1;226;0;228;0;231;0;231;0;230;0;229;0;237;0;225;0;208;10;205;0;196;2
7/31/2025;9:43:30 AM;WG REA FORD CA029;229;1;229;0;232;0;234;0;234;0;233;0;232;0;239;0;228;0;211;10;207;0;199;2
7/31/2025;9:44:30 AM;WG REA FORD CA029;232;1;232;0;235;0;237;0;237;0;236;0;235;0;242;0;230;0;214;10;210;0;202;2
7/31/2025;9:45:30 AM;WG REA FORD CA029;236;1;236;0;239;0;240;0;240;0;239;0;238;0;245;0;233;0;217;10;213;0;205;2
7/31/2025;9:46:30 AM;WG REA FORD CA029;239;1;239;0;242;0;243;0;243;0;242;0;242;0;248;0;236;0;220;10;216;0;208;2
7/31/2025;9:47:30 AM;WG REA FORD CA029;242;1;243;0;245;0;246;0;246;0;245;0;244;0;251;0;239;0;223;10;219;0;211;2
7/31/2025;9:48:30 AM;WG REA FORD CA029;246;1;246;0;248;0;249;0;249;0;248;0;247;0;254;0;242;0;226;10;222;0;214;2
7/31/2025;9:49:30 AM;WG REA FORD CA029;249;1;250;0;251;0;252;0;252;0;251;0;250;0;257;0;245;0;229;10;225;0;217;2
7/31/2025;9:50:30 AM;WG REA FORD CA029;253;1;253;0;254;0;255;0;255;0;253;0;253;0;260;0;248;0;232;10;228;0;220;2
7/31/2025;9:51:30 AM;WG REA FORD CA029;255;1;256;0;256;0;258;0;258;0;256;0;256;0;263;0;251;0;235;10;231;0;223;2
7/31/2025;9:52:30 AM;WG REA FORD CA029;258;1;259;0;259;0;261;0;261;0;259;0;259;0;266;0;254;0;237;10;234;0;226;2
7/31/2025;9:53:30 AM;WG REA FORD CA029;261;1;262;0;262;0;264;0;264;0;262;0;262;0;269;0;257;0;240;10;237;0;229;2
7/31/2025;9:54:30 AM;WG REA FORD CA029;264;1;264;0;265;0;267;0;267;0;265;0;265;0;272;0;260;0;243;10;240;0;231;2
7/31/2025;9:55:30 AM;WG REA FORD CA029;267;1;267;0;268;0;270;0;270;0;268;0;268;0;275;0;263;0;246;10;242;0;234;2
7/31/2025;9:56:30 AM;WG REA FORD CA029;270;1;270;0;271;0;272;0;273;0;271;0;271;0;278;0;265;0;249;10;245;0;237;2
7/31/2025;9:57:30 AM;WG REA FORD CA029;273;1;273;0;274;0;276;0;276;0;274;0;274;0;281;0;269;0;252;10;248;0;240;2
7/31/2025;9:58:30 AM;WG REA FORD CA029;276;1;276;0;277;0;278;0;278;0;277;0;277;0;284;0;271;0;255;10;251;0;243;2
7/31/2025;9:59:30 AM;WG REA FORD CA029;279;1;279;0;280;0;281;0;281;0;280;0;280;0;287;0;274;0;258;10;254;0;246;2
7/31/2025;10:00:30 AM;WG REA FORD CA029;282;1;282;0;283;0;284;0;284;0;283;0;283;0;290;0;277;0;261;10;257;0;249;2
7/31/2025;10:01:30 AM;WG REA FORD CA029;285;1;285;0;286;0;287;0;287;0;286;0;286;0;292;0;280;0;264;10;260;0;252;2
7/31/2025;10:02:30 AM;WG REA FORD CA029;288;1;288;0;289;0;290;0;290;0;289;0;288;0;295;0;283;0;267;10;263;0;255;2
7/31/2025;10:03:30 AM;WG REA FORD CA029;290;1;290;0;291;0;292;0;292;0;291;0;291;0;297;0;286;0;270;10;266;0;258;2
7/31/2025;10:04:30 AM;WG REA FORD CA029;293;1;293;0;294;0;295;0;295;0;294;0;294;0;301;0;289;0;273;10;269;0;261;2
7/31/2025;10:05:30 AM;WG REA FORD CA029;296;1;296;0;297;0;298;0;299;0;297;0;297;0;304;0;292;0;275;10;272;0;264;2
7/31/2025;10:06:30 AM;WG REA FORD CA029;299;1;299;0;300;0;302;0;302;0;300;0;300;0;305;0;295;0;278;10;275;0;267;2
7/31/2025;10:07:30 AM;WG REA FORD CA029;302;1;302;0;303;0;305;0;305;0;303;0;303;0;306;0;298;0;281;10;278;0;269;2
7/31/2025;10:08:30 AM;WG REA FORD CA029;305;1;305;0;306;0;307;0;307;0;306;0;306;0;309;0;301;0;284;10;281;0;272;2
7/31/2025;10:09:30 AM;WG REA FORD CA029;308;1;308;0;309;0;310;0;310;0;309;0;309;0;313;0;302;0;287;10;284;0;275;2
7/31/2025;10:10:30 AM;WG REA FORD CA029;311;1;311;0;312;0;313;0;313;0;312;0;312;0;316;0;302;0;288;10;286;0;278;2
7/31/2025;10:11:30 AM;WG REA FORD CA029;314;1;314;0;315;0;316;0;316;0;315;0;314;0;316;0;302;0;288;10;286;0;278;2
7/31/2025;10:12:30 AM;WG REA FORD CA029;314;1;314;0;317;0;319;0;319;0;318;0;317;0;318;0;304;0;288;10;286;0;278;2
7/31/2025;10:13:30 AM;WG REA FORD CA029;314;1;314;0;317;0;321;0;321;0;320;0;319;0;318;0;307;0;290;11;288;0;280;2
7/31/2025;10:14:30 AM;WG REA FORD CA029;316;1;317;0;319;0;322;0;322;0;321;0;321;0;319;0;310;0;293;11;290;0;282;2
7/31/2025;10:15:30 AM;WG REA FORD CA029;320;1;320;0;323;0;325;0;325;0;324;0;321;0;319;0;313;0;296;11;293;0;285;2
7/31/2025;10:16:30 AM;WG REA FORD CA029;323;1;323;0;326;0;327;0;328;0;326;0;322;0;320;0;316;0;299;11;296;0;288;2
7/31/2025;10:17:30 AM;WG REA FORD CA029;326;1;326;0;329;0;330;0;331;0;329;0;325;0;323;0;319;0;302;11;299;0;291;2
7/31/2025;10:18:30 AM;WG REA FORD CA029;329;1;329;0;332;0;334;0;334;0;332;0;328;0;326;0;322;0;305;11;302;0;294;2
7/31/2025;10:19:30 AM;WG REA FORD CA029;332;1;332;0;335;0;337;0;337;0;335;0;331;0;329;0;324;0;308;11;305;0;297;2
7/31/2025;10:20:30 AM;WG REA FORD CA029;335;1;335;0;338;0;340;0;340;0;338;0;333;0;331;0;324;0;309;11;307;0;299;2
7/31/2025;10:21:30 AM;WG REA FORD CA029;336;1;336;0;339;0;342;0;342;0;341;0;336;0;334;0;327;0;310;11;307;0;299;2
7/31/2025;10:22:30 AM;WG REA FORD CA029;337;1;337;0;340;0;343;0;343;0;342;0;339;0;337;0;330;0;313;11;310;0;302;2
7/31/2025;10:23:30 AM;WG REA FORD CA029;340;1;340;0;343;0;346;0;346;0;344;0;342;0;340;0;333;0;315;12;313;0;305;2
7/31/2025;10:24:30 AM;WG REA FORD CA029;343;1;343;0;346;0;349;0;349;0;347;0;345;0;343;0;336;0;318;12;315;0;307;2
7/31/2025;10:25:30 AM;WG REA FORD CA029;345;1;346;0;349;0;351;0;351;0;350;0;348;0;346;0;339;0;321;12;318;0;310;2
7/31/2025;10:26:30 AM;WG REA FORD CA029;348;1;348;0;351;0;354;0;354;0;353;0;351;0;349;0;342;0;324;12;321;0;313;2
7/31/2025;10:27:30 AM;WG REA FORD CA029;351;1;352;0;355;0;356;0;356;0;356;0;355;0;352;0;345;0;327;12;324;0;316;2
7/31/2025;10:28:30 AM;WG REA FORD CA029;355;1;355;0;358;0;360;0;360;0;358;0;358;0;355;0;348;0;330;12;327;0;319;2
7/31/2025;10:29:30 AM;WG REA FORD CA029;358;1;358;0;361;0;363;0;363;0;361;0;361;0;357;0;351;0;333;12;330;0;320;2
7/31/2025;10:30:30 AM;WG REA FORD CA029;361;1;361;0;364;0;366;0;365;0;364;0;363;0;361;0;354;0;335;12;332;0;323;2
7/31/2025;10:31:30 AM;WG REA FORD CA029;364;1;364;0;367;0;368;0;369;0;367;0;366;0;364;0;356;0;338;12;335;0;326;2
7/31/2025;10:32:30 AM;WG REA FORD CA029;366;1;366;0;369;0;371;0;372;0;370;0;369;0;367;0;358;0;340;12;337;0;329;2
7/31/2025;10:33:30 AM;WG REA FORD CA029;367;1;368;0;371;0;374;0;374;0;373;0;372;0;370;0;361;0;343;12;340;0;332;2
7/31/2025;10:34:30 AM;WG REA FORD CA029;371;1;371;0;374;0;376;0;376;0;375;0;375;0;373;0;364;0;346;12;343;0;335;2
7/31/2025;10:35:30 AM;WG REA FORD CA029;374;1;374;0;377;0;379;0;380;0;378;0;378;0;376;0;367;0;349;12;346;0;338;2
7/31/2025;10:36:30 AM;WG REA FORD CA029;377;1;377;0;380;0;383;0;383;0;381;0;381;0;379;0;370;0;352;12;349;0;341;2
7/31/2025;10:37:30 AM;WG REA FORD CA029;380;1;380;0;383;0;386;0;386;0;384;0;384;0;382;0;373;0;355;12;352;0;344;2
7/31/2025;10:38:30 AM;WG REA FORD CA029;383;1;383;0;386;0;388;0;389;0;387;0;387;0;386;0;376;0;358;12;355;0;347;2
7/31/2025;10:39:30 AM;WG REA FORD CA029;386;1;386;0;389;0;391;0;391;0;390;0;389;0;389;0;379;0;361;12;358;0;350;2
7/31/2025;10:40:30 AM;WG REA FORD CA029;389;1;389;0;392;0;394;0;394;0;393;0;392;0;392;0;382;0;363;13;360;0;352;2
7/31/2025;10:41:30 AM;WG REA FORD CA029;392;1;392;0;395;0;397;0;397;0;395;0;395;0;395;0;385;0;366;13;363;0;355;2
7/31/2025;10:42:30 AM;WG REA FORD CA029;395;1;395;0;398;0;400;0;400;0;398;0;398;0;398;0;388;0;369;13;366;0;357;2
7/31/2025;10:43:30 AM;WG REA FORD CA029;397;1;398;0;401;0;403;0;403;0;401;0;401;0;402;0;391;0;372;13;369;0;360;2
7/31/2025;10:44:30 AM;WG REA FORD CA029;401;1;401;0;404;0;406;0;406;0;404;0;404;0;405;0;394;0;374;13;372;0;363;2
7/31/2025;10:45:30 AM;WG REA FORD CA029;403;1;404;0;407;0;409;0;409;0;407;0;407;0;409;0;396;0;377;13;375;0;366;2
7/31/2025;10:46:30 AM;WG REA FORD CA029;406;1;406;0;409;0;412;0;412;0;410;0;410;0;412;0;399;0;380;13;377;0;369;2
7/31/2025;10:47:30 AM;WG REA FORD CA029;408;1;408;0;411;0;414;0;414;0;413;0;412;0;415;0;402;0;383;13;380;0;372;2
7/31/2025;10:48:30 AM;WG REA FORD CA029;411;1;411;0;414;0;417;0;417;0;416;0;415;0;418;0;405;0;386;13;383;0;374;2
7/31/2025;10:49:30 AM;WG REA FORD CA029;414;1;414;0;417;0;420;0;420;0;419;0;418;0;421;0;408;0;389;13;386;0;377;2
7/31/2025;10:50:30 AM;WG REA FORD CA029;417;1;417;0;420;0;423;0;423;0;421;0;421;0;424;0;411;0;392;13;389;0;380;2
7/31/2025;10:51:30 AM;WG REA FORD CA029;420;1;421;0;424;0;425;0;426;0;424;0;424;0;428;0;414;0;394;13;392;0;383;2
7/31/2025;10:52:30 AM;WG REA FORD CA029;423;1;424;0;425;0;426;0;426;0;426;0;425;0;431;0;417;0;397;13;393;1;386;2
7/31/2025;10:53:30 AM;WG REA FORD CA029;425;1;425;0;425;0;426;0;426;0;426;0;425;0;434;0;420;0;400;13;397;1;388;2
7/31/2025;10:54:30 AM;WG REA FORD CA029;425;1;425;0;427;0;428;0;428;0;427;0;426;0;434;0;423;0;403;13;399;1;391;2
7/31/2025;10:55:30 AM;WG REA FORD CA029;425;1;425;0;427;0;430;0;430;0;429;0;428;0;436;0;426;0;406;13;402;1;394;2
7/31/2025;10:56:30 AM;WG REA FORD CA029;425;1;426;0;428;0;430;0;430;0;429;0;428;0;437;0;429;0;408;14;404;1;396;2
7/31/2025;10:57:30 AM;WG REA FORD CA029;428;1;428;0;431;0;433;0;433;0;431;0;431;0;438;0;432;0;411;14;407;1;399;2
7/31/2025;10:58:30 AM;WG REA FORD CA029;431;1;432;0;434;0;436;0;436;0;434;0;434;0;441;0;435;0;414;14;410;1;402;2
7/31/2025;10:59:30 AM;WG REA FORD CA029;435;1;435;0;437;0;439;0;439;0;437;0;437;0;444;0;438;0;417;14;413;1;405;2
7/31/2025;11:00:30 AM;WG REA FORD CA029;438;1;439;0;440;0;442;0;442;0;440;0;440;0;447;0;441;0;420;14;416;1;408;2
7/31/2025;11:01:30 AM;WG REA FORD CA029;442;1;442;0;443;0;445;0;445;0;443;0;443;0;450;0;444;0;423;14;419;1;411;2
7/31/2025;11:02:30 AM;WG REA FORD CA029;445;1;445;0;446;0;448;0;448;0;446;0;446;0;453;0;446;0;426;14;422;1;414;2
7/31/2025;11:03:30 AM;WG REA FORD CA029;448;1;448;0;449;0;451;0;451;0;449;0;449;0;456;0;449;0;429;14;425;1;416;2
7/31/2025;11:04:30 AM;WG REA FORD CA029;451;1;451;0;452;0;454;0;454;0;452;0;452;0;459;0;452;0;432;14;428;1;419;2
7/31/2025;11:05:30 AM;WG REA FORD CA029;454;1;454;0;455;0;457;0;457;0;455;0;455;0;461;0;455;0;435;14;431;1;422;2
7/31/2025;11:06:30 AM;WG REA FORD CA029;457;1;457;0;458;0;460;0;460;0;458;0;458;0;464;0;458;0;438;14;433;1;425;2
7/31/2025;11:07:30 AM;WG REA FORD CA029;460;1;460;0;461;0;462;0;463;0;461;0;461;0;464;0;461;0;441;14;436;1;428;2
7/31/2025;11:08:30 AM;WG REA FORD CA029;463;1;463;0;464;0;465;0;465;0;464;0;464;0;467;0;464;0;444;14;439;1;431;2
7/31/2025;11:09:30 AM;WG REA FORD CA029;466;1;466;0;467;0;468;0;468;0;467;0;467;0;471;0;467;0;447;14;442;1;434;2
7/31/2025;11:10:30 AM;WG REA FORD CA029;469;1;469;0;470;0;471;0;471;0;470;0;470;0;474;0;470;0;450;14;445;1;437;2
7/31/2025;11:11:30 AM;WG REA FORD CA029;472;1;472;0;473;0;474;0;474;0;473;0;473;0;477;0;473;0;453;14;448;1;440;2
7/31/2025;11:12:30 AM;WG REA FORD CA029;475;1;475;0;476;0;477;0;477;0;476;0;475;0;480;0;476;0;455;14;451;1;442;2
7/31/2025;11:13:30 AM;WG REA FORD CA029;478;1;478;0;479;0;480;0;480;0;479;0;478;0;483;0;479;0;458;14;454;1;445;2
7/31/2025;11:14:30 AM;WG REA FORD CA029;481;1;481;0;482;0;483;0;483;0;482;0;481;0;486;0;482;0;461;14;457;1;448;2
7/31/2025;11:15:30 AM;WG REA FORD CA029;483;1;484;0;485;0;486;0;486;0;485;0;484;0;489;0;485;0;464;14;460;1;451;2
7/31/2025;11:16:30 AM;WG REA FORD CA029;487;1;487;0;488;0;489;0;489;0;487;0;487;0;492;0;488;0;467;14;463;1;454;2
7/31/2025;11:17:30 AM;WG REA FORD CA029;489;1;490;0;490;0;491;0;492;0;490;0;490;0;496;0;491;0;470;14;465;1;457;2
7/31/2025;11:18:30 AM;WG REA FORD CA029;492;1;492;0;493;0;494;0;495;0;493;0;493;0;499;0;493;0;473;14;468;1;460;2
7/31/2025;11:19:30 AM;WG REA FORD CA029;493;1;493;0;494;0;496;0;496;0;494;0;494;0;502;0;496;0;476;14;471;1;463;2
7/31/2025;11:20:30 AM;WG REA FORD CA029;496;1;496;0;497;0;499;0;499;0;497;0;497;0;504;0;499;0;479;14;474;1;466;2
7/31/2025;11:21:30 AM;WG REA FORD CA029;499;1;500;0;500;0;502;0;502;0;500;0;500;0;507;0;502;0;482;14;477;1;469;2
7/31/2025;11:22:30 AM;WG REA FORD CA029;502;1;503;0;503;0;505;0;505;0;503;0;503;0;510;0;505;0;485;14;480;1;472;2
7/31/2025;11:23:30 AM;WG REA FORD CA029;505;1;506;0;506;0;508;0;508;0;506;0;506;0;513;0;508;0;488;14;483;1;475;2
7/31/2025;11:24:30 AM;WG REA FORD CA029;508;1;508;0;509;0;511;0;511;0;509;0;509;0;516;0;511;0;491;14;486;1;478;2
7/31/2025;11:25:30 AM;WG REA FORD CA029;509;1;509;0;510;0;512;0;512;0;510;0;510;0;519;0;514;0;494;14;489;1;481;2
7/31/2025;11:26:30 AM;WG REA FORD CA029;512;1;512;0;513;0;514;0;514;0;513;0;512;0;519;0;517;0;497;14;492;1;484;2
7/31/2025;11:27:30 AM;WG REA FORD CA029;515;1;515;0;516;0;517;0;517;0;516;0;515;0;522;0;520;0;499;14;495;1;487;2
7/31/2025;11:28:30 AM;WG REA FORD CA029;518;1;518;0;519;0;520;0;520;0;519;0;519;0;525;0;523;0;502;14;498;1;489;2
7/31/2025;11:29:30 AM;WG REA FORD CA029;520;1;520;0;521;0;522;0;522;0;521;0;521;0;528;0;526;0;505;14;501;1;492;2
7/31/2025;11:30:30 AM;WG REA FORD CA029;523;1;523;0;524;0;525;0;526;0;524;0;524;0;531;0;529;0;508;14;504;1;495;2
7/31/2025;11:31:30 AM;WG REA FORD CA029;526;1;526;0;527;0;528;0;529;0;527;0;527;0;534;0;531;0;511;14;506;1;498;2
7/31/2025;11:32:30 AM;WG REA FORD CA029;529;1;529;0;530;0;531;0;531;0;530;0;530;0;537;0;534;0;514;14;509;1;501;2
7/31/2025;11:33:30 AM;WG REA FORD CA029;531;1;531;0;531;0;532;0;531;0;531;0;531;0;540;0;537;0;517;14;512;1;504;2
7/31/2025;11:34:30 AM;WG REA FORD CA029;531;1;531;0;531;0;532;0;531;0;531;0;531;0;540;0;540;0;520;14;515;1;507;2
7/31/2025;11:35:30 AM;WG REA FORD CA029;531;1;531;0;531;0;532;0;531;0;531;0;531;0;540;0;540;0;523;14;518;1;510;2
7/31/2025;11:36:30 AM;WG REA FORD CA029;532;1;532;0;533;0;534;0;534;0;533;0;533;0;540;0;540;0;524;14;521;1;513;2
7/31/2025;11:37:30 AM;WG REA FORD CA029;535;1;535;0;536;0;538;0;538;0;536;0;536;0;543;0;542;0;524;14;521;1;513;2
7/31/2025;11:38:30 AM;WG REA FORD CA029;538;1;538;0;539;0;540;0;541;0;539;0;539;0;545;0;544;0;525;14;521;1;513;2
7/31/2025;11:39:30 AM;WG REA FORD CA029;541;1;541;0;542;0;544;0;544;0;542;0;542;0;548;0;546;0;527;14;523;1;515;2
7/31/2025;11:40:30 AM;WG REA FORD CA029;544;1;544;0;545;0;547;0;547;0;545;0;545;0;552;0;549;0;529;14;525;1;517;2
7/31/2025;11:41:30 AM;WG REA FORD CA029;547;1;547;0;548;0;549;0;550;0;548;0;548;0;555;0;552;0;532;14;528;1;520;2
7/31/2025;11:42:30 AM;WG REA FORD CA029;550;1;550;0;551;0;552;0;552;0;551;0;551;0;558;0;556;0;534;15;531;1;523;2
7/31/2025;11:43:30 AM;WG REA FORD CA029;553;1;553;0;554;0;555;0;555;0;554;0;554;0;561;0;559;0;537;15;533;1;524;2
7/31/2025;11:44:30 AM;WG REA FORD CA029;556;1;556;0;557;0;558;0;558;0;557;0;557;0;563;0;561;0;540;15;536;1;527;2
7/31/2025;11:45:30 AM;WG REA FORD CA029;559;1;559;0;560;0;561;0;561;0;560;0;560;0;566;0;564;0;543;15;539;1;530;2
7/31/2025;11:46:30 AM;WG REA FORD CA029;562;1;562;0;563;0;564;0;564;0;563;0;563;0;569;0;567;0;546;15;542;1;533;2
7/31/2025;11:47:30 AM;WG REA FORD CA029;565;1;565;0;566;0;567;0;567;0;566;0;566;0;572;0;570;0;549;15;545;1;536;2
7/31/2025;11:48:30 AM;WG REA FORD CA029;568;1;568;0;569;0;570;0;570;0;569;0;568;0;575;0;573;0;552;15;548;1;539;2
7/31/2025;11:49:30 AM;WG REA FORD CA029;571;1;571;0;572;0;573;0;573;0;572;0;571;0;578;0;576;0;555;15;550;1;542;2
7/31/2025;11:50:30 AM;WG REA FORD CA029;574;1;574;0;575;0;576;0;576;0;575;0;574;0;581;0;579;0;558;15;553;1;545;2
7/31/2025;11:51:30 AM;WG REA FORD CA029;577;1;577;0;578;0;579;0;579;0;578;0;577;0;584;0;582;0;561;15;556;1;548;2
7/31/2025;11:52:30 AM;WG REA FORD CA029;579;1;580;0;581;0;582;0;582;0;580;0;580;0;587;0;585;0;564;15;559;1;551;2
7/31/2025;11:53:30 AM;WG REA FORD CA029;583;1;583;0;584;0;585;0;585;0;583;0;583;0;590;0;588;0;567;15;562;1;554;2
7/31/2025;11:54:30 AM;WG REA FORD CA029;585;1;586;0;586;0;587;0;587;0;586;0;586;0;593;0;591;0;569;15;565;1;557;2
7/31/2025;11:55:30 AM;WG REA FORD CA029;588;1;588;0;589;0;591;0;591;0;589;0;589;0;596;0;594;0;572;15;568;1;560;2
7/31/2025;11:56:30 AM;WG REA FORD CA029;591;1;591;0;592;0;594;0;594;0;592;0;592;0;599;0;597;0;575;15;571;1;563;2
7/31/2025;11:57:30 AM;WG REA FORD CA029;594;1;594;0;595;0;597;0;597;0;595;0;595;0;602;0;600;0;578;15;574;1;566;2
7/31/2025;11:58:30 AM;WG REA FORD CA029;597;1;597;0;598;0;600;0;600;0;598;0;598;0;605;0;603;0;581;15;577;1;569;2
7/31/2025;11:59:30 AM;WG REA FORD CA029;600;1;600;0;601;0;603;0;603;0;601;0;601;0;608;0;605;0;584;15;580;1;572;2
7/31/2025;12:00:30 PM;WG REA FORD CA029;603;1;603;0;604;0;606;0;606;0;604;0;604;0;611;0;608;0;587;15;583;1;574;2
7/31/2025;12:01:30 PM;WG REA FORD CA029;604;1;604;0;605;0;607;0;607;0;605;0;605;0;612;0;609;0;587;16;584;1;576;2
7/31/2025;12:02:30 PM;WG REA FORD CA029;604;1;604;0;605;0;607;0;607;0;605;0;605;0;612;0;609;0;587;16;584;1;576;2
7/31/2025;12:03:30 PM;WG REA FORD CA029;604;1;604;0;605;0;607;0;607;0;605;0;605;0;612;0;609;0;587;16;584;1;576;2
7/31/2025;12:04:30 PM;WG REA FORD CA029;604;1;604;0;605;0;607;0;607;0;605;0;605;0;613;0;609;0;588;16;584;1;576;2
7/31/2025;12:05:30 PM;WG REA FORD CA029;604;1;604;0;605;0;607;0;607;0;605;0;605;0;614;0;613;0;589;16;584;1;576;2
7/31/2025;12:06:30 PM;WG REA FORD CA029;604;1;604;0;605;0;607;0;607;0;605;0;605;0;614;0;613;0;589;16;584;1;576;2
7/31/2025;12:07:30 PM;WG REA FORD CA029;604;1;604;0;605;0;607;0;607;0;605;0;605;0;614;0;613;0;590;16;584;1;576;2
7/31/2025;12:08:30 PM;WG REA FORD CA029;604;1;604;0;605;0;607;0;607;0;605;0;605;0;614;0;614;0;593;16;586;1;577;2
7/31/2025;12:09:30 PM;WG REA FORD CA029;604;1;604;0;605;0;607;0;607;0;605;0;605;0;614;0;614;0;595;16;589;1;579;2
7/31/2025;12:10:30 PM;WG REA FORD CA029;604;1;604;0;605;0;607;0;607;0;605;0;605;0;614;0;614;0;596;16;591;1;582;2
7/31/2025;12:11:30 PM;WG REA FORD CA029;604;1;604;0;605;0;607;0;607;0;605;0;605;0;614;0;614;0;596;16;591;1;582;2
7/31/2025;12:12:30 PM;WG REA FORD CA029;606;1;606;0;607;0;608;0;608;0;607;0;607;0;614;0;614;0;596;16;591;1;582;2
7/31/2025;12:13:30 PM;WG REA FORD CA029;609;1;609;0;610;0;611;0;611;0;610;0;609;0;616;0;615;0;596;16;591;1;582;2
7/31/2025;12:14:30 PM;WG REA FORD CA029;611;1;612;0;613;0;614;0;614;0;613;0;613;0;619;0;619;0;597;16;591;1;582;2
7/31/2025;12:15:30 PM;WG REA FORD CA029;613;2;614;0;616;0;617;0;617;0;616;0;616;0;622;0;621;0;600;16;594;1;584;2
7/31/2025;12:16:30 PM;WG REA FORD CA029;617;2;617;0;619;0;620;0;620;0;619;0;619;0;625;0;624;0;602;16;597;1;587;2
7/31/2025;12:17:30 PM;WG REA FORD CA029;621;2;621;0;622;0;623;0;623;0;622;0;622;0;627;0;627;0;605;16;599;1;590;2
7/31/2025;12:18:30 PM;WG REA FORD CA029;623;2;623;0;623;0;624;0;624;0;623;0;622;0;628;0;628;0;608;16;602;1;592;2
7/31/2025;12:19:30 PM;WG REA FORD CA029;623;2;623;0;623;0;624;0;624;0;623;0;623;0;631;0;630;0;609;16;604;1;595;2
7/31/2025;12:20:30 PM;WG REA FORD CA029;623;2;623;0;624;0;624;0;625;0;624;0;623;0;632;0;632;0;611;16;605;1;596;2
7/31/2025;12:21:30 PM;WG REA FORD CA029;626;2;626;0;628;0;627;0;627;0;626;0;626;0;632;0;632;0;614;16;608;1;599;2
7/31/2025;12:22:30 PM;WG REA FORD CA029;629;2;629;0;631;0;630;0;630;0;629;0;629;0;636;0;635;0;614;16;609;1;600;2
7/31/2025;12:23:30 PM;WG REA FORD CA029;632;2;632;0;634;0;634;0;633;0;632;0;632;0;639;0;638;0;616;16;610;1;601;2
7/31/2025;12:24:30 PM;WG REA FORD CA029;635;2;635;0;636;0;636;0;635;0;635;0;635;0;642;0;641;0;619;16;613;1;604;2
7/31/2025;12:25:30 PM;WG REA FORD CA029;636;2;636;0;636;0;637;0;637;0;636;0;635;0;644;0;643;0;622;16;616;1;607;2
7/31/2025;12:26:30 PM;WG REA FORD CA029;637;2;638;0;639;0;640;0;640;0;639;0;638;0;645;0;645;0;624;16;618;1;609;2
7/31/2025;12:27:30 PM;WG REA FORD CA029;640;2;641;0;642;0;643;0;643;0;642;0;641;0;648;0;647;0;626;16;621;1;611;2
7/31/2025;12:28:30 PM;WG REA FORD CA029;643;2;644;0;645;0;646;0;646;0;644;0;644;0;651;0;651;0;629;16;623;1;613;2
7/31/2025;12:29:30 PM;WG REA FORD CA029;647;2;647;0;648;0;649;0;649;0;647;0;647;0;654;0;654;0;632;16;626;1;616;2
7/31/2025;12:30:30 PM;WG REA FORD CA029;649;2;650;0;651;0;652;0;652;0;650;0;650;0;657;0;657;0;634;16;629;1;619;2
7/31/2025;12:31:30 PM;WG REA FORD CA029;652;2;652;0;653;0;654;0;655;0;653;0;653;0;660;0;658;0;637;16;631;1;622;2
7/31/2025;12:32:30 PM;WG REA FORD CA029;655;2;655;0;656;0;658;0;658;0;656;0;656;0;663;0;661;0;639;16;633;1;624;2
7/31/2025;12:33:30 PM;WG REA FORD CA029;658;2;658;0;659;0;661;0;661;0;659;0;659;0;666;0;664;0;642;16;636;1;627;2
7/31/2025;12:34:30 PM;WG REA FORD CA029;661;2;661;0;662;0;664;0;664;0;662;0;662;0;669;0;667;0;645;16;639;1;630;2
7/31/2025;12:35:30 PM;WG REA FORD CA029;664;2;664;0;665;0;667;0;667;0;665;0;665;0;672;0;670;0;648;16;642;1;633;2
7/31/2025;12:36:30 PM;WG REA FORD CA029;667;2;667;0;668;0;670;0;670;0;668;0;668;0;675;0;673;0;651;16;645;1;636;2
7/31/2025;12:37:30 PM;WG REA FORD CA029;670;2;670;0;671;0;673;0;673;0;671;0;671;0;678;0;676;0;654;16;648;1;639;2
7/31/2025;12:38:30 PM;WG REA FORD CA029;673;2;673;0;674;0;676;0;676;0;674;0;674;0;681;0;679;0;657;16;651;1;641;2
7/31/2025;12:39:30 PM;WG REA FORD CA029;676;2;676;0;677;0;679;0;679;0;677;0;677;0;684;0;682;0;660;16;654;1;644;2
7/31/2025;12:40:30 PM;WG REA FORD CA029;679;2;679;0;680;0;682;0;682;0;680;0;680;0;687;0;685;0;663;16;657;1;647;2
7/31/2025;12:41:30 PM;WG REA FORD CA029;682;2;682;0;683;0;684;0;685;0;683;0;683;0;690;0;686;0;664;16;659;1;650;2
7/31/2025;12:42:30 PM;WG REA FORD CA029;685;2;685;0;686;0;687;0;687;0;686;0;686;0;693;0;689;0;667;16;661;1;652;2
7/31/2025;12:43:30 PM;WG REA FORD CA029;688;2;688;0;689;0;690;0;690;0;689;0;689;0;696;0;693;0;670;16;664;1;655;2
7/31/2025;12:44:30 PM;WG REA FORD CA029;691;2;691;0;692;0;693;0;693;0;692;0;692;0;698;0;695;0;673;16;667;1;656;2
7/31/2025;12:45:30 PM;WG REA FORD CA029;694;2;694;0;695;0;696;0;696;0;695;0;694;0;701;0;698;0;676;16;669;1;659;2
7/31/2025;12:46:30 PM;WG REA FORD CA029;697;2;697;0;698;0;699;0;699;0;698;0;697;0;704;0;701;0;679;16;672;1;662;2
7/31/2025;12:47:30 PM;WG REA FORD CA029;700;2;700;0;701;0;702;0;702;0;701;0;700;0;707;0;704;0;681;16;675;1;665;2
7/31/2025;12:48:30 PM;WG REA FORD CA029;703;2;703;0;704;0;705;0;705;0;703;0;703;0;710;0;707;0;684;16;677;1;668;2
7/31/2025;12:49:30 PM;WG REA FORD CA029;705;2;706;0;707;0;708;0;708;0;706;0;706;0;712;0;710;0;687;16;680;1;671;2
7/31/2025;12:50:30 PM;WG REA FORD CA029;708;2;709;0;710;0;711;0;711;0;709;0;709;0;715;0;712;0;690;16;683;1;674;2
7/31/2025;12:51:30 PM;WG REA FORD CA029;711;2;712;0;712;0;714;0;714;0;712;0;712;0;719;0;715;0;693;16;686;1;677;2
7/31/2025;12:52:30 PM;WG REA FORD CA029;714;2;715;0;715;0;717;0;717;0;715;0;715;0;722;0;718;0;696;16;689;1;680;2
7/31/2025;12:53:30 PM;WG REA FORD CA029;717;2;717;0;718;0;720;0;720;0;718;0;718;0;725;0;721;0;698;16;691;1;681;2
7/31/2025;12:54:30 PM;WG REA FORD CA029;720;2;720;0;721;0;723;0;723;0;721;0;721;0;728;0;723;0;701;16;694;1;683;3
7/31/2025;12:55:30 PM;WG REA FORD CA029;723;2;723;0;724;0;726;0;726;0;724;0;724;0;731;0;726;0;703;16;697;1;685;3
7/31/2025;12:56:30 PM;WG REA FORD CA029;726;2;726;0;727;0;729;0;729;0;727;0;727;0;734;0;728;0;705;16;699;1;688;3
7/31/2025;12:57:30 PM;WG REA FORD CA029;729;2;729;0;730;0;732;0;732;0;730;0;730;0;737;0;731;0;708;16;701;1;691;3
7/31/2025;12:58:30 PM;WG REA FORD CA029;732;2;732;0;733;0;734;0;735;0;733;0;733;0;740;0;733;0;710;16;703;1;692;3
7/31/2025;12:59:30 PM;WG REA FORD CA029;735;2;735;0;736;0;738;0;738;0;736;0;736;0;743;0;735;0;713;16;706;1;696;3
7/31/2025;1:00:30 PM;WG REA FORD CA029;738;2;738;0;739;0;741;0;741;0;739;0;739;0;746;0;738;0;716;16;708;2;698;3
7/31/2025;1:01:30 PM;WG REA FORD CA029;741;2;741;0;742;0;743;0;744;0;742;0;742;0;749;0;741;0;719;16;711;2;701;3
7/31/2025;1:02:30 PM;WG REA FORD CA029;744;2;743;0;745;0;746;0;747;0;745;0;745;0;752;0;744;0;722;16;714;2;704;3
7/31/2025;1:03:30 PM;WG REA FORD CA029;744;2;743;0;747;0;749;0;749;0;748;0;748;0;755;0;747;0;725;16;717;2;707;3
7/31/2025;1:04:30 PM;WG REA FORD CA029;744;2;743;0;747;0;749;0;749;0;748;0;748;0;756;0;750;0;728;16;720;2;710;3
7/31/2025;1:05:30 PM;WG REA FORD CA029;744;2;743;0;747;0;749;0;749;0;748;0;748;0;756;0;753;0;730;16;723;2;713;3
7/31/2025;1:06:30 PM;WG REA FORD CA029;744;2;743;0;747;0;749;0;749;0;748;0;748;0;756;0;756;0;733;16;726;2;716;3
7/31/2025;1:07:30 PM;WG REA FORD CA029;745;2;744;0;748;0;751;0;752;0;750;0;750;0;756;0;756;0;736;16;729;2;718;3
7/31/2025;1:08:30 PM;WG REA FORD CA029;745;2;744;0;748;0;752;0;752;0;751;0;750;0;759;0;759;0;738;16;732;2;721;3
7/31/2025;1:09:30 PM;WG REA FORD CA029;745;2;744;0;748;0;752;0;753;0;752;0;751;0;760;0;759;0;740;16;733;2;723;3
7/31/2025;1:10:30 PM;WG REA FORD CA029;746;2;745;1;748;0;752;0;753;0;753;0;752;0;760;0;760;0;741;16;735;2;725;3
7/31/2025;1:11:30 PM;WG REA FORD CA029;749;2;748;2;751;0;754;0;755;0;753;0;753;0;761;0;761;0;742;16;736;2;726;3
7/31/2025;1:12:30 PM;WG REA FORD CA029;752;2;751;2;754;0;756;0;756;0;755;0;755;0;762;0;762;0;743;16;737;2;727;3
7/31/2025;1:13:30 PM;WG REA FORD CA029;756;2;755;2;757;0;759;0;759;0;758;0;758;0;765;0;764;0;744;16;737;2;727;3
7/31/2025;1:14:30 PM;WG REA FORD CA029;759;2;758;2;761;0;762;0;763;0;761;0;761;0;768;0;766;0;745;16;738;2;728;3
7/31/2025;1:15:30 PM;WG REA FORD CA029;763;2;761;2;764;0;765;0;765;0;764;0;764;0;771;0;769;0;747;16;740;2;730;3
7/31/2025;1:16:30 PM;WG REA FORD CA029;766;2;765;2;767;0;768;0;769;0;767;0;767;0;774;0;772;0;749;17;743;2;733;3
7/31/2025;1:17:30 PM;WG REA FORD CA029;770;2;768;2;770;0;771;0;772;0;770;0;770;0;777;0;775;0;752;17;745;2;735;3
7/31/2025;1:18:30 PM;WG REA FORD CA029;773;2;771;2;773;0;774;0;775;0;773;0;773;0;780;0;778;0;755;17;748;2;738;3
7/31/2025;1:19:30 PM;WG REA FORD CA029;776;2;775;2;776;0;777;0;777;0;776;0;776;0;782;0;781;0;758;17;751;2;741;3
7/31/2025;1:20:30 PM;WG REA FORD CA029;779;2;777;2;778;0;779;0;779;0;778;0;778;0;786;0;784;0;761;17;754;2;744;3
7/31/2025;1:21:30 PM;WG REA FORD CA029;780;2;778;2;779;0;780;0;780;0;779;0;779;0;787;0;786;0;764;17;757;2;745;3
7/31/2025;1:22:30 PM;WG REA FORD CA029;783;2;781;2;782;0;783;0;783;0;782;0;781;0;789;0;788;0;766;17;759;2;748;3
7/31/2025;1:23:30 PM;WG REA FORD CA029;786;2;784;2;785;0;786;0;786;0;785;0;784;0;791;0;791;0;768;17;762;2;751;3
7/31/2025;1:24:30 PM;WG REA FORD CA029;788;2;787;2;787;0;789;0;789;0;788;0;787;0;791;0;791;0;771;17;764;2;754;3
7/31/2025;1:25:30 PM;WG REA FORD CA029;792;2;790;2;791;0;792;0;792;0;791;0;790;0;794;0;793;0;772;17;766;2;756;3
7/31/2025;1:26:30 PM;WG REA FORD CA029;794;2;793;2;794;0;795;0;795;0;794;0;793;0;797;0;795;0;773;17;767;2;756;3
7/31/2025;1:27:30 PM;WG REA FORD CA029;798;2;796;2;797;0;798;0;798;0;797;0;796;0;800;0;798;0;775;17;769;2;758;3
7/31/2025;1:28:30 PM;WG REA FORD CA029;800;2;799;2;800;0;801;0;801;0;800;0;799;0;803;0;799;0;778;17;771;2;761;3
7/31/2025;1:29:30 PM;WG REA FORD CA029;804;2;802;2;803;0;804;0;804;0;803;0;802;0;806;0;803;0;779;17;773;2;762;3
7/31/2025;1:30:30 PM;WG REA FORD CA029;807;2;805;2;806;0;807;0;807;0;806;0;805;0;809;0;806;0;782;17;776;2;765;3
7/31/2025;1:31:30 PM;WG REA FORD CA029;810;2;808;2;809;0;810;0;810;0;809;0;808;0;812;0;809;0;785;17;779;2;768;3
7/31/2025;1:32:30 PM;WG REA FORD CA029;813;2;811;2;812;0;813;0;813;0;811;0;811;0;815;0;812;0;788;17;781;2;771;3
7/31/2025;1:33:30 PM;WG REA FORD CA029;815;2;814;2;815;0;816;0;816;0;814;0;814;0;818;0;815;0;791;17;784;2;774;3
7/31/2025;1:34:30 PM;WG REA FORD CA029;818;2;817;2;817;0;819;0;819;0;817;0;817;0;822;0;818;0;794;17;787;2;777;3
7/31/2025;1:35:30 PM;WG REA FORD CA029;821;2;820;2;820;0;822;0;822;0;820;0;820;0;825;0;821;0;797;17;790;2;780;3
7/31/2025;1:36:30 PM;WG REA FORD CA029;824;2;823;2;823;0;825;0;825;0;823;0;823;0;828;0;824;0;800;17;793;2;783;3
7/31/2025;1:37:30 PM;WG REA FORD CA029;827;2;825;2;826;0;828;0;828;0;826;0;826;0;831;0;827;0;803;17;796;2;786;3
7/31/2025;1:38:30 PM;WG REA FORD CA029;830;2;828;2;829;0;831;0;831;0;829;0;829;0;834;0;830;0;806;17;799;2;788;3
7/31/2025;1:39:30 PM;WG REA FORD CA029;833;2;831;2;832;0;834;0;834;0;832;0;832;0;837;0;832;0;809;17;802;2;791;3
7/31/2025;1:40:30 PM;WG REA FORD CA029;836;2;834;2;835;0;837;0;837;0;835;0;835;0;840;0;835;0;812;17;805;2;794;3
7/31/2025;1:41:30 PM;WG REA FORD CA029;839;2;837;2;838;0;840;0;840;0;838;0;838;0;843;0;838;0;815;17;808;2;797;3
7/31/2025;1:42:30 PM;WG REA FORD CA029;842;2;840;2;841;0;843;0;843;0;841;0;841;0;846;0;841;0;818;17;811;2;800;3
7/31/2025;1:43:30 PM;WG REA FORD CA029;845;2;843;2;844;0;846;0;846;0;844;0;844;0;850;0;844;0;821;17;813;2;803;3
7/31/2025;1:44:30 PM;WG REA FORD CA029;848;2;846;2;847;0;848;0;849;0;847;0;847;0;852;0;847;0;824;17;816;2;806;3
7/31/2025;1:45:30 PM;WG REA FORD CA029;851;2;849;2;850;0;851;0;851;0;850;0;850;0;856;0;850;0;827;17;819;2;809;3
7/31/2025;1:46:30 PM;WG REA FORD CA029;854;2;852;2;853;0;854;0;854;0;853;0;852;0;859;0;853;0;830;17;822;2;812;3
7/31/2025;1:47:30 PM;WG REA FORD CA029;857;2;855;2;856;0;857;0;857;0;856;0;856;0;862;0;856;0;833;17;825;2;815;3
7/31/2025;1:48:30 PM;WG REA FORD CA029;860;2;858;2;859;0;860;0;860;0;859;0;859;0;865;0;858;0;836;17;828;2;817;3
7/31/2025;1:49:30 PM;WG REA FORD CA029;863;2;861;2;862;0;863;0;863;0;862;0;862;0;868;0;861;0;838;17;830;2;819;3
7/31/2025;1:50:30 PM;WG REA FORD CA029;865;2;864;2;865;0;866;0;866;0;865;0;864;0;871;0;864;0;841;17;833;2;822;3
7/31/2025;1:51:30 PM;WG REA FORD CA029;869;2;867;2;868;0;869;0;869;0;868;0;867;0;874;0;867;0;842;17;835;2;823;3
7/31/2025;1:52:30 PM;WG REA FORD CA029;872;2;870;2;871;0;872;0;872;0;871;0;870;0;877;0;867;0;842;17;835;2;823;3
7/31/2025;1:53:30 PM;WG REA FORD CA029;875;2;873;2;874;0;875;0;875;0;874;0;873;0;879;0;867;0;842;17;835;2;823;3
7/31/2025;1:54:30 PM;WG REA FORD CA029;878;2;876;2;877;0;878;0;878;0;876;0;876;0;879;0;867;0;842;17;835;2;823;3
7/31/2025;1:55:30 PM;WG REA FORD CA029;880;2;878;2;880;0;881;0;881;0;879;0;879;0;879;0;867;0;842;17;835;2;823;3
7/31/2025;1:56:30 PM;WG REA FORD CA029;880;2;878;2;881;0;884;0;884;0;882;0;880;0;879;0;867;0;842;17;835;2;823;3
7/31/2025;1:57:30 PM;WG REA FORD CA029;880;2;878;2;881;0;885;0;885;0;884;0;880;0;879;0;867;0;842;17;835;2;823;3
7/31/2025;1:58:30 PM;WG REA FORD CA029;880;2;878;2;881;0;885;0;886;0;885;0;882;0;880;0;867;0;842;17;835;2;823;3
7/31/2025;1:59:30 PM;WG REA FORD CA029;880;2;878;2;881;0;885;0;886;0;885;0;884;0;883;0;868;0;843;17;836;2;824;3
7/31/2025;2:00:30 PM;WG REA FORD CA029;880;2;878;2;881;0;885;0;886;0;886;0;885;0;886;0;868;0;843;17;836;2;824;3
7/31/2025;2:01:30 PM;WG REA FORD CA029;881;2;879;2;882;0;886;0;887;0;886;0;886;0;889;0;868;0;844;17;836;2;825;4
7/31/2025;2:02:30 PM;WG REA FORD CA029;881;2;879;2;882;0;886;0;887;0;887;0;886;0;889;0;870;0;847;17;839;2;828;4
7/31/2025;2:03:30 PM;WG REA FORD CA029;882;2;880;2;883;0;886;0;887;0;887;0;887;0;892;0;873;0;850;17;842;2;831;4
7/31/2025;2:04:30 PM;WG REA FORD CA029;885;2;883;3;885;0;889;0;889;0;888;0;887;0;895;0;876;0;853;17;845;2;834;4
7/31/2025;2:05:30 PM;WG REA FORD CA029;889;2;886;3;889;0;891;0;891;0;890;0;889;0;896;0;879;0;855;18;848;2;837;4
7/31/2025;2:06:30 PM;WG REA FORD CA029;892;2;889;3;892;0;894;0;894;0;893;0;892;0;899;0;882;0;858;18;851;2;840;4
7/31/2025;2:07:30 PM;WG REA FORD CA029;895;2;892;3;895;0;897;0;897;0;896;0;895;0;902;0;885;0;861;18;854;2;843;4
7/31/2025;2:08:30 PM;WG REA FORD CA029;898;2;895;3;898;0;900;0;900;0;899;0;898;0;905;0;888;0;864;18;857;2;845;4
7/31/2025;2:09:30 PM;WG REA FORD CA029;901;2;898;3;901;0;903;0;903;0;902;0;901;0;908;0;891;0;867;18;860;2;848;4
7/31/2025;2:10:30 PM;WG REA FORD CA029;904;2;901;3;904;0;906;0;906;0;905;0;904;0;911;0;894;0;870;18;863;2;851;4
7/31/2025;2:11:30 PM;WG REA FORD CA029;907;2;904;3;907;0;909;0;909;0;907;0;907;0;914;0;897;0;873;18;865;2;854;4
7/31/2025;2:12:30 PM;WG REA FORD CA029;910;2;907;3;910;0;912;0;912;0;910;0;910;0;917;0;900;0;876;18;868;2;857;4
7/31/2025;2:13:30 PM;WG REA FORD CA029;913;2;910;3;913;0;915;0;915;0;913;0;913;0;920;0;903;0;878;18;871;2;859;4
7/31/2025;2:14:30 PM;WG REA FORD CA029;916;2;913;3;916;0;917;0;917;0;916;0;915;0;923;0;905;0;881;18;873;2;861;5
7/31/2025;2:15:30 PM;WG REA FORD CA029;918;2;915;3;918;0;920;0;920;0;919;0;918;0;925;0;908;0;884;18;876;2;864;5
7/31/2025;2:16:30 PM;WG REA FORD CA029;921;2;918;3;921;0;923;0;923;0;922;0;921;0;928;0;911;0;887;18;879;2;867;5
7/31/2025;2:17:30 PM;WG REA FORD CA029;924;2;921;3;924;0;926;0;926;0;925;0;924;0;931;0;914;0;890;18;882;2;870;5
7/31/2025;2:18:30 PM;WG REA FORD CA029;927;2;924;3;927;0;929;0;929;0;928;0;927;0;934;0;916;0;893;18;885;2;873;5
7/31/2025;2:19:30 PM;WG REA FORD CA029;930;2;927;3;930;0;932;0;932;0;931;0;930;0;937;0;919;0;895;18;888;2;876;5
7/31/2025;2:20:30 PM;WG REA FORD CA029;931;2;928;3;931;0;934;0;934;0;933;0;932;0;940;0;922;0;898;18;891;2;879;5
7/31/2025;2:21:30 PM;WG REA FORD CA029;934;2;932;3;935;0;937;0;937;0;936;0;935;0;942;0;925;0;901;18;894;2;881;5
7/31/2025;2:22:30 PM;WG REA FORD CA029;937;2;935;3;937;0;940;0;940;0;939;0;938;0;945;0;928;0;904;18;897;2;884;5
7/31/2025;2:23:31 PM;WG REA FORD CA029;941;2;938;3;941;0;943;0;943;0;942;0;942;0;948;0;931;0;907;18;900;2;887;5
7/31/2025;2:24:31 PM;WG REA FORD CA029;944;2;941;3;944;0;946;0;946;0;945;0;944;0;951;0;934;0;909;18;903;2;890;5
7/31/2025;2:25:31 PM;WG REA FORD CA029;947;2;944;3;947;0;949;0;949;0;948;0;947;0;954;0;937;0;912;18;905;2;893;5
7/31/2025;2:26:31 PM;WG REA FORD CA029;949;2;947;3;950;0;951;0;952;0;950;0;950;0;956;0;940;0;915;18;908;2;896;5
7/31/2025;2:27:31 PM;WG REA FORD CA029;952;2;950;3;952;0;955;0;955;0;953;0;953;0;959;0;943;0;918;18;911;2;899;5
7/31/2025;2:28:31 PM;WG REA FORD CA029;955;2;952;3;955;0;958;0;958;0;956;0;956;0;962;0;946;0;921;18;914;2;902;5
7/31/2025;2:29:31 PM;WG REA FORD CA029;958;2;955;3;958;0;961;0;961;0;959;0;959;0;966;0;949;0;924;18;917;2;905;5
7/31/2025;2:30:31 PM;WG REA FORD CA029;961;2;959;3;961;0;964;0;964;0;962;0;962;0;969;0;952;0;926;19;919;2;906;5
7/31/2025;2:31:31 PM;WG REA FORD CA029;964;2;962;3;964;0;967;0;967;0;965;0;965;0;972;0;954;0;929;19;922;2;909;5
7/31/2025;2:32:31 PM;WG REA FORD CA029;967;2;964;3;967;0;970;0;970;0;968;0;968;0;975;0;957;0;932;19;925;2;912;5
7/31/2025;2:33:31 PM;WG REA FORD CA029;970;2;967;3;970;0;972;0;972;0;971;0;971;0;978;0;960;0;935;19;928;2;915;5
7/31/2025;2:34:31 PM;WG REA FORD CA029;973;2;970;3;973;0;976;0;976;0;974;0;974;0;981;0;963;0;938;19;931;2;918;5
7/31/2025;2:35:31 PM;WG REA FORD CA029;976;2;973;3;976;0;979;0;978;0;977;0;977;0;984;0;966;0;941;19;933;2;921;5
7/31/2025;2:36:31 PM;WG REA FORD CA029;979;2;976;3;979;0;981;0;982;0;980;0;980;0;987;0;969;0;944;19;936;2;924;5
7/31/2025;2:37:31 PM;WG REA FORD CA029;982;2;979;3;982;0;984;0;984;0;983;0;983;0;989;0;969;0;945;19;939;2;927;5
7/31/2025;2:38:31 PM;WG REA FORD CA029;983;2;980;3;983;0;986;0;987;0;986;0;985;0;990;0;971;0;946;19;939;2;927;5
7/31/2025;2:39:31 PM;WG REA FORD CA029;984;2;981;3;984;0;986;0;987;0;986;0;985;0;993;0;973;0;948;19;942;2;930;5
7/31/2025;2:40:31 PM;WG REA FORD CA029;986;2;983;3;986;0;987;0;987;0;987;0;986;0;995;0;976;0;951;19;943;3;932;5
7/31/2025;2:41:31 PM;WG REA FORD CA029;988;2;985;3;986;0;987;0;987;0;987;0;987;0;995;0;979;0;954;19;946;3;934;5
7/31/2025;2:42:31 PM;WG REA FORD CA029;989;2;987;3;988;0;988;0;989;0;987;0;987;0;996;0;982;0;957;19;949;3;937;5
7/31/2025;2:43:31 PM;WG REA FORD CA029;991;2;989;3;990;0;991;0;991;0;990;0;989;0;996;0;984;0;959;19;951;3;939;5
7/31/2025;2:44:31 PM;WG REA FORD CA029;995;2;992;3;993;0;994;0;994;0;993;0;992;0;999;0;987;0;962;19;954;3;941;5
7/31/2025;2:45:31 PM;WG REA FORD CA029;998;2;995;3;996;0;997;0;997;0;996;0;995;0;1002;0;990;0;964;19;955;3;943;5
7/31/2025;2:46:31 PM;WG REA FORD CA029;1001;2;998;3;999;0;1000;0;1000;0;998;0;998;0;1005;0;993;0;967;19;959;3;945;6
7/31/2025;2:47:31 PM;WG REA FORD CA029;1003;2;1001;3;1001;0;1003;0;1003;0;1001;0;1001;0;1008;0;996;0;970;19;961;3;948;6
7/31/2025;2:48:31 PM;WG REA FORD CA029;1006;2;1004;3;1004;0;1006;0;1006;0;1004;0;1004;0;1011;0;999;0;973;19;964;3;951;6
7/31/2025;2:49:31 PM;WG REA FORD CA029;1009;2;1007;3;1007;0;1009;0;1009;0;1007;0;1007;0;1014;0;1001;0;976;19;967;3;954;6
7/31/2025;2:50:31 PM;WG REA FORD CA029;1012;2;1010;3;1010;0;1012;0;1012;0;1010;0;1010;0;1017;0;1004;0;979;19;970;3;957;6
7/31/2025;2:51:31 PM;WG REA FORD CA029;1015;2;1012;3;1013;0;1015;0;1015;0;1013;0;1013;0;1020;0;1007;0;982;19;973;3;960;6
7/31/2025;2:52:31 PM;WG REA FORD CA029;1018;2;1015;3;1016;0;1017;0;1017;0;1016;0;1016;0;1023;0;1010;0;985;19;976;3;963;6
7/31/2025;2:53:31 PM;WG REA FORD CA029;1021;2;1018;3;1019;0;1020;0;1020;0;1019;0;1019;0;1026;0;1012;0;988;19;979;3;966;6
7/31/2025;2:54:31 PM;WG REA FORD CA029;1024;2;1021;3;1022;0;1023;0;1022;0;1022;0;1022;0;1029;0;1014;0;989;19;981;3;968;6
7/31/2025;2:55:31 PM;WG REA FORD CA029;1025;2;1022;3;1022;0;1023;0;1022;0;1022;0;1022;0;1031;0;1017;0;992;19;984;3;970;6
7/31/2025;2:56:31 PM;WG REA FORD CA029;1025;2;1022;3;1022;0;1023;0;1023;0;1022;0;1022;0;1031;0;1020;0;995;19;987;3;973;6
7/31/2025;2:57:31 PM;WG REA FORD CA029;1027;2;1024;3;1025;0;1026;0;1027;0;1025;0;1025;0;1032;0;1023;0;997;19;990;3;976;6
7/31/2025;2:58:31 PM;WG REA FORD CA029;1030;2;1027;3;1028;0;1029;0;1030;0;1028;0;1028;0;1035;0;1026;0;1000;19;991;3;978;6
7/31/2025;2:59:31 PM;WG REA FORD CA029;1033;2;1030;3;1031;0;1033;0;1033;0;1031;0;1031;0;1038;0;1028;0;1003;19;994;3;980;7
7/31/2025;3:00:31 PM;WG REA FORD CA029;1036;2;1033;3;1034;0;1036;0;1036;0;1034;0;1034;0;1041;0;1031;0;1006;19;997;3;983;7
7/31/2025;3:01:31 PM;WG REA FORD CA029;1;0;1;0;0;0;0;0;0;0;0;0;0;0;0;0;0;0;0;0;0;0;0;0
7/31/2025;3:02:31 PM;WG REA FORD CA029;1;0;1;0;0;0;0;0;0;0;1;0;1;0;0;0;0;0;0;0;0;0;0;0
7/31/2025;3:03:31 PM;WG REA FORD CA029;1;0;1;0;0;0;0;0;0;0;1;0;2;0;0;0;0;0;0;0;0;0;0;0
7/31/2025;3:04:31 PM;WG REA FORD CA029;1;0;1;0;0;0;0;0;0;0;1;0;2;0;0;0;0;0;0;0;0;0;0;0
7/31/2025;3:05:31 PM;WG REA FORD CA029;1;0;1;0;0;0;0;0;0;0;1;0;2;0;0;0;0;0;0;0;0;0;0;0
7/31/2025;3:06:31 PM;WG REA FORD CA029;1;0;1;0;0;0;0;0;0;0;1;0;2;0;0;0;0;0;0;0;0;0;0;0
7/31/2025;3:07:31 PM;WG REA FORD CA029;1;0;1;0;0;0;0;0;0;0;1;0;2;0;0;0;0;0;0;0;0;0;0;0
7/31/2025;3:08:31 PM;WG REA FORD CA029;1;0;1;0;0;0;0;0;0;0;1;0;2;0;0;0;0;0;0;0;0;0;0;0
7/31/2025;3:09:31 PM;WG REA FORD CA029;1;0;1;0;0;0;0;0;0;0;1;0;2;0;0;0;0;0;0;0;0;0;0;0
7/31/2025;3:10:31 PM;WG REA FORD CA029;1;0;1;0;0;0;0;0;0;0;1;0;2;0;0;0;0;0;0;0;0;0;0;0
7/31/2025;3:11:31 PM;WG REA FORD CA029;1;0;1;0;0;0;0;0;0;0;1;0;2;0;0;0;0;0;0;0;0;0;0;0
7/31/2025;3:12:31 PM;WG REA FORD CA029;1;0;1;0;0;0;0;0;0;0;1;0;2;0;0;0;0;0;0;0;0;0;0;0
7/31/2025;3:13:31 PM;WG REA FORD CA029;1;0;1;0;0;0;0;0;0;0;1;0;2;0;0;0;0;0;0;0;0;0;0;0
7/31/2025;3:14:31 PM;WG REA FORD CA029;1;0;1;0;0;0;0;0;0;0;1;0;2;0;0;0;0;0;0;0;0;0;0;0
7/31/2025;3:15:31 PM;WG REA FORD CA029;1;0;1;0;0;0;0;0;0;0;1;0;2;0;0;0;0;0;0;0;0;0;0;0
7/31/2025;3:16:31 PM;WG REA FORD CA029;1;0;1;0;0;0;0;0;0;0;1;0;2;0;0;0;0;0;0;0;0;0;0;0
7/31/2025;3:17:31 PM;WG REA FORD CA029;1;0;1;0;0;0;0;0;0;0;1;0;2;0;0;0;0;0;0;0;0;0;0;0
7/31/2025;3:18:31 PM;WG REA FORD CA029;1;0;1;0;0;0;0;0;0;0;1;0;2;0;0;0;0;0;0;0;0;0;0;0
7/31/2025;3:19:31 PM;WG REA FORD CA029;1;0;1;0;0;0;0;0;0;0;1;0;2;0;0;0;0;0;0;0;0;0;0;0
7/31/2025;3:20:31 PM;WG REA FORD CA029;1;0;1;0;0;0;0;0;0;0;1;0;2;0;0;0;0;0;0;0;0;0;0;0
7/31/2025;3:21:31 PM;WG REA FORD CA029;1;0;1;0;0;0;0;0;0;0;1;0;2;0;0;0;0;0;0;0;0;0;0;0
7/31/2025;3:22:31 PM;WG REA FORD CA029;1;0;1;0;0;0;0;0;0;0;1;0;2;0;0;0;0;0;0;0;0;0;0;0
7/31/2025;3:23:31 PM;WG REA FORD CA029;1;0;1;0;0;0;0;0;0;0;1;0;2;0;3;0;3;0;3;0;0;0;1;0
7/31/2025;3:24:31 PM;WG REA FORD CA029;1;0;1;0;0;0;0;0;0;0;1;0;2;0;4;0;6;0;6;0;3;0;3;0
7/31/2025;3:25:31 PM;WG REA FORD CA029;1;0;1;0;0;0;0;0;0;0;1;0;2;0;5;0;9;0;8;1;6;0;6;0
7/31/2025;3:26:31 PM;WG REA FORD CA029;1;0;1;0;1;0;0;0;0;0;1;0;2;0;5;0;12;0;11;1;9;0;8;0
7/31/2025;3:27:31 PM;WG REA FORD CA029;2;0;2;0;1;0;0;0;0;0;1;0;2;0;5;0;14;0;12;1;11;0;10;0
7/31/2025;3:28:31 PM;WG REA FORD CA029;2;0;2;0;1;0;0;0;0;0;1;0;2;0;5;0;15;0;15;1;13;0;13;0
7/31/2025;3:29:31 PM;WG REA FORD CA029;2;0;2;0;1;0;0;0;0;0;1;0;2;0;5;0;15;0;18;1;15;0;15;0
7/31/2025;3:30:31 PM;WG REA FORD CA029;2;0;2;0;2;0;2;0;1;0;1;0;2;0;5;0;15;0;18;1;16;0;16;0
7/31/2025;3:31:31 PM;WG REA FORD CA029;4;0;5;0;5;0;5;0;4;0;3;0;4;0;5;0;15;0;18;1;16;0;16;0
7/31/2025;3:32:31 PM;WG REA FORD CA029;8;0;8;0;8;0;8;0;7;0;6;0;7;0;7;0;16;0;18;1;16;0;16;0
7/31/2025;3:33:31 PM;WG REA FORD CA029;11;0;11;0;11;0;10;0;10;0;9;0;10;0;10;0;19;0;18;1;16;0;16;0
7/31/2025;3:34:31 PM;WG REA FORD CA029;14;0;14;0;14;0;13;0;12;0;12;0;13;0;12;0;21;0;18;1;16;0;16;0
7/31/2025;3:35:31 PM;WG REA FORD CA029;14;0;14;0;16;0;15;0;14;0;14;0;14;0;15;0;21;0;18;1;16;0;16;0
7/31/2025;3:36:31 PM;WG REA FORD CA029;15;0;15;0;16;0;15;0;14;0;14;0;15;0;16;0;21;0;18;1;16;0;16;0
7/31/2025;3:37:31 PM;WG REA FORD CA029;15;0;15;0;16;0;16;0;15;0;15;0;15;0;17;0;21;0;18;1;16;0;16;0
7/31/2025;3:38:31 PM;WG REA FORD CA029;18;0;17;1;18;0;19;0;18;0;17;0;18;0;18;0;21;0;18;1;16;0;16;0
7/31/2025;3:39:31 PM;WG REA FORD CA029;21;0;21;1;21;0;22;0;21;0;20;0;21;0;21;0;21;0;18;1;16;0;16;0
7/31/2025;3:40:31 PM;WG REA FORD CA029;25;0;24;1;24;0;25;0;24;0;23;0;24;0;24;0;21;0;18;1;16;0;16;0
7/31/2025;3:41:31 PM;WG REA FORD CA029;27;1;27;1;26;0;25;0;25;0;25;0;25;0;26;0;21;0;18;1;16;0;16;0
7/31/2025;3:42:31 PM;WG REA FORD CA029;28;1;27;1;26;0;25;0;25;0;26;0;26;0;27;0;21;0;18;1;16;0;16;0
7/31/2025;3:43:31 PM;WG REA FORD CA029;28;1;27;1;26;0;25;0;25;0;26;0;27;0;28;0;21;0;18;1;16;0;16;0
7/31/2025;3:44:31 PM;WG REA FORD CA029;28;1;27;1;26;0;25;0;25;0;26;0;27;0;29;0;21;0;18;1;16;0;16;0
7/31/2025;3:45:31 PM;WG REA FORD CA029;28;1;27;1;26;0;25;0;25;0;26;0;27;0;29;0;21;0;18;1;16;0;16;0
7/31/2025;3:46:31 PM;WG REA FORD CA029;28;1;27;1;26;0;25;0;25;0;26;0;27;0;30;0;21;0;18;1;16;0;16;0
7/31/2025;3:47:31 PM;WG REA FORD CA029;28;1;27;1;26;0;25;0;25;0;26;0;27;0;30;0;21;0;18;1;16;0;16;0
7/31/2025;3:48:31 PM;WG REA FORD CA029;28;1;27;1;26;0;25;0;25;0;26;0;27;0;30;0;21;0;18;1;16;0;16;0
7/31/2025;3:49:31 PM;WG REA FORD CA029;28;1;27;1;26;0;25;0;25;0;26;0;27;0;30;0;21;0;18;1;16;0;16;0
7/31/2025;3:50:31 PM;WG REA FORD CA029;28;1;27;1;26;0;25;0;25;0;26;0;27;0;30;0;21;0;18;1;16;0;16;0
7/31/2025;3:51:31 PM;WG REA FORD CA029;28;1;27;1;26;0;25;0;25;0;26;0;27;0;30;0;21;0;18;1;16;0;16;0
7/31/2025;3:52:31 PM;WG REA FORD CA029;28;1;27;1;26;0;25;0;25;0;26;0;27;0;30;0;21;0;18;1;16;0;16;0
7/31/2025;3:53:31 PM;WG REA FORD CA029;28;1;27;1;26;0;25;0;25;0;26;0;27;0;30;0;21;0;18;1;16;0;16;0
7/31/2025;3:54:31 PM;WG REA FORD CA029;28;1;27;1;26;0;25;0;25;0;26;0;27;0;30;0;21;0;18;1;16;0;16;0
7/31/2025;3:55:31 PM;WG REA FORD CA029;28;1;27;1;26;0;25;0;25;0;26;0;27;0;30;0;21;0;18;1;16;0;16;0
7/31/2025;3:56:31 PM;WG REA FORD CA029;28;1;27;1;26;0;25;0;25;0;26;0;27;0;30;0;21;0;18;1;16;0;16;0
7/31/2025;3:57:31 PM;WG REA FORD CA029;28;1;27;1;26;0;25;0;25;0;26;0;27;0;30;0;21;0;18;1;16;0;16;0
7/31/2025;3:58:31 PM;WG REA FORD CA029;28;1;27;1;26;0;25;0;25;0;26;0;27;0;30;0;21;0;18;1;16;0;16;0
7/31/2025;3:59:31 PM;WG REA FORD CA029;28;1;27;1;26;0;25;0;25;0;26;0;27;0;30;0;21;0;18;1;16;0;16;0
7/31/2025;4:00:31 PM;WG REA FORD CA029;28;1;27;1;26;0;25;0;25;0;26;0;27;0;30;0;21;0;18;1;16;0;16;0
7/31/2025;4:01:31 PM;WG REA FORD CA029;28;1;27;1;26;0;25;0;25;0;26;0;27;0;30;0;21;0;18;1;16;0;16;0
7/31/2025;4:02:31 PM;WG REA FORD CA029;28;1;27;1;26;0;25;0;25;0;26;0;27;0;30;0;21;0;18;1;16;0;16;0
7/31/2025;4:03:31 PM;WG REA FORD CA029;28;1;27;1;26;0;25;0;25;0;26;0;27;0;30;0;21;0;18;1;16;0;16;0
7/31/2025;4:04:31 PM;WG REA FORD CA029;28;1;27;1;26;0;25;0;25;0;26;0;27;0;30;0;21;0;18;1;16;0;16;0
7/31/2025;4:05:31 PM;WG REA FORD CA029;28;1;27;1;26;0;25;0;25;0;26;0;27;0;30;0;21;0;18;1;16;0;16;0
7/31/2025;4:06:31 PM;WG REA FORD CA029;28;1;27;1;26;0;25;0;25;0;26;0;27;0;30;0;21;0;18;1;16;0;16;0
7/31/2025;4:07:31 PM;WG REA FORD CA029;28;1;27;1;26;0;25;0;25;0;26;0;27;0;30;0;21;0;18;1;16;0;16;0
7/31/2025;4:08:31 PM;WG REA FORD CA029;28;1;27;1;26;0;25;0;25;0;26;0;27;0;30;0;21;0;18;1;16;0;16;0
7/31/2025;4:09:31 PM;WG REA FORD CA029;28;1;27;1;26;0;25;0;25;0;26;0;27;0;30;0;21;0;18;1;16;0;16;0
7/31/2025;4:10:31 PM;WG REA FORD CA029;28;1;27;1;26;0;25;0;25;0;26;0;27;0;30;0;21;0;18;1;16;0;16;0
7/31/2025;4:11:31 PM;WG REA FORD CA029;28;1;27;1;26;0;25;0;25;0;26;0;27;0;30;0;21;0;18;1;16;0;16;0
7/31/2025;4:12:31 PM;WG REA FORD CA029;28;1;27;1;26;0;25;0;25;0;26;0;27;0;30;0;21;0;18;1;16;0;16;0
7/31/2025;4:13:31 PM;WG REA FORD CA029;28;1;27;1;26;0;25;0;25;0;26;0;27;0;30;0;21;0;18;1;16;0;16;0
7/31/2025;4:14:31 PM;WG REA FORD CA029;28;1;27;1;26;0;25;0;25;0;26;0;27;0;30;0;21;0;18;1;16;0;16;0
7/31/2025;4:15:31 PM;WG REA FORD CA029;28;1;27;1;26;0;25;0;25;0;26;0;27;0;30;0;21;0;18;1;17;0;17;0
7/31/2025;4:16:31 PM;WG REA FORD CA029;28;1;27;1;27;0;25;0;25;0;26;0;27;0;30;0;22;0;21;1;18;0;18;0
7/31/2025;4:17:31 PM;WG REA FORD CA029;29;1;28;1;27;0;25;0;25;0;26;0;27;0;30;0;25;0;24;1;21;0;21;0
7/31/2025;4:18:31 PM;WG REA FORD CA029;29;1;28;1;27;0;25;0;25;0;26;0;27;0;30;0;28;0;26;1;23;0;22;0
7/31/2025;4:19:31 PM;WG REA FORD CA029;29;1;28;1;27;0;25;0;25;0;26;0;27;0;30;0;30;0;29;1;26;0;25;1
7/31/2025;4:20:31 PM;WG REA FORD CA029;30;1;29;1;30;0;28;0;27;0;27;0;28;0;30;0;33;0;32;1;29;0;28;1
7/31/2025;4:21:31 PM;WG REA FORD CA029;31;1;30;1;31;0;31;0;30;0;30;0;31;0;30;0;36;0;35;1;32;0;31;1
7/31/2025;4:22:31 PM;WG REA FORD CA029;34;1;33;1;33;0;35;0;33;0;33;0;34;0;34;0;39;0;37;2;35;0;34;1
7/31/2025;4:23:31 PM;WG REA FORD CA029;37;1;36;1;36;0;37;0;37;0;36;0;37;0;37;0;42;0;39;3;37;0;36;1
7/31/2025;4:24:31 PM;WG REA FORD CA029;40;1;39;1;39;0;40;0;39;0;39;0;39;0;40;0;45;0;42;3;40;0;39;1
7/31/2025;4:25:31 PM;WG REA FORD CA029;43;1;42;1;42;0;43;0;42;0;42;0;43;0;42;0;49;0;44;4;43;0;42;1
7/31/2025;4:26:31 PM;WG REA FORD CA029;45;1;45;1;45;0;46;0;45;0;45;0;45;0;43;0;49;0;45;4;43;0;42;1
7/31/2025;4:27:31 PM;WG REA FORD CA029;46;1;45;1;45;0;46;0;45;0;45;0;45;0;45;0;51;0;47;4;45;0;44;1
7/31/2025;4:28:31 PM;WG REA FORD CA029;46;1;45;1;46;0;47;0;46;0;46;0;47;0;47;0;54;0;49;5;47;0;46;1
7/31/2025;4:29:31 PM;WG REA FORD CA029;46;1;45;1;48;0;50;0;49;0;49;0;50;0;50;0;57;0;52;5;50;0;49;1
7/31/2025;4:30:31 PM;WG REA FORD CA029;46;1;45;1;48;0;52;0;51;0;51;0;51;0;53;0;61;0;55;5;53;0;52;1
7/31/2025;4:31:31 PM;WG REA FORD CA029;49;1;48;1;50;0;53;0;52;0;52;0;52;0;53;0;63;0;58;5;56;0;55;1
7/31/2025;4:32:31 PM;WG REA FORD CA029;52;1;51;1;53;0;55;0;55;0;54;0;55;0;54;0;63;0;59;5;58;0;57;1
7/31/2025;4:33:31 PM;WG REA FORD CA029;55;1;55;1;57;0;59;0;58;0;57;0;58;0;54;0;63;0;59;5;58;0;57;1
7/31/2025;4:34:31 PM;WG REA FORD CA029;59;1;58;1;60;0;61;0;61;0;60;0;61;0;54;0;63;0;59;5;58;0;57;1
7/31/2025;4:35:31 PM;WG REA FORD CA029;62;1;62;1;63;0;64;0;64;0;63;0;61;0;54;0;63;0;59;5;58;0;57;1
7/31/2025;4:36:31 PM;WG REA FORD CA029;66;1;65;1;66;0;67;0;66;0;66;0;61;0;54;0;63;0;59;5;58;0;57;1
7/31/2025;4:37:31 PM;WG REA FORD CA029;68;1;67;1;66;0;67;0;66;0;66;0;61;0;54;0;63;0;59;5;58;0;57;1
7/31/2025;4:38:31 PM;WG REA FORD CA029;68;1;67;1;66;0;67;0;66;0;66;0;61;0;54;0;63;0;59;5;58;0;57;1
7/31/2025;4:39:31 PM;WG REA FORD CA029;68;1;67;1;67;0;68;0;67;0;67;0;63;0;54;0;64;0;61;5;59;0;58;1
7/31/2025;4:40:31 PM;WG REA FORD CA029;70;1;69;1;69;0;71;0;70;0;69;0;67;0;58;0;67;0;63;5;61;0;60;1
7/31/2025;4:41:31 PM;WG REA FORD CA029;73;1;72;1;72;0;74;0;73;0;72;0;71;0;61;0;69;0;65;5;63;0;62;1
7/31/2025;4:42:31 PM;WG REA FORD CA029;76;1;76;1;75;0;77;0;76;0;75;0;74;0;64;0;72;0;67;5;65;0;63;1
7/31/2025;4:43:31 PM;WG REA FORD CA029;79;1;78;1;78;0;80;0;79;0;78;0;77;0;67;0;75;0;70;5;67;1;65;2
7/31/2025;4:44:31 PM;WG REA FORD CA029;80;1;79;1;81;0;83;0;82;0;81;0;80;0;70;0;78;0;72;5;69;1;65;2
7/31/2025;4:45:31 PM;WG REA FORD CA029;80;1;79;1;82;0;84;0;84;0;83;0;81;0;72;0;79;0;72;5;69;1;66;2
7/31/2025;4:46:31 PM;WG REA FORD CA029;82;1;82;1;83;0;86;0;86;0;85;0;84;0;75;0;81;0;74;5;71;1;68;2
7/31/2025;4:47:31 PM;WG REA FORD CA029;85;1;85;1;87;0;88;0;88;0;88;0;84;0;75;0;83;0;77;5;74;1;71;2
7/31/2025;4:48:31 PM;WG REA FORD CA029;89;1;88;1;90;0;92;0;91;0;91;0;87;0;77;0;86;0;80;5;77;1;74;2
7/31/2025;4:49:31 PM;WG REA FORD CA029;92;1;92;1;93;0;95;0;94;0;94;0;90;0;80;0;89;0;83;5;80;1;77;2
7/31/2025;4:50:31 PM;WG REA FORD CA029;96;1;95;1;97;0;98;0;97;0;96;0;93;0;83;0;91;0;86;5;83;1;80;2
7/31/2025;4:51:31 PM;WG REA FORD CA029;99;1;98;1;99;0;101;0;100;0;99;0;96;0;86;0;95;0;89;5;85;1;83;2
7/31/2025;4:52:31 PM;WG REA FORD CA029;102;1;101;1;102;0;104;0;103;0;102;0;99;0;89;0;98;0;92;5;88;1;86;2
7/31/2025;4:53:31 PM;WG REA FORD CA029;105;1;104;1;106;0;107;0;106;0;105;0;102;0;92;0;101;0;95;5;91;1;89;2
7/31/2025;4:54:31 PM;WG REA FORD CA029;108;1;107;1;108;0;109;0;109;0;108;0;105;0;96;0;103;0;98;5;94;1;92;2
7/31/2025;4:55:31 PM;WG REA FORD CA029;111;1;110;1;111;0;112;0;111;0;111;0;108;0;99;0;106;0;101;5;97;1;95;2
7/31/2025;4:56:31 PM;WG REA FORD CA029;114;1;113;1;114;0;115;0;114;0;114;0;112;0;102;0;109;0;104;5;100;1;97;2
7/31/2025;4:57:31 PM;WG REA FORD CA029;117;1;116;1;117;0;118;0;118;0;117;0;115;0;105;0;111;0;106;5;102;1;99;2
7/31/2025;4:58:31 PM;WG REA FORD CA029;120;1;119;1;120;0;121;0;120;0;120;0;118;0;108;0;114;0;109;5;105;1;101;3
7/31/2025;4:59:31 PM;WG REA FORD CA029;121;1;121;1;123;0;124;0;123;0;123;0;121;0;112;0;117;0;112;5;108;1;105;3
7/31/2025;5:00:31 PM;WG REA FORD CA029;125;1;124;1;126;0;127;0;126;0;126;0;124;0;114;0;120;0;114;5;111;1;108;3
7/31/2025;5:01:31 PM;WG REA FORD CA029;128;1;127;1;129;0;130;0;129;0;129;0;127;0;117;0;120;0;116;5;114;1;111;3
7/31/2025;5:02:31 PM;WG REA FORD CA029;129;1;128;1;130;0;133;0;132;0;132;0;130;0;121;0;122;0;117;5;114;1;111;3
7/31/2025;5:03:31 PM;WG REA FORD CA029;130;1;129;1;131;0;134;0;133;0;133;0;133;0;124;0;125;0;120;5;117;1;114;3
7/31/2025;5:04:31 PM;WG REA FORD CA029;133;1;132;1;134;0;137;0;136;0;135;0;136;0;127;0;128;0;123;5;120;1;117;3
7/31/2025;5:05:31 PM;WG REA FORD CA029;136;1;135;1;137;0;140;0;139;0;138;0;139;0;130;0;131;0;126;5;123;1;120;3
7/31/2025;5:06:31 PM;WG REA FORD CA029;139;1;138;1;140;0;142;0;142;0;141;0;142;0;133;0;134;0;129;5;125;1;121;3
7/31/2025;5:07:31 PM;WG REA FORD CA029;142;1;141;1;143;0;145;0;145;0;144;0;145;0;136;0;137;0;132;5;128;1;124;3
7/31/2025;5:08:31 PM;WG REA FORD CA029;144;1;143;1;145;0;148;0;148;0;147;0;148;0;139;0;140;0;134;5;131;1;128;3
7/31/2025;5:09:31 PM;WG REA FORD CA029;147;1;147;1;148;0;151;0;150;0;150;0;150;0;142;0;143;0;137;5;134;1;131;3
7/31/2025;5:10:31 PM;WG REA FORD CA029;151;1;150;1;152;0;154;0;153;0;153;0;153;0;145;0;146;0;140;5;137;1;132;3
7/31/2025;5:11:31 PM;WG REA FORD CA029;153;1;153;1;155;0;157;0;156;0;156;0;156;0;149;0;148;0;142;5;139;1;135;3
7/31/2025;5:12:31 PM;WG REA FORD CA029;156;1;155;1;157;0;160;0;159;0;159;0;159;0;152;0;150;0;145;5;141;1;138;3
7/31/2025;5:13:31 PM;WG REA FORD CA029;158;1;157;1;159;0;162;0;161;0;161;0;161;0;155;0;153;0;147;6;144;1;141;3
7/31/2025;5:14:31 PM;WG REA FORD CA029;161;1;160;1;162;0;165;0;164;0;163;0;164;0;157;0;157;0;150;6;147;1;144;3
7/31/2025;5:15:31 PM;WG REA FORD CA029;164;1;163;1;165;0;168;0;167;0;166;0;167;0;161;0;160;0;153;6;150;1;147;3
7/31/2025;5:16:31 PM;WG REA FORD CA029;167;1;166;1;168;0;171;0;170;0;169;0;170;0;164;0;162;0;156;6;153;1;150;3
7/31/2025;5:17:31 PM;WG REA FORD CA029;170;1;170;1;171;0;174;0;173;0;172;0;173;0;167;0;166;0;159;6;156;1;153;3
7/31/2025;5:18:31 PM;WG REA FORD CA029;173;1;172;1;174;0;177;0;176;0;175;0;176;0;170;0;169;0;162;6;159;1;156;3
7/31/2025;5:19:31 PM;WG REA FORD CA029;176;1;175;1;177;0;179;0;179;0;178;0;179;0;173;0;172;0;165;6;162;1;159;3
7/31/2025;5:20:31 PM;WG REA FORD CA029;179;1;178;1;180;0;183;0;182;0;181;0;182;0;177;0;175;0;168;6;165;1;161;3
7/31/2025;5:21:31 PM;WG REA FORD CA029;182;1;181;1;183;0;186;0;185;0;184;0;185;0;180;0;177;0;171;6;168;1;164;3
7/31/2025;5:22:31 PM;WG REA FORD CA029;185;1;184;1;186;0;189;0;188;0;187;0;188;0;183;0;181;0;173;7;171;1;167;3
7/31/2025;5:23:31 PM;WG REA FORD CA029;188;1;187;1;189;0;192;0;191;0;190;0;191;0;186;0;183;0;176;7;173;1;169;3
7/31/2025;5:24:31 PM;WG REA FORD CA029;191;1;190;1;192;0;195;0;194;0;193;0;194;0;190;0;186;0;179;7;175;1;172;3
7/31/2025;5:25:31 PM;WG REA FORD CA029;194;1;193;1;195;0;198;0;197;0;196;0;197;0;193;0;189;0;182;7;178;1;174;3
7/31/2025;5:26:31 PM;WG REA FORD CA029;197;1;196;1;198;0;201;0;200;0;199;0;200;0;196;0;191;0;184;7;180;1;176;3
7/31/2025;5:27:31 PM;WG REA FORD CA029;200;1;199;1;201;0;203;0;202;0;202;0;203;0;199;0;194;0;187;7;183;1;178;4
7/31/2025;5:28:31 PM;WG REA FORD CA029;202;1;201;1;203;0;206;0;205;0;204;0;205;0;203;0;197;0;190;7;186;1;182;4
7/31/2025;5:29:31 PM;WG REA FORD CA029;205;1;204;1;206;0;208;0;207;0;207;0;208;0;206;0;200;0;192;7;189;1;185;4
7/31/2025;5:30:31 PM;WG REA FORD CA029;207;1;207;1;209;0;211;0;210;0;210;0;210;0;209;0;203;0;195;7;192;1;188;4
7/31/2025;5:31:31 PM;WG REA FORD CA029;210;1;210;1;211;0;214;0;213;0;213;0;213;0;212;0;206;0;198;7;195;1;190;4
7/31/2025;5:32:31 PM;WG REA FORD CA029;213;1;212;1;214;0;217;0;216;0;216;0;216;0;216;0;209;0;201;7;198;1;193;4
7/31/2025;5:33:31 PM;WG REA FORD CA029;216;1;216;1;217;0;220;0;219;0;219;0;219;0;219;0;212;0;204;7;201;1;196;4
7/31/2025;5:34:31 PM;WG REA FORD CA029;219;1;219;1;220;0;223;0;222;0;222;0;222;0;222;0;215;0;207;7;204;1;199;4
7/31/2025;5:35:31 PM;WG REA FORD CA029;222;1;221;1;223;0;226;0;225;0;225;0;225;0;225;0;217;0;210;7;206;1;202;4
7/31/2025;5:36:31 PM;WG REA FORD CA029;225;1;224;1;226;0;229;0;228;0;227;0;228;0;228;0;220;0;213;7;209;1;205;4
7/31/2025;5:37:31 PM;WG REA FORD CA029;228;1;227;1;229;0;232;0;231;0;230;0;231;0;231;0;223;0;216;7;212;1;208;4
7/31/2025;5:38:31 PM;WG REA FORD CA029;231;1;230;1;232;0;235;0;234;0;233;0;234;0;234;0;226;0;219;7;215;1;211;4
7/31/2025;5:39:31 PM;WG REA FORD CA029;234;1;233;1;235;0;238;0;237;0;236;0;237;0;237;0;229;0;222;7;218;1;214;4
7/31/2025;5:40:31 PM;WG REA FORD CA029;237;1;236;1;238;0;241;0;240;0;239;0;240;0;240;0;232;0;225;7;221;1;217;4
7/31/2025;5:41:31 PM;WG REA FORD CA029;240;1;239;1;241;0;243;0;242;0;242;0;243;0;240;0;235;0;228;7;224;1;220;4
7/31/2025;5:42:31 PM;WG REA FORD CA029;243;1;242;1;244;0;246;0;245;0;245;0;246;0;242;0;238;0;231;7;227;1;223;4
7/31/2025;5:43:31 PM;WG REA FORD CA029;246;1;245;1;247;0;250;0;249;0;248;0;249;0;245;0;241;0;234;7;230;1;226;4
7/31/2025;5:44:31 PM;WG REA FORD CA029;249;1;248;1;250;0;253;0;252;0;251;0;252;0;248;0;244;0;237;7;233;1;229;4
7/31/2025;5:45:31 PM;WG REA FORD CA029;252;1;251;1;253;0;256;0;255;0;254;0;255;0;251;0;247;0;239;7;236;1;232;4
7/31/2025;5:46:31 PM;WG REA FORD CA029;254;1;254;1;256;0;258;0;257;0;257;0;258;0;254;0;250;0;242;7;239;1;235;4
7/31/2025;5:47:31 PM;WG REA FORD CA029;257;1;257;1;259;0;261;0;260;0;260;0;261;0;258;0;253;0;244;8;242;1;237;4
7/31/2025;5:48:31 PM;WG REA FORD CA029;260;1;260;1;262;0;264;0;263;0;263;0;264;0;261;0;256;0;246;10;244;1;240;4
7/31/2025;5:49:31 PM;WG REA FORD CA029;263;1;263;1;264;0;267;0;266;0;266;0;266;0;262;0;256;0;246;10;244;1;240;4
7/31/2025;5:50:31 PM;WG REA FORD CA029;264;1;263;1;265;0;269;0;268;0;268;0;268;0;262;0;256;0;246;10;244;1;240;4
7/31/2025;5:51:31 PM;WG REA FORD CA029;264;1;263;1;265;0;269;0;269;0;269;0;269;0;262;0;256;0;246;10;244;1;240;4
7/31/2025;5:52:31 PM;WG REA FORD CA029;264;1;263;1;265;0;269;0;269;0;269;0;270;0;262;0;258;0;248;10;245;1;240;4
7/31/2025;5:53:31 PM;WG REA FORD CA029;266;1;265;1;267;0;270;0;269;0;270;0;270;0;266;0;261;0;250;10;248;1;243;4
7/31/2025;5:54:38 PM;WG REA FORD CA029;268;1;268;1;269;0;272;0;271;0;271;0;271;0;269;0;264;0;254;10;251;1;245;4
7/31/2025;5:55:31 PM;WG REA FORD CA029;271;1;270;1;272;0;275;0;274;0;274;0;274;0;272;0;266;0;256;10;252;1;247;5
7/31/2025;5:56:31 PM;WG REA FORD CA029;274;1;274;1;275;0;278;0;277;0;277;0;277;0;274;0;269;0;259;10;255;1;250;5
7/31/2025;5:57:31 PM;WG REA FORD CA029;277;1;276;1;278;0;281;0;280;0;279;0;280;0;278;0;273;0;262;10;258;1;253;5
7/31/2025;5:58:31 PM;WG REA FORD CA029;280;1;279;1;281;0;284;0;283;0;282;0;283;0;281;0;275;0;265;10;261;1;256;5
7/31/2025;5:59:31 PM;WG REA FORD CA029;283;1;282;1;284;0;287;0;286;0;285;0;286;0;284;0;278;0;267;10;263;1;257;5
7/31/2025;6:00:31 PM;WG REA FORD CA029;286;1;285;1;287;0;290;0;289;0;288;0;289;0;287;0;280;0;270;10;266;1;259;6
7/31/2025;6:01:31 PM;WG REA FORD CA029;288;1;287;1;289;0;292;0;291;0;291;0;291;0;290;0;283;0;273;10;269;1;263;6
7/31/2025;6:02:31 PM;WG REA FORD CA029;291;1;290;1;292;0;295;0;294;0;293;0;294;0;293;0;286;0;276;10;272;1;266;6
7/31/2025;6:03:31 PM;WG REA FORD CA029;294;1;293;1;295;0;297;0;297;0;296;0;297;0;296;0;289;0;278;10;275;1;269;6
7/31/2025;6:04:31 PM;WG REA FORD CA029;297;1;296;1;298;0;300;0;300;0;299;0;300;0;299;0;292;0;281;10;278;1;272;6
7/31/2025;6:05:31 PM;WG REA FORD CA029;300;1;299;1;301;0;303;0;303;0;302;0;303;0;303;0;295;0;284;10;281;1;274;6
7/31/2025;6:06:31 PM;WG REA FORD CA029;302;1;302;1;304;0;306;0;305;0;305;0;306;0;306;0;298;0;287;10;284;1;277;6
7/31/2025;6:07:31 PM;WG REA FORD CA029;305;1;305;1;306;0;309;0;308;0;308;0;308;0;308;0;301;0;290;10;287;1;279;6
7/31/2025;6:08:31 PM;WG REA FORD CA029;308;1;308;1;309;0;312;0;311;0;311;0;311;0;311;0;303;0;292;10;288;1;281;7
7/31/2025;6:09:31 PM;WG REA FORD CA029;311;1;310;1;312;0;315;0;314;0;314;0;314;0;314;0;305;0;295;10;291;1;284;7
7/31/2025;6:10:31 PM;WG REA FORD CA029;313;1;312;1;314;0;317;0;316;0;316;0;316;0;317;1;309;0;298;10;294;1;287;7
7/31/2025;6:11:31 PM;WG REA FORD CA029;316;1;315;1;317;0;320;0;319;0;319;0;319;0;319;1;312;0;301;10;297;1;290;7
7/31/2025;6:12:31 PM;WG REA FORD CA029;319;1;318;1;320;0;323;0;322;0;322;0;322;0;322;1;314;0;304;10;300;1;293;7
7/31/2025;6:13:31 PM;WG REA FORD CA029;322;1;321;1;323;0;326;0;325;0;325;0;325;0;325;1;317;0;307;10;303;1;296;7
7/31/2025;6:14:31 PM;WG REA FORD CA029;325;1;324;1;326;0;329;0;328;0;328;0;328;0;328;1;320;0;310;10;306;1;299;7
7/31/2025;6:15:31 PM;WG REA FORD CA029;328;1;327;1;329;0;332;0;331;0;330;0;331;0;331;1;323;0;313;10;309;1;302;7
7/31/2025;6:16:31 PM;WG REA FORD CA029;331;1;330;1;332;0;335;0;334;0;333;0;334;0;334;1;326;0;316;10;312;1;305;7
7/31/2025;6:17:31 PM;WG REA FORD CA029;334;1;333;1;335;0;338;0;337;0;336;0;337;0;337;1;329;0;319;10;315;1;308;7
7/31/2025;6:18:31 PM;WG REA FORD CA029;337;1;336;1;338;0;341;0;340;0;339;0;340;0;340;1;332;0;321;10;318;1;311;7
7/31/2025;6:19:31 PM;WG REA FORD CA029;340;1;339;1;341;0;344;0;343;0;342;0;343;0;343;1;335;0;324;10;321;1;314;7
7/31/2025;6:20:31 PM;WG REA FORD CA029;343;1;342;1;344;0;346;0;345;0;345;0;345;0;346;1;338;0;327;10;324;1;316;7
7/31/2025;6:21:31 PM;WG REA FORD CA029;345;1;345;1;347;0;349;0;348;0;348;0;348;0;348;1;341;0;330;10;327;1;319;7
7/31/2025;6:22:31 PM;WG REA FORD CA029;348;1;348;1;349;0;352;0;351;0;351;0;352;0;351;1;344;0;333;10;330;1;322;7
7/31/2025;6:23:31 PM;WG REA FORD CA029;351;1;350;1;352;0;355;0;354;0;354;0;354;0;354;1;347;0;336;10;333;1;325;7
7/31/2025;6:24:31 PM;WG REA FORD CA029;354;1;353;1;355;0;358;0;357;0;357;0;357;0;357;1;350;0;339;10;335;1;328;7
7/31/2025;6:25:31 PM;WG REA FORD CA029;357;1;356;1;358;0;361;0;360;0;360;0;360;0;360;1;352;0;342;10;338;1;331;7
7/31/2025;6:26:31 PM;WG REA FORD CA029;360;1;359;1;361;0;364;0;363;0;362;0;363;0;363;2;355;0;345;10;341;1;334;7
7/31/2025;6:27:31 PM;WG REA FORD CA029;363;1;362;1;364;0;367;0;366;0;365;0;366;0;366;2;358;0;348;10;344;1;337;7
7/31/2025;6:28:31 PM;WG REA FORD CA029;366;1;365;1;367;0;370;0;369;0;368;0;369;0;369;2;361;0;350;11;347;1;339;7
7/31/2025;6:29:31 PM;WG REA FORD CA029;369;1;368;1;370;0;373;0;372;0;371;0;372;0;372;2;365;0;353;11;350;1;342;7
7/31/2025;6:30:31 PM;WG REA FORD CA029;372;1;371;1;373;0;376;0;375;0;374;0;375;0;374;2;367;0;353;13;351;1;344;7
7/31/2025;6:31:31 PM;WG REA FORD CA029;375;1;374;1;376;0;378;0;377;0;377;0;377;0;375;2;367;0;353;13;351;1;344;7
7/31/2025;6:32:31 PM;WG REA FORD CA029;375;1;374;1;376;0;378;0;377;0;378;0;378;0;377;3;370;0;356;13;353;1;346;7
7/31/2025;6:33:31 PM;WG REA FORD CA029;377;1;376;1;377;0;378;0;377;0;378;0;379;0;379;3;372;0;359;13;356;1;349;7
7/31/2025;6:34:31 PM;WG REA FORD CA029;379;1;378;1;377;0;378;0;377;0;378;0;379;0;381;3;376;0;362;13;359;1;352;7
7/31/2025;6:35:31 PM;WG REA FORD CA029;379;1;378;1;377;0;378;0;377;0;378;0;379;0;381;3;378;0;365;13;362;1;355;7
7/31/2025;6:36:31 PM;WG REA FORD CA029;379;1;378;1;378;0;380;0;379;0;378;0;379;0;381;3;381;0;368;13;365;1;358;7
7/31/2025;6:37:31 PM;WG REA FORD CA029;382;1;381;1;381;0;383;0;382;0;381;0;382;0;382;3;384;0;371;13;368;1;361;7
7/31/2025;6:38:31 PM;WG REA FORD CA029;385;1;384;1;384;0;386;0;385;0;384;0;385;0;385;3;387;0;374;13;371;1;364;7
7/31/2025;6:39:31 PM;WG REA FORD CA029;388;1;387;1;387;0;389;0;388;0;387;0;388;0;388;3;390;0;376;14;373;1;366;7
7/31/2025;6:40:31 PM;WG REA FORD CA029;391;1;390;1;390;0;392;0;391;0;390;0;391;0;391;3;393;0;379;14;376;1;369;7
7/31/2025;6:41:31 PM;WG REA FORD CA029;394;1;393;1;393;0;395;0;394;0;393;0;394;0;394;3;396;0;382;14;379;1;372;7
7/31/2025;6:42:31 PM;WG REA FORD CA029;397;1;396;1;396;0;398;0;397;0;396;0;397;0;397;3;399;0;385;14;382;1;375;7
7/31/2025;6:43:31 PM;WG REA FORD CA029;400;1;399;1;399;0;400;0;400;0;399;0;400;0;400;3;402;0;388;14;385;1;377;7
7/31/2025;6:44:31 PM;WG REA FORD CA029;403;1;402;1;402;0;404;0;403;0;402;0;403;0;402;3;405;0;391;14;387;1;380;7
7/31/2025;6:45:31 PM;WG REA FORD CA029;406;1;405;1;405;0;407;0;406;0;405;0;406;0;405;3;408;0;394;14;391;1;383;7
7/31/2025;6:46:31 PM;WG REA FORD CA029;409;1;408;1;408;0;409;0;409;0;408;0;409;0;408;3;411;0;397;14;394;1;386;7
7/31/2025;6:47:31 PM;WG REA FORD CA029;412;1;411;1;411;0;412;0;411;0;411;0;412;0;412;3;414;0;399;14;396;1;389;7
7/31/2025;6:48:31 PM;WG REA FORD CA029;415;1;414;1;414;0;415;0;414;0;414;0;415;0;414;3;417;0;402;14;399;1;392;7
7/31/2025;6:49:31 PM;WG REA FORD CA029;418;1;417;1;417;0;418;0;417;0;417;0;418;0;417;3;420;0;405;14;402;1;395;7
7/31/2025;6:50:31 PM;WG REA FORD CA029;421;1;420;1;420;0;421;0;420;0;420;0;421;0;420;3;423;0;408;14;405;1;398;7
7/31/2025;6:51:31 PM;WG REA FORD CA029;424;1;423;1;423;0;424;0;423;0;423;0;423;0;423;3;426;0;411;14;408;1;401;7
7/31/2025;6:52:31 PM;WG REA FORD CA029;427;1;426;1;426;0;427;0;426;0;426;0;426;0;426;3;429;0;414;14;411;1;404;7
7/31/2025;6:53:31 PM;WG REA FORD CA029;430;1;429;1;428;0;429;0;427;0;428;0;429;0;429;3;432;0;417;14;414;1;407;7
7/31/2025;6:54:31 PM;WG REA FORD CA029;430;1;429;1;428;0;429;0;427;0;428;0;429;0;431;3;435;0;420;14;417;1;410;7
7/31/2025;6:55:31 PM;WG REA FORD CA029;430;1;429;1;429;0;431;0;429;0;429;0;430;0;431;3;437;0;423;14;420;1;413;7
7/31/2025;6:56:31 PM;WG REA FORD CA029;433;1;432;1;432;0;433;0;433;0;432;0;433;0;433;3;441;0;426;14;423;1;416;7
7/31/2025;6:57:31 PM;WG REA FORD CA029;436;1;435;1;435;0;437;0;436;0;435;0;436;0;436;3;443;0;429;14;426;1;419;7
7/31/2025;6:58:31 PM;WG REA FORD CA029;439;1;438;1;438;0;440;0;439;0;438;0;439;0;439;3;446;0;432;14;429;1;422;7
7/31/2025;6:59:31 PM;WG REA FORD CA029;442;1;441;1;441;0;443;0;442;0;441;0;442;0;442;3;449;0;435;14;432;1;424;7
7/31/2025;7:00:31 PM;WG REA FORD CA029;445;1;444;1;444;0;445;0;445;0;444;0;445;0;445;3;452;0;438;14;435;1;427;7
7/31/2025;7:01:31 PM;WG REA FORD CA029;448;1;447;1;447;0;448;0;448;0;447;0;448;0;448;3;455;0;441;14;438;1;430;7
7/31/2025;7:02:31 PM;WG REA FORD CA029;451;1;450;1;450;0;451;0;451;0;450;0;451;0;451;3;458;0;444;14;440;1;433;7
7/31/2025;7:03:31 PM;WG REA FORD CA029;454;1;453;1;453;0;454;0;454;0;453;0;454;0;454;3;461;0;447;14;443;1;436;7
7/31/2025;7:04:31 PM;WG REA FORD CA029;457;1;456;1;456;0;457;0;457;0;456;0;457;0;456;3;464;0;450;14;446;1;439;7
7/31/2025;7:05:31 PM;WG REA FORD CA029;460;1;459;1;459;0;460;0;459;0;459;0;460;0;459;3;467;0;453;14;449;1;442;7
7/31/2025;7:06:31 PM;WG REA FORD CA029;463;1;462;1;462;0;463;0;462;0;462;0;463;0;462;3;470;0;456;14;452;1;445;7
7/31/2025;7:07:31 PM;WG REA FORD CA029;466;1;465;1;465;0;466;0;465;0;465;0;465;0;465;3;473;0;458;14;455;1;448;7
7/31/2025;7:08:31 PM;WG REA FORD CA029;469;1;468;1;468;0;469;0;468;0;468;0;468;0;468;3;476;0;461;14;458;1;451;7
7/31/2025;7:09:31 PM;WG REA FORD CA029;472;1;471;1;471;0;472;0;471;0;471;0;471;0;470;5;479;0;464;14;461;1;454;7
7/31/2025;7:10:31 PM;WG REA FORD CA029;474;1;474;1;473;0;475;0;474;0;473;0;474;0;474;5;482;0;467;14;464;1;457;7
7/31/2025;7:11:31 PM;WG REA FORD CA029;477;1;477;1;477;0;478;0;477;0;476;0;477;0;476;5;485;0;470;14;467;1;460;7
7/31/2025;7:12:31 PM;WG REA FORD CA029;480;1;480;1;480;0;481;0;480;0;479;0;480;0;479;5;488;0;472;15;470;1;463;7
7/31/2025;7:13:31 PM;WG REA FORD CA029;483;1;483;1;483;0;484;0;483;0;482;0;483;0;482;5;490;0;475;15;472;1;465;7
7/31/2025;7:14:31 PM;WG REA FORD CA029;486;1;486;1;486;0;487;0;486;0;485;0;486;0;485;5;494;0;478;15;475;1;468;7
7/31/2025;7:15:31 PM;WG REA FORD CA029;489;1;489;1;488;0;490;0;489;0;488;0;489;0;488;5;497;0;481;15;478;1;471;7
7/31/2025;7:16:31 PM;WG REA FORD CA029;492;1;492;1;491;0;493;0;492;0;491;0;492;0;489;5;499;0;484;15;481;1;474;7
7/31/2025;7:17:31 PM;WG REA FORD CA029;495;1;494;1;494;0;496;0;495;0;494;0;495;0;490;5;499;0;487;15;484;1;477;7
7/31/2025;7:18:31 PM;WG REA FORD CA029;498;1;497;1;497;0;499;0;498;0;497;0;498;0;493;5;501;0;488;15;486;1;479;7
7/31/2025;7:19:31 PM;WG REA FORD CA029;501;1;500;1;500;0;502;0;501;0;500;0;501;0;496;5;504;0;490;15;487;1;480;7
7/31/2025;7:20:31 PM;WG REA FORD CA029;504;1;503;1;503;0;505;0;504;0;503;0;504;0;499;5;507;0;492;15;489;1;482;7
7/31/2025;7:21:31 PM;WG REA FORD CA029;507;1;506;1;506;0;507;0;506;0;506;0;507;0;502;5;510;0;495;15;492;1;485;7
7/31/2025;7:22:31 PM;WG REA FORD CA029;510;1;509;1;509;0;510;0;510;0;509;0;510;0;505;5;513;0;498;15;495;1;488;7
7/31/2025;7:23:31 PM;WG REA FORD CA029;513;1;512;1;512;0;513;0;512;0;512;0;513;0;508;5;516;0;501;15;498;1;491;7
7/31/2025;7:24:31 PM;WG REA FORD CA029;516;1;515;1;515;0;516;0;516;0;515;0;516;0;511;5;519;0;504;15;501;1;494;7
7/31/2025;7:25:31 PM;WG REA FORD CA029;519;1;518;1;518;0;519;0;518;0;518;0;519;0;514;5;522;0;507;15;504;1;497;7
7/31/2025;7:26:31 PM;WG REA FORD CA029;522;1;521;1;521;0;522;0;521;0;521;0;522;0;517;5;525;0;510;15;507;1;500;7
7/31/2025;7:27:31 PM;WG REA FORD CA029;525;1;524;1;523;0;524;0;522;0;523;0;524;0;520;5;528;0;513;15;510;1;503;7
7/31/2025;7:28:31 PM;WG REA FORD CA029;525;1;524;1;523;0;525;0;524;0;523;0;524;0;524;5;531;0;516;15;513;1;506;7
7/31/2025;7:29:31 PM;WG REA FORD CA029;527;1;526;1;526;0;528;0;527;0;526;0;527;0;527;5;534;0;519;15;516;1;508;7
7/31/2025;7:30:31 PM;WG REA FORD CA029;530;1;529;1;529;0;531;0;530;0;529;0;530;0;530;5;537;0;522;15;519;1;511;7
7/31/2025;7:31:31 PM;WG REA FORD CA029;533;1;532;1;532;0;534;0;533;0;532;0;533;0;533;5;540;0;525;15;522;1;514;7
7/31/2025;7:32:31 PM;WG REA FORD CA029;536;1;535;1;535;0;537;0;536;0;535;0;536;0;536;5;543;0;528;15;525;1;517;7
7/31/2025;7:33:31 PM;WG REA FORD CA029;539;1;538;1;538;0;539;0;538;0;538;0;539;0;539;5;546;0;531;15;527;1;519;7
7/31/2025;7:34:31 PM;WG REA FORD CA029;542;1;541;1;541;0;542;0;541;0;541;0;542;0;541;5;549;0;534;15;530;1;523;7
7/31/2025;7:35:31 PM;WG REA FORD CA029;545;1;544;1;544;0;545;0;545;0;544;0;545;0;544;5;552;0;536;15;533;1;525;8
7/31/2025;7:36:31 PM;WG REA FORD CA029;548;1;547;1;547;0;549;0;548;0;547;0;548;0;547;5;555;0;539;15;536;1;528;8
7/31/2025;7:37:31 PM;WG REA FORD CA029;551;1;550;1;550;0;551;0;551;0;550;0;551;0;550;5;557;0;542;15;539;1;531;8
7/31/2025;7:38:31 PM;WG REA FORD CA029;554;1;553;1;553;0;554;0;554;0;553;0;554;0;553;5;561;0;545;15;542;1;534;8
7/31/2025;7:39:31 PM;WG REA FORD CA029;557;1;556;1;556;0;557;0;557;0;556;0;557;0;556;5;563;0;548;15;545;1;537;8
7/31/2025;7:40:31 PM;WG REA FORD CA029;560;1;559;1;559;0;560;0;559;0;559;0;560;0;559;5;566;0;550;16;547;1;539;8
7/31/2025;7:41:31 PM;WG REA FORD CA029;563;1;562;1;562;0;563;0;562;0;562;0;563;0;562;5;569;0;553;16;550;1;542;8
7/31/2025;7:42:31 PM;WG REA FORD CA029;566;1;565;1;565;0;566;0;565;0;565;0;565;0;565;5;572;0;556;16;553;1;545;8
7/31/2025;7:43:31 PM;WG REA FORD CA029;569;1;568;1;568;0;569;0;568;0;568;0;568;0;568;5;575;0;559;16;556;1;548;8
7/31/2025;7:44:31 PM;WG REA FORD CA029;572;1;571;1;571;0;572;0;571;0;571;0;571;0;571;5;578;0;562;16;559;1;551;8
7/31/2025;7:45:31 PM;WG REA FORD CA029;575;1;574;1;574;0;575;0;574;0;573;0;574;0;574;5;581;0;565;16;562;1;554;8
7/31/2025;7:46:31 PM;WG REA FORD CA029;577;1;577;1;577;0;578;0;577;0;576;0;577;0;577;5;584;0;568;16;565;1;557;8
7/31/2025;7:47:31 PM;WG REA FORD CA029;580;1;580;1;580;0;581;0;580;0;579;0;580;0;580;5;587;0;571;16;568;1;560;8
7/31/2025;7:48:31 PM;WG REA FORD CA029;583;1;583;1;582;0;584;0;583;0;582;0;583;0;583;5;590;0;574;16;571;1;562;8
7/31/2025;7:49:31 PM;WG REA FORD CA029;586;1;586;1;585;0;587;0;586;0;585;0;586;0;586;5;593;0;577;16;574;1;565;8
7/31/2025;7:50:31 PM;WG REA FORD CA029;589;1;589;1;588;0;590;0;589;0;588;0;589;0;589;5;596;0;580;16;577;1;568;8
7/31/2025;7:51:31 PM;WG REA FORD CA029;592;1;591;1;591;0;593;0;592;0;591;0;592;0;591;6;599;0;582;16;579;1;571;8
7/31/2025;7:52:31 PM;WG REA FORD CA029;595;1;594;1;594;0;596;0;595;0;594;0;595;0;594;6;602;0;585;16;582;1;574;8
7/31/2025;7:53:31 PM;WG REA FORD CA029;598;1;597;1;597;0;599;0;598;0;597;0;598;0;598;6;605;0;588;16;585;1;577;8
7/31/2025;7:54:31 PM;WG REA FORD CA029;601;1;600;1;600;0;602;0;601;0;600;0;601;0;601;6;608;0;591;16;588;1;580;8
7/31/2025;7:55:31 PM;WG REA FORD CA029;604;1;603;1;603;0;604;0;604;0;603;0;604;0;604;6;611;0;594;16;591;1;583;8
7/31/2025;7:56:31 PM;WG REA FORD CA029;607;1;606;1;606;0;607;0;606;0;606;0;607;0;606;6;614;0;597;16;594;1;586;8
7/31/2025;7:57:31 PM;WG REA FORD CA029;610;1;609;1;609;0;610;0;609;0;609;0;610;0;609;7;617;0;600;16;597;1;589;8
7/31/2025;7:58:31 PM;WG REA FORD CA029;613;1;612;1;612;0;613;0;612;0;612;0;613;0;612;7;619;0;603;16;600;1;592;8
7/31/2025;7:59:31 PM;WG REA FORD CA029;616;1;615;1;615;0;616;0;615;0;615;0;616;0;615;7;622;0;606;16;603;1;595;8
7/31/2025;8:00:31 PM;WG REA FORD CA029;619;1;618;1;618;0;619;0;618;0;618;0;619;0;618;7;625;0;609;16;606;1;598;8
7/31/2025;8:01:31 PM;WG REA FORD CA029;622;1;621;1;621;0;622;0;621;0;621;0;621;0;621;7;629;0;612;16;609;1;601;8
7/31/2025;8:02:31 PM;WG REA FORD CA029;625;1;624;1;624;0;625;0;624;0;624;0;624;0;624;7;631;0;615;16;612;1;604;8
7/31/2025;8:03:31 PM;WG REA FORD CA029;627;1;627;1;626;0;628;0;627;0;626;0;627;0;627;7;634;0;617;17;614;1;606;8
7/31/2025;8:04:31 PM;WG REA FORD CA029;630;1;630;1;629;0;631;0;630;0;629;0;630;0;630;7;637;0;619;18;617;1;609;8
7/31/2025;8:05:31 PM;WG REA FORD CA029;633;1;633;1;633;0;634;0;633;0;632;0;633;0;633;8;640;0;622;18;619;1;611;8
7/31/2025;8:06:31 PM;WG REA FORD CA029;636;1;636;1;635;0;637;0;636;0;635;0;636;0;636;8;643;0;624;19;621;1;613;8
7/31/2025;8:07:31 PM;WG REA FORD CA029;639;1;638;1;638;0;640;0;639;0;638;0;639;0;639;8;646;0;627;19;624;1;616;8
7/31/2025;8:08:31 PM;WG REA FORD CA029;642;1;641;1;641;0;643;0;642;0;641;0;642;0;642;8;649;0;630;19;627;1;618;8
7/31/2025;8:09:31 PM;WG REA FORD CA029;645;1;644;1;644;0;645;0;645;0;644;0;645;0;645;8;652;0;633;19;630;1;621;8
7/31/2025;8:10:31 PM;WG REA FORD CA029;648;1;647;1;647;0;649;0;648;0;647;0;648;0;648;8;655;0;635;20;632;1;623;8
7/31/2025;8:11:31 PM;WG REA FORD CA029;651;1;650;1;650;0;652;0;651;0;650;0;649;0;650;8;656;0;636;20;633;1;625;8
7/31/2025;8:12:31 PM;WG REA FORD CA029;654;1;653;1;653;0;654;0;654;0;653;0;649;0;650;8;658;0;637;20;634;1;625;8
7/31/2025;8:13:31 PM;WG REA FORD CA029;657;1;656;1;655;0;656;0;655;0;655;0;649;0;651;8;660;0;639;20;635;1;626;8
7/31/2025;8:14:31 PM;WG REA FORD CA029;657;1;656;1;655;0;656;0;655;0;655;0;649;0;651;8;661;0;642;20;638;1;629;9
7/31/2025;8:15:31 PM;WG REA FORD CA029;657;1;657;1;657;0;658;0;657;0;657;0;653;0;651;9;661;0;644;21;641;1;632;9
7/31/2025;8:16:31 PM;WG REA FORD CA029;661;1;660;1;660;0;661;0;660;0;660;0;659;0;655;9;664;0;644;21;642;1;633;9
7/31/2025;8:17:31 PM;WG REA FORD CA029;664;1;663;1;663;0;664;0;663;0;663;0;663;0;656;9;666;0;645;22;643;1;634;9
7/31/2025;8:18:31 PM;WG REA FORD CA029;667;1;666;1;666;0;667;0;666;0;666;0;666;0;658;9;667;0;648;22;645;1;636;9
7/31/2025;8:19:31 PM;WG REA FORD CA029;670;1;669;1;669;0;670;0;669;0;669;0;669;0;661;9;670;0;649;22;647;1;637;9
7/31/2025;8:20:31 PM;WG REA FORD CA029;672;1;672;1;672;0;673;0;672;0;671;0;672;0;664;9;673;0;652;22;649;1;639;9
7/31/2025;8:21:31 PM;WG REA FORD CA029;676;1;675;1;675;0;676;0;675;0;674;0;675;0;667;9;676;0;654;22;651;1;642;9
7/31/2025;8:22:31 PM;WG REA FORD CA029;678;1;678;1;678;0;679;0;678;0;677;0;678;0;670;9;678;0;657;22;654;1;645;9
7/31/2025;8:23:31 PM;WG REA FORD CA029;681;1;681;1;681;0;682;0;681;0;680;0;681;0;673;9;681;0;659;22;657;1;647;9
7/31/2025;8:24:31 PM;WG REA FORD CA029;684;1;684;1;683;0;685;0;684;0;683;0;684;0;677;9;681;0;660;22;658;1;649;9
7/31/2025;8:25:31 PM;WG REA FORD CA029;687;1;687;1;686;0;688;0;687;0;686;0;687;0;680;9;684;0;662;22;659;1;650;9
7/31/2025;8:26:31 PM;WG REA FORD CA029;690;1;690;1;689;0;691;0;690;0;689;0;690;0;683;9;687;0;665;22;662;1;653;9
7/31/2025;8:27:31 PM;WG REA FORD CA029;693;1;692;1;692;0;694;0;693;0;692;0;693;0;686;9;690;0;668;22;665;1;655;9
7/31/2025;8:28:31 PM;WG REA FORD CA029;696;1;695;1;695;0;697;0;696;0;695;0;696;0;689;9;693;0;671;22;668;1;658;9
7/31/2025;8:29:31 PM;WG REA FORD CA029;699;1;698;1;698;0;700;0;699;0;698;0;699;0;692;9;696;0;673;22;671;1;661;9
7/31/2025;8:30:31 PM;WG REA FORD CA029;702;1;701;1;701;0;703;0;702;0;701;0;702;0;695;9;699;0;676;22;673;1;664;9
7/31/2025;8:31:31 PM;WG REA FORD CA029;705;1;704;1;704;0;705;0;704;0;704;0;704;0;698;9;702;0;679;22;676;1;667;9
7/31/2025;8:32:31 PM;WG REA FORD CA029;708;1;707;1;706;0;707;0;707;0;707;0;707;0;701;9;705;0;682;22;679;1;670;9
7/31/2025;8:33:31 PM;WG REA FORD CA029;710;1;709;1;709;0;711;0;710;0;709;0;710;0;704;9;708;0;684;23;681;1;672;9
7/31/2025;8:34:31 PM;WG REA FORD CA029;713;1;712;1;712;0;714;0;713;0;712;0;713;0;707;9;711;0;687;23;684;1;675;9
7/31/2025;8:35:31 PM;WG REA FORD CA029;716;1;715;1;715;0;716;0;716;0;715;0;716;0;710;9;714;0;690;23;687;1;678;9
7/31/2025;8:36:31 PM;WG REA FORD CA029;719;1;718;1;718;0;720;0;719;0;718;0;719;0;713;9;717;0;693;23;690;1;681;9
7/31/2025;8:37:31 PM;WG REA FORD CA029;719;1;718;1;719;0;720;0;719;0;718;0;719;0;716;9;720;0;696;23;693;1;684;9
7/31/2025;8:38:31 PM;WG REA FORD CA029;719;1;718;1;719;0;720;0;719;0;718;0;719;0;719;9;723;0;699;23;696;1;687;9
7/31/2025;8:39:31 PM;WG REA FORD CA029;719;1;718;1;719;0;720;0;719;0;719;0;719;0;721;9;725;0;702;23;699;1;690;9
7/31/2025;8:40:31 PM;WG REA FORD CA029;721;1;721;1;722;0;723;0;722;0;722;0;722;0;722;9;728;0;705;23;702;1;693;9
7/31/2025;8:41:31 PM;WG REA FORD CA029;725;1;724;1;725;0;726;0;725;0;725;0;726;0;725;10;731;0;708;23;705;1;696;9
7/31/2025;8:42:31 PM;WG REA FORD CA029;727;2;727;1;728;0;729;0;728;0;728;0;729;0;728;10;734;0;711;23;708;1;699;9
7/31/2025;8:43:31 PM;WG REA FORD CA029;727;2;727;1;730;0;732;0;731;0;731;0;732;0;731;10;737;0;714;23;711;1;701;9
7/31/2025;8:44:31 PM;WG REA FORD CA029;728;2;727;1;730;0;734;0;733;0;733;0;733;0;733;11;740;0;716;23;713;1;703;9
7/31/2025;8:45:31 PM;WG REA FORD CA029;731;2;731;1;733;0;735;0;734;0;734;0;734;0;735;11;743;0;718;24;716;1;706;9
7/31/2025;8:46:31 PM;WG REA FORD CA029;734;3;733;1;735;0;738;0;737;0;737;0;737;0;737;11;746;0;722;24;718;1;709;9
7/31/2025;8:47:31 PM;WG REA FORD CA029;737;3;737;1;738;0;740;0;740;0;739;0;740;0;740;11;748;0;725;24;721;1;712;9
7/31/2025;8:48:31 PM;WG REA FORD CA029;741;3;740;1;742;0;743;0;742;0;742;0;743;0;742;11;751;0;728;24;724;1;715;9
7/31/2025;8:49:31 PM;WG REA FORD CA029;744;3;744;1;745;0;746;0;746;0;745;0;746;0;746;11;754;0;729;25;727;1;718;9
7/31/2025;8:50:31 PM;WG REA FORD CA029;748;3;747;1;748;0;749;0;748;0;748;0;749;0;748;11;757;0;732;25;729;1;720;9
7/31/2025;8:51:31 PM;WG REA FORD CA029;751;3;750;1;751;0;752;0;752;0;751;0;752;0;751;11;760;0;735;25;732;1;723;9
7/31/2025;8:52:31 PM;WG REA FORD CA029;754;3;754;1;754;0;755;0;755;0;754;0;755;0;755;11;763;0;737;26;735;1;726;9
7/31/2025;8:53:31 PM;WG REA FORD CA029;758;3;757;1;757;0;758;0;757;0;757;0;758;0;758;11;766;0;740;26;737;1;728;9
7/31/2025;8:54:31 PM;WG REA FORD CA029;761;3;760;1;760;0;761;0;760;0;760;0;761;0;761;11;769;0;742;27;739;1;730;9
7/31/2025;8:55:31 PM;WG REA FORD CA029;764;3;763;1;763;0;764;0;763;0;763;0;764;0;763;11;772;0;745;27;742;1;733;9
7/31/2025;8:56:31 PM;WG REA FORD CA029;767;3;766;1;766;0;767;0;766;0;766;0;766;0;766;11;772;0;746;27;744;1;735;9
7/31/2025;8:57:31 PM;WG REA FORD CA029;770;3;769;1;769;0;770;0;769;0;769;0;769;0;769;11;772;0;746;27;744;1;735;9
7/31/2025;8:58:31 PM;WG REA FORD CA029;772;3;772;1;772;0;773;0;772;0;772;0;772;0;772;11;776;0;749;27;746;1;736;9
7/31/2025;8:59:31 PM;WG REA FORD CA029;776;3;775;1;775;0;776;0;775;0;775;0;775;0;775;11;779;0;751;27;749;1;739;9
7/31/2025;9:00:31 PM;WG REA FORD CA029;779;3;778;1;778;0;779;0;778;0;777;0;778;0;778;11;782;0;754;27;751;1;742;9
7/31/2025;9:01:31 PM;WG REA FORD CA029;781;3;781;1;781;0;782;0;781;0;780;0;781;0;781;12;785;0;757;27;754;1;745;9
7/31/2025;9:02:31 PM;WG REA FORD CA029;784;3;784;1;784;0;785;0;784;0;783;0;784;0;784;12;788;0;760;27;757;1;748;9
7/31/2025;9:03:31 PM;WG REA FORD CA029;787;3;787;1;786;0;788;0;787;0;786;0;787;0;787;12;790;0;763;27;760;1;751;9
7/31/2025;9:04:31 PM;WG REA FORD CA029;790;3;790;1;789;0;791;0;790;0;789;0;790;0;790;12;793;0;766;27;763;1;754;9
7/31/2025;9:05:31 PM;WG REA FORD CA029;791;3;791;1;792;0;794;0;793;0;792;0;793;0;793;12;796;0;768;28;766;1;757;9
7/31/2025;9:06:31 PM;WG REA FORD CA029;793;5;793;1;795;0;797;0;796;0;795;0;796;0;796;12;800;0;771;28;768;1;759;9
7/31/2025;9:07:31 PM;WG REA FORD CA029;796;5;795;1;798;0;800;0;799;0;798;0;799;0;799;12;802;0;774;28;771;1;762;9
7/31/2025;9:08:31 PM;WG REA FORD CA029;799;6;798;1;800;0;802;0;802;0;801;0;802;0;802;12;805;0;777;28;774;1;765;9
7/31/2025;9:09:31 PM;WG REA FORD CA029;802;6;802;1;803;0;805;0;804;0;804;0;804;0;805;12;808;0;780;28;777;1;768;9
7/31/2025;9:10:31 PM;WG REA FORD CA029;806;6;805;1;807;0;808;0;807;0;807;0;807;0;807;12;811;0;782;28;779;1;769;9
7/31/2025;9:11:31 PM;WG REA FORD CA029;809;6;808;1;810;0;811;0;810;0;810;0;811;0;810;12;814;0;785;28;782;1;772;9
7/31/2025;9:12:31 PM;WG REA FORD CA029;812;6;812;1;813;0;814;0;813;0;813;0;813;0;812;12;817;0;788;28;785;1;775;9
7/31/2025;9:13:31 PM;WG REA FORD CA029;815;6;815;1;816;0;817;0;816;0;816;0;816;0;816;12;820;0;791;28;788;1;778;9
7/31/2025;9:14:31 PM;WG REA FORD CA029;819;6;818;1;819;0;820;0;819;0;819;0;819;0;818;12;823;0;794;28;790;1;781;9
7/31/2025;9:15:31 PM;WG REA FORD CA029;823;6;822;1;822;0;823;0;822;0;821;0;822;0;821;12;826;0;797;28;793;1;784;9
7/31/2025;9:16:31 PM;WG REA FORD CA029;825;6;825;1;825;0;826;0;825;0;824;0;825;0;825;12;828;0;800;28;796;1;787;9
7/31/2025;9:17:31 PM;WG REA FORD CA029;828;6;828;1;828;0;829;0;828;0;827;0;828;0;828;12;831;0;803;28;799;1;790;9
7/31/2025;9:18:31 PM;WG REA FORD CA029;831;6;831;1;830;0;832;0;831;0;830;0;831;0;831;12;834;0;806;28;802;1;792;9
7/31/2025;9:19:31 PM;WG REA FORD CA029;834;6;834;1;833;0;835;0;834;0;833;0;834;0;834;13;837;0;808;28;805;1;795;9
7/31/2025;9:20:31 PM;WG REA FORD CA029;837;6;836;1;836;0;838;0;837;0;836;0;837;0;837;13;840;0;811;28;808;1;798;9
7/31/2025;9:21:31 PM;WG REA FORD CA029;840;6;839;1;839;0;841;0;840;0;839;0;840;0;840;13;842;0;814;28;811;1;801;9
7/31/2025;9:22:31 PM;WG REA FORD CA029;843;6;842;1;842;0;844;0;843;0;842;0;843;0;843;13;845;0;817;28;814;1;804;9
7/31/2025;9:23:31 PM;WG REA FORD CA029;845;7;845;1;845;0;846;0;846;0;845;0;846;0;846;13;849;0;820;28;816;1;807;9
7/31/2025;9:24:31 PM;WG REA FORD CA029;848;7;848;1;848;0;849;0;848;0;848;0;849;0;848;13;851;0;823;28;820;1;810;9
7/31/2025;9:25:31 PM;WG REA FORD CA029;852;7;851;1;851;0;852;0;851;0;851;0;852;0;851;13;854;0;826;28;822;1;813;9
7/31/2025;9:26:31 PM;WG REA FORD CA029;854;8;853;1;854;0;855;0;854;0;854;0;855;0;855;13;857;0;829;28;825;1;816;9
7/31/2025;9:27:31 PM;WG REA FORD CA029;857;8;857;1;857;0;858;0;857;0;857;0;858;0;857;13;861;0;832;28;828;1;819;9
7/31/2025;9:28:31 PM;WG REA FORD CA029;861;8;860;1;860;0;861;0;860;0;860;0;860;0;860;13;863;0;835;28;831;1;822;9
7/31/2025;9:29:31 PM;WG REA FORD CA029;864;8;863;1;863;0;864;0;863;0;863;0;863;0;863;13;866;0;838;28;834;1;825;9
7/31/2025;9:30:31 PM;WG REA FORD CA029;867;8;866;1;866;0;867;0;866;0;866;0;866;0;866;13;869;0;841;28;837;1;828;9
7/31/2025;9:31:31 PM;WG REA FORD CA029;870;8;869;1;869;0;870;0;869;0;869;0;869;0;869;13;872;0;844;28;840;1;831;9
7/31/2025;9:32:31 PM;WG REA FORD CA029;873;8;872;1;872;0;873;0;872;0;871;0;872;0;872;13;875;0;846;28;843;1;834;9
7/31/2025;9:33:31 PM;WG REA FORD CA029;876;8;875;1;875;0;876;0;875;0;874;0;875;0;873;13;875;0;846;28;843;1;834;9
7/31/2025;9:34:31 PM;WG REA FORD CA029;878;8;878;1;878;0;879;0;878;0;877;0;878;0;873;13;875;0;846;28;843;1;834;9
7/31/2025;9:35:31 PM;WG REA FORD CA029;881;8;881;1;880;0;882;0;881;0;880;0;881;0;873;13;875;0;847;28;843;1;834;9
7/31/2025;9:36:31 PM;WG REA FORD CA029;884;8;883;1;883;0;885;0;884;0;883;0;884;0;875;13;878;0;850;28;846;1;837;9
7/31/2025;9:37:31 PM;WG REA FORD CA029;885;8;885;1;886;0;888;0;887;0;886;0;887;0;878;13;881;0;853;28;849;1;840;9
7/31/2025;9:38:31 PM;WG REA FORD CA029;888;8;888;1;889;0;891;0;890;0;889;0;890;0;881;13;884;0;856;28;852;1;843;9
7/31/2025;9:39:31 PM;WG REA FORD CA029;891;8;891;1;892;0;894;0;893;0;892;0;893;0;884;13;887;0;859;28;855;1;846;9
7/31/2025;9:40:31 PM;WG REA FORD CA029;894;8;894;1;894;0;895;0;893;0;894;0;895;0;887;13;889;0;861;28;858;1;849;9
7/31/2025;9:41:31 PM;WG REA FORD CA029;896;8;895;1;894;0;896;0;895;0;894;0;895;0;890;13;892;0;864;28;861;1;852;9
7/31/2025;9:42:31 PM;WG REA FORD CA029;898;8;897;1;897;0;899;0;898;0;897;0;898;0;894;13;895;0;866;29;863;1;854;9
7/31/2025;9:43:31 PM;WG REA FORD CA029;901;8;901;1;900;0;902;0;901;0;900;0;901;0;896;13;898;0;869;29;866;1;857;9
7/31/2025;9:44:31 PM;WG REA FORD CA029;904;8;904;1;903;0;905;0;904;0;903;0;904;0;897;13;902;0;872;29;869;1;860;9
7/31/2025;9:45:31 PM;WG REA FORD CA029;907;8;906;1;906;0;908;0;907;0;906;0;907;0;900;13;905;0;875;29;872;1;863;9
7/31/2025;9:46:31 PM;WG REA FORD CA029;910;8;909;1;909;0;911;0;910;0;909;0;910;0;903;13;908;0;878;29;875;1;864;9
7/31/2025;9:47:31 PM;WG REA FORD CA029;913;8;912;1;912;0;914;0;913;0;912;0;913;0;906;13;910;0;880;29;877;1;867;9
7/31/2025;9:48:31 PM;WG REA FORD CA029;916;8;915;1;915;0;917;0;916;0;915;0;916;0;909;13;913;0;883;29;880;1;870;9
7/31/2025;9:49:31 PM;WG REA FORD CA029;919;8;918;1;918;0;920;0;919;0;918;0;919;0;913;13;915;0;886;29;882;1;873;9
7/31/2025;9:50:31 PM;WG REA FORD CA029;922;8;921;1;921;0;923;0;922;0;921;0;922;0;916;13;918;0;889;29;885;1;876;9
7/31/2025;9:51:31 PM;WG REA FORD CA029;925;8;924;1;924;0;925;0;924;0;924;0;924;0;919;13;921;0;892;29;888;1;879;9
7/31/2025;9:52:31 PM;WG REA FORD CA029;928;8;927;1;927;0;928;0;927;0;927;0;928;0;922;13;924;0;895;29;891;1;882;9
7/31/2025;9:53:31 PM;WG REA FORD CA029;931;8;930;1;930;0;931;0;930;0;930;0;931;0;925;13;927;0;896;29;893;1;883;9
7/31/2025;9:54:31 PM;WG REA FORD CA029;934;8;933;1;933;0;934;0;933;0;933;0;934;0;928;13;929;0;899;29;896;1;886;9
7/31/2025;9:55:31 PM;WG REA FORD CA029;936;8;936;1;936;0;937;0;936;0;936;0;936;0;931;13;932;0;902;29;898;1;889;9
7/31/2025;9:56:31 PM;WG REA FORD CA029;939;8;938;1;939;0;940;0;939;0;939;0;939;0;934;13;935;0;905;29;901;1;892;9
7/31/2025;9:57:31 PM;WG REA FORD CA029;942;8;941;1;942;0;943;0;942;0;942;0;942;0;937;13;938;0;908;29;904;1;895;9
7/31/2025;9:58:31 PM;WG REA FORD CA029;945;8;944;1;945;0;946;0;945;0;945;0;945;0;940;13;941;0;910;30;907;1;898;9
7/31/2025;9:59:31 PM;WG REA FORD CA029;948;8;947;1;948;0;949;0;948;0;947;0;948;0;943;13;943;0;912;31;909;1;900;9
7/31/2025;10:00:31 PM;WG REA FORD CA029;951;8;950;1;951;0;952;0;951;0;950;0;951;0;943;13;943;0;912;31;909;1;900;9
7/31/2025;10:01:31 PM;WG REA FORD CA029;952;8;951;1;953;0;955;0;954;0;953;0;952;0;943;13;943;0;912;31;909;1;900;9
7/31/2025;10:02:31 PM;WG REA FORD CA029;952;8;951;1;953;0;957;0;956;0;956;0;954;0;944;13;945;0;914;31;911;1;902;9
7/31/2025;10:03:31 PM;WG REA FORD CA029;953;8;952;1;954;0;957;0;956;0;956;0;956;0;947;13;948;0;917;31;914;1;904;10
7/31/2025;10:04:31 PM;WG REA FORD CA029;955;8;955;1;956;0;959;0;958;0;958;0;958;0;950;13;951;0;920;31;917;1;907;10
7/31/2025;10:05:31 PM;WG REA FORD CA029;959;8;958;1;960;0;962;0;961;0;961;0;961;0;954;13;954;0;923;31;920;1;910;10
7/31/2025;10:06:31 PM;WG REA FORD CA029;962;8;961;1;963;0;965;0;964;0;964;0;965;0;956;13;957;0;926;31;923;1;913;10
7/31/2025;10:07:31 PM;WG REA FORD CA029;965;8;964;1;966;0;968;0;967;0;967;0;967;0;960;13;960;0;929;31;926;1;916;10
7/31/2025;10:08:31 PM;WG REA FORD CA029;968;8;967;1;969;0;971;0;970;0;970;0;970;0;963;13;963;0;931;32;928;1;918;10
7/31/2025;10:09:31 PM;WG REA FORD CA029;971;8;970;1;972;0;974;0;973;0;973;0;973;0;966;13;966;0;934;32;931;1;920;10
7/31/2025;10:10:31 PM;WG REA FORD CA029;974;8;973;1;975;0;977;0;976;0;976;0;976;0;969;13;969;0;937;32;934;1;923;10
7/31/2025;10:11:31 PM;WG REA FORD CA029;977;8;976;1;978;0;980;0;979;0;979;0;979;0;972;13;972;0;940;32;937;1;926;10
7/31/2025;10:12:31 PM;WG REA FORD CA029;979;8;978;1;980;0;983;0;982;0;982;0;982;0;975;13;975;0;942;32;939;1;929;10
7/31/2025;10:13:31 PM;WG REA FORD CA029;982;8;982;1;984;0;986;0;985;0;984;0;985;0;978;13;978;0;945;32;942;1;932;10
7/31/2025;10:14:31 PM;WG REA FORD CA029;985;8;985;1;987;0;989;0;988;0;987;0;988;0;981;13;981;0;948;32;945;1;935;10
7/31/2025;10:15:31 PM;WG REA FORD CA029;988;8;988;1;990;0;992;0;991;0;990;0;991;0;984;13;984;0;951;32;948;1;938;10
7/31/2025;10:16:31 PM;WG REA FORD CA029;991;8;991;1;992;0;995;0;994;0;993;0;994;0;988;13;987;0;954;32;951;1;941;10
7/31/2025;10:17:31 PM;WG REA FORD CA029;994;8;994;1;995;0;998;0;997;0;996;0;997;0;989;13;990;0;957;32;953;1;942;10
7/31/2025;10:18:31 PM;WG REA FORD CA029;997;8;996;1;998;0;1001;0;1000;0;999;0;1000;0;989;13;992;0;960;32;956;1;945;10
7/31/2025;10:19:31 PM;WG REA FORD CA029;1000;8;999;1;1001;0;1004;0;1003;0;1002;0;1000;0;989;13;993;0;961;32;958;1;947;10
7/31/2025;10:20:31 PM;WG REA FORD CA029;1002;8;1001;1;1003;0;1005;0;1004;0;1004;0;1000;0;989;13;994;0;962;32;958;1;948;10
7/31/2025;10:21:31 PM;WG REA FORD CA029;1003;8;1002;1;1004;0;1005;0;1004;0;1005;0;1002;0;992;13;998;0;965;32;961;1;951;10
7/31/2025;10:22:31 PM;WG REA FORD CA029;1005;8;1004;1;1004;0;1005;0;1004;0;1005;0;1004;0;995;14;1000;0;968;32;964;1;953;10
7/31/2025;10:23:31 PM;WG REA FORD CA029;1006;8;1005;1;1004;0;1005;0;1004;0;1005;0;1006;0;997;14;1002;0;970;32;966;1;955;10
7/31/2025;10:24:31 PM;WG REA FORD CA029;1006;8;1005;1;1004;0;1006;0;1006;0;1006;0;1006;0;1001;14;1005;0;972;33;969;1;957;11
7/31/2025;10:25:31 PM;WG REA FORD CA029;1006;8;1005;1;1004;0;1006;0;1006;0;1006;0;1006;0;1004;14;1008;0;975;33;972;1;960;11
7/31/2025;10:26:31 PM;WG REA FORD CA029;1006;8;1005;1;1004;0;1006;0;1006;0;1007;0;1007;0;1007;14;1011;0;978;33;975;1;963;11
7/31/2025;10:27:31 PM;WG REA FORD CA029;1008;8;1007;1;1008;0;1009;0;1008;0;1008;0;1008;0;1009;14;1014;0;981;33;977;1;966;11
7/31/2025;10:28:31 PM;WG REA FORD CA029;1011;8;1010;1;1011;0;1012;0;1011;0;1011;0;1011;0;1011;14;1017;0;984;33;980;1;969;11
7/31/2025;10:29:31 PM;WG REA FORD CA029;1014;8;1014;1;1014;0;1015;0;1014;0;1014;0;1014;0;1014;15;1020;0;987;33;983;1;972;11
7/31/2025;10:30:31 PM;WG REA FORD CA029;1018;8;1017;1;1017;0;1018;0;1017;0;1017;0;1017;0;1016;15;1023;0;990;33;986;1;975;11
7/31/2025;10:31:31 PM;WG REA FORD CA029;3;0;2;0;2;0;1;0;0;0;2;0;2;0;3;0;2;0;1;0;2;0;0;0
7/31/2025;10:32:31 PM;WG REA FORD CA029;3;0;2;0;2;0;1;0;0;0;2;0;2;0;5;0;4;0;4;0;4;0;3;0
7/31/2025;10:33:31 PM;WG REA FORD CA029;3;0;2;0;2;0;1;0;0;0;2;0;2;0;6;0;7;0;6;0;7;0;6;0
7/31/2025;10:34:31 PM;WG REA FORD CA029;3;0;2;0;2;0;1;0;2;0;2;0;2;0;6;0;9;0;9;0;10;0;10;0
7/31/2025;10:35:31 PM;WG REA FORD CA029;5;0;4;0;5;0;4;0;5;0;5;0;5;0;6;0;9;0;12;0;13;0;12;0
7/31/2025;10:36:31 PM;WG REA FORD CA029;8;0;7;0;8;0;8;0;8;0;8;0;8;0;9;0;11;0;13;0;14;0;14;0
7/31/2025;10:37:31 PM;WG REA FORD CA029;11;0;10;0;11;0;11;0;11;0;11;0;11;0;12;0;14;0;14;0;16;0;15;1
7/31/2025;10:38:31 PM;WG REA FORD CA029;14;0;13;0;14;0;14;0;14;0;14;0;14;0;15;0;16;0;17;0;18;0;17;1
7/31/2025;10:39:31 PM;WG REA FORD CA029;17;0;16;0;17;0;16;0;16;0;17;0;16;0;18;0;19;0;19;0;20;0;19;1
7/31/2025;10:40:31 PM;WG REA FORD CA029;20;0;19;0;20;0;19;0;19;0;20;0;19;0;18;0;22;0;22;0;23;0;22;1
7/31/2025;10:41:31 PM;WG REA FORD CA029;23;0;22;0;23;0;22;0;22;0;23;0;22;0;18;0;23;0;25;0;26;0;25;1
7/31/2025;10:42:31 PM;WG REA FORD CA029;26;0;25;0;26;0;25;0;25;0;26;0;26;0;18;0;23;0;27;0;29;0;27;1
7/31/2025;10:43:31 PM;WG REA FORD CA029;29;0;28;0;29;0;28;0;28;0;29;0;28;0;18;0;23;0;27;0;29;0;28;1
7/31/2025;10:44:31 PM;WG REA FORD CA029;32;0;31;0;32;0;31;0;31;0;32;0;28;0;18;0;23;0;27;0;29;0;28;1
7/31/2025;10:45:31 PM;WG REA FORD CA029;35;0;34;0;34;0;34;0;34;0;35;0;30;0;20;0;23;0;27;0;29;0;28;1
7/31/2025;10:46:31 PM;WG REA FORD CA029;37;0;36;0;36;0;35;0;35;0;36;0;30;0;20;0;25;0;27;0;29;0;28;1
7/31/2025;10:47:31 PM;WG REA FORD CA029;37;0;36;0;36;0;35;0;35;0;36;0;30;0;20;0;25;0;28;0;29;0;28;1
7/31/2025;10:48:31 PM;WG REA FORD CA029;37;0;36;0;36;0;35;0;35;0;36;0;30;0;20;0;25;0;28;0;29;0;28;1
7/31/2025;10:49:31 PM;WG REA FORD CA029;37;0;36;0;36;0;35;0;35;0;36;0;30;0;20;0;25;0;28;0;29;0;28;1
7/31/2025;10:50:31 PM;WG REA FORD CA029;37;0;36;0;36;0;35;0;35;0;36;0;30;0;20;0;25;0;28;0;29;0;28;1
7/31/2025;10:51:31 PM;WG REA FORD CA029;37;0;36;0;36;0;35;0;35;0;36;0;30;0;20;0;25;0;28;0;29;0;28;1
7/31/2025;10:52:31 PM;WG REA FORD CA029;37;0;36;0;36;0;35;0;35;0;36;0;30;0;20;0;25;0;28;0;29;0;28;1
7/31/2025;10:53:31 PM;WG REA FORD CA029;37;0;36;0;36;0;35;0;35;0;36;0;30;0;20;0;25;0;28;0;29;0;28;1
7/31/2025;10:54:31 PM;WG REA FORD CA029;37;0;36;0;36;0;35;0;35;0;36;0;30;0;20;0;25;0;28;0;29;0;28;1
7/31/2025;10:55:32 PM;WG REA FORD CA029;37;0;36;0;36;0;35;0;35;0;36;0;30;0;20;0;25;0;28;0;29;0;28;1
7/31/2025;10:56:32 PM;WG REA FORD CA029;37;0;36;0;36;0;35;0;35;0;36;0;30;0;22;0;25;0;29;0;30;0;29;1
7/31/2025;10:57:32 PM;WG REA FORD CA029;37;0;36;0;36;0;35;0;36;0;36;0;31;0;25;0;27;0;29;0;31;0;30;1
7/31/2025;10:58:32 PM;WG REA FORD CA029;39;0;38;0;39;0;38;0;39;0;39;0;36;0;28;0;30;0;30;0;32;0;30;1
7/31/2025;10:59:32 PM;WG REA FORD CA029;42;0;41;0;42;0;42;0;42;0;42;0;40;0;31;0;33;0;33;0;35;0;33;1
7/31/2025;11:00:32 PM;WG REA FORD CA029;45;0;44;0;45;0;45;0;45;0;45;0;42;0;33;0;35;0;36;0;37;0;36;1
7/31/2025;11:01:32 PM;WG REA FORD CA029;48;0;47;0;48;0;47;0;48;0;48;0;45;0;36;0;38;0;38;0;40;0;39;1
7/31/2025;11:02:32 PM;WG REA FORD CA029;51;0;50;0;51;0;51;0;51;0;51;0;46;0;38;0;41;0;41;0;42;0;41;1
7/31/2025;11:03:32 PM;WG REA FORD CA029;53;0;52;0;53;0;53;0;53;0;53;0;48;0;40;0;42;0;44;0;45;0;44;1
7/31/2025;11:04:32 PM;WG REA FORD CA029;54;0;53;0;55;0;54;0;55;0;55;0;51;0;43;0;45;0;45;0;47;0;46;1
7/31/2025;11:05:32 PM;WG REA FORD CA029;54;0;53;0;55;0;54;0;55;0;55;0;54;0;46;0;47;0;48;0;49;0;47;1
7/31/2025;11:06:32 PM;WG REA FORD CA029;56;0;55;0;56;0;56;0;56;0;57;0;56;0;49;0;50;0;50;0;51;0;50;1
7/31/2025;11:07:32 PM;WG REA FORD CA029;59;0;58;0;59;0;59;0;59;0;60;0;59;0;52;0;53;0;53;0;54;0;53;1
7/31/2025;11:08:32 PM;WG REA FORD CA029;61;0;60;0;60;0;59;0;60;0;60;0;60;0;55;0;55;0;55;0;56;0;54;1
7/31/2025;11:09:32 PM;WG REA FORD CA029;61;0;60;0;60;0;59;0;60;0;60;0;60;0;58;0;58;0;58;0;59;0;57;1
7/31/2025;11:10:32 PM;WG REA FORD CA029;61;0;60;0;60;0;59;0;60;0;60;0;60;0;61;0;61;0;61;0;62;0;60;1
7/31/2025;11:11:32 PM;WG REA FORD CA029;61;0;60;0;60;0;59;0;60;0;60;0;60;0;63;0;64;0;64;0;65;0;63;1
7/31/2025;11:12:32 PM;WG REA FORD CA029;61;0;60;0;60;0;59;0;60;0;60;0;60;0;63;0;66;0;67;0;67;0;65;1
7/31/2025;11:13:32 PM;WG REA FORD CA029;61;0;60;0;61;0;61;0;61;0;61;0;61;0;64;0;67;0;69;0;69;0;68;1
7/31/2025;11:14:32 PM;WG REA FORD CA029;64;0;63;0;64;0;64;0;64;0;64;0;64;0;65;0;67;0;70;0;71;0;70;1
7/31/2025;11:15:32 PM;WG REA FORD CA029;67;0;66;0;67;0;67;0;67;0;67;0;67;0;68;0;70;0;71;0;73;0;72;1
7/31/2025;11:16:32 PM;WG REA FORD CA029;70;0;70;0;70;0;70;0;70;0;70;0;70;0;71;0;73;0;73;0;75;0;73;1
7/31/2025;11:17:32 PM;WG REA FORD CA029;73;0;72;0;73;0;73;0;73;0;73;0;73;0;74;0;76;0;76;0;77;0;76;1
7/31/2025;11:18:32 PM;WG REA FORD CA029;76;0;75;0;75;0;74;0;75;0;75;0;75;0;77;0;78;0;79;0;80;0;79;1
7/31/2025;11:19:32 PM;WG REA FORD CA029;76;0;75;0;75;0;74;0;75;0;75;0;75;0;78;0;81;0;81;0;83;0;81;1
7/31/2025;11:20:32 PM;WG REA FORD CA029;77;0;76;0;77;0;77;0;77;0;77;0;77;0;79;0;81;0;84;0;85;0;83;1
7/31/2025;11:21:32 PM;WG REA FORD CA029;80;0;79;0;80;0;80;0;79;0;80;0;80;0;81;0;83;0;85;0;87;0;86;1
7/31/2025;11:22:32 PM;WG REA FORD CA029;83;0;82;0;82;0;81;0;82;0;82;0;82;0;84;0;86;0;87;0;88;0;87;1
7/31/2025;11:23:32 PM;WG REA FORD CA029;83;0;82;0;82;0;81;0;82;0;82;0;82;0;85;0;88;0;89;0;90;0;89;1
7/31/2025;11:24:32 PM;WG REA FORD CA029;83;0;82;0;83;0;82;0;82;0;83;0;83;0;85;0;88;0;91;1;92;0;91;1
7/31/2025;11:25:32 PM;WG REA FORD CA029;86;0;85;0;86;0;85;0;86;0;86;0;86;0;87;0;89;0;91;1;93;0;92;1
7/31/2025;11:26:32 PM;WG REA FORD CA029;89;0;88;0;89;0;89;0;89;0;89;0;89;0;89;0;92;0;91;1;93;0;92;1
7/31/2025;11:27:32 PM;WG REA FORD CA029;92;0;91;0;92;0;92;0;92;0;92;0;92;0;92;0;95;0;94;1;95;0;94;1
7/31/2025;11:28:32 PM;WG REA FORD CA029;95;0;94;0;95;0;94;0;95;0;95;0;95;0;95;0;98;0;97;1;98;0;97;1
7/31/2025;11:29:32 PM;WG REA FORD CA029;98;0;97;0;98;0;97;0;97;0;98;0;98;0;99;0;101;0;100;1;101;0;100;1
7/31/2025;11:30:32 PM;WG REA FORD CA029;101;0;100;0;101;0;100;0;100;0;101;0;101;0;102;0;104;0;103;1;104;0;103;1
7/31/2025;11:31:32 PM;WG REA FORD CA029;104;0;103;0;104;0;103;0;103;0;104;0;104;0;105;0;107;0;105;2;106;0;105;1
7/31/2025;11:32:32 PM;WG REA FORD CA029;107;0;106;0;107;0;106;0;106;0;107;0;106;0;107;0;110;0;108;2;109;0;107;1
7/31/2025;11:33:32 PM;WG REA FORD CA029;110;0;109;0;110;0;109;0;109;0;110;0;109;0;110;0;113;0;111;2;111;0;110;1
7/31/2025;11:34:32 PM;WG REA FORD CA029;113;0;112;0;113;0;112;0;112;0;113;0;112;0;113;0;115;0;114;2;114;0;113;1
7/31/2025;11:35:32 PM;WG REA FORD CA029;116;0;115;0;116;0;115;0;115;0;116;0;115;0;116;0;118;0;116;2;117;0;116;1
7/31/2025;11:36:32 PM;WG REA FORD CA029;119;0;118;0;119;0;118;0;118;0;118;0;118;0;119;0;121;0;119;2;120;0;119;1
7/31/2025;11:37:32 PM;WG REA FORD CA029;122;0;121;0;122;0;121;0;121;0;121;0;121;0;122;0;124;0;121;2;122;0;120;1
7/31/2025;11:38:32 PM;WG REA FORD CA029;124;0;123;0;124;0;123;0;124;0;124;0;124;0;125;0;127;0;124;2;124;0;122;2
7/31/2025;11:39:32 PM;WG REA FORD CA029;124;0;123;0;124;0;123;0;124;0;124;0;124;0;127;0;129;0;127;2;127;0;125;2
7/31/2025;11:40:32 PM;WG REA FORD CA029;125;0;124;0;124;0;124;0;124;0;124;0;124;0;128;0;131;0;130;2;130;0;128;2
7/31/2025;11:41:32 PM;WG REA FORD CA029;125;0;124;0;125;0;124;0;124;0;125;0;124;0;128;0;131;0;133;2;133;0;131;2
7/31/2025;11:42:32 PM;WG REA FORD CA029;127;0;126;0;126;0;125;0;126;0;127;0;126;0;128;0;131;0;133;2;135;0;133;2
7/31/2025;11:43:32 PM;WG REA FORD CA029;129;0;128;1;129;0;128;0;129;0;129;0;129;0;130;0;132;0;133;2;135;0;133;2
7/31/2025;11:44:32 PM;WG REA FORD CA029;131;0;129;1;129;0;128;0;129;0;129;0;129;0;132;0;135;0;134;2;135;0;133;2
7/31/2025;11:45:32 PM;WG REA FORD CA029;133;0;131;1;132;0;131;0;131;0;132;0;131;0;132;0;135;0;136;2;138;0;135;2
7/31/2025;11:46:32 PM;WG REA FORD CA029;135;0;134;1;135;0;134;0;134;0;135;0;134;0;135;0;138;0;137;2;139;0;137;2
7/31/2025;11:47:32 PM;WG REA FORD CA029;139;0;137;1;138;0;137;0;137;0;138;0;137;0;138;0;140;0;139;2;140;0;138;2
7/31/2025;11:48:32 PM;WG REA FORD CA029;142;0;140;1;141;0;140;0;140;0;141;0;140;0;141;0;143;0;141;2;142;0;140;2
7/31/2025;11:49:32 PM;WG REA FORD CA029;145;0;143;1;144;0;143;0;143;0;144;0;143;0;144;0;145;0;144;2;145;0;143;2
7/31/2025;11:50:32 PM;WG REA FORD CA029;148;0;146;1;147;0;146;0;146;0;146;0;146;0;147;0;149;0;146;2;148;0;145;2
7/31/2025;11:51:32 PM;WG REA FORD CA029;149;1;148;1;149;0;148;0;149;0;149;0;149;0;150;0;152;0;149;2;150;0;148;2
7/31/2025;11:52:32 PM;WG REA FORD CA029;153;1;151;1;152;0;152;0;152;0;152;0;152;0;152;0;154;0;151;3;153;0;150;2
7/31/2025;11:53:32 PM;WG REA FORD CA029;155;2;154;1;155;0;155;0;155;0;155;0;155;0;155;0;157;0;154;3;155;0;153;2
7/31/2025;11:54:32 PM;WG REA FORD CA029;156;5;155;1;158;0;158;0;158;0;158;0;158;0;159;0;160;0;157;3;158;0;154;2
7/31/2025;11:55:32 PM;WG REA FORD CA029;157;5;156;1;159;0;159;0;159;0;160;0;159;0;162;0;163;0;159;3;160;0;157;2
7/31/2025;11:56:32 PM;WG REA FORD CA029;157;5;156;1;159;0;159;0;159;0;160;0;159;0;162;0;165;0;162;3;163;0;160;2
7/31/2025;11:57:32 PM;WG REA FORD CA029;157;5;156;1;159;0;159;0;159;0;160;0;159;0;162;0;165;0;165;3;165;0;163;2
7/31/2025;11:58:32 PM;WG REA FORD CA029;158;6;156;1;160;0;160;0;160;0;161;0;160;0;162;0;165;0;166;3;168;0;166;2
7/31/2025;11:59:32 PM;WG REA FORD CA029;161;6;158;2;161;0;163;0;163;0;164;0;163;0;164;0;167;0;166;3;168;0;166;2
8/1/2025;12:00:32 AM;WG REA FORD CA029;164;6;162;2;165;0;165;0;165;0;166;0;165;0;166;0;169;0;167;3;168;0;166;2
8/1/2025;12:01:32 AM;WG REA FORD CA029;168;6;165;2;168;0;168;0;168;0;169;0;168;0;169;0;172;0;169;3;171;0;168;2
8/1/2025;12:02:32 AM;WG REA FORD CA029;171;6;168;2;171;0;171;0;171;0;172;0;172;0;172;0;175;0;172;3;173;0;171;2
8/1/2025;12:03:32 AM;WG REA FORD CA029;175;6;172;2;175;0;174;0;174;0;175;0;174;0;176;0;177;0;175;3;176;0;174;2
8/1/2025;12:04:32 AM;WG REA FORD CA029;178;6;175;2;178;0;177;0;177;0;178;0;177;0;178;0;177;0;175;3;177;0;175;2
8/1/2025;12:05:32 AM;WG REA FORD CA029;182;6;179;2;180;0;180;0;180;0;179;0;180;0;181;0;180;0;177;3;178;0;175;2
8/1/2025;12:06:32 AM;WG REA FORD CA029;184;6;181;2;181;0;180;0;180;0;179;0;180;0;183;0;183;0;180;3;181;0;178;2
8/1/2025;12:07:32 AM;WG REA FORD CA029;184;6;181;2;181;0;180;0;180;0;180;0;180;0;183;0;186;0;182;3;183;0;181;2
8/1/2025;12:08:32 AM;WG REA FORD CA029;185;6;183;2;184;0;183;0;183;0;182;1;183;0;184;0;187;0;185;3;186;0;184;2
8/1/2025;12:09:32 AM;WG REA FORD CA029;188;6;186;2;186;0;186;0;186;0;185;1;185;0;187;0;189;0;187;3;189;0;187;2
8/1/2025;12:10:32 AM;WG REA FORD CA029;191;6;189;2;189;0;189;0;189;0;188;1;188;0;189;0;190;0;189;3;191;0;189;2
8/1/2025;12:11:32 AM;WG REA FORD CA029;194;6;191;2;192;0;192;0;192;0;191;1;191;0;192;0;193;0;191;3;193;0;190;2
8/1/2025;12:12:32 AM;WG REA FORD CA029;197;6;194;2;195;0;195;0;195;0;194;1;194;0;195;0;196;0;194;3;195;0;192;2
8/1/2025;12:13:32 AM;WG REA FORD CA029;200;6;197;2;198;0;198;0;198;0;197;1;197;0;198;0;199;0;196;3;197;0;195;2
8/1/2025;12:14:32 AM;WG REA FORD CA029;203;6;200;2;201;0;200;0;200;0;200;1;200;0;200;0;202;0;199;3;200;0;198;2
8/1/2025;12:15:32 AM;WG REA FORD CA029;206;6;203;2;204;0;203;0;204;0;203;1;203;0;201;0;204;0;202;3;203;0;200;2
8/1/2025;12:16:32 AM;WG REA FORD CA029;208;6;205;2;205;0;204;0;205;0;204;1;204;0;203;0;206;0;205;3;205;0;202;2
8/1/2025;12:17:32 AM;WG REA FORD CA029;208;6;205;2;205;0;204;0;205;0;204;1;204;0;206;0;209;0;206;3;207;0;205;2
8/1/2025;12:18:32 AM;WG REA FORD CA029;208;6;206;2;206;0;206;0;206;0;205;1;205;0;207;0;210;0;209;3;209;1;207;2
8/1/2025;12:19:32 AM;WG REA FORD CA029;211;6;208;2;209;0;209;0;209;0;208;1;208;0;209;0;211;0;211;3;211;1;208;2
8/1/2025;12:20:32 AM;WG REA FORD CA029;213;6;211;2;211;0;212;0;212;0;211;1;211;0;212;0;214;0;211;3;212;1;210;2
8/1/2025;12:21:32 AM;WG REA FORD CA029;216;6;213;2;214;0;215;0;215;0;214;1;214;0;215;0;217;0;214;3;214;1;212;2
8/1/2025;12:22:32 AM;WG REA FORD CA029;219;6;217;2;217;0;218;0;218;0;217;1;217;0;218;0;219;0;217;3;217;1;215;2
8/1/2025;12:23:32 AM;WG REA FORD CA029;222;6;220;2;220;0;221;0;221;0;220;1;220;0;221;0;222;0;219;3;220;1;217;2
8/1/2025;12:24:32 AM;WG REA FORD CA029;225;6;222;2;223;0;224;0;224;0;223;1;223;0;224;0;225;0;222;3;222;1;220;2
8/1/2025;12:25:32 AM;WG REA FORD CA029;228;6;225;2;226;0;227;0;227;0;226;1;226;0;227;0;228;0;225;3;225;1;223;2
8/1/2025;12:26:32 AM;WG REA FORD CA029;231;6;228;2;229;0;230;0;230;0;229;1;229;0;230;0;231;0;228;3;228;1;226;2
8/1/2025;12:27:32 AM;WG REA FORD CA029;234;6;231;2;232;0;233;0;233;0;232;1;232;0;233;0;234;0;231;3;231;1;229;2
8/1/2025;12:28:32 AM;WG REA FORD CA029;237;6;234;2;235;0;236;0;236;0;235;1;235;0;236;0;236;0;234;3;234;1;232;2
8/1/2025;12:29:32 AM;WG REA FORD CA029;240;6;237;2;238;0;238;0;239;0;238;1;238;0;239;0;240;0;237;3;236;1;234;2
8/1/2025;12:30:32 AM;WG REA FORD CA029;243;6;240;2;241;0;242;0;242;0;241;1;241;0;242;0;243;0;240;3;239;1;237;2
8/1/2025;12:31:32 AM;WG REA FORD CA029;246;6;243;2;244;0;244;0;245;0;244;1;244;0;245;0;246;0;243;3;242;1;239;2
8/1/2025;12:32:32 AM;WG REA FORD CA029;249;6;246;2;247;0;247;0;247;0;247;1;247;0;248;0;249;0;245;3;245;1;242;2
8/1/2025;12:33:32 AM;WG REA FORD CA029;252;6;249;2;250;0;250;0;250;0;250;1;250;0;251;0;252;0;248;3;248;1;245;2
8/1/2025;12:34:32 AM;WG REA FORD CA029;255;6;252;2;253;0;253;0;253;0;253;1;253;0;253;0;255;0;251;3;250;1;248;2
8/1/2025;12:35:32 AM;WG REA FORD CA029;258;6;255;2;256;0;256;0;256;0;256;1;255;0;256;0;258;0;254;3;253;1;251;2
8/1/2025;12:36:32 AM;WG REA FORD CA029;260;6;258;2;259;0;259;0;259;0;259;1;258;0;259;0;260;0;257;3;256;1;254;2
8/1/2025;12:37:32 AM;WG REA FORD CA029;264;6;261;2;262;0;262;0;262;0;262;1;261;0;262;0;263;0;260;3;259;1;257;2
8/1/2025;12:38:32 AM;WG REA FORD CA029;266;6;264;2;265;0;265;0;265;0;264;1;264;0;265;0;266;0;262;3;262;1;260;2
8/1/2025;12:39:32 AM;WG REA FORD CA029;269;6;267;2;268;0;268;0;268;0;267;1;267;0;267;1;269;0;265;3;264;1;262;2
8/1/2025;12:40:32 AM;WG REA FORD CA029;272;6;269;2;269;0;269;0;270;0;269;1;269;0;271;1;272;0;268;3;267;1;265;2
8/1/2025;12:41:32 AM;WG REA FORD CA029;272;6;269;2;269;0;269;0;270;0;269;1;269;0;272;1;274;0;271;3;270;1;268;2
8/1/2025;12:42:32 AM;WG REA FORD CA029;272;6;269;2;269;0;269;0;270;0;269;1;269;0;272;1;275;0;273;3;272;1;269;2
8/1/2025;12:43:32 AM;WG REA FORD CA029;272;6;269;2;269;0;270;0;270;0;269;1;269;0;272;1;275;0;276;3;275;1;271;3
8/1/2025;12:44:32 AM;WG REA FORD CA029;272;6;269;2;269;0;270;0;270;0;269;1;269;0;272;1;275;0;276;3;277;1;273;3
8/1/2025;12:45:32 AM;WG REA FORD CA029;272;6;269;2;269;0;270;0;270;0;269;1;269;0;272;1;275;0;276;3;277;1;274;3
8/1/2025;12:46:32 AM;WG REA FORD CA029;272;6;269;2;269;0;270;0;270;0;269;1;269;0;272;1;275;0;276;3;277;1;274;3
8/1/2025;12:47:32 AM;WG REA FORD CA029;272;6;269;2;269;0;270;0;270;0;269;1;269;0;272;1;275;0;276;3;277;1;274;3
8/1/2025;12:48:32 AM;WG REA FORD CA029;272;6;269;2;269;0;270;0;270;0;269;1;269;0;272;1;275;0;276;3;277;1;274;3
8/1/2025;12:49:32 AM;WG REA FORD CA029;272;6;269;2;269;0;270;0;270;0;269;1;269;0;272;1;275;0;276;3;277;1;274;3
8/1/2025;12:50:32 AM;WG REA FORD CA029;272;6;269;2;269;0;270;0;270;0;269;1;269;0;272;1;275;0;276;3;277;1;274;3
8/1/2025;12:51:32 AM;WG REA FORD CA029;272;6;269;2;269;0;270;0;270;0;269;1;269;0;272;1;275;0;276;3;277;1;274;3
8/1/2025;12:52:32 AM;WG REA FORD CA029;272;6;269;2;269;0;270;0;270;0;269;1;269;0;272;1;275;0;276;3;277;1;274;3
8/1/2025;12:53:32 AM;WG REA FORD CA029;272;6;269;2;269;0;270;0;270;0;269;1;269;0;272;1;275;0;276;3;277;1;274;3
8/1/2025;12:54:32 AM;WG REA FORD CA029;272;6;269;2;269;0;270;0;270;0;269;1;269;0;272;1;275;0;276;3;277;1;274;3
8/1/2025;12:55:32 AM;WG REA FORD CA029;272;6;269;2;269;0;270;0;270;0;269;1;269;0;272;1;275;0;276;3;277;1;274;3
8/1/2025;12:56:32 AM;WG REA FORD CA029;272;6;269;2;269;0;270;0;270;0;269;1;269;0;272;1;275;0;276;3;277;1;274;3
8/1/2025;12:57:32 AM;WG REA FORD CA029;272;6;269;2;269;0;270;0;270;0;269;1;269;0;272;1;275;0;276;3;277;1;274;3
8/1/2025;12:58:32 AM;WG REA FORD CA029;272;6;269;2;269;0;270;0;270;0;269;1;269;0;272;1;275;0;276;3;277;1;274;3
8/1/2025;12:59:32 AM;WG REA FORD CA029;272;6;269;2;269;0;270;0;270;0;269;1;269;0;272;1;275;0;276;3;277;1;274;3
8/1/2025;1:00:32 AM;WG REA FORD CA029;272;6;269;2;269;0;270;0;270;0;269;1;269;0;272;1;275;0;276;3;277;1;274;3
8/1/2025;1:01:32 AM;WG REA FORD CA029;272;6;269;2;269;0;270;0;270;0;269;1;269;0;272;1;275;0;276;3;277;1;274;3
8/1/2025;1:02:32 AM;WG REA FORD CA029;272;6;269;2;269;0;270;0;270;0;269;1;269;0;272;1;275;0;276;3;277;1;274;3
8/1/2025;1:03:32 AM;WG REA FORD CA029;272;6;269;2;269;0;270;0;270;0;269;1;269;0;272;1;275;0;276;3;277;1;274;3
8/1/2025;1:04:32 AM;WG REA FORD CA029;272;6;269;2;269;0;270;0;270;0;269;1;269;0;272;1;275;0;276;3;277;1;274;3
8/1/2025;1:05:32 AM;WG REA FORD CA029;272;6;269;2;269;0;270;0;270;0;269;1;269;0;272;1;275;0;276;3;277;1;274;3
8/1/2025;1:06:32 AM;WG REA FORD CA029;273;6;270;2;270;0;271;0;271;0;270;1;270;0;272;1;275;0;276;3;277;1;274;3
8/1/2025;1:07:32 AM;WG REA FORD CA029;275;6;272;2;273;0;274;0;274;0;273;1;273;0;272;1;275;0;276;3;277;1;274;3
8/1/2025;1:08:32 AM;WG REA FORD CA029;278;6;275;2;276;0;277;0;277;0;276;1;276;0;272;1;275;0;276;3;277;1;274;3
8/1/2025;1:09:32 AM;WG REA FORD CA029;281;6;279;2;279;0;280;0;280;0;279;1;278;0;272;1;275;0;276;3;277;1;274;3
8/1/2025;1:10:32 AM;WG REA FORD CA029;282;7;280;2;281;0;281;0;281;0;281;1;278;0;272;1;275;0;276;3;277;1;274;3
8/1/2025;1:11:32 AM;WG REA FORD CA029;282;7;280;2;281;0;281;0;281;0;281;1;278;0;272;1;275;0;276;3;277;1;274;3
8/1/2025;1:12:32 AM;WG REA FORD CA029;282;7;280;2;281;0;281;0;281;0;281;1;278;0;272;1;275;0;276;3;277;1;274;3
8/1/2025;1:13:32 AM;WG REA FORD CA029;285;7;282;3;284;0;284;0;284;0;284;1;278;0;272;1;275;0;276;3;277;1;274;3
8/1/2025;1:14:32 AM;WG REA FORD CA029;288;7;284;3;284;0;285;0;285;0;285;1;280;0;272;1;275;0;276;3;277;1;274;3
8/1/2025;1:15:32 AM;WG REA FORD CA029;290;7;286;3;287;0;288;0;288;0;287;1;284;0;275;1;278;0;276;3;277;1;274;3
8/1/2025;1:16:32 AM;WG REA FORD CA029;293;7;290;3;290;0;291;0;291;0;290;1;287;0;279;1;281;0;278;3;278;1;275;3
8/1/2025;1:17:32 AM;WG REA FORD CA029;296;7;293;3;294;0;294;0;294;0;293;1;290;0;281;1;284;0;281;3;281;1;277;4
8/1/2025;1:18:32 AM;WG REA FORD CA029;299;7;296;3;296;0;297;0;297;0;296;1;293;0;285;1;287;0;284;3;283;1;278;4
8/1/2025;1:19:32 AM;WG REA FORD CA029;302;7;299;3;300;0;300;0;300;0;299;1;295;0;287;3;289;0;286;3;285;1;280;5
8/1/2025;1:20:32 AM;WG REA FORD CA029;305;7;302;3;302;0;303;0;303;0;302;1;299;0;290;3;291;0;289;3;288;1;283;5
8/1/2025;1:21:32 AM;WG REA FORD CA029;308;7;304;3;305;0;306;0;306;0;305;1;302;0;293;3;294;0;290;4;290;1;285;5
8/1/2025;1:22:32 AM;WG REA FORD CA029;311;7;307;3;308;0;309;0;309;0;308;1;305;0;297;3;298;0;292;5;293;1;288;5
8/1/2025;1:23:32 AM;WG REA FORD CA029;314;7;310;3;311;0;312;0;312;0;311;1;309;0;300;3;300;0;295;5;295;1;290;5
8/1/2025;1:24:32 AM;WG REA FORD CA029;317;7;313;3;314;0;315;0;315;0;314;1;311;0;303;3;302;0;296;6;297;1;292;5
8/1/2025;1:25:32 AM;WG REA FORD CA029;320;7;316;3;317;0;317;0;317;0;317;1;311;0;303;3;302;0;296;6;297;1;292;5
8/1/2025;1:26:32 AM;WG REA FORD CA029;320;7;316;3;317;0;317;0;317;0;317;1;311;0;303;3;302;0;296;6;297;1;292;5
8/1/2025;1:27:32 AM;WG REA FORD CA029;320;7;316;3;317;0;317;0;317;0;317;1;311;0;303;3;302;0;296;6;297;1;292;5
8/1/2025;1:28:32 AM;WG REA FORD CA029;320;7;316;3;317;0;317;0;317;0;317;1;311;0;303;3;303;0;296;7;297;1;292;5
8/1/2025;1:29:32 AM;WG REA FORD CA029;321;7;317;3;319;0;319;0;319;0;319;1;313;0;305;3;304;0;296;8;297;1;292;5
8/1/2025;1:30:32 AM;WG REA FORD CA029;322;7;318;3;319;0;319;0;319;0;319;1;313;0;305;3;304;0;296;8;297;1;292;5
8/1/2025;1:31:32 AM;WG REA FORD CA029;322;7;318;3;319;0;319;0;319;0;319;1;314;0;305;3;305;0;297;9;297;1;292;5
8/1/2025;1:32:32 AM;WG REA FORD CA029;322;7;318;3;321;0;322;0;322;0;322;1;317;0;309;3;309;0;300;9;299;1;294;5
8/1/2025;1:33:32 AM;WG REA FORD CA029;325;7;321;3;324;0;325;0;325;0;325;1;320;0;312;3;312;0;302;9;302;1;296;5
8/1/2025;1:34:32 AM;WG REA FORD CA029;328;7;324;3;327;0;328;0;328;0;328;1;323;0;315;3;315;0;305;9;305;1;299;5
8/1/2025;1:35:32 AM;WG REA FORD CA029;331;7;328;3;330;0;331;0;331;0;331;1;327;0;318;3;318;0;308;9;308;1;302;5
8/1/2025;1:36:32 AM;WG REA FORD CA029;334;7;331;3;333;0;334;0;334;0;334;1;330;0;321;3;321;0;311;9;310;1;305;5
8/1/2025;1:37:32 AM;WG REA FORD CA029;337;7;334;3;336;0;337;0;337;0;337;1;333;0;324;3;324;0;314;9;313;1;308;5
8/1/2025;1:38:32 AM;WG REA FORD CA029;340;7;336;3;339;0;339;0;338;0;339;1;336;0;327;3;326;0;316;10;316;1;311;5
8/1/2025;1:39:32 AM;WG REA FORD CA029;342;7;338;3;339;0;340;0;340;0;339;1;338;0;330;3;329;0;319;10;319;1;313;5
8/1/2025;1:40:32 AM;WG REA FORD CA029;345;7;341;3;342;0;343;0;343;0;342;1;342;0;334;3;332;0;322;10;321;1;316;5
8/1/2025;1:41:32 AM;WG REA FORD CA029;348;7;345;3;345;0;345;0;346;0;344;2;345;0;337;3;335;0;325;10;324;1;319;5
8/1/2025;1:42:32 AM;WG REA FORD CA029;351;7;347;3;348;0;349;0;349;0;347;2;347;0;340;3;338;0;327;10;327;1;322;5
8/1/2025;1:43:32 AM;WG REA FORD CA029;354;7;350;3;351;0;351;0;351;0;350;2;350;0;344;3;341;0;329;11;329;1;324;5
8/1/2025;1:44:32 AM;WG REA FORD CA029;357;7;353;3;354;0;354;0;354;0;353;2;353;0;347;3;344;0;332;11;332;1;327;5
8/1/2025;1:45:32 AM;WG REA FORD CA029;360;7;356;3;357;0;357;0;358;0;356;2;356;0;350;3;347;0;335;11;335;1;330;5
8/1/2025;1:46:32 AM;WG REA FORD CA029;363;7;359;3;360;0;360;0;360;0;359;2;359;0;353;3;350;0;338;11;337;1;332;5
8/1/2025;1:47:32 AM;WG REA FORD CA029;366;7;362;3;363;0;363;0;363;0;362;2;362;0;355;3;352;0;341;11;340;1;335;5
8/1/2025;1:48:32 AM;WG REA FORD CA029;369;7;365;3;366;0;366;0;366;0;365;2;365;0;359;3;354;0;344;11;343;1;338;5
8/1/2025;1:49:32 AM;WG REA FORD CA029;372;7;368;3;369;0;369;0;369;0;368;2;367;0;362;3;357;0;346;11;346;1;341;5
8/1/2025;1:50:32 AM;WG REA FORD CA029;374;7;370;3;372;0;372;0;372;0;371;2;370;0;364;3;360;0;349;11;348;1;343;5
8/1/2025;1:51:32 AM;WG REA FORD CA029;377;7;373;3;374;0;375;0;375;0;374;2;373;0;365;3;363;0;352;11;351;1;346;5
8/1/2025;1:52:32 AM;WG REA FORD CA029;380;7;376;3;377;0;378;0;378;0;377;2;376;0;368;3;366;0;355;11;354;1;349;5
8/1/2025;1:53:32 AM;WG REA FORD CA029;383;7;379;3;380;0;381;0;381;0;379;2;379;0;371;3;369;0;356;11;356;1;350;5
8/1/2025;1:54:32 AM;WG REA FORD CA029;385;7;382;3;383;0;384;0;384;0;382;2;382;0;375;3;371;0;359;11;358;1;353;5
8/1/2025;1:55:32 AM;WG REA FORD CA029;387;7;384;3;386;0;387;0;387;0;385;2;385;0;378;3;374;0;362;11;361;1;356;5
8/1/2025;1:56:32 AM;WG REA FORD CA029;390;7;386;3;389;0;390;0;390;0;388;2;388;0;381;3;376;0;365;11;364;1;359;5
8/1/2025;1:57:32 AM;WG REA FORD CA029;393;7;389;3;391;0;393;0;393;0;391;2;391;0;384;3;379;0;367;11;367;1;362;5
8/1/2025;1:58:32 AM;WG REA FORD CA029;396;7;392;3;394;0;396;0;396;0;394;2;394;0;387;3;382;0;370;11;369;1;364;5
8/1/2025;1:59:32 AM;WG REA FORD CA029;399;7;395;3;397;0;399;0;399;0;397;2;397;0;390;3;385;0;373;11;372;1;367;5
8/1/2025;2:00:32 AM;WG REA FORD CA029;401;7;398;3;400;0;402;0;402;0;400;2;400;0;393;3;387;0;375;12;375;1;370;5
8/1/2025;2:01:32 AM;WG REA FORD CA029;404;7;400;3;403;0;405;0;405;0;403;2;403;0;396;3;390;0;378;12;377;1;372;5
8/1/2025;2:02:32 AM;WG REA FORD CA029;407;7;403;3;406;0;408;0;408;0;406;2;406;0;399;3;393;0;380;12;380;1;373;5
8/1/2025;2:03:32 AM;WG REA FORD CA029;410;7;406;3;409;0;410;0;411;0;409;2;409;0;402;3;395;0;383;12;382;1;376;5
8/1/2025;2:04:32 AM;WG REA FORD CA029;412;7;408;3;411;0;413;0;414;0;412;2;412;0;406;3;398;0;385;13;384;1;379;5
8/1/2025;2:05:32 AM;WG REA FORD CA029;415;7;411;3;414;0;416;0;417;0;415;2;415;0;409;3;400;0;386;13;386;1;380;5
8/1/2025;2:06:32 AM;WG REA FORD CA029;418;7;414;3;417;0;420;0;419;0;418;2;418;0;410;3;400;0;386;14;386;1;381;5
8/1/2025;2:07:32 AM;WG REA FORD CA029;418;7;414;3;417;0;421;0;421;0;420;2;418;0;410;3;400;0;386;14;387;1;382;5
8/1/2025;2:08:32 AM;WG REA FORD CA029;418;7;414;3;417;0;421;0;422;0;421;2;420;0;413;3;403;0;389;14;389;1;384;5
8/1/2025;2:09:32 AM;WG REA FORD CA029;420;7;416;3;419;0;422;0;422;0;421;2;421;0;416;3;406;0;391;15;392;1;387;5
8/1/2025;2:10:32 AM;WG REA FORD CA029;423;7;419;3;422;0;423;0;423;0;422;2;421;0;417;3;407;0;391;15;392;1;387;5
8/1/2025;2:11:32 AM;WG REA FORD CA029;424;7;420;3;422;0;423;0;423;0;423;2;422;0;418;3;409;0;393;16;392;2;388;5
8/1/2025;2:12:32 AM;WG REA FORD CA029;425;7;422;3;422;0;423;0;423;0;423;2;423;0;420;3;410;0;394;16;393;2;388;5
8/1/2025;2:13:32 AM;WG REA FORD CA029;426;7;422;3;422;0;423;0;423;0;423;2;423;0;420;3;410;0;394;16;393;2;388;5
8/1/2025;2:14:32 AM;WG REA FORD CA029;426;7;422;3;422;0;423;0;423;0;423;2;423;0;420;3;410;0;394;16;393;2;388;5
8/1/2025;2:15:32 AM;WG REA FORD CA029;426;7;422;3;422;0;423;0;424;0;423;2;423;0;422;3;413;0;397;16;396;2;390;5
8/1/2025;2:16:32 AM;WG REA FORD CA029;426;7;422;3;423;0;425;0;425;0;424;2;423;0;425;3;417;0;400;16;398;2;393;5
8/1/2025;2:17:32 AM;WG REA FORD CA029;426;7;422;3;424;0;428;0;428;0;427;2;426;0;427;3;419;0;403;16;401;2;396;5
8/1/2025;2:18:32 AM;WG REA FORD CA029;426;7;422;3;424;0;428;0;428;0;427;2;426;0;429;3;422;0;405;16;404;2;397;5
8/1/2025;2:19:32 AM;WG REA FORD CA029;427;7;423;3;426;0;429;0;429;0;428;2;427;0;429;3;424;0;407;16;405;2;399;6
8/1/2025;2:20:32 AM;WG REA FORD CA029;430;7;427;3;430;0;432;0;432;0;431;2;430;0;431;3;427;0;410;16;408;2;402;6
8/1/2025;2:21:32 AM;WG REA FORD CA029;434;7;430;3;433;0;435;0;435;0;434;2;433;0;434;3;429;0;412;16;411;2;403;6
8/1/2025;2:22:32 AM;WG REA FORD CA029;437;7;434;3;436;0;438;0;438;0;436;2;436;0;437;3;431;0;415;16;413;2;406;6
8/1/2025;2:23:32 AM;WG REA FORD CA029;440;7;437;3;440;0;441;0;441;0;439;2;439;0;440;3;434;0;417;16;415;2;409;6
8/1/2025;2:24:32 AM;WG REA FORD CA029;444;7;440;3;442;0;444;0;444;0;442;2;442;0;443;3;437;0;420;16;418;2;412;6
8/1/2025;2:25:32 AM;WG REA FORD CA029;447;7;444;3;445;0;447;0;447;0;445;2;445;0;446;3;439;0;421;16;418;2;413;6
8/1/2025;2:26:32 AM;WG REA FORD CA029;451;7;447;3;448;0;450;0;450;0;448;2;448;0;449;3;439;0;421;16;418;2;413;6
8/1/2025;2:27:32 AM;WG REA FORD CA029;454;7;450;3;451;0;453;0;453;0;451;2;451;0;452;3;439;0;421;16;418;2;413;6
8/1/2025;2:28:32 AM;WG REA FORD CA029;457;7;453;3;454;0;456;0;456;0;454;2;454;0;455;3;439;0;421;16;418;2;413;6
8/1/2025;2:29:32 AM;WG REA FORD CA029;457;7;453;3;456;0;459;0;459;0;457;2;457;0;457;3;439;0;421;16;418;2;413;6
8/1/2025;2:30:32 AM;WG REA FORD CA029;457;7;453;3;456;0;460;0;460;0;459;2;458;0;457;3;439;0;421;16;418;2;413;6
8/1/2025;2:31:32 AM;WG REA FORD CA029;457;7;453;3;456;0;460;0;461;0;460;2;459;0;457;3;440;0;424;16;419;2;413;6
8/1/2025;2:32:32 AM;WG REA FORD CA029;457;7;453;3;456;0;460;0;461;0;461;2;460;0;459;3;443;0;426;16;422;2;414;6
8/1/2025;2:33:32 AM;WG REA FORD CA029;460;7;456;3;459;0;462;0;462;0;461;2;460;0;462;3;445;0;428;16;424;2;416;7
8/1/2025;2:34:32 AM;WG REA FORD CA029;462;7;458;3;461;0;464;0;464;0;463;2;462;0;464;3;448;0;431;16;427;2;419;7
8/1/2025;2:35:32 AM;WG REA FORD CA029;464;7;461;3;463;0;466;0;466;0;465;2;464;0;466;3;451;0;434;16;430;2;422;7
8/1/2025;2:36:32 AM;WG REA FORD CA029;467;7;463;3;466;0;469;0;469;0;468;2;467;0;468;3;454;0;437;16;433;2;425;7
8/1/2025;2:37:32 AM;WG REA FORD CA029;470;7;466;3;469;0;472;0;472;0;471;2;470;0;471;4;456;0;438;16;434;2;426;7
8/1/2025;2:38:32 AM;WG REA FORD CA029;473;7;469;3;472;0;475;0;475;0;474;2;473;0;474;4;458;0;441;16;437;2;429;8
8/1/2025;2:39:32 AM;WG REA FORD CA029;474;7;471;3;474;0;477;0;477;0;476;2;475;0;477;4;461;0;444;16;440;2;432;8
8/1/2025;2:40:32 AM;WG REA FORD CA029;477;7;474;3;477;0;479;0;479;0;478;2;477;0;478;4;464;0;447;16;443;2;435;8
8/1/2025;2:41:32 AM;WG REA FORD CA029;480;7;477;3;479;0;482;0;482;0;481;2;480;0;481;4;467;0;450;16;446;2;437;8
8/1/2025;2:42:32 AM;WG REA FORD CA029;483;7;479;3;482;0;485;0;485;0;484;2;483;0;484;4;468;0;451;16;447;2;439;8
8/1/2025;2:43:32 AM;WG REA FORD CA029;486;7;482;3;485;0;488;0;488;0;487;2;486;0;487;4;471;0;454;16;450;2;442;8
8/1/2025;2:44:32 AM;WG REA FORD CA029;487;7;484;3;487;0;489;0;489;0;488;2;488;0;490;4;474;0;456;16;452;2;443;8
8/1/2025;2:45:32 AM;WG REA FORD CA029;490;7;487;3;490;0;492;0;492;0;491;2;491;0;492;4;475;0;459;16;454;2;446;8
8/1/2025;2:46:32 AM;WG REA FORD CA029;492;7;488;3;491;0;495;0;495;0;494;2;493;0;494;4;478;0;461;16;457;2;449;8
8/1/2025;2:47:32 AM;WG REA FORD CA029;494;7;491;3;494;0;496;0;497;0;495;2;495;0;496;4;481;0;464;17;460;2;452;8
8/1/2025;2:48:32 AM;WG REA FORD CA029;498;7;494;3;497;0;499;0;499;0;498;2;498;0;498;4;484;0;467;17;463;2;455;8
8/1/2025;2:49:32 AM;WG REA FORD CA029;500;7;497;3;499;0;502;0;502;0;501;2;501;0;501;4;487;0;469;17;464;2;456;8
8/1/2025;2:50:32 AM;WG REA FORD CA029;503;7;500;3;502;0;505;0;505;0;504;2;504;0;504;4;489;0;472;17;467;2;458;9
8/1/2025;2:51:32 AM;WG REA FORD CA029;506;7;502;3;505;0;506;0;506;0;505;2;505;0;507;4;492;0;474;18;470;2;461;9
8/1/2025;2:52:32 AM;WG REA FORD CA029;508;7;505;3;507;0;509;0;509;0;508;2;508;0;509;4;495;0;477;18;473;2;464;9
8/1/2025;2:53:32 AM;WG REA FORD CA029;511;7;508;3;511;0;512;0;513;0;511;2;511;0;512;4;498;0;480;18;476;2;467;9
8/1/2025;2:54:32 AM;WG REA FORD CA029;515;7;511;3;514;0;516;0;516;0;514;2;514;0;514;4;501;0;483;18;479;2;470;9
8/1/2025;2:55:32 AM;WG REA FORD CA029;517;7;514;3;517;0;518;0;519;0;517;2;517;0;518;4;503;0;486;18;481;2;473;9
8/1/2025;2:56:32 AM;WG REA FORD CA029;520;7;517;3;520;0;521;0;521;0;520;2;520;0;521;4;507;0;489;18;484;2;476;9
8/1/2025;2:57:32 AM;WG REA FORD CA029;523;7;519;3;522;0;524;0;524;0;523;2;523;0;523;4;510;0;492;18;487;2;479;9
8/1/2025;2:58:32 AM;WG REA FORD CA029;526;7;522;3;525;0;527;0;527;0;526;2;526;0;526;4;513;0;495;18;490;2;482;9
8/1/2025;2:59:32 AM;WG REA FORD CA029;529;7;526;3;529;0;530;0;530;0;529;2;528;0;529;4;516;0;495;20;492;2;484;9
8/1/2025;3:00:32 AM;WG REA FORD CA029;533;7;529;3;532;0;533;0;533;0;532;2;531;0;529;4;516;0;495;20;492;2;484;9
8/1/2025;3:01:32 AM;WG REA FORD CA029;534;7;530;3;533;0;536;0;536;0;535;2;534;0;531;4;518;0;498;20;494;2;486;9
8/1/2025;3:02:32 AM;WG REA FORD CA029;535;7;531;3;534;0;537;0;537;0;536;2;535;0;531;4;519;0;498;20;495;2;486;10
8/1/2025;3:03:32 AM;WG REA FORD CA029;535;7;531;3;534;0;538;0;538;0;537;2;536;0;531;4;519;0;498;20;495;2;486;10
8/1/2025;3:04:32 AM;WG REA FORD CA029;535;7;531;3;534;0;538;0;539;0;538;2;537;0;531;4;519;0;498;20;495;2;486;10
8/1/2025;3:05:32 AM;WG REA FORD CA029;535;7;531;3;534;0;538;0;539;0;539;2;538;0;531;4;519;0;498;20;495;2;486;10
8/1/2025;3:06:32 AM;WG REA FORD CA029;535;7;531;3;534;0;538;0;539;0;539;2;538;0;531;4;519;0;498;20;495;2;486;10
8/1/2025;3:07:32 AM;WG REA FORD CA029;535;7;531;3;534;0;538;0;539;0;539;2;539;0;532;4;519;0;499;20;495;2;486;10
8/1/2025;3:08:32 AM;WG REA FORD CA029;536;7;532;3;535;0;538;0;539;0;539;2;539;0;535;4;522;0;502;20;498;2;488;10
8/1/2025;3:09:32 AM;WG REA FORD CA029;539;7;535;3;538;0;541;0;541;0;540;2;539;0;538;4;525;0;505;20;501;2;491;10
8/1/2025;3:10:32 AM;WG REA FORD CA029;541;7;538;3;541;0;543;0;543;0;542;2;542;0;541;4;528;0;508;20;504;2;494;10
8/1/2025;3:11:32 AM;WG REA FORD CA029;545;7;541;3;544;0;546;0;546;0;545;2;545;0;544;4;531;0;511;20;507;2;497;10
8/1/2025;3:12:32 AM;WG REA FORD CA029;547;7;544;3;546;0;547;0;548;0;546;2;546;0;547;4;534;0;513;20;510;2;500;10
8/1/2025;3:13:32 AM;WG REA FORD CA029;550;7;547;3;549;0;550;0;551;0;548;2;549;0;550;4;537;0;516;20;513;2;503;10
8/1/2025;3:14:32 AM;WG REA FORD CA029;553;7;550;3;552;0;554;0;554;0;551;2;552;0;553;4;540;0;519;20;515;2;506;10
8/1/2025;3:15:32 AM;WG REA FORD CA029;556;7;553;3;555;0;557;0;557;0;554;2;555;0;556;4;543;0;522;20;518;2;509;10
8/1/2025;3:16:32 AM;WG REA FORD CA029;559;7;556;3;558;0;560;0;560;0;557;2;558;0;559;4;546;0;525;20;521;2;512;10
8/1/2025;3:17:32 AM;WG REA FORD CA029;562;7;559;3;561;0;563;0;563;0;560;2;561;0;562;4;549;0;527;21;524;2;514;10
8/1/2025;3:18:32 AM;WG REA FORD CA029;565;7;561;3;564;0;566;0;566;0;563;2;564;0;565;4;552;0;530;21;526;2;517;10
8/1/2025;3:19:32 AM;WG REA FORD CA029;568;7;564;3;567;0;569;0;569;0;566;2;567;0;568;4;555;0;533;21;529;2;520;10
8/1/2025;3:20:32 AM;WG REA FORD CA029;571;7;567;3;570;0;572;0;572;0;569;2;570;0;571;4;557;0;536;21;532;2;523;10
8/1/2025;3:21:32 AM;WG REA FORD CA029;574;7;570;3;573;0;574;0;575;0;572;2;573;0;574;4;561;0;539;21;535;2;526;10
8/1/2025;3:22:32 AM;WG REA FORD CA029;577;7;573;3;576;0;577;0;578;0;575;2;576;0;577;4;563;0;542;21;538;2;529;10
8/1/2025;3:23:32 AM;WG REA FORD CA029;580;7;576;3;579;0;580;0;580;0;578;2;579;0;580;4;566;0;544;22;540;2;531;10
8/1/2025;3:24:32 AM;WG REA FORD CA029;583;7;579;3;582;0;583;0;584;0;581;2;582;0;583;4;569;0;547;22;543;2;534;10
8/1/2025;3:25:32 AM;WG REA FORD CA029;586;7;582;3;585;0;586;0;586;0;584;2;585;0;585;4;572;0;550;22;546;2;537;10
8/1/2025;3:26:32 AM;WG REA FORD CA029;589;7;585;3;588;0;589;0;589;0;587;2;588;0;588;4;575;0;553;22;549;2;538;10
8/1/2025;3:27:32 AM;WG REA FORD CA029;592;7;588;3;591;0;592;0;592;0;590;2;591;0;592;4;578;0;555;22;551;2;541;10
8/1/2025;3:28:32 AM;WG REA FORD CA029;595;7;591;3;594;0;595;0;595;0;593;2;594;0;594;4;581;0;558;22;554;2;544;10
8/1/2025;3:29:32 AM;WG REA FORD CA029;597;7;594;3;597;0;598;0;598;0;596;2;596;0;597;4;583;0;561;22;556;2;547;10
8/1/2025;3:30:32 AM;WG REA FORD CA029;600;7;596;3;599;0;601;0;601;0;599;2;599;0;600;4;586;0;564;22;559;2;549;10
8/1/2025;3:31:32 AM;WG REA FORD CA029;603;7;599;3;602;0;604;0;604;0;602;2;602;0;603;4;589;0;566;22;562;2;552;10
8/1/2025;3:32:32 AM;WG REA FORD CA029;606;7;602;3;605;0;607;0;607;0;604;2;605;0;606;4;592;0;569;22;565;2;555;10
8/1/2025;3:33:32 AM;WG REA FORD CA029;608;7;605;3;607;0;610;0;610;0;607;2;608;0;609;4;595;0;572;22;568;2;558;10
8/1/2025;3:34:32 AM;WG REA FORD CA029;611;7;607;3;610;0;613;0;613;0;610;2;611;0;612;4;597;0;575;22;570;2;561;10
8/1/2025;3:35:32 AM;WG REA FORD CA029;614;7;610;3;613;0;616;0;616;0;613;2;614;0;615;4;600;0;578;22;573;2;564;10
8/1/2025;3:36:32 AM;WG REA FORD CA029;617;7;613;3;616;0;619;0;619;0;616;2;617;0;615;4;604;0;581;22;576;2;567;10
8/1/2025;3:37:32 AM;WG REA FORD CA029;620;7;616;3;619;0;622;0;622;0;619;2;620;0;616;4;606;0;584;22;579;2;570;10
8/1/2025;3:38:32 AM;WG REA FORD CA029;622;8;619;3;622;0;625;0;625;0;622;2;623;0;620;4;609;0;587;22;582;2;573;10
8/1/2025;3:39:32 AM;WG REA FORD CA029;625;8;622;3;625;0;627;0;627;0;625;2;626;0;623;4;612;0;590;22;585;2;576;10
8/1/2025;3:40:32 AM;WG REA FORD CA029;629;8;625;3;628;0;630;0;631;0;628;2;629;0;626;4;615;0;593;22;588;2;579;10
8/1/2025;3:41:32 AM;WG REA FORD CA029;632;8;628;3;631;0;633;0;634;0;631;2;632;0;629;4;618;0;596;22;591;2;582;10
8/1/2025;3:42:32 AM;WG REA FORD CA029;635;8;631;3;634;0;636;0;636;0;634;2;635;0;633;4;621;0;599;22;594;2;585;10
8/1/2025;3:43:32 AM;WG REA FORD CA029;638;8;634;3;637;0;640;0;640;0;637;2;638;0;636;4;624;0;602;22;597;2;588;10
8/1/2025;3:44:32 AM;WG REA FORD CA029;641;8;637;3;640;0;642;0;642;0;640;2;641;0;639;4;627;0;604;22;600;2;590;10
8/1/2025;3:45:32 AM;WG REA FORD CA029;643;8;640;3;643;0;644;0;645;0;642;2;643;0;642;4;630;0;607;22;603;2;593;10
8/1/2025;3:46:32 AM;WG REA FORD CA029;646;8;643;3;646;0;648;0;648;0;645;2;646;0;645;4;633;0;610;22;606;2;595;11
8/1/2025;3:47:32 AM;WG REA FORD CA029;649;8;645;3;648;0;651;0;651;0;648;2;649;0;648;4;636;0;613;22;609;2;598;11
8/1/2025;3:48:32 AM;WG REA FORD CA029;652;8;648;3;651;0;654;0;654;0;651;2;652;0;651;4;639;0;616;22;611;2;601;11
8/1/2025;3:49:32 AM;WG REA FORD CA029;655;8;651;3;654;0;657;0;657;0;654;2;655;0;654;4;641;0;619;22;614;2;604;11
8/1/2025;3:50:32 AM;WG REA FORD CA029;658;8;654;3;657;0;660;0;660;0;657;2;658;0;657;5;644;0;622;22;617;2;607;11
8/1/2025;3:51:32 AM;WG REA FORD CA029;661;8;657;3;660;0;662;0;663;0;660;2;661;0;660;5;647;0;625;22;620;2;610;11
8/1/2025;3:52:32 AM;WG REA FORD CA029;664;8;660;3;663;0;665;0;666;0;663;2;664;0;663;5;650;0;628;22;623;2;613;11
8/1/2025;3:53:32 AM;WG REA FORD CA029;667;8;663;3;666;0;668;0;669;0;666;2;667;0;666;5;653;0;631;22;626;2;616;11
8/1/2025;3:54:32 AM;WG REA FORD CA029;670;8;666;3;669;0;671;0;671;0;669;2;670;0;670;5;656;0;634;22;629;2;619;11
8/1/2025;3:55:32 AM;WG REA FORD CA029;673;8;669;3;672;0;674;0;674;0;672;2;673;0;673;5;659;0;637;22;632;2;622;11
8/1/2025;3:56:32 AM;WG REA FORD CA029;676;8;672;3;675;0;677;0;677;0;675;2;675;0;676;5;662;0;640;22;635;2;625;11
8/1/2025;3:57:32 AM;WG REA FORD CA029;679;8;675;3;678;0;680;0;680;0;678;2;678;0;678;7;665;0;642;23;638;2;627;11
8/1/2025;3:58:32 AM;WG REA FORD CA029;682;8;678;3;681;0;683;0;683;0;681;2;681;0;681;7;668;0;645;23;641;2;630;11
8/1/2025;3:59:32 AM;WG REA FORD CA029;684;8;681;3;684;0;686;0;686;0;684;2;684;0;684;7;671;0;648;23;644;2;633;11
8/1/2025;4:00:32 AM;WG REA FORD CA029;688;8;684;3;687;0;689;0;689;0;687;2;687;0;687;7;674;0;651;23;646;2;636;11
8/1/2025;4:01:32 AM;WG REA FORD CA029;691;8;687;3;690;0;692;0;692;0;689;2;690;0;688;7;677;0;654;23;649;2;639;11
8/1/2025;4:02:32 AM;WG REA FORD CA029;693;8;690;3;693;0;695;0;695;0;692;2;693;0;689;7;680;0;657;23;652;2;642;11
8/1/2025;4:03:32 AM;WG REA FORD CA029;696;8;693;3;696;0;698;0;698;0;695;2;696;0;692;7;683;0;660;23;655;2;645;11
8/1/2025;4:04:32 AM;WG REA FORD CA029;699;8;696;3;699;0;701;0;701;0;698;2;699;0;695;7;686;0;662;24;658;2;648;11
8/1/2025;4:05:32 AM;WG REA FORD CA029;702;8;699;3;702;0;704;0;704;0;701;2;702;0;698;8;689;0;665;24;661;2;650;11
8/1/2025;4:06:32 AM;WG REA FORD CA029;705;8;702;3;705;0;707;0;707;0;704;2;705;0;700;8;692;0;668;24;664;2;653;11
8/1/2025;4:07:32 AM;WG REA FORD CA029;708;8;705;3;708;0;710;0;710;0;707;2;708;0;704;8;695;0;671;24;667;2;656;11
8/1/2025;4:08:32 AM;WG REA FORD CA029;711;8;708;3;711;0;713;0;713;0;710;2;711;0;707;8;698;0;673;24;670;2;659;11
8/1/2025;4:09:32 AM;WG REA FORD CA029;714;8;711;3;714;0;716;0;716;0;713;2;714;0;710;8;701;0;676;24;672;2;661;11
8/1/2025;4:10:32 AM;WG REA FORD CA029;716;8;714;3;717;0;718;0;719;0;716;2;717;0;713;8;704;0;679;24;675;2;664;11
8/1/2025;4:11:32 AM;WG REA FORD CA029;719;8;717;3;719;0;721;0;721;0;719;2;720;0;716;8;707;0;682;24;678;2;667;11
8/1/2025;4:12:32 AM;WG REA FORD CA029;722;8;720;3;722;0;724;0;725;0;722;2;723;0;719;8;710;0;685;24;681;2;670;11
8/1/2025;4:13:32 AM;WG REA FORD CA029;725;8;722;3;725;0;727;0;727;0;725;2;726;0;722;8;713;0;688;24;684;2;673;11
8/1/2025;4:14:32 AM;WG REA FORD CA029;728;8;726;3;728;0;730;0;730;0;728;2;729;0;726;8;716;0;691;24;687;2;676;11
8/1/2025;4:15:32 AM;WG REA FORD CA029;731;8;728;3;731;0;733;0;733;0;731;2;732;0;729;8;719;0;694;24;690;2;679;11
8/1/2025;4:16:32 AM;WG REA FORD CA029;734;8;731;3;734;0;736;0;736;0;734;2;735;0;731;8;722;0;697;24;693;2;681;11
8/1/2025;4:17:32 AM;WG REA FORD CA029;737;8;734;3;737;0;738;0;738;0;734;2;736;0;734;8;725;0;700;24;696;2;684;11
8/1/2025;4:18:32 AM;WG REA FORD CA029;740;8;737;3;737;0;738;0;738;0;735;2;736;0;737;8;727;0;703;24;699;2;687;11
8/1/2025;4:19:32 AM;WG REA FORD CA029;741;8;738;3;739;0;740;0;741;0;738;2;739;0;740;8;730;0;706;24;702;2;690;11
8/1/2025;4:20:32 AM;WG REA FORD CA029;744;8;741;3;742;0;744;0;744;0;740;3;741;0;743;8;733;0;709;24;705;2;693;11
8/1/2025;4:21:32 AM;WG REA FORD CA029;747;8;744;3;745;0;747;0;747;0;743;3;744;0;745;8;736;0;712;24;707;2;696;11
8/1/2025;4:22:32 AM;WG REA FORD CA029;750;8;747;3;748;0;749;0;749;0;746;3;747;0;748;8;739;0;715;24;710;2;699;11
8/1/2025;4:23:32 AM;WG REA FORD CA029;753;8;750;3;751;0;752;0;752;0;749;3;750;0;751;8;742;0;718;24;713;2;702;11
8/1/2025;4:24:32 AM;WG REA FORD CA029;756;8;753;3;754;0;755;0;755;0;752;3;753;0;754;8;745;0;721;24;715;3;704;11
8/1/2025;4:25:32 AM;WG REA FORD CA029;759;8;756;3;757;0;758;0;758;0;755;3;756;0;756;8;748;0;724;24;718;3;707;11
8/1/2025;4:26:32 AM;WG REA FORD CA029;762;8;759;3;760;0;761;0;761;0;758;3;759;0;759;8;750;0;727;24;721;3;710;11
8/1/2025;4:27:32 AM;WG REA FORD CA029;765;8;762;3;763;0;764;0;764;0;761;3;761;0;762;8;753;0;729;24;724;3;713;11
8/1/2025;4:28:32 AM;WG REA FORD CA029;768;8;765;3;766;0;767;0;767;0;764;3;764;0;765;8;756;0;732;24;727;3;716;11
8/1/2025;4:29:32 AM;WG REA FORD CA029;770;8;767;3;769;0;770;0;770;0;767;3;767;0;768;8;759;0;735;24;730;3;719;11
8/1/2025;4:30:32 AM;WG REA FORD CA029;773;8;770;3;771;0;773;0;773;0;769;3;770;0;771;8;763;0;738;24;733;3;722;11
8/1/2025;4:31:32 AM;WG REA FORD CA029;775;8;773;3;773;0;775;0;774;0;772;3;772;0;774;8;766;0;741;24;736;3;725;11
8/1/2025;4:32:32 AM;WG REA FORD CA029;776;8;773;3;774;0;776;0;774;0;772;3;772;0;775;8;769;0;744;24;739;3;728;11
8/1/2025;4:33:32 AM;WG REA FORD CA029;777;8;774;3;775;0;778;0;776;0;772;3;773;0;775;8;771;0;746;24;741;3;730;11
8/1/2025;4:34:32 AM;WG REA FORD CA029;780;8;777;3;778;0;781;0;779;0;775;3;776;0;777;8;774;0;749;24;744;3;732;11
8/1/2025;4:35:32 AM;WG REA FORD CA029;782;8;779;3;781;0;784;0;782;0;778;3;779;0;780;8;777;0;752;24;747;3;735;11
8/1/2025;4:36:32 AM;WG REA FORD CA029;784;8;781;3;782;0;787;0;785;0;781;3;782;0;783;8;780;0;755;24;750;3;738;11
8/1/2025;4:37:32 AM;WG REA FORD CA029;787;8;784;3;785;0;788;0;788;0;784;3;785;0;786;8;783;0;758;24;753;3;741;11
8/1/2025;4:38:32 AM;WG REA FORD CA029;790;8;787;3;788;0;791;0;791;0;787;3;788;0;789;8;786;0;761;24;755;3;744;11
8/1/2025;4:39:32 AM;WG REA FORD CA029;793;8;790;3;791;0;794;0;794;0;790;3;791;0;792;8;789;0;764;24;758;3;747;11
8/1/2025;4:40:32 AM;WG REA FORD CA029;796;8;793;3;794;0;796;0;797;0;793;3;794;0;795;8;792;0;767;24;761;3;750;11
8/1/2025;4:41:32 AM;WG REA FORD CA029;799;8;796;3;797;0;799;0;799;0;796;3;797;0;798;8;795;0;770;24;764;3;753;11
8/1/2025;4:42:32 AM;WG REA FORD CA029;802;8;799;3;800;0;802;0;802;0;799;3;800;0;801;8;798;0;773;24;767;3;756;11
8/1/2025;4:43:32 AM;WG REA FORD CA029;805;8;802;3;803;0;805;0;805;0;802;3;803;0;803;8;801;0;776;24;770;3;758;11
8/1/2025;4:44:32 AM;WG REA FORD CA029;808;8;805;3;806;0;808;0;808;0;805;3;806;0;806;8;801;0;777;24;773;3;761;11
8/1/2025;4:45:32 AM;WG REA FORD CA029;811;8;808;3;809;0;811;0;811;0;808;3;809;0;810;8;804;0;779;24;774;3;763;11
8/1/2025;4:46:32 AM;WG REA FORD CA029;814;8;811;3;812;0;814;0;814;0;811;3;811;0;812;8;807;0;782;24;777;3;766;11
8/1/2025;4:47:32 AM;WG REA FORD CA029;815;9;813;3;815;0;817;0;817;0;814;3;814;0;815;8;810;0;785;24;780;3;769;11
8/1/2025;4:48:32 AM;WG REA FORD CA029;819;9;816;3;818;0;820;0;820;0;817;3;817;0;818;8;813;0;788;24;783;3;771;11
8/1/2025;4:49:32 AM;WG REA FORD CA029;823;9;820;3;821;0;823;0;823;0;820;3;820;0;821;8;815;0;790;24;786;3;774;11
8/1/2025;4:50:32 AM;WG REA FORD CA029;826;9;823;3;824;0;826;0;826;0;823;3;823;0;824;8;818;0;793;24;788;3;777;11
8/1/2025;4:51:32 AM;WG REA FORD CA029;829;9;826;3;827;0;829;0;829;0;825;3;826;0;827;8;821;0;796;24;791;3;780;11
8/1/2025;4:52:32 AM;WG REA FORD CA029;831;9;829;3;830;0;832;0;832;0;828;3;829;0;830;8;824;0;799;24;794;3;783;11
8/1/2025;4:53:32 AM;WG REA FORD CA029;834;9;832;3;833;0;835;0;835;0;831;3;832;0;833;8;827;0;802;24;797;3;786;11
8/1/2025;4:54:32 AM;WG REA FORD CA029;837;9;835;3;835;0;838;0;838;0;834;3;835;0;836;8;830;0;803;26;798;3;787;11
8/1/2025;4:55:32 AM;WG REA FORD CA029;840;9;838;3;838;0;841;0;841;0;837;3;838;0;839;8;833;0;806;26;801;3;790;11
8/1/2025;4:56:32 AM;WG REA FORD CA029;843;9;841;3;841;0;844;0;844;0;840;3;841;0;842;8;834;0;808;26;804;3;793;11
8/1/2025;4:57:32 AM;WG REA FORD CA029;846;9;843;3;844;0;847;0;847;0;843;3;844;0;845;8;836;0;809;26;804;3;793;11
8/1/2025;4:58:32 AM;WG REA FORD CA029;849;9;846;3;847;0;850;0;850;0;846;3;847;0;848;8;839;0;812;26;807;3;795;11
8/1/2025;4:59:32 AM;WG REA FORD CA029;852;9;849;3;850;0;853;0;853;0;849;3;850;0;851;8;842;0;814;26;810;3;798;11
8/1/2025;5:00:32 AM;WG REA FORD CA029;855;9;852;3;853;0;856;0;856;0;852;3;853;0;853;8;845;0;817;26;812;3;801;11
8/1/2025;5:01:32 AM;WG REA FORD CA029;858;9;855;3;856;0;859;0;859;0;855;3;856;0;856;8;848;0;820;26;815;3;804;11
8/1/2025;5:02:32 AM;WG REA FORD CA029;861;9;858;3;859;0;862;0;862;0;858;3;859;0;859;8;851;0;823;26;818;3;807;11
8/1/2025;5:03:32 AM;WG REA FORD CA029;864;9;861;3;862;0;864;0;865;0;861;3;862;0;862;8;853;0;826;26;821;3;810;11
8/1/2025;5:04:32 AM;WG REA FORD CA029;867;9;864;3;865;0;867;0;867;0;864;3;865;0;865;8;857;0;829;26;824;3;813;11
8/1/2025;5:05:32 AM;WG REA FORD CA029;870;9;867;3;868;0;870;0;870;0;867;3;868;0;868;8;860;0;831;27;827;3;816;11
8/1/2025;5:06:32 AM;WG REA FORD CA029;873;9;870;3;871;0;873;0;873;0;870;3;870;0;871;8;863;0;833;28;828;3;817;11
8/1/2025;5:07:32 AM;WG REA FORD CA029;876;9;873;3;874;0;876;0;876;0;873;3;873;0;874;8;864;0;834;29;830;3;819;11
8/1/2025;5:08:32 AM;WG REA FORD CA029;878;10;875;3;877;0;879;0;879;0;876;3;876;0;874;8;865;0;835;29;830;3;819;11
8/1/2025;5:09:32 AM;WG REA FORD CA029;881;10;879;3;880;0;882;0;882;0;879;3;880;0;877;8;867;0;838;29;833;3;822;11
8/1/2025;5:10:32 AM;WG REA FORD CA029;883;10;881;3;883;0;885;0;885;0;882;3;882;0;880;8;869;0;839;29;834;3;823;11
8/1/2025;5:11:32 AM;WG REA FORD CA029;885;10;882;3;885;0;888;0;888;0;885;3;885;0;883;8;872;0;841;30;836;3;825;11
8/1/2025;5:12:32 AM;WG REA FORD CA029;888;10;885;3;888;0;891;0;891;0;888;3;888;0;886;8;875;0;844;30;839;3;828;11
8/1/2025;5:13:32 AM;WG REA FORD CA029;891;10;888;3;891;0;894;0;894;0;890;3;891;0;889;8;878;0;847;30;842;3;831;11
8/1/2025;5:14:32 AM;WG REA FORD CA029;894;10;891;3;894;0;897;0;897;0;893;3;894;0;892;9;881;0;850;30;845;3;834;11
8/1/2025;5:15:32 AM;WG REA FORD CA029;897;10;894;3;897;0;899;0;900;0;896;3;897;0;893;9;883;0;850;31;846;3;835;11
8/1/2025;5:16:32 AM;WG REA FORD CA029;899;10;896;3;897;0;899;0;900;0;896;3;897;0;893;9;883;0;850;31;846;3;835;11
8/1/2025;5:17:32 AM;WG REA FORD CA029;900;10;897;3;897;0;899;0;900;0;896;3;897;0;893;9;883;0;850;31;846;3;835;11
8/1/2025;5:18:32 AM;WG REA FORD CA029;900;10;897;3;897;0;899;0;900;0;896;3;897;0;893;9;883;0;850;31;846;3;835;11
8/1/2025;5:19:32 AM;WG REA FORD CA029;900;10;897;3;897;0;899;0;900;0;896;3;897;0;893;9;883;0;850;31;846;3;835;11
8/1/2025;5:20:32 AM;WG REA FORD CA029;900;10;897;3;897;0;899;0;900;0;896;3;897;0;893;9;883;0;850;31;846;3;835;11
8/1/2025;5:21:32 AM;WG REA FORD CA029;900;10;897;3;897;0;899;0;900;0;896;3;897;0;893;9;883;0;850;31;846;3;835;11
8/1/2025;5:22:32 AM;WG REA FORD CA029;900;10;897;3;897;0;899;0;900;0;896;3;897;0;893;9;883;0;850;31;846;3;835;11
8/1/2025;5:23:32 AM;WG REA FORD CA029;900;10;897;3;897;0;899;0;900;0;896;3;897;0;895;9;885;0;853;31;848;3;836;11
8/1/2025;5:24:32 AM;WG REA FORD CA029;900;10;897;3;897;0;899;0;900;0;896;3;897;0;898;9;888;0;855;31;851;3;839;11
8/1/2025;5:25:32 AM;WG REA FORD CA029;900;10;897;3;897;0;899;0;900;0;896;3;897;0;900;9;891;0;858;31;854;3;842;11
8/1/2025;5:26:32 AM;WG REA FORD CA029;900;10;897;3;897;0;899;0;900;0;896;3;897;0;900;9;894;0;861;31;856;3;845;11
8/1/2025;5:27:32 AM;WG REA FORD CA029;900;10;897;3;897;0;899;0;900;0;896;3;897;0;900;9;897;0;864;31;859;3;848;11
8/1/2025;5:28:32 AM;WG REA FORD CA029;900;10;897;3;897;0;899;0;900;0;896;3;897;0;900;9;900;0;867;31;862;3;851;11
8/1/2025;5:29:32 AM;WG REA FORD CA029;900;10;897;3;897;0;899;0;900;0;896;3;897;0;900;9;902;0;870;31;865;3;854;11
8/1/2025;5:30:32 AM;WG REA FORD CA029;900;10;898;3;899;0;901;0;901;0;898;3;899;0;900;9;903;0;873;31;868;3;857;11
8/1/2025;5:31:32 AM;WG REA FORD CA029;903;10;901;3;902;0;904;0;904;0;901;3;902;0;902;9;905;0;874;32;870;3;859;11
8/1/2025;5:32:32 AM;WG REA FORD CA029;906;10;904;3;905;0;907;0;908;0;904;3;905;0;906;9;908;0;875;32;870;3;859;11
8/1/2025;5:33:32 AM;WG REA FORD CA029;910;10;907;3;908;0;910;0;910;0;907;3;908;0;908;10;911;0;878;32;873;3;862;11
8/1/2025;5:34:32 AM;WG REA FORD CA029;913;10;910;3;911;0;913;0;913;0;910;3;911;0;911;10;914;0;881;32;876;3;865;11
8/1/2025;5:35:32 AM;WG REA FORD CA029;916;10;913;3;914;0;916;0;916;0;913;3;914;0;914;10;917;0;884;32;879;3;868;11
8/1/2025;5:36:32 AM;WG REA FORD CA029;919;10;916;3;917;0;919;0;919;0;916;3;916;0;917;10;920;0;887;32;882;3;870;11
8/1/2025;5:37:32 AM;WG REA FORD CA029;922;10;919;3;920;0;922;0;922;0;919;3;919;0;920;10;923;0;890;32;884;3;873;11
8/1/2025;5:38:32 AM;WG REA FORD CA029;925;10;922;3;923;0;925;0;925;0;922;3;922;0;923;10;925;0;893;32;887;3;876;11
8/1/2025;5:39:32 AM;WG REA FORD CA029;927;10;925;3;926;0;928;0;928;0;925;3;925;0;926;10;928;0;895;32;890;3;879;11
8/1/2025;5:40:32 AM;WG REA FORD CA029;931;10;928;3;929;0;931;0;931;0;927;3;928;0;929;10;931;0;898;32;893;3;882;11
8/1/2025;5:41:32 AM;WG REA FORD CA029;933;10;931;3;932;0;934;0;934;0;930;3;931;0;932;10;933;0;901;32;896;3;885;11
8/1/2025;5:42:32 AM;WG REA FORD CA029;937;10;934;3;935;0;937;0;937;0;933;3;934;0;935;10;933;0;901;32;897;3;886;11
8/1/2025;5:43:32 AM;WG REA FORD CA029;939;10;937;3;937;0;940;0;940;0;936;3;937;0;938;10;936;0;903;32;898;3;887;11
8/1/2025;5:44:32 AM;WG REA FORD CA029;942;10;940;3;940;0;943;0;943;0;939;3;940;0;941;10;939;0;906;32;901;3;890;11
8/1/2025;5:45:32 AM;WG REA FORD CA029;945;10;943;3;943;0;946;0;946;0;942;3;943;0;944;10;942;0;909;32;904;3;893;11
8/1/2025;5:46:32 AM;WG REA FORD CA029;948;10;946;3;946;0;949;0;949;0;945;3;946;0;947;10;945;0;912;32;907;3;896;11
8/1/2025;5:47:32 AM;WG REA FORD CA029;951;10;948;3;949;0;952;0;952;0;948;3;949;0;950;10;948;0;914;33;910;3;899;11
8/1/2025;5:48:32 AM;WG REA FORD CA029;954;10;951;3;952;0;955;0;955;0;951;3;952;0;953;10;951;0;917;33;912;3;901;11
8/1/2025;5:49:32 AM;WG REA FORD CA029;957;10;954;3;955;0;958;0;958;0;954;3;955;0;956;10;954;0;920;33;915;3;904;11
8/1/2025;5:50:32 AM;WG REA FORD CA029;960;10;957;3;958;0;961;0;961;0;957;3;958;0;959;10;957;0;923;33;918;3;906;11
8/1/2025;5:51:32 AM;WG REA FORD CA029;963;10;960;3;961;0;964;0;963;0;960;3;961;0;962;10;960;0;926;33;921;3;909;11
8/1/2025;5:52:32 AM;WG REA FORD CA029;966;10;963;3;964;0;966;0;966;0;963;3;964;0;965;10;963;0;929;33;924;3;912;11
8/1/2025;5:53:32 AM;WG REA FORD CA029;969;10;966;3;967;0;969;0;970;0;966;3;967;0;967;10;966;0;931;33;927;3;915;11
8/1/2025;5:54:32 AM;WG REA FORD CA029;972;10;969;3;970;0;972;0;972;0;969;3;969;0;970;10;969;0;934;33;929;3;918;11
8/1/2025;5:55:32 AM;WG REA FORD CA029;975;10;972;3;973;0;975;0;975;0;972;3;972;0;973;10;972;0;937;33;932;3;921;11
8/1/2025;5:56:32 AM;WG REA FORD CA029;978;10;975;3;976;0;978;0;978;0;975;3;975;0;976;10;975;0;940;33;935;3;924;11
8/1/2025;5:57:32 AM;WG REA FORD CA029;981;10;978;3;979;0;981;0;981;0;978;3;978;0;979;10;978;0;942;34;938;3;927;11
8/1/2025;5:58:32 AM;WG REA FORD CA029;984;10;981;3;982;0;984;0;984;0;981;3;981;0;981;10;980;0;944;35;939;3;928;11
8/1/2025;5:59:32 AM;WG REA FORD CA029;987;10;984;3;985;0;987;0;987;0;984;3;984;0;984;10;983;0;947;35;942;3;931;11
8/1/2025;6:00:32 AM;WG REA FORD CA029;990;10;987;3;988;0;990;0;990;0;986;3;987;0;987;10;986;0;950;35;945;3;933;11
8/1/2025;6:01:32 AM;WG REA FORD CA029;992;10;990;3;991;0;993;0;993;0;989;3;990;0;991;10;989;0;953;35;948;3;936;11
8/1/2025;6:02:32 AM;WG REA FORD CA029;995;10;993;3;994;0;996;0;996;0;992;3;993;0;993;10;992;0;955;35;951;3;939;11
8/1/2025;6:03:32 AM;WG REA FORD CA029;998;10;996;3;996;0;999;0;999;0;995;3;996;0;997;10;995;0;958;35;953;3;942;11
8/1/2025;6:04:32 AM;WG REA FORD CA029;1001;10;998;3;999;0;1002;0;1002;0;998;3;999;0;1000;10;998;0;961;35;956;3;945;11
8/1/2025;6:05:32 AM;WG REA FORD CA029;1004;10;1001;3;1002;0;1005;0;1005;0;1001;3;1002;0;1003;10;1001;0;963;36;959;3;948;11
8/1/2025;6:06:32 AM;WG REA FORD CA029;1007;10;1004;3;1005;0;1008;0;1008;0;1004;3;1005;0;1006;10;1004;0;966;36;961;3;950;11
8/1/2025;6:07:32 AM;WG REA FORD CA029;1010;10;1007;3;1008;0;1011;0;1011;0;1007;3;1008;0;1008;10;1007;0;969;36;964;3;953;11
8/1/2025;6:08:32 AM;WG REA FORD CA029;1013;10;1010;3;1011;0;1014;0;1014;0;1010;3;1011;0;1012;10;1010;0;971;37;966;3;955;11
8/1/2025;6:09:32 AM;WG REA FORD CA029;1016;10;1013;3;1014;0;1016;0;1017;0;1013;3;1014;0;1015;10;1012;0;974;37;969;3;958;11
8/1/2025;6:10:32 AM;WG REA FORD CA029;1019;10;1016;3;1017;0;1020;0;1020;0;1016;3;1017;0;1016;10;1015;0;976;38;971;3;960;11
8/1/2025;6:11:32 AM;WG REA FORD CA029;1022;10;1019;3;1020;0;1022;0;1023;0;1019;3;1020;0;1017;10;1019;0;979;38;974;3;962;11
8/1/2025;6:12:32 AM;WG REA FORD CA029;1025;10;1022;3;1023;0;1025;0;1025;0;1022;3;1023;0;1020;10;1022;0;982;38;977;3;965;11
8/1/2025;6:13:32 AM;WG REA FORD CA029;1028;10;1025;3;1026;0;1028;0;1028;0;1025;3;1026;0;1023;10;1024;0;985;38;979;3;968;11
8/1/2025;6:14:32 AM;WG REA FORD CA029;1031;10;1028;3;1029;0;1031;0;1031;0;1028;3;1029;0;1026;10;1027;0;988;38;982;3;971;11
8/1/2025;6:15:32 AM;WG REA FORD CA029;1033;10;1031;3;1032;0;1034;0;1034;0;1031;3;1032;0;1029;10;1030;0;991;38;985;3;974;11
8/1/2025;6:16:32 AM;WG REA FORD CA029;1033;10;1031;3;1035;0;1037;0;1037;0;1034;3;1034;0;1032;10;1033;0;994;38;988;3;977;11
8/1/2025;6:17:32 AM;WG REA FORD CA029;1033;10;1031;3;1035;0;1040;0;1040;0;1037;3;1037;0;1036;10;1036;0;997;38;991;3;980;11
8/1/2025;6:18:32 AM;WG REA FORD CA029;1033;10;1031;3;1035;0;1040;0;1040;0;1037;3;1037;0;1038;12;1039;0;1000;38;994;3;983;11
8/1/2025;6:19:32 AM;WG REA FORD CA029;1033;10;1031;3;1035;0;1040;0;1041;0;1038;3;1038;0;1041;12;1042;0;1002;38;997;3;986;11
8/1/2025;6:20:32 AM;WG REA FORD CA029;1033;10;1031;3;1035;0;1040;0;1041;0;1039;3;1039;0;1041;12;1044;0;1005;38;1000;3;988;11
8/1/2025;6:21:32 AM;WG REA FORD CA029;1037;10;1034;3;1037;0;1041;0;1042;0;1039;3;1040;0;1042;12;1045;0;1008;38;1003;3;991;11
8/1/2025;6:22:32 AM;WG REA FORD CA029;1040;10;1037;3;1040;0;1043;0;1043;0;1040;3;1041;0;1043;12;1046;0;1010;38;1006;3;994;11
8/1/2025;6:23:32 AM;WG REA FORD CA029;1043;10;1041;3;1044;0;1046;0;1046;0;1043;3;1043;0;1044;12;1047;0;1011;38;1006;3;995;11
8/1/2025;6:24:32 AM;WG REA FORD CA029;1047;10;1044;3;1047;0;1049;0;1049;0;1046;3;1046;0;1047;12;1049;0;1012;38;1007;3;996;11
8/1/2025;6:25:32 AM;WG REA FORD CA029;1050;10;1048;3;1050;0;1052;0;1052;0;1049;3;1049;0;1050;12;1053;0;1013;39;1009;3;998;11
8/1/2025;6:26:32 AM;WG REA FORD CA029;1054;10;1051;3;1053;0;1055;0;1055;0;1051;3;1052;0;1053;12;1056;0;1016;39;1011;3;999;11
8/1/2025;6:27:32 AM;WG REA FORD CA029;1057;10;1055;3;1056;0;1058;0;1058;0;1054;3;1055;0;1056;12;1059;0;1018;40;1014;3;1002;11
8/1/2025;6:28:32 AM;WG REA FORD CA029;1060;10;1058;3;1059;0;1061;0;1061;0;1057;3;1058;0;1059;12;1062;0;1021;40;1016;3;1004;11
8/1/2025;6:29:32 AM;WG REA FORD CA029;1063;10;1061;3;1061;0;1064;0;1064;0;1060;3;1061;0;1062;12;1064;0;1023;40;1019;3;1007;11
8/1/2025;6:30:32 AM;WG REA FORD CA029;1066;10;1064;3;1064;0;1067;0;1067;0;1063;3;1064;0;1065;12;1067;0;1026;40;1021;3;1010;11
8/1/2025;6:31:32 AM;WG REA FORD CA029;1069;10;1067;3;1067;0;1070;0;1070;0;1066;3;1067;0;1068;12;1070;0;1029;40;1024;3;1013;11
8/1/2025;6:32:32 AM;WG REA FORD CA029;1072;10;1069;3;1070;0;1073;0;1073;0;1069;3;1070;0;1071;12;1073;0;1031;41;1026;3;1015;11
8/1/2025;6:33:32 AM;WG REA FORD CA029;1075;10;1072;3;1073;0;1076;0;1076;0;1072;3;1073;0;1074;12;1076;0;1034;41;1029;3;1018;11
8/1/2025;6:34:32 AM;WG REA FORD CA029;1078;10;1075;3;1076;0;1079;0;1079;0;1075;3;1076;0;1077;12;1079;0;1037;41;1032;3;1021;11
8/1/2025;6:35:32 AM;WG REA FORD CA029;1081;10;1078;3;1079;0;1081;0;1082;0;1078;3;1079;0;1080;12;1082;0;1040;41;1035;3;1024;11
8/1/2025;6:36:32 AM;WG REA FORD CA029;1084;10;1081;3;1082;0;1084;0;1085;0;1081;3;1082;0;1083;12;1085;0;1043;41;1038;3;1027;11
8/1/2025;6:37:32 AM;WG REA FORD CA029;1087;10;1084;3;1085;0;1088;0;1088;0;1084;3;1085;0;1085;12;1087;0;1046;41;1041;3;1030;11
8/1/2025;6:38:32 AM;WG REA FORD CA029;1090;10;1087;3;1088;0;1091;0;1090;0;1087;3;1088;0;1089;12;1090;0;1048;41;1043;3;1032;11
8/1/2025;6:39:32 AM;WG REA FORD CA029;1093;10;1090;3;1091;0;1093;0;1094;0;1090;3;1091;0;1092;12;1093;0;1051;41;1046;3;1035;11
8/1/2025;6:40:32 AM;WG REA FORD CA029;1096;10;1093;3;1094;0;1096;0;1096;0;1093;3;1094;0;1094;12;1096;0;1054;41;1049;3;1038;11
8/1/2025;6:41:32 AM;WG REA FORD CA029;1099;10;1096;3;1097;0;1099;0;1099;0;1096;3;1097;0;1097;12;1099;0;1057;41;1052;3;1041;11
8/1/2025;6:42:32 AM;WG REA FORD CA029;1102;10;1099;3;1100;0;1102;0;1102;0;1099;3;1100;0;1100;12;1102;0;1060;41;1055;3;1044;11
8/1/2025;6:43:32 AM;WG REA FORD CA029;1105;10;1102;3;1103;0;1105;0;1105;0;1102;3;1102;0;1103;12;1105;0;1063;41;1058;3;1047;11
8/1/2025;6:44:32 AM;WG REA FORD CA029;1108;10;1105;3;1106;0;1108;0;1108;0;1105;3;1105;0;1106;12;1106;0;1065;41;1061;3;1050;11
8/1/2025;6:45:32 AM;WG REA FORD CA029;1111;10;1108;3;1109;0;1111;0;1111;0;1108;3;1108;0;1109;12;1108;0;1066;41;1061;3;1050;11
8/1/2025;6:46:32 AM;WG REA FORD CA029;1113;10;1111;3;1112;0;1114;0;1114;0;1110;3;1111;0;1112;12;1111;0;1069;41;1064;3;1053;11
8/1/2025;6:47:32 AM;WG REA FORD CA029;1117;10;1114;3;1115;0;1117;0;1117;0;1113;3;1114;0;1115;12;1114;0;1072;41;1067;3;1055;11
8/1/2025;6:48:32 AM;WG REA FORD CA029;1119;10;1117;3;1118;0;1120;0;1120;0;1116;3;1117;0;1118;12;1117;0;1074;42;1069;3;1057;11
8/1/2025;6:49:32 AM;WG REA FORD CA029;1122;10;1120;3;1121;0;1123;0;1123;0;1119;3;1120;0;1121;12;1120;0;1077;42;1072;3;1060;11
8/1/2025;6:50:32 AM;WG REA FORD CA029;1125;10;1123;3;1123;0;1126;0;1126;0;1122;3;1123;0;1124;12;1123;0;1079;42;1075;3;1063;11
8/1/2025;6:51:32 AM;WG REA FORD CA029;1128;10;1125;3;1126;0;1129;0;1129;0;1125;3;1126;0;1127;12;1126;0;1082;42;1077;3;1066;11
8/1/2025;6:52:32 AM;WG REA FORD CA029;1131;10;1128;3;1129;0;1132;0;1132;0;1128;3;1129;0;1129;12;1129;0;1085;42;1080;3;1069;11
8/1/2025;6:53:32 AM;WG REA FORD CA029;1134;10;1131;3;1132;0;1135;0;1135;0;1131;3;1132;0;1133;12;1132;0;1088;42;1083;3;1072;11
8/1/2025;6:54:32 AM;WG REA FORD CA029;1137;10;1134;3;1135;0;1137;0;1137;0;1134;3;1135;0;1136;12;1135;0;1091;42;1086;3;1075;11
8/1/2025;6:55:32 AM;WG REA FORD CA029;1140;10;1137;3;1138;0;1140;0;1141;0;1137;3;1138;0;1138;12;1138;0;1094;42;1089;3;1078;11
8/1/2025;6:56:32 AM;WG REA FORD CA029;1143;10;1140;3;1141;0;1143;0;1143;0;1140;3;1141;0;1141;12;1141;0;1097;42;1092;3;1081;11
8/1/2025;6:57:32 AM;WG REA FORD CA029;1146;10;1143;3;1144;0;1147;0;1147;0;1143;3;1144;0;1144;12;1144;0;1100;42;1095;3;1084;11
8/1/2025;6:58:32 AM;WG REA FORD CA029;1149;10;1146;3;1147;0;1149;0;1149;0;1146;3;1147;0;1147;12;1147;0;1103;42;1098;3;1087;11
8/1/2025;6:59:32 AM;WG REA FORD CA029;1152;10;1149;3;1150;0;1152;0;1152;0;1149;3;1150;0;1150;12;1149;0;1106;42;1101;3;1089;11
8/1/2025;7:00:32 AM;WG REA FORD CA029;3;0;3;0;3;0;3;0;2;0;3;0;3;0;3;0;3;0;2;1;3;0;2;0
8/1/2025;7:01:32 AM;WG REA FORD CA029;6;0;6;0;6;0;6;0;5;0;6;0;6;0;6;0;5;0;5;1;5;0;5;0
8/1/2025;7:02:32 AM;WG REA FORD CA029;9;0;9;0;9;0;9;0;8;0;9;0;9;0;9;0;8;0;8;1;8;0;8;0
8/1/2025;7:03:32 AM;WG REA FORD CA029;12;0;12;0;12;0;12;0;11;0;12;0;11;0;11;0;9;0;9;1;9;0;10;0
8/1/2025;7:04:32 AM;WG REA FORD CA029;15;0;15;0;15;0;15;0;14;0;15;0;14;0;11;0;9;0;9;1;9;0;10;0
8/1/2025;7:05:32 AM;WG REA FORD CA029;18;0;18;0;18;0;18;0;17;0;18;0;17;0;11;0;9;0;9;1;9;0;10;0
8/1/2025;7:06:32 AM;WG REA FORD CA029;21;0;21;0;21;0;21;0;20;0;20;0;18;0;11;0;9;0;9;1;9;0;10;0
8/1/2025;7:07:32 AM;WG REA FORD CA029;23;0;24;0;24;0;24;0;23;0;23;0;18;0;11;0;9;0;9;1;9;0;10;0
8/1/2025;7:08:32 AM;WG REA FORD CA029;25;0;25;0;24;0;25;0;24;0;25;0;20;0;12;0;10;0;10;1;11;0;10;0
8/1/2025;7:09:32 AM;WG REA FORD CA029;25;0;25;0;26;0;26;0;25;0;26;0;20;0;12;0;13;0;13;1;14;0;13;0
8/1/2025;7:10:32 AM;WG REA FORD CA029;25;0;25;0;26;0;26;0;25;0;26;0;20;0;12;0;14;0;15;2;16;0;16;0
8/1/2025;7:11:32 AM;WG REA FORD CA029;25;0;25;0;26;0;26;0;25;0;26;0;20;0;12;0;14;0;18;2;18;0;18;0
8/1/2025;7:12:32 AM;WG REA FORD CA029;25;0;25;0;26;0;26;0;25;0;26;0;20;0;12;0;14;0;19;2;21;0;21;0
8/1/2025;7:13:32 AM;WG REA FORD CA029;25;0;25;0;26;0;26;0;25;0;26;0;20;0;12;0;14;0;19;2;22;0;23;0
8/1/2025;7:14:32 AM;WG REA FORD CA029;25;0;25;0;26;0;26;0;25;0;26;0;20;0;12;0;14;0;19;2;22;0;27;0
8/1/2025;7:15:32 AM;WG REA FORD CA029;25;0;25;0;26;0;26;0;25;0;26;0;20;0;12;0;14;0;19;2;22;0;28;0
8/1/2025;7:16:32 AM;WG REA FORD CA029 REWORK NO BRANSON;25;0;25;0;26;0;26;0;25;0;26;0;20;0;12;0;14;0;19;2;22;0;28;0
8/1/2025;7:17:32 AM;WG REA FORD CA029 REWORK NO BRANSON;0;0;0;0;0;0;0;0;0;0;0;0;0;0;0;0;0;0;0;0;0;0;0;0
8/1/2025;7:18:32 AM;WG REA FORD CA029 REWORK NO BRANSON;0;0;0;0;0;0;0;0;0;0;0;0;0;0;0;0;0;0;0;0;0;0;0;0
8/1/2025;7:19:32 AM;WG REA FORD CA029 REWORK NO BRANSON;0;0;0;0;0;0;0;0;0;0;0;0;0;0;0;0;0;0;0;0;0;0;0;0
8/1/2025;7:20:32 AM;WG REA FORD CA029 REWORK NO BRANSON;0;0;0;0;0;0;0;0;0;0;0;0;0;0;0;0;0;0;1;1;0;0;0;0
8/1/2025;7:21:32 AM;WG REA FORD CA029 REWORK NO BRANSON;0;0;0;0;0;0;0;0;0;0;0;0;0;0;0;0;0;0;4;1;1;0;0;0
8/1/2025;7:22:32 AM;WG REA FORD CA029 REWORK NO BRANSON;0;0;0;0;0;0;0;0;0;0;0;0;0;0;0;0;0;0;7;2;4;0;0;0
8/1/2025;7:23:32 AM;WG REA FORD CA029 REWORK NO BRANSON;0;0;0;0;0;0;0;0;0;0;0;0;0;0;0;0;0;0;10;2;7;0;0;0
8/1/2025;7:24:32 AM;WG REA FORD CA029 REWORK NO BRANSON;0;0;0;0;0;0;0;0;0;0;0;0;0;0;0;0;0;0;13;2;10;0;3;0
8/1/2025;7:25:32 AM;WG REA FORD CA029 REWORK NO BRANSON;0;0;0;0;0;0;0;0;0;0;0;0;0;0;0;0;0;0;14;3;12;0;5;0
8/1/2025;7:26:32 AM;WG REA FORD CA029 REWORK NO BRANSON;0;0;0;0;0;0;0;0;0;0;0;0;0;0;0;0;0;0;17;3;15;0;8;0
8/1/2025;7:27:32 AM;WG REA FORD CA029 REWORK NO BRANSON;0;0;0;0;0;0;0;0;0;0;0;0;0;0;0;0;0;0;18;5;16;0;10;0
8/1/2025;7:28:32 AM;WG REA FORD CA029 REWORK NO BRANSON;0;0;0;0;0;0;0;0;0;0;0;0;0;0;0;0;0;0;19;7;17;0;11;0
8/1/2025;7:29:32 AM;WG REA FORD CA029 REWORK NO BRANSON;0;0;0;0;0;0;0;0;0;0;0;0;0;0;0;0;0;0;21;8;18;0;12;0
8/1/2025;7:30:32 AM;WG REA FORD CA029 REWORK NO BRANSON;0;0;0;0;0;0;0;0;0;0;0;0;0;0;0;0;0;0;23;9;20;0;14;0
8/1/2025;7:31:32 AM;WG REA FORD CA029 REWORK NO BRANSON;0;0;0;0;0;0;0;0;0;0;0;0;0;0;0;0;0;0;25;10;22;0;16;0
8/1/2025;7:32:32 AM;WG REA FORD CA029 REWORK NO BRANSON;0;0;0;0;0;0;0;0;0;0;0;0;0;0;0;0;0;0;26;12;24;0;18;0
8/1/2025;7:33:32 AM;WG REA FORD CA029 REWORK NO BRANSON;0;0;0;0;0;0;0;0;0;0;0;0;0;0;0;0;0;0;28;12;25;0;19;0
8/1/2025;7:34:32 AM;WG REA FORD CA029 REWORK NO BRANSON;0;0;0;0;0;0;0;0;0;0;0;0;0;0;0;0;0;0;28;14;26;0;20;0
8/1/2025;7:35:32 AM;WG REA FORD CA029 REWORK NO BRANSON;0;0;0;0;0;0;0;0;0;0;0;0;0;0;0;0;0;0;30;15;28;0;22;0
8/1/2025;7:36:32 AM;WG REA FORD CA029 REWORK NO BRANSON;0;0;0;0;0;0;0;0;0;0;0;0;0;0;0;0;0;0;33;15;30;0;24;0
8/1/2025;7:37:32 AM;WG REA FORD CA029 REWORK NO BRANSON;0;0;0;0;0;0;0;0;0;0;0;0;0;0;0;0;0;0;34;17;31;0;25;0
8/1/2025;7:38:32 AM;WG REA FORD CA029 REWORK NO BRANSON;0;0;0;0;0;0;0;0;0;0;0;0;0;0;0;0;0;0;35;19;33;0;27;0
8/1/2025;7:39:32 AM;WG REA FORD CA029 REWORK NO BRANSON;0;0;0;0;0;0;0;0;0;0;0;0;0;0;0;0;0;0;36;21;33;0;27;0
8/1/2025;7:40:32 AM;WG REA FORD CA029 REWORK NO BRANSON;0;0;0;0;0;0;0;0;0;0;0;0;0;0;0;0;0;0;37;23;35;0;29;0
8/1/2025;7:41:32 AM;WG REA FORD CA029 REWORK NO BRANSON;0;0;0;0;0;0;0;0;0;0;0;0;0;0;0;0;0;0;38;24;36;0;30;0
8/1/2025;7:42:32 AM;WG REA FORD CA029 REWORK NO BRANSON;0;0;0;0;0;0;0;0;0;0;0;0;0;0;0;0;0;0;38;24;36;0;30;0
8/1/2025;7:43:32 AM;WG REA FORD CA029 REWORK NO BRANSON;0;0;0;0;0;0;0;0;0;0;0;0;0;0;0;0;0;0;38;24;36;0;30;0
8/1/2025;7:44:32 AM;WG REA FORD CA029 REWORK NO BRANSON;0;0;0;0;0;0;0;0;0;0;0;0;0;0;0;0;0;0;38;24;36;0;30;0
8/1/2025;7:45:32 AM;WG REA FORD CA029 REWORK NO BRANSON;0;0;0;0;0;0;0;0;0;0;0;0;0;0;0;0;0;0;38;25;36;0;30;0
8/1/2025;7:46:32 AM;WG REA FORD CA029 REWORK NO BRANSON;0;0;0;0;0;0;0;0;0;0;0;0;0;0;0;0;0;0;38;27;36;0;30;0
8/1/2025;7:47:32 AM;WG REA FORD CA029 REWORK NO BRANSON;0;0;0;0;0;0;0;0;0;0;0;0;0;0;0;0;0;0;41;27;38;0;32;0
8/1/2025;7:48:32 AM;WG REA FORD CA029 REWORK NO BRANSON;0;0;0;0;0;0;0;0;0;0;0;0;0;0;0;0;0;0;43;28;40;0;34;0
8/1/2025;7:49:32 AM;WG REA FORD CA029 REWORK NO BRANSON;0;0;0;0;0;0;0;0;0;0;0;0;0;0;0;0;0;0;45;29;42;0;36;0
8/1/2025;7:50:32 AM;WG REA FORD CA029 REWORK NO BRANSON;0;0;0;0;0;0;0;0;0;0;0;0;0;0;0;0;0;0;46;31;43;0;37;0
8/1/2025;7:51:32 AM;WG REA FORD CA029 REWORK NO BRANSON;0;0;0;0;0;0;0;0;0;0;0;0;0;0;0;0;0;0;49;31;46;0;40;0
8/1/2025;7:52:32 AM;WG REA FORD CA029 REWORK NO BRANSON;0;0;0;0;0;0;0;0;0;0;0;0;0;0;0;0;0;0;51;32;48;0;42;0
8/1/2025;7:53:32 AM;WG REA FORD CA029 REWORK NO BRANSON;0;0;0;0;0;0;0;0;0;0;0;0;0;0;0;0;0;0;53;33;51;0;45;0
8/1/2025;7:54:32 AM;WG REA FORD CA029 REWORK NO BRANSON;0;0;0;0;0;0;0;0;0;0;0;0;0;0;0;0;0;0;54;36;51;0;45;0
8/1/2025;7:55:32 AM;WG REA FORD CA029 REWORK NO BRANSON;0;0;0;0;0;0;0;0;0;0;0;0;0;0;0;0;0;0;56;37;53;0;47;0
8/1/2025;7:56:32 AM;WG REA FORD CA029 REWORK NO BRANSON;0;0;0;0;0;0;0;0;0;0;0;0;0;0;0;0;0;0;57;38;55;0;49;0
8/1/2025;7:57:32 AM;WG REA FORD CA029 REWORK NO BRANSON;0;0;0;0;0;0;0;0;0;0;0;0;0;0;0;0;0;0;57;38;55;0;49;0
8/1/2025;7:58:32 AM;WG REA FORD CA029 REWORK NO BRANSON;0;0;0;0;0;0;0;0;0;0;0;0;0;0;0;0;0;0;57;38;55;0;51;0
8/1/2025;7:59:32 AM;WG REA FORD CA029 REWORK NO BRANSON;0;0;0;0;0;0;0;0;0;0;0;0;0;0;0;0;0;0;57;38;55;0;54;0
8/1/2025;8:00:32 AM;WG REA FORD CA029 REWORK NO BRANSON;0;0;0;0;0;0;0;0;0;0;0;0;0;0;0;0;0;0;57;38;55;0;54;0
8/1/2025;8:01:32 AM;WG REA FORD CA029 REWORK NO BRANSON;0;0;0;0;0;0;0;0;0;0;0;0;0;0;0;0;0;0;57;38;55;0;54;0
8/1/2025;8:02:32 AM;WG REA FORD CA029 REWORK NO BRANSON;0;0;0;0;0;0;0;0;0;0;0;0;0;0;0;0;0;0;57;38;55;0;54;0
8/1/2025;8:03:32 AM;WG REA FORD CA029 REWORK NO BRANSON;0;0;0;0;0;0;0;0;0;0;0;0;0;0;0;0;0;0;57;38;55;0;54;0
8/1/2025;8:04:32 AM;WG REA FORD CA029 REWORK NO BRANSON;0;0;0;0;0;0;0;0;0;0;0;0;0;0;0;0;0;0;57;38;55;0;54;0
8/1/2025;8:05:32 AM;WG REA FORD CA029 REWORK NO BRANSON;0;0;0;0;0;0;0;0;0;0;0;0;0;0;0;0;0;0;57;38;55;0;54;0
8/1/2025;8:06:32 AM;WG REA FORD CA029 REWORK NO BRANSON;0;0;0;0;0;0;0;0;0;0;0;0;0;0;0;0;0;0;57;38;55;0;54;0
8/1/2025;8:07:32 AM;WG REA FORD CA029;0;0;0;0;0;0;0;0;0;0;0;0;0;0;0;0;0;0;57;38;55;0;54;0
8/1/2025;8:08:32 AM;WG REA FORD CA029;0;0;0;0;0;0;0;0;0;0;0;0;0;0;0;0;0;0;57;38;55;0;54;0
8/1/2025;8:09:32 AM;WG REA FORD CA029;0;0;0;0;0;0;0;0;0;0;0;0;0;0;0;0;0;0;57;38;55;0;54;0
8/1/2025;8:10:32 AM;WG REA FORD CA029;0;0;0;0;1;0;1;0;1;0;0;0;3;0;3;0;2;0;57;38;55;0;54;0
8/1/2025;8:11:32 AM;WG REA FORD CA029;0;0;0;0;0;0;0;0;0;0;0;0;1;0;1;0;2;0;0;0;0;0;0;0
8/1/2025;8:12:32 AM;WG REA FORD CA029;0;0;0;0;0;0;0;0;0;0;0;0;2;0;5;0;4;0;0;0;0;0;0;0
8/1/2025;8:13:32 AM;WG REA FORD CA029;0;0;0;0;0;0;0;0;0;0;0;0;2;0;8;0;7;0;3;0;0;0;0;0
8/1/2025;8:14:32 AM;WG REA FORD CA029;0;0;0;0;0;0;0;0;0;0;0;0;2;0;11;0;10;0;6;0;3;0;0;0
8/1/2025;8:15:32 AM;WG REA FORD CA029;0;0;0;0;0;0;0;0;0;0;0;0;2;0;14;0;13;0;9;0;6;0;0;0
8/1/2025;8:16:32 AM;WG REA FORD CA029;0;0;1;0;0;0;0;0;0;0;0;0;2;0;14;0;15;0;12;0;9;0;2;0
8/1/2025;8:17:32 AM;WG REA FORD CA029;0;0;1;0;0;0;0;0;0;0;0;0;2;0;14;0;15;0;12;0;9;0;3;0
8/1/2025;8:18:32 AM;WG REA FORD CA029;0;0;1;0;0;0;0;0;0;0;0;0;2;0;14;0;15;0;12;0;9;0;3;0
8/1/2025;8:19:32 AM;WG REA FORD CA029;0;0;1;0;0;0;0;0;0;0;0;0;2;0;14;0;15;0;12;0;9;0;3;0
8/1/2025;8:20:32 AM;WG REA FORD CA029;0;0;1;0;0;0;0;0;0;0;0;0;2;0;14;0;15;0;12;0;9;0;3;0
8/1/2025;8:21:32 AM;WG REA FORD CA029;0;0;1;0;0;0;0;0;0;0;1;0;2;0;14;0;15;0;12;0;9;0;3;0
8/1/2025;8:22:33 AM;WG REA FORD CA029;1;0;1;0;0;0;0;0;0;0;1;0;2;0;14;0;15;0;12;0;9;0;3;0
8/1/2025;8:23:32 AM;WG REA FORD CA029;3;0;1;0;0;0;1;0;1;0;3;0;3;0;14;0;15;0;12;0;9;0;3;0
8/1/2025;8:24:33 AM;WG REA FORD CA029;4;0;1;0;0;0;1;0;1;0;4;0;4;0;15;0;16;0;12;0;9;0;3;0
8/1/2025;8:25:32 AM;WG REA FORD CA029;4;0;1;0;0;0;1;0;1;0;4;0;4;0;16;0;17;0;12;0;9;0;3;0
8/1/2025;8:26:33 AM;WG REA FORD CA029;4;0;1;0;0;0;1;0;1;0;4;0;5;0;16;0;17;0;12;0;9;0;3;0
8/1/2025;8:27:33 AM;WG REA FORD CA029;4;0;1;0;0;0;1;0;1;0;4;0;5;0;17;0;17;0;12;0;9;0;3;0
8/1/2025;8:28:33 AM;WG REA FORD CA029;4;0;1;0;0;0;1;0;1;0;4;0;5;0;17;0;17;0;12;0;9;0;3;0
8/1/2025;8:29:33 AM;WG REA FORD CA029;4;0;1;0;0;0;1;0;1;0;4;0;5;0;17;0;17;0;14;0;10;0;4;0
8/1/2025;8:30:33 AM;WG REA FORD CA029;4;0;1;0;0;0;1;0;1;0;4;0;5;0;17;0;18;0;16;0;13;0;7;0
8/1/2025;8:31:33 AM;WG REA FORD CA029;4;0;1;0;0;0;1;0;1;0;4;0;5;0;17;0;18;0;18;0;16;0;10;0
8/1/2025;8:32:33 AM;WG REA FORD CA029;4;0;1;0;0;0;1;0;1;0;4;0;5;0;17;0;18;0;18;0;16;0;10;0
8/1/2025;8:33:33 AM;WG REA FORD CA029;5;0;1;0;0;0;1;0;1;0;5;0;5;0;17;0;18;0;18;0;16;0;10;0
8/1/2025;8:34:33 AM;WG REA FORD CA029;5;0;1;0;0;0;1;0;1;0;5;0;5;0;17;0;18;0;18;0;16;0;10;0
8/1/2025;8:35:33 AM;WG REA FORD CA029;5;0;1;0;0;0;1;0;1;0;5;0;5;0;17;0;18;0;18;0;16;0;10;0
8/1/2025;8:36:33 AM;WG REA FORD CA029;6;0;1;0;0;0;1;0;1;0;5;0;5;0;17;0;18;0;18;0;16;0;10;0
8/1/2025;8:37:33 AM;WG REA FORD CA029;7;0;1;0;0;0;1;0;1;0;5;0;5;0;17;0;18;0;18;0;16;0;10;0
8/1/2025;8:38:33 AM;WG REA FORD CA029;7;0;1;0;0;0;1;0;1;0;5;0;5;0;17;0;18;0;18;0;16;0;10;0
8/1/2025;8:39:33 AM;WG REA FORD CA029;7;0;1;0;0;0;1;0;1;0;5;0;5;0;18;0;19;0;18;0;16;0;10;0
8/1/2025;8:40:33 AM;WG REA FORD CA029;7;0;1;0;0;0;1;0;1;0;5;0;5;0;18;0;19;0;19;0;17;0;11;0
8/1/2025;8:41:33 AM;WG REA FORD CA029;7;0;1;0;0;0;1;0;1;0;5;0;5;0;18;0;19;0;19;0;17;0;11;0
8/1/2025;8:42:33 AM;WG REA FORD CA029;7;0;1;0;0;0;1;0;1;0;5;0;5;0;18;0;19;0;19;0;17;0;11;0
8/1/2025;8:43:33 AM;WG REA FORD CA029;7;0;1;0;0;0;1;0;1;0;5;0;5;0;18;0;19;0;19;0;17;0;11;0
8/1/2025;8:44:33 AM;WG REA FORD CA029;7;0;1;0;0;0;1;0;1;0;5;0;5;0;18;0;19;0;19;0;17;0;11;0
8/1/2025;8:45:33 AM;WG REA FORD CA029;8;0;1;0;0;0;1;0;1;0;6;0;5;0;18;0;19;0;19;0;17;0;11;0
8/1/2025;8:46:33 AM;WG REA FORD CA029;8;0;1;0;0;0;1;0;1;0;6;0;5;0;18;0;19;0;19;0;17;0;11;0
8/1/2025;8:47:33 AM;WG REA FORD CA029;8;0;1;0;0;0;1;0;1;0;6;0;5;0;18;0;19;0;19;0;17;0;11;0
8/1/2025;8:48:33 AM;WG REA FORD CA029;8;0;1;0;0;0;1;0;1;0;6;0;5;0;18;0;19;0;19;0;17;0;11;0
8/1/2025;8:49:33 AM;WG REA FORD CA029;8;0;1;0;0;0;1;0;1;0;6;0;5;0;18;0;19;0;19;0;17;0;11;0
8/1/2025;8:50:33 AM;WG REA FORD CA029;8;0;1;0;0;0;1;0;1;0;6;0;5;0;18;0;19;0;19;0;17;0;11;0
8/1/2025;8:51:33 AM;WG REA FORD CA029;8;0;1;0;0;0;1;0;1;0;6;0;5;0;18;0;19;0;19;0;17;0;11;0
8/1/2025;8:52:33 AM;WG REA FORD CA029;8;0;1;0;0;0;1;0;1;0;6;0;5;0;18;0;19;0;19;0;17;0;11;0
8/1/2025;8:53:33 AM;WG REA FORD CA029;9;0;1;0;0;0;1;0;1;0;7;0;5;0;18;0;19;0;19;0;17;0;11;0
8/1/2025;8:54:33 AM;WG REA FORD CA029;9;0;1;0;0;0;1;0;1;0;7;0;5;0;18;0;19;0;19;0;17;0;11;0
8/1/2025;8:55:33 AM;WG REA FORD CA029;9;0;1;0;0;0;1;0;1;0;7;0;5;0;18;0;19;0;19;0;17;0;11;0
8/1/2025;8:56:33 AM;WG REA FORD CA029;10;0;1;0;0;0;1;0;1;0;7;0;5;0;18;0;19;0;19;0;17;0;11;0
8/1/2025;8:57:33 AM;WG REA FORD CA029;10;0;1;0;0;0;1;0;1;0;7;0;5;0;18;0;19;0;19;0;17;0;11;0
8/1/2025;8:58:33 AM;WG REA FORD CA029;11;1;1;0;0;0;1;0;1;0;7;0;5;0;18;0;19;0;19;0;17;0;11;0
8/1/2025;8:59:33 AM;WG REA FORD CA029;15;1;1;0;0;0;1;0;1;0;7;0;5;0;18;0;19;0;19;0;17;0;11;0
8/1/2025;9:00:33 AM;WG REA FORD CA029;16;1;1;0;0;0;1;0;1;0;7;0;5;0;18;0;19;0;19;0;17;0;11;0
8/1/2025;9:01:33 AM;WG REA FORD CA029;16;1;1;0;0;0;1;0;1;0;7;0;5;0;18;0;19;0;19;0;17;0;11;0
8/1/2025;9:02:33 AM;WG REA FORD CA029;16;1;1;0;0;0;1;0;1;0;7;0;5;0;18;0;19;0;19;0;17;0;11;0
8/1/2025;9:03:33 AM;WG REA FORD CA029;16;1;1;0;0;0;1;0;1;0;7;0;5;0;18;0;19;0;19;0;17;0;11;0
8/1/2025;9:04:33 AM;WG REA FORD CA029;16;1;1;0;0;0;1;0;1;0;7;0;5;0;18;0;19;0;19;0;17;0;11;0
8/1/2025;9:05:33 AM;WG REA FORD CA029;16;1;1;0;0;0;1;0;1;0;7;0;5;0;18;0;19;0;19;0;17;0;11;0
8/1/2025;9:06:33 AM;WG REA FORD CA029;16;1;1;0;0;0;1;0;1;0;7;0;5;0;18;0;19;0;19;0;17;0;11;0
8/1/2025;9:07:33 AM;WG REA FORD CA029;16;1;1;1;0;0;1;0;1;0;7;0;5;0;18;0;19;0;19;0;17;0;11;0
8/1/2025;9:08:33 AM;WG REA FORD CA029;19;1;4;1;1;0;1;0;1;0;7;0;5;0;18;0;19;0;19;0;17;0;11;0
8/1/2025;9:09:33 AM;WG REA FORD CA029;20;1;5;1;1;0;1;0;1;0;7;0;5;0;18;0;19;0;19;0;17;0;11;0
8/1/2025;9:10:33 AM;WG REA FORD CA029;21;1;7;1;3;0;2;0;2;0;7;0;5;0;18;0;19;0;19;0;17;0;11;0
8/1/2025;9:11:33 AM;WG REA FORD CA029;25;1;10;1;6;0;5;0;5;0;10;0;7;0;18;0;19;0;19;0;17;0;11;0
8/1/2025;9:12:33 AM;WG REA FORD CA029;27;1;13;1;9;0;8;0;8;0;13;0;10;0;20;0;20;0;19;0;17;0;11;0
8/1/2025;9:13:33 AM;WG REA FORD CA029;31;1;16;1;12;0;11;0;11;0;16;0;13;0;23;0;23;0;19;0;17;0;11;0
8/1/2025;9:14:33 AM;WG REA FORD CA029;34;1;19;1;15;0;14;0;14;0;19;0;16;0;26;0;26;0;22;0;20;0;13;0
8/1/2025;9:15:33 AM;WG REA FORD CA029;35;1;20;1;17;0;17;0;17;0;21;0;19;0;29;0;28;0;25;0;22;0;16;0
8/1/2025;9:16:33 AM;WG REA FORD CA029;37;1;23;1;19;0;20;0;20;0;24;0;22;0;32;0;30;0;26;0;23;0;17;0
8/1/2025;9:17:33 AM;WG REA FORD CA029;40;1;26;1;21;0;23;0;23;0;27;0;25;0;35;0;33;0;29;0;26;0;20;0
8/1/2025;9:18:33 AM;WG REA FORD CA029;43;1;28;1;24;0;26;0;26;0;30;0;28;0;38;0;36;0;31;1;28;0;22;0
8/1/2025;9:19:33 AM;WG REA FORD CA029;46;1;32;1;27;0;29;0;29;0;33;0;31;0;41;0;39;0;34;1;31;0;25;0
8/1/2025;9:20:33 AM;WG REA FORD CA029;49;1;34;1;30;0;32;0;32;0;36;0;34;0;44;0;42;0;37;1;34;0;27;0
8/1/2025;9:21:33 AM;WG REA FORD CA029;52;1;37;1;33;0;35;0;35;0;39;0;37;0;47;0;45;0;40;1;37;0;30;0
8/1/2025;9:22:33 AM;WG REA FORD CA029;55;1;40;1;36;0;38;0;38;0;42;0;40;0;50;0;48;0;43;1;40;0;33;0
8/1/2025;9:23:33 AM;WG REA FORD CA029;58;1;43;1;39;0;41;0;41;0;45;0;43;0;53;0;51;0;45;1;43;0;36;0
8/1/2025;9:24:33 AM;WG REA FORD CA029;61;1;46;1;42;0;43;0;44;0;48;0;46;0;56;0;54;0;48;1;45;0;39;0
8/1/2025;9:25:33 AM;WG REA FORD CA029;64;1;49;1;45;0;47;0;47;0;51;0;49;0;59;0;57;0;51;1;48;0;42;0
8/1/2025;9:26:33 AM;WG REA FORD CA029;67;1;52;1;48;0;50;0;49;0;54;0;52;0;62;0;60;0;54;1;51;0;45;0
8/1/2025;9:27:33 AM;WG REA FORD CA029;70;1;55;1;51;0;52;0;52;0;57;0;55;0;65;0;61;0;57;1;54;0;48;0
8/1/2025;9:28:33 AM;WG REA FORD CA029;73;1;58;1;54;0;55;0;55;0;60;0;58;0;68;0;62;0;57;1;55;0;49;0
8/1/2025;9:29:33 AM;WG REA FORD CA029;76;1;61;1;57;0;58;0;58;0;63;0;61;0;71;0;66;0;60;1;58;0;51;0
8/1/2025;9:30:33 AM;WG REA FORD CA029;79;1;64;1;60;0;61;0;61;0;66;0;64;0;73;0;69;0;63;1;60;0;53;0
8/1/2025;9:31:33 AM;WG REA FORD CA029;82;1;67;1;63;0;64;0;64;0;69;0;67;0;76;0;72;0;66;1;63;0;57;0
8/1/2025;9:32:33 AM;WG REA FORD CA029;85;1;70;1;66;0;67;0;67;0;72;0;69;0;79;0;75;0;69;1;66;0;60;0
8/1/2025;9:33:33 AM;WG REA FORD CA029;88;1;73;1;69;0;70;0;70;0;75;0;72;0;82;0;78;0;72;1;69;0;63;0
8/1/2025;9:34:33 AM;WG REA FORD CA029;91;1;76;1;72;0;73;0;73;0;78;0;75;0;85;0;81;0;75;1;72;0;66;0
8/1/2025;9:35:33 AM;WG REA FORD CA029;94;1;79;1;75;0;76;0;76;0;80;0;78;0;88;1;84;0;78;1;75;0;69;0
8/1/2025;9:36:33 AM;WG REA FORD CA029;96;1;82;1;77;0;79;0;79;0;83;0;81;0;90;1;87;0;81;1;78;0;72;0
8/1/2025;9:37:33 AM;WG REA FORD CA029;99;1;85;1;80;0;82;0;82;0;86;0;84;0;94;1;89;0;84;1;81;0;75;0
8/1/2025;9:38:33 AM;WG REA FORD CA029;102;1;88;1;83;0;85;0;85;0;89;0;87;0;97;1;93;0;87;1;84;0;77;0
8/1/2025;9:39:33 AM;WG REA FORD CA029;105;1;91;1;86;0;88;0;88;0;92;0;90;0;100;1;95;0;90;1;87;0;80;0
8/1/2025;9:40:33 AM;WG REA FORD CA029;108;1;93;1;89;0;91;0;91;0;95;0;93;0;103;1;98;0;93;1;90;0;83;0
8/1/2025;9:41:33 AM;WG REA FORD CA029;111;1;96;1;92;0;94;0;94;0;98;0;96;0;106;1;101;0;95;2;92;0;86;0
8/1/2025;9:42:33 AM;WG REA FORD CA029;114;1;99;1;95;0;97;0;97;0;101;0;99;0;109;1;104;0;98;2;95;0;89;0
8/1/2025;9:43:33 AM;WG REA FORD CA029;117;1;102;1;98;0;100;0;100;0;104;0;102;0;112;1;107;0;100;3;97;0;91;0
8/1/2025;9:44:33 AM;WG REA FORD CA029;120;1;105;1;101;0;103;0;103;0;107;0;105;0;115;1;110;0;103;3;100;0;94;0
8/1/2025;9:45:33 AM;WG REA FORD CA029;123;1;108;1;104;0;106;0;106;0;110;0;108;0;118;1;113;0;106;3;103;0;97;0
8/1/2025;9:46:33 AM;WG REA FORD CA029;126;1;111;1;107;0;109;0;109;0;113;0;111;0;121;1;116;0;109;3;106;0;99;0
8/1/2025;9:47:33 AM;WG REA FORD CA029;129;1;114;1;110;0;111;0;112;0;116;0;114;0;124;1;119;0;112;3;109;0;102;0
8/1/2025;9:48:33 AM;WG REA FORD CA029;132;1;117;1;113;0;115;0;115;0;119;0;117;0;127;1;122;0;115;3;112;0;105;0
8/1/2025;9:49:33 AM;WG REA FORD CA029;135;1;120;1;116;0;117;0;118;0;122;0;120;0;130;1;125;0;117;3;115;0;108;0
8/1/2025;9:50:33 AM;WG REA FORD CA029;138;1;123;1;119;0;120;0;120;0;125;0;123;0;132;1;128;0;120;3;118;0;111;0
8/1/2025;9:51:33 AM;WG REA FORD CA029;141;1;126;1;122;0;123;0;123;0;128;0;126;0;135;1;131;0;123;3;120;0;114;0
8/1/2025;9:52:33 AM;WG REA FORD CA029;144;1;129;1;125;0;126;0;126;0;131;0;129;0;138;1;134;0;126;3;123;0;117;0
8/1/2025;9:53:33 AM;WG REA FORD CA029;147;1;132;1;128;0;129;0;129;0;134;0;131;0;141;1;137;0;129;3;126;0;120;0
8/1/2025;9:54:33 AM;WG REA FORD CA029;150;1;135;1;131;0;132;0;132;0;137;0;134;0;144;1;140;0;132;3;129;0;123;0
8/1/2025;9:55:33 AM;WG REA FORD CA029;153;1;138;1;134;0;135;0;135;0;140;0;137;0;147;1;143;0;135;3;132;0;126;0
8/1/2025;9:56:33 AM;WG REA FORD CA029;156;1;141;1;137;0;138;0;138;0;142;0;140;0;150;1;146;0;138;3;135;0;129;0
8/1/2025;9:57:33 AM;WG REA FORD CA029;159;1;144;1;140;0;141;0;141;0;145;0;143;0;153;1;149;0;141;3;138;0;132;0
8/1/2025;9:58:33 AM;WG REA FORD CA029;161;1;147;1;143;0;144;0;144;0;148;0;146;0;156;1;152;0;143;4;141;0;135;0
8/1/2025;9:59:33 AM;WG REA FORD CA029;164;1;150;1;145;0;147;0;147;0;151;0;149;0;159;1;154;0;146;4;143;0;137;0
8/1/2025;10:00:33 AM;WG REA FORD CA029;167;1;153;1;148;0;150;0;150;0;154;0;152;0;162;1;157;0;149;4;146;0;140;0
8/1/2025;10:01:33 AM;WG REA FORD CA029;170;1;156;1;151;0;153;0;153;0;157;0;155;0;165;1;160;0;151;5;148;0;142;0
8/1/2025;10:02:33 AM;WG REA FORD CA029;173;1;158;1;154;0;155;0;156;0;160;0;158;0;165;1;161;0;151;5;149;0;142;0
8/1/2025;10:03:33 AM;WG REA FORD CA029;176;1;161;1;157;0;159;0;159;0;163;0;161;0;168;1;163;0;153;5;150;0;144;0
8/1/2025;10:04:33 AM;WG REA FORD CA029;179;1;164;1;160;0;162;0;162;0;166;0;164;0;170;1;166;0;156;5;153;0;147;0
8/1/2025;10:05:33 AM;WG REA FORD CA029;182;1;167;1;163;0;165;0;165;0;169;0;167;0;173;1;169;0;159;5;156;0;150;0
8/1/2025;10:06:33 AM;WG REA FORD CA029;185;1;170;1;166;0;168;0;168;0;172;0;170;0;177;1;172;0;161;6;158;0;152;0
8/1/2025;10:07:33 AM;WG REA FORD CA029;188;1;173;1;169;0;171;0;171;0;175;0;173;0;180;1;174;0;163;7;160;0;154;0
8/1/2025;10:08:33 AM;WG REA FORD CA029;191;1;176;1;172;0;173;0;174;0;178;0;176;0;180;1;177;0;166;7;163;0;157;0
8/1/2025;10:09:33 AM;WG REA FORD CA029;194;1;179;1;175;0;176;0;177;0;181;0;179;0;181;1;181;0;169;7;166;0;160;0
8/1/2025;10:10:33 AM;WG REA FORD CA029;197;1;182;1;178;0;179;0;179;0;184;0;181;0;181;1;182;0;172;7;169;0;163;0
8/1/2025;10:11:33 AM;WG REA FORD CA029;200;1;185;1;181;0;182;0;182;0;187;0;184;0;184;1;185;0;175;7;172;0;166;0
8/1/2025;10:12:33 AM;WG REA FORD CA029;203;1;188;1;184;0;185;0;185;0;190;0;187;0;187;1;188;0;177;7;174;0;168;0
8/1/2025;10:13:33 AM;WG REA FORD CA029;206;1;191;1;187;0;188;0;188;0;193;0;190;0;191;1;188;0;178;7;176;0;170;0
8/1/2025;10:14:33 AM;WG REA FORD CA029;208;1;194;1;190;0;191;0;191;0;196;0;193;0;194;1;192;0;180;8;177;0;171;0
8/1/2025;10:15:33 AM;WG REA FORD CA029;211;1;197;1;193;0;194;0;194;0;199;0;196;0;197;1;195;0;183;8;180;0;174;0
8/1/2025;10:16:33 AM;WG REA FORD CA029;214;1;200;1;196;0;197;0;197;0;202;0;199;0;200;1;198;0;185;9;183;0;176;0
8/1/2025;10:17:33 AM;WG REA FORD CA029;217;1;202;1;198;0;200;0;200;0;204;0;202;0;203;1;201;0;188;9;185;0;178;0
8/1/2025;10:18:33 AM;WG REA FORD CA029;220;1;205;1;201;0;203;0;203;0;207;0;205;0;206;1;204;0;191;9;187;0;181;0
8/1/2025;10:19:33 AM;WG REA FORD CA029;223;1;209;1;204;0;205;0;204;0;210;0;208;0;209;1;206;0;193;9;190;0;184;0
8/1/2025;10:20:33 AM;WG REA FORD CA029;224;1;209;1;204;0;205;0;204;0;210;0;208;0;212;1;209;0;196;9;193;0;187;0
8/1/2025;10:21:33 AM;WG REA FORD CA029;224;1;209;1;204;0;205;0;205;0;210;0;208;0;216;1;213;0;199;9;196;0;190;0
8/1/2025;10:22:33 AM;WG REA FORD CA029;226;1;211;1;207;0;209;0;209;0;213;0;211;0;219;1;216;0;202;9;199;0;192;0
8/1/2025;10:23:33 AM;WG REA FORD CA029;229;1;214;1;210;0;212;0;212;0;216;0;214;0;222;1;219;0;205;9;202;0;195;0
8/1/2025;10:24:33 AM;WG REA FORD CA029;232;1;217;1;213;0;215;0;215;0;219;0;217;0;225;1;219;0;207;9;205;0;198;0
8/1/2025;10:25:33 AM;WG REA FORD CA029;235;1;220;1;216;0;218;0;218;0;222;0;220;0;228;1;220;1;209;9;206;0;200;0
8/1/2025;10:26:33 AM;WG REA FORD CA029;238;1;223;1;219;0;221;0;221;0;225;0;223;0;231;1;223;1;211;9;209;0;202;0
8/1/2025;10:27:33 AM;WG REA FORD CA029;241;1;226;1;222;0;223;0;224;0;228;0;226;0;234;1;225;1;212;10;210;0;204;0
8/1/2025;10:28:33 AM;WG REA FORD CA029;244;1;229;1;225;0;226;0;227;0;231;0;229;0;237;1;227;1;213;10;211;0;204;0
8/1/2025;10:29:33 AM;WG REA FORD CA029;247;1;232;1;228;0;229;0;229;0;234;0;232;0;240;1;231;1;216;10;213;0;206;0
8/1/2025;10:30:33 AM;WG REA FORD CA029;249;1;234;1;230;0;232;0;232;0;237;0;235;0;243;1;234;1;218;11;216;0;209;0
8/1/2025;10:31:33 AM;WG REA FORD CA029;252;1;237;1;233;0;235;0;235;0;240;0;238;0;247;1;237;1;221;11;218;0;212;0
8/1/2025;10:32:33 AM;WG REA FORD CA029;255;1;240;1;236;0;238;0;238;0;243;0;241;0;250;1;240;1;224;11;221;0;215;0
8/1/2025;10:33:33 AM;WG REA FORD CA029;258;1;243;1;239;0;241;0;241;0;246;0;244;0;253;1;243;1;227;11;224;0;218;0
8/1/2025;10:34:33 AM;WG REA FORD CA029;261;1;246;1;242;0;244;0;244;0;249;0;246;0;256;1;245;1;230;11;227;0;221;0
8/1/2025;10:35:33 AM;WG REA FORD CA029;264;1;249;1;245;0;247;0;247;0;252;0;249;0;259;1;249;1;233;11;230;0;223;0
8/1/2025;10:36:33 AM;WG REA FORD CA029;267;1;252;1;248;0;250;0;250;0;255;0;252;0;262;1;252;1;236;11;233;0;226;0
8/1/2025;10:37:33 AM;WG REA FORD CA029;270;1;255;1;251;0;253;0;253;0;257;0;255;0;265;1;254;1;239;11;236;0;230;0
8/1/2025;10:38:33 AM;WG REA FORD CA029;272;1;258;1;254;0;256;0;256;0;260;0;258;0;268;1;257;1;242;11;239;0;232;0
8/1/2025;10:39:33 AM;WG REA FORD CA029;275;1;261;1;257;0;259;0;259;0;263;0;261;0;271;1;260;1;245;11;242;0;235;0
8/1/2025;10:40:33 AM;WG REA FORD CA029;278;1;264;1;259;0;262;0;262;0;266;0;264;0;274;1;263;1;248;11;245;0;238;0
8/1/2025;10:41:33 AM;WG REA FORD CA029;281;1;267;1;262;0;265;0;265;0;269;0;267;0;277;1;266;1;251;11;248;0;241;0
8/1/2025;10:42:33 AM;WG REA FORD CA029;284;1;270;1;265;0;268;0;268;0;272;0;270;0;280;1;269;1;254;11;250;0;244;0
8/1/2025;10:43:33 AM;WG REA FORD CA029;287;1;273;1;268;0;271;0;271;0;275;0;273;0;283;1;272;1;257;11;253;0;246;0
8/1/2025;10:44:33 AM;WG REA FORD CA029;290;1;275;1;271;0;274;0;274;0;278;0;276;0;286;1;275;1;259;12;256;0;249;0
8/1/2025;10:45:33 AM;WG REA FORD CA029;293;1;278;1;274;0;277;0;277;0;281;0;279;0;289;1;278;1;262;12;259;0;252;0
8/1/2025;10:46:33 AM;WG REA FORD CA029;296;1;281;1;277;0;280;0;280;0;284;0;282;0;292;1;281;1;265;12;261;0;255;0
8/1/2025;10:47:33 AM;WG REA FORD CA029;299;1;284;1;280;0;283;0;282;0;287;0;285;0;295;1;284;1;268;12;264;0;258;0
8/1/2025;10:48:33 AM;WG REA FORD CA029;301;1;286;1;281;0;283;0;282;0;288;0;286;0;298;1;287;1;271;12;267;0;261;0
8/1/2025;10:49:33 AM;WG REA FORD CA029;301;1;286;1;281;0;283;0;283;0;288;0;286;0;298;1;290;1;273;12;270;0;264;0
8/1/2025;10:50:33 AM;WG REA FORD CA029;302;1;287;1;283;0;286;0;286;0;291;0;288;0;298;1;293;1;276;12;273;0;267;0
8/1/2025;10:51:33 AM;WG REA FORD CA029;305;1;290;1;286;0;289;0;289;0;293;0;291;0;301;1;296;1;278;13;274;1;269;0
8/1/2025;10:52:33 AM;WG REA FORD CA029;308;1;294;1;290;0;292;0;292;0;296;0;294;0;304;1;299;1;281;13;277;1;271;0
8/1/2025;10:53:33 AM;WG REA FORD CA029;311;1;297;1;293;0;295;0;295;0;299;0;297;0;307;1;302;1;284;13;280;1;274;0
8/1/2025;10:54:33 AM;WG REA FORD CA029;314;1;300;1;296;0;298;0;298;0;302;0;300;0;310;1;305;1;287;13;283;1;277;0
8/1/2025;10:55:33 AM;WG REA FORD CA029;317;1;303;1;299;0;301;0;301;0;305;0;303;0;313;1;308;1;290;13;286;1;280;0
8/1/2025;10:56:33 AM;WG REA FORD CA029;320;1;306;1;301;0;304;0;304;0;308;0;306;0;316;1;311;1;293;13;289;1;283;0
8/1/2025;10:57:33 AM;WG REA FORD CA029;323;1;309;1;304;0;307;0;307;0;311;0;309;0;319;1;314;1;296;13;292;1;286;0
8/1/2025;10:58:33 AM;WG REA FORD CA029;326;1;311;1;307;0;310;0;310;0;314;0;312;0;322;1;316;1;299;13;295;1;289;0
8/1/2025;10:59:33 AM;WG REA FORD CA029;329;1;314;1;310;0;313;0;313;0;317;0;315;0;325;1;319;1;301;14;298;1;292;0
8/1/2025;11:00:33 AM;WG REA FORD CA029;332;1;317;1;313;0;316;0;316;0;320;0;318;0;328;1;323;1;304;14;300;1;294;0
8/1/2025;11:01:33 AM;WG REA FORD CA029;335;1;320;1;316;0;319;0;319;0;323;0;321;0;331;1;325;1;307;14;303;1;297;0
8/1/2025;11:02:33 AM;WG REA FORD CA029;338;1;323;1;319;0;321;0;321;0;326;0;324;0;334;1;328;1;310;14;306;1;300;0
8/1/2025;11:03:33 AM;WG REA FORD CA029;341;1;326;1;322;0;324;0;325;0;329;0;327;0;336;1;331;1;313;14;309;1;303;0
8/1/2025;11:04:33 AM;WG REA FORD CA029;344;1;329;1;325;0;328;0;328;0;332;0;330;0;339;1;334;1;316;14;312;1;306;0
8/1/2025;11:05:33 AM;WG REA FORD CA029;347;1;332;1;328;0;331;0;331;0;335;0;333;0;343;1;337;1;319;14;315;1;309;0
8/1/2025;11:06:33 AM;WG REA FORD CA029;350;1;335;1;331;0;333;0;333;0;338;0;336;0;344;1;340;1;322;14;318;1;311;0
8/1/2025;11:07:33 AM;WG REA FORD CA029;353;1;338;1;334;0;336;0;337;0;341;0;339;0;346;1;343;1;325;14;321;1;314;0
8/1/2025;11:08:33 AM;WG REA FORD CA029;356;1;341;1;337;0;339;0;339;0;344;0;342;0;349;1;346;1;328;14;324;1;317;0
8/1/2025;11:09:33 AM;WG REA FORD CA029;359;1;344;1;340;0;342;0;342;0;346;0;345;0;352;1;349;1;331;14;327;1;320;0
8/1/2025;11:10:33 AM;WG REA FORD CA029;361;1;346;1;341;0;343;0;343;0;346;0;345;0;355;1;352;1;334;14;329;1;323;0
8/1/2025;11:11:33 AM;WG REA FORD CA029;361;1;346;1;341;0;343;0;343;0;346;0;345;0;357;1;353;1;335;14;331;1;325;0
8/1/2025;11:12:33 AM;WG REA FORD CA029;361;1;346;1;341;0;343;0;343;0;347;0;345;0;357;1;353;1;335;14;331;1;325;0
8/1/2025;11:13:33 AM;WG REA FORD CA029;362;1;347;1;342;0;344;0;344;0;347;0;346;0;357;1;353;1;335;14;331;1;325;0
8/1/2025;11:14:33 AM;WG REA FORD CA029;362;1;347;1;342;0;344;0;344;0;347;0;346;0;357;1;354;1;336;14;331;1;325;0
8/1/2025;11:15:33 AM;WG REA FORD CA029;362;1;347;1;343;0;345;0;345;0;349;1;348;0;358;1;356;1;338;14;331;1;325;0
8/1/2025;11:16:33 AM;WG REA FORD CA029;365;1;349;2;346;0;348;0;348;0;352;1;350;0;361;1;359;1;340;14;334;1;326;0
8/1/2025;11:17:33 AM;WG REA FORD CA029;368;1;353;2;349;0;351;0;351;0;355;1;353;0;362;1;361;1;343;14;337;1;329;0
8/1/2025;11:18:33 AM;WG REA FORD CA029;372;1;356;2;351;0;353;0;354;0;358;1;355;0;365;1;364;1;346;14;340;1;332;0
8/1/2025;11:19:33 AM;WG REA FORD CA029;373;1;358;2;354;0;356;0;356;0;360;1;357;0;368;1;366;1;349;14;342;1;335;0
8/1/2025;11:20:33 AM;WG REA FORD CA029;377;1;361;2;357;0;359;0;359;0;363;1;360;0;370;1;369;1;351;14;345;1;338;0
8/1/2025;11:21:33 AM;WG REA FORD CA029;380;1;364;2;360;0;362;0;362;0;366;1;363;0;373;1;372;1;354;14;348;1;341;0
8/1/2025;11:22:33 AM;WG REA FORD CA029;383;1;367;2;363;0;365;0;365;0;369;1;366;0;376;1;375;1;357;14;351;1;344;0
8/1/2025;11:23:33 AM;WG REA FORD CA029;386;1;370;2;366;0;368;0;368;0;372;1;369;0;379;1;378;1;360;14;354;1;346;0
8/1/2025;11:24:33 AM;WG REA FORD CA029;389;1;373;2;369;0;371;0;371;0;375;1;372;0;383;1;381;1;363;14;356;1;349;0
8/1/2025;11:25:33 AM;WG REA FORD CA029;391;1;375;2;371;0;374;0;374;0;378;1;375;0;385;1;384;1;365;14;359;1;352;0
8/1/2025;11:26:33 AM;WG REA FORD CA029;393;1;378;2;374;0;377;0;377;0;380;1;378;0;388;1;387;1;368;14;362;1;355;0
8/1/2025;11:27:33 AM;WG REA FORD CA029;396;1;381;2;377;0;380;0;380;0;383;1;381;0;391;1;390;1;371;14;365;1;358;0
8/1/2025;11:28:33 AM;WG REA FORD CA029;399;1;384;2;380;0;383;0;383;0;386;1;384;0;394;1;392;1;373;15;367;1;360;0
8/1/2025;11:29:33 AM;WG REA FORD CA029;401;1;385;2;382;0;386;0;386;0;389;1;387;0;397;1;396;1;376;15;370;1;363;0
8/1/2025;11:30:33 AM;WG REA FORD CA029;401;1;385;2;384;0;388;0;389;0;392;1;390;0;400;1;398;1;379;15;373;1;366;0
8/1/2025;11:31:33 AM;WG REA FORD CA029;405;1;389;2;387;0;391;0;391;0;395;1;392;0;403;1;401;1;382;15;376;1;369;0
8/1/2025;11:32:33 AM;WG REA FORD CA029;408;1;392;2;390;0;394;0;394;0;398;1;395;0;405;1;404;1;385;15;379;1;372;0
8/1/2025;11:33:33 AM;WG REA FORD CA029;411;1;396;2;394;0;397;0;397;0;401;1;399;0;408;1;407;1;388;15;382;1;375;0
8/1/2025;11:34:33 AM;WG REA FORD CA029;415;1;399;2;397;0;400;0;400;0;404;1;402;0;412;1;410;1;391;15;385;1;378;0
8/1/2025;11:35:33 AM;WG REA FORD CA029;418;1;402;2;400;0;403;0;403;0;407;1;404;0;414;1;413;1;393;16;388;1;381;0
8/1/2025;11:36:33 AM;WG REA FORD CA029;422;1;406;2;403;0;406;0;406;0;410;1;407;0;417;1;416;1;396;16;390;1;383;0
8/1/2025;11:37:33 AM;WG REA FORD CA029;425;1;409;2;406;0;409;0;409;0;413;1;410;0;420;1;419;1;399;16;393;1;386;0
8/1/2025;11:38:33 AM;WG REA FORD CA029;428;1;413;2;409;0;412;0;412;0;416;1;413;0;423;1;422;1;402;16;396;1;388;0
8/1/2025;11:39:33 AM;WG REA FORD CA029;432;1;416;2;412;0;415;0;415;0;419;1;416;0;426;1;425;1;405;16;399;1;391;0
8/1/2025;11:40:33 AM;WG REA FORD CA029;435;1;419;2;415;0;418;0;418;0;422;1;419;0;429;1;428;1;408;16;402;1;394;0
8/1/2025;11:41:33 AM;WG REA FORD CA029;437;1;422;2;418;0;421;0;421;0;424;1;422;0;432;1;431;1;410;16;405;1;397;0
8/1/2025;11:42:33 AM;WG REA FORD CA029;440;1;425;2;420;0;424;0;424;0;427;1;425;0;435;1;433;1;413;16;408;1;400;0
8/1/2025;11:43:33 AM;WG REA FORD CA029;443;1;428;2;423;0;427;0;427;0;430;1;428;0;438;1;436;1;416;16;410;1;403;0
8/1/2025;11:44:33 AM;WG REA FORD CA029;446;1;431;2;426;0;430;0;430;0;433;1;431;0;441;1;439;1;419;16;413;1;405;0
8/1/2025;11:45:33 AM;WG REA FORD CA029;449;1;433;2;429;0;433;0;433;0;436;1;434;0;444;1;442;1;422;16;416;1;409;0
8/1/2025;11:46:33 AM;WG REA FORD CA029;452;1;436;2;431;0;435;0;435;0;439;1;436;0;447;1;445;1;425;16;419;1;412;0
8/1/2025;11:47:33 AM;WG REA FORD CA029;454;1;438;2;434;0;437;0;438;0;441;1;439;0;449;1;448;1;428;16;422;1;415;0
8/1/2025;11:48:33 AM;WG REA FORD CA029;457;1;441;2;437;0;441;0;441;0;444;1;442;0;452;1;451;1;431;16;425;1;418;0
8/1/2025;11:49:33 AM;WG REA FORD CA029;460;1;444;2;440;0;444;0;444;0;447;1;445;0;455;1;454;1;434;16;428;1;420;0
8/1/2025;11:50:33 AM;WG REA FORD CA029;463;1;447;2;443;0;447;0;447;0;450;1;448;0;457;1;457;1;437;16;430;1;423;0
8/1/2025;11:51:33 AM;WG REA FORD CA029;466;1;450;2;446;0;450;0;450;0;453;1;451;0;461;1;460;1;440;16;433;1;425;0
8/1/2025;11:52:33 AM;WG REA FORD CA029;469;1;453;2;449;0;452;0;453;0;456;1;454;0;464;1;462;1;443;16;436;1;428;0
8/1/2025;11:53:33 AM;WG REA FORD CA029;472;1;456;2;452;0;455;0;456;0;459;1;457;0;466;1;465;1;445;16;439;1;432;0
8/1/2025;11:54:33 AM;WG REA FORD CA029;475;1;459;2;455;0;458;0;458;0;462;1;460;0;470;1;468;1;447;17;441;1;434;0
8/1/2025;11:55:33 AM;WG REA FORD CA029;478;1;462;2;458;0;461;0;461;0;465;1;463;0;470;1;468;1;447;17;441;1;434;0
8/1/2025;11:56:33 AM;WG REA FORD CA029;481;1;465;2;461;0;464;0;464;0;468;1;466;0;470;1;468;1;447;17;442;1;434;0
8/1/2025;11:57:33 AM;WG REA FORD CA029;484;1;468;2;464;0;467;0;467;0;471;1;469;0;472;1;471;1;450;17;444;1;437;0
8/1/2025;11:58:33 AM;WG REA FORD CA029;487;1;471;2;467;0;470;0;470;0;474;1;471;0;476;1;474;1;453;17;447;1;440;0
8/1/2025;11:59:33 AM;WG REA FORD CA029;490;1;474;2;470;0;473;0;473;0;477;1;474;0;479;1;477;1;456;17;450;1;443;0
8/1/2025;12:00:33 PM;WG REA FORD CA029;493;1;477;2;473;0;476;0;476;0;480;1;477;0;482;1;480;1;459;17;453;1;446;0
8/1/2025;12:01:33 PM;WG REA FORD CA029;495;1;480;2;476;0;479;0;479;0;482;1;480;0;486;1;483;1;462;17;456;1;449;0
8/1/2025;12:02:33 PM;WG REA FORD CA029;498;1;483;2;479;0;482;0;482;0;485;1;483;0;489;1;486;1;465;17;459;1;452;0
8/1/2025;12:03:33 PM;WG REA FORD CA029;501;1;486;2;482;0;485;0;485;0;488;1;486;0;493;1;489;1;468;17;462;1;455;0
8/1/2025;12:04:33 PM;WG REA FORD CA029;504;1;488;2;484;0;487;0;488;0;491;1;489;0;496;1;492;1;471;17;465;1;457;0
8/1/2025;12:05:33 PM;WG REA FORD CA029;507;1;491;2;487;0;491;0;491;0;494;1;492;0;498;1;495;1;474;17;468;1;460;0
8/1/2025;12:06:33 PM;WG REA FORD CA029;510;1;494;2;490;0;494;0;494;0;497;1;495;0;501;1;498;1;477;17;470;1;463;0
8/1/2025;12:07:33 PM;WG REA FORD CA029;513;1;497;2;493;0;497;0;497;0;500;1;498;0;505;1;501;1;479;17;473;1;466;0
8/1/2025;12:08:33 PM;WG REA FORD CA029;516;1;500;2;496;0;500;0;500;0;503;1;501;0;506;1;504;1;481;18;475;1;467;0
8/1/2025;12:09:33 PM;WG REA FORD CA029;519;1;503;2;499;0;503;0;503;0;506;1;504;0;506;1;506;1;484;18;478;1;470;0
8/1/2025;12:10:33 PM;WG REA FORD CA029;522;1;506;2;502;0;505;0;506;0;509;1;507;0;508;1;507;1;487;18;481;1;473;0
8/1/2025;12:11:33 PM;WG REA FORD CA029;525;1;509;2;505;0;508;0;509;0;512;1;510;0;511;1;511;1;489;18;483;1;476;0
8/1/2025;12:12:33 PM;WG REA FORD CA029;528;1;512;2;508;0;511;0;512;0;515;1;513;0;514;1;514;1;492;18;486;1;479;0
8/1/2025;12:13:33 PM;WG REA FORD CA029;531;1;515;2;511;0;514;0;514;0;518;1;516;0;517;1;517;1;495;18;489;1;482;0
8/1/2025;12:14:33 PM;WG REA FORD CA029;534;1;518;2;514;0;517;0;517;0;521;1;519;0;521;1;520;1;497;19;491;1;484;0
8/1/2025;12:15:33 PM;WG REA FORD CA029;537;1;521;2;517;0;520;0;520;0;524;1;522;0;524;1;523;1;499;20;493;1;486;0
8/1/2025;12:16:33 PM;WG REA FORD CA029;540;1;524;2;520;0;523;0;523;0;527;1;525;0;527;1;525;1;502;20;496;1;489;0
8/1/2025;12:17:33 PM;WG REA FORD CA029;543;1;527;2;523;0;526;0;526;0;530;1;528;0;530;1;528;1;504;20;499;1;491;0
8/1/2025;12:18:33 PM;WG REA FORD CA029;546;1;530;2;526;0;529;0;529;0;533;1;531;0;533;1;531;1;507;20;501;1;494;0
8/1/2025;12:19:33 PM;WG REA FORD CA029;549;1;533;2;529;0;532;0;532;0;536;1;533;0;536;1;534;1;510;20;504;1;497;0
8/1/2025;12:20:33 PM;WG REA FORD CA029;552;1;536;2;532;0;535;0;535;0;539;1;536;0;539;1;538;1;513;20;507;1;500;0
8/1/2025;12:21:33 PM;WG REA FORD CA029;555;1;539;2;535;0;538;0;538;0;542;1;539;0;542;1;541;1;516;20;510;1;503;0
8/1/2025;12:22:33 PM;WG REA FORD CA029;558;1;542;2;538;0;541;0;541;0;544;1;542;0;545;1;544;1;519;20;513;1;506;0
8/1/2025;12:23:33 PM;WG REA FORD CA029;560;1;545;2;541;0;544;0;544;0;547;1;545;0;549;1;547;1;522;20;516;1;509;0
8/1/2025;12:24:33 PM;WG REA FORD CA029;563;1;548;2;544;0;547;0;547;0;550;1;548;0;552;1;550;1;524;21;518;1;511;0
8/1/2025;12:25:33 PM;WG REA FORD CA029;566;1;551;2;546;0;550;0;550;0;553;1;551;0;555;1;552;1;527;21;521;1;514;0
8/1/2025;12:26:33 PM;WG REA FORD CA029;569;1;554;2;549;0;553;0;553;0;556;1;554;0;558;1;555;1;530;21;524;1;517;0
8/1/2025;12:27:33 PM;WG REA FORD CA029;572;1;556;2;552;0;556;0;556;0;559;1;557;0;561;1;558;1;533;21;527;1;519;0
8/1/2025;12:28:33 PM;WG REA FORD CA029;575;1;559;2;555;0;559;0;559;0;562;1;560;0;564;1;561;1;536;21;530;1;522;0
8/1/2025;12:29:33 PM;WG REA FORD CA029;578;1;562;2;558;0;562;0;562;0;565;1;563;0;566;1;563;1;538;21;531;1;525;0
8/1/2025;12:30:33 PM;WG REA FORD CA029;581;1;565;2;561;0;565;0;565;0;568;1;565;0;566;1;563;1;538;21;531;1;525;0
8/1/2025;12:31:33 PM;WG REA FORD CA029;584;1;568;2;564;0;568;0;568;0;571;1;565;0;566;1;563;1;538;21;531;1;525;0
8/1/2025;12:32:33 PM;WG REA FORD CA029;587;1;571;2;566;0;569;0;569;0;573;1;565;0;566;1;563;1;538;21;531;1;525;0
8/1/2025;12:33:33 PM;WG REA FORD CA029;587;1;571;2;566;0;569;0;569;0;573;1;565;0;566;1;563;1;538;21;531;1;525;0
8/1/2025;12:34:33 PM;WG REA FORD CA029;587;1;571;2;566;0;569;0;569;0;573;1;565;0;566;1;563;1;538;21;531;1;525;0
8/1/2025;12:35:33 PM;WG REA FORD CA029;587;1;571;2;566;0;569;0;569;0;573;1;565;0;566;1;563;1;538;21;531;1;525;0
8/1/2025;12:36:33 PM;WG REA FORD CA029;587;1;571;2;567;0;571;0;571;0;574;1;567;0;568;1;565;1;540;21;531;1;525;0
8/1/2025;12:37:33 PM;WG REA FORD CA029;587;1;571;2;569;0;573;0;573;0;577;1;570;0;571;1;568;1;543;21;533;1;526;0
8/1/2025;12:38:33 PM;WG REA FORD CA029;588;1;572;2;570;0;574;0;574;0;578;1;571;0;574;1;571;1;546;21;536;1;529;0
8/1/2025;12:39:33 PM;WG REA FORD CA029;591;1;576;2;574;0;577;0;577;0;581;1;576;0;577;1;574;1;549;21;539;1;532;0
8/1/2025;12:40:33 PM;WG REA FORD CA029;595;1;579;2;577;0;580;0;580;0;584;1;580;0;580;1;577;1;552;21;542;1;535;0
8/1/2025;12:41:33 PM;WG REA FORD CA029;598;1;582;2;580;0;583;0;583;0;587;1;583;0;584;1;580;1;554;21;545;1;538;0
8/1/2025;12:42:33 PM;WG REA FORD CA029;602;1;586;2;583;0;586;0;586;0;590;1;586;0;586;1;583;1;557;21;548;1;541;0
8/1/2025;12:43:33 PM;WG REA FORD CA029;605;1;589;2;586;0;589;0;589;0;593;1;589;0;590;1;586;1;560;21;551;1;543;0
8/1/2025;12:44:33 PM;WG REA FORD CA029;608;1;593;2;589;0;592;0;592;0;596;1;592;0;592;3;589;1;563;21;554;1;546;0
8/1/2025;12:45:33 PM;WG REA FORD CA029;611;1;596;2;592;0;595;0;595;0;599;1;595;0;596;3;592;1;566;21;557;1;549;0
8/1/2025;12:46:33 PM;WG REA FORD CA029;614;1;599;2;595;0;598;0;598;0;602;1;598;0;599;3;595;1;569;21;560;1;552;0
8/1/2025;12:47:33 PM;WG REA FORD CA029;617;1;601;2;598;0;601;0;601;0;605;1;601;0;602;3;598;1;572;21;563;1;555;0
8/1/2025;12:48:33 PM;WG REA FORD CA029;620;1;604;2;601;0;604;0;604;0;607;1;605;0;605;3;601;1;575;21;565;1;557;0
8/1/2025;12:49:33 PM;WG REA FORD CA029;623;1;607;2;604;0;607;0;607;0;610;1;608;0;608;3;603;1;578;21;568;1;561;0
8/1/2025;12:50:33 PM;WG REA FORD CA029;626;1;610;2;606;0;610;0;610;0;613;1;611;0;612;3;606;1;579;23;571;1;564;0
8/1/2025;12:51:33 PM;WG REA FORD CA029;629;1;613;2;609;0;613;0;613;0;616;1;614;0;615;3;609;1;582;23;573;1;566;0
8/1/2025;12:52:33 PM;WG REA FORD CA029;632;1;616;2;612;0;616;0;616;0;619;1;617;0;618;3;612;1;585;23;576;1;569;0
8/1/2025;12:53:33 PM;WG REA FORD CA029;634;1;619;2;615;0;618;0;618;0;622;1;620;0;622;3;615;1;588;23;579;1;572;0
8/1/2025;12:54:33 PM;WG REA FORD CA029;638;1;622;2;618;0;621;0;621;0;625;1;623;0;625;3;618;1;590;24;581;1;574;0
8/1/2025;12:55:33 PM;WG REA FORD CA029;640;1;625;2;621;0;624;0;625;0;628;1;626;0;628;3;621;1;593;24;584;1;577;0
8/1/2025;12:56:33 PM;WG REA FORD CA029;644;1;628;2;624;0;628;0;628;0;631;1;629;0;631;3;624;1;596;24;587;1;580;0
8/1/2025;12:57:33 PM;WG REA FORD CA029;647;1;631;2;627;0;631;0;631;0;634;1;632;0;635;3;627;1;599;24;590;1;581;0
8/1/2025;12:58:33 PM;WG REA FORD CA029;650;1;634;2;630;0;634;0;634;0;637;1;635;0;637;3;628;1;601;24;592;1;584;0
8/1/2025;12:59:33 PM;WG REA FORD CA029;652;1;636;2;633;0;636;0;636;0;640;1;638;0;640;3;630;1;602;24;594;1;586;0
8/1/2025;1:00:33 PM;WG REA FORD CA029;653;1;637;2;635;0;639;0;639;0;643;1;641;0;643;4;634;1;605;24;597;1;589;0
8/1/2025;1:01:33 PM;WG REA FORD CA029;656;1;640;2;638;0;642;0;642;0;646;1;644;0;646;4;637;1;608;24;600;1;592;0
8/1/2025;1:02:33 PM;WG REA FORD CA029;659;1;644;2;641;0;645;0;645;0;649;1;646;0;650;4;640;1;611;24;602;1;595;0
8/1/2025;1:03:33 PM;WG REA FORD CA029;662;1;647;2;645;0;648;0;648;0;652;1;649;0;653;4;643;1;614;24;605;1;598;0
8/1/2025;1:04:33 PM;WG REA FORD CA029;665;1;650;2;647;0;651;0;651;0;655;1;652;0;656;4;646;1;616;25;607;1;600;0
8/1/2025;1:05:33 PM;WG REA FORD CA029;668;1;653;2;650;0;654;0;654;0;658;1;655;0;659;4;649;1;619;25;610;1;603;0
8/1/2025;1:06:33 PM;WG REA FORD CA029;671;1;656;2;653;0;657;0;657;0;661;1;658;0;663;4;652;1;622;25;613;1;606;0
8/1/2025;1:07:33 PM;WG REA FORD CA029;674;1;658;2;656;0;660;0;660;0;664;1;661;0;666;4;655;1;625;25;616;1;609;0
8/1/2025;1:08:33 PM;WG REA FORD CA029;677;1;661;2;659;0;663;0;663;0;666;1;664;0;669;4;657;1;628;25;619;1;612;0
8/1/2025;1:09:33 PM;WG REA FORD CA029;680;1;664;2;662;0;666;0;666;0;669;1;667;0;673;4;660;1;631;25;622;1;615;0
8/1/2025;1:10:33 PM;WG REA FORD CA029;683;1;667;2;665;0;669;0;669;0;672;1;670;0;674;4;663;1;634;25;625;1;618;0
8/1/2025;1:11:33 PM;WG REA FORD CA029;686;1;670;2;668;0;672;0;672;0;675;1;673;0;676;4;666;1;637;25;628;1;621;0
8/1/2025;1:12:33 PM;WG REA FORD CA029;689;1;673;2;671;0;675;0;675;0;678;1;676;0;679;4;669;1;640;25;631;1;623;0
8/1/2025;1:13:33 PM;WG REA FORD CA029;692;1;676;2;674;0;678;0;678;0;681;1;679;0;682;4;672;1;643;25;634;1;626;0
8/1/2025;1:14:33 PM;WG REA FORD CA029;695;1;679;2;677;0;681;0;681;0;684;1;682;0;685;4;675;1;645;26;637;1;629;0
8/1/2025;1:15:33 PM;WG REA FORD CA029;698;1;682;2;680;0;684;0;684;0;687;1;685;0;688;4;678;1;648;26;639;1;631;0
8/1/2025;1:16:33 PM;WG REA FORD CA029;701;1;685;2;683;0;687;0;687;0;690;1;688;0;691;4;681;1;651;26;642;1;635;0
8/1/2025;1:17:33 PM;WG REA FORD CA029;704;1;688;2;686;0;690;0;690;0;693;1;691;0;695;4;684;1;653;27;644;1;637;0
8/1/2025;1:18:33 PM;WG REA FORD CA029;707;1;691;2;689;0;693;0;693;0;696;1;694;0;698;4;687;1;656;27;647;1;639;0
8/1/2025;1:19:33 PM;WG REA FORD CA029;710;1;694;2;692;0;696;0;696;0;699;1;697;0;701;4;690;1;659;27;650;1;642;0
8/1/2025;1:20:33 PM;WG REA FORD CA029;712;1;697;2;694;0;699;0;699;0;702;1;700;0;704;4;693;1;661;27;653;1;645;0
8/1/2025;1:21:33 PM;WG REA FORD CA029;716;1;700;2;698;0;701;0;702;0;705;1;703;0;707;4;696;1;664;27;656;1;648;0
8/1/2025;1:22:33 PM;WG REA FORD CA029;719;1;703;2;701;0;704;0;704;0;708;1;706;0;710;4;699;1;666;28;658;1;651;0
8/1/2025;1:23:33 PM;WG REA FORD CA029;721;1;706;2;704;0;707;0;707;0;711;1;709;0;713;4;702;1;668;29;660;1;652;0
8/1/2025;1:24:33 PM;WG REA FORD CA029;724;1;709;2;706;0;710;0;710;0;714;1;712;0;716;4;703;1;670;30;661;1;654;0
8/1/2025;1:25:33 PM;WG REA FORD CA029;727;1;711;2;709;0;713;0;713;0;717;1;714;0;719;4;703;1;670;30;662;1;655;0
8/1/2025;1:26:33 PM;WG REA FORD CA029;727;1;711;2;709;0;715;0;715;0;719;1;716;0;719;4;703;1;670;30;662;1;655;0
8/1/2025;1:27:33 PM;WG REA FORD CA029;727;1;711;2;709;0;715;0;716;0;720;1;717;0;719;4;703;1;670;30;662;1;655;0
8/1/2025;1:28:33 PM;WG REA FORD CA029;727;1;711;2;709;0;715;0;716;0;720;1;717;0;722;4;705;1;671;30;662;1;655;0
8/1/2025;1:29:33 PM;WG REA FORD CA029;728;1;712;2;710;0;715;0;716;0;721;1;718;0;725;4;709;1;674;30;665;1;658;0
8/1/2025;1:30:33 PM;WG REA FORD CA029;731;1;715;2;713;0;717;0;717;0;722;1;719;0;728;4;712;1;677;30;668;1;661;0
8/1/2025;1:31:33 PM;WG REA FORD CA029;734;1;718;2;714;0;717;0;717;0;722;1;720;0;731;4;715;1;680;30;671;1;664;0
8/1/2025;1:32:33 PM;WG REA FORD CA029;735;1;719;2;714;0;717;0;717;0;722;1;720;0;732;4;718;1;683;30;674;1;667;0
8/1/2025;1:33:33 PM;WG REA FORD CA029;736;1;721;2;717;0;719;0;718;0;723;1;720;0;733;4;720;1;686;30;677;1;670;0
8/1/2025;1:34:33 PM;WG REA FORD CA029;737;1;721;2;719;0;720;0;718;0;723;1;720;0;733;4;723;1;689;30;680;1;671;0
8/1/2025;1:35:33 PM;WG REA FORD CA029;738;1;722;2;719;0;721;0;719;0;723;1;721;0;733;4;726;1;690;31;682;1;674;0
8/1/2025;1:36:33 PM;WG REA FORD CA029;740;1;724;2;719;0;722;0;720;0;724;1;722;0;733;4;729;1;694;31;685;1;677;0
8/1/2025;1:37:33 PM;WG REA FORD CA029;740;1;724;2;719;0;722;0;720;0;724;1;722;0;734;4;732;1;697;31;687;1;680;0
8/1/2025;1:38:33 PM;WG REA FORD CA029;741;1;725;2;721;0;724;0;723;0;726;1;724;0;734;4;734;1;700;31;690;1;683;0
8/1/2025;1:39:33 PM;WG REA FORD CA029;744;1;727;3;724;0;727;0;726;0;729;1;727;0;737;4;736;1;703;31;693;1;686;0
8/1/2025;1:40:33 PM;WG REA FORD CA029;748;1;731;3;727;0;731;0;729;0;732;1;730;0;740;4;739;1;704;31;695;1;688;0
8/1/2025;1:41:33 PM;WG REA FORD CA029;751;1;734;3;729;0;732;0;730;0;732;1;731;0;743;4;742;1;707;31;698;1;691;0
8/1/2025;1:42:33 PM;WG REA FORD CA029;751;1;734;3;729;0;732;0;730;0;732;1;731;0;743;4;743;1;710;31;701;1;694;0
8/1/2025;1:43:33 PM;WG REA FORD CA029;751;1;734;3;730;0;733;0;731;0;734;1;732;0;743;4;743;1;712;31;704;1;697;0
8/1/2025;1:44:33 PM;WG REA FORD CA029;753;1;736;3;733;0;736;0;734;0;736;2;734;0;745;4;744;1;712;31;704;1;697;0
8/1/2025;1:45:33 PM;WG REA FORD CA029;754;1;738;3;734;0;739;0;737;0;739;2;737;0;747;4;747;1;713;31;704;1;697;0
8/1/2025;1:46:33 PM;WG REA FORD CA029;757;1;741;3;736;0;740;0;740;0;742;2;740;0;750;4;749;1;715;31;707;1;699;0
8/1/2025;1:47:33 PM;WG REA FORD CA029;760;1;743;3;739;0;743;0;743;0;745;2;743;0;753;4;751;1;717;31;708;1;701;0
8/1/2025;1:48:33 PM;WG REA FORD CA029;761;1;743;3;742;0;746;0;746;0;748;2;746;0;756;4;754;1;720;31;711;1;703;0
8/1/2025;1:49:33 PM;WG REA FORD CA029;761;1;743;3;742;0;748;0;748;0;751;2;748;0;759;4;757;1;722;31;714;1;706;0
8/1/2025;1:50:33 PM;WG REA FORD CA029;761;1;743;3;742;0;748;0;748;0;751;2;748;0;760;4;760;1;725;31;717;1;709;0
8/1/2025;1:51:33 PM;WG REA FORD CA029;761;1;743;3;742;0;748;0;748;0;751;2;748;0;760;4;760;1;728;31;719;1;712;0
8/1/2025;1:52:33 PM;WG REA FORD CA029;761;1;744;3;742;0;748;0;748;0;751;2;748;0;760;4;760;1;729;31;721;1;714;0
8/1/2025;1:53:33 PM;WG REA FORD CA029;764;1;747;3;745;0;749;0;750;0;752;2;750;0;761;4;760;1;729;31;721;1;714;0
8/1/2025;1:54:33 PM;WG REA FORD CA029;767;1;750;4;748;0;752;0;752;0;755;2;752;0;762;4;762;1;729;31;721;1;714;0
8/1/2025;1:55:33 PM;WG REA FORD CA029;771;1;753;4;751;0;755;0;755;0;758;2;755;0;765;4;764;1;731;31;722;1;715;0
8/1/2025;1:56:33 PM;WG REA FORD CA029;774;1;756;4;754;0;758;0;758;0;761;2;758;0;768;4;767;1;732;31;724;1;716;0
8/1/2025;1:57:33 PM;WG REA FORD CA029;777;1;759;4;757;0;761;0;761;0;764;2;761;0;771;4;770;1;735;31;726;1;719;0
8/1/2025;1:58:33 PM;WG REA FORD CA029;781;1;763;4;760;0;764;0;764;0;767;2;764;0;774;4;773;1;737;31;728;1;720;0
8/1/2025;1:59:33 PM;WG REA FORD CA029;784;1;766;4;763;0;767;0;767;0;769;2;767;0;777;4;775;1;740;31;731;1;723;0
8/1/2025;2:00:33 PM;WG REA FORD CA029;787;1;770;4;766;0;770;0;770;0;772;2;770;0;780;4;778;1;743;31;734;1;725;0
8/1/2025;2:01:33 PM;WG REA FORD CA029;790;1;773;4;768;0;772;0;771;0;775;2;773;0;783;4;781;1;746;31;736;1;729;0
8/1/2025;2:02:33 PM;WG REA FORD CA029;791;1;773;4;769;0;773;0;773;0;776;2;773;0;785;4;784;1;749;31;739;1;732;0
8/1/2025;2:03:33 PM;WG REA FORD CA029;794;1;776;4;772;0;776;0;776;0;779;2;777;0;786;4;786;1;752;31;742;1;735;0
8/1/2025;2:04:33 PM;WG REA FORD CA029;797;1;779;4;775;0;779;0;779;0;782;2;780;0;789;4;788;1;755;31;745;1;738;0
8/1/2025;2:05:33 PM;WG REA FORD CA029;800;1;782;4;778;0;782;0;782;0;785;2;783;0;792;4;792;1;757;31;748;1;741;0
8/1/2025;2:06:33 PM;WG REA FORD CA029;803;1;785;4;781;0;785;0;785;0;788;2;785;0;795;4;794;1;759;31;751;1;743;0
8/1/2025;2:07:33 PM;WG REA FORD CA029;806;1;788;4;784;0;788;0;788;0;791;2;789;0;798;4;797;1;762;31;753;1;745;0
8/1/2025;2:08:33 PM;WG REA FORD CA029;809;1;791;4;787;0;791;0;791;0;794;2;791;0;801;4;800;1;765;31;756;1;748;0
8/1/2025;2:09:33 PM;WG REA FORD CA029;812;1;794;4;790;0;794;0;794;0;797;2;794;0;804;4;803;1;768;31;758;1;751;0
8/1/2025;2:10:33 PM;WG REA FORD CA029;815;1;797;4;793;0;797;0;797;0;800;2;797;0;807;4;805;1;771;31;761;1;754;0
8/1/2025;2:11:33 PM;WG REA FORD CA029;818;1;800;4;796;0;800;0;800;0;803;2;800;0;810;4;808;1;773;31;764;1;757;0
8/1/2025;2:12:33 PM;WG REA FORD CA029;821;1;803;4;799;0;803;0;803;0;806;2;803;0;813;4;812;1;776;31;767;1;760;0
8/1/2025;2:13:33 PM;WG REA FORD CA029;824;1;806;4;802;0;806;0;806;0;808;2;806;0;816;4;815;1;779;31;770;1;761;0
8/1/2025;2:14:33 PM;WG REA FORD CA029;827;1;809;4;805;0;809;0;809;0;811;2;809;0;819;4;817;1;782;31;772;1;764;1
8/1/2025;2:15:33 PM;WG REA FORD CA029;829;1;812;4;808;0;812;0;812;0;814;2;812;0;822;4;820;1;784;32;775;1;768;1
8/1/2025;2:16:33 PM;WG REA FORD CA029;832;1;815;4;811;0;815;0;815;0;817;2;815;0;825;4;823;1;787;32;778;1;770;1
8/1/2025;2:17:33 PM;WG REA FORD CA029;835;1;818;4;813;0;818;0;818;0;820;2;818;0;828;4;826;1;790;32;781;1;773;1
8/1/2025;2:18:33 PM;WG REA FORD CA029;838;1;821;4;816;0;821;0;821;0;823;2;821;0;831;4;829;1;793;32;784;1;776;1
8/1/2025;2:19:33 PM;WG REA FORD CA029;841;1;824;4;819;0;824;0;824;0;826;2;824;0;834;4;832;1;796;32;787;1;779;1
8/1/2025;2:20:33 PM;WG REA FORD CA029;844;1;826;4;822;0;827;0;827;0;829;2;827;0;837;4;835;1;799;32;790;1;782;1
8/1/2025;2:21:33 PM;WG REA FORD CA029;847;1;829;4;825;0;830;0;830;0;832;2;830;0;839;4;838;1;802;32;792;1;785;1
8/1/2025;2:22:33 PM;WG REA FORD CA029;850;1;832;4;828;0;833;0;833;0;835;2;833;0;840;4;840;1;805;32;795;1;788;1
8/1/2025;2:23:33 PM;WG REA FORD CA029;853;1;835;4;831;0;836;0;836;0;838;2;836;0;842;4;841;1;807;33;798;1;791;1
8/1/2025;2:24:33 PM;WG REA FORD CA029;856;1;838;4;834;0;839;0;839;0;841;2;839;0;844;4;844;1;807;33;799;1;792;1
8/1/2025;2:25:33 PM;WG REA FORD CA029;859;1;841;4;837;0;842;0;842;0;844;2;842;0;848;4;846;1;810;33;801;1;794;1
8/1/2025;2:26:33 PM;WG REA FORD CA029;862;1;844;4;840;0;844;0;845;0;847;2;845;0;851;4;849;1;812;33;803;1;796;1
8/1/2025;2:27:33 PM;WG REA FORD CA029;865;1;847;4;843;0;847;0;847;0;850;2;848;0;854;4;852;1;815;33;806;1;798;1
8/1/2025;2:28:33 PM;WG REA FORD CA029;868;1;850;4;845;0;850;0;850;0;853;2;850;0;857;4;855;1;818;33;809;1;801;1
8/1/2025;2:29:33 PM;WG REA FORD CA029;870;1;852;4;848;0;853;0;853;0;856;2;853;0;860;4;859;1;821;33;812;1;805;1
8/1/2025;2:30:33 PM;WG REA FORD CA029;873;1;856;4;851;0;856;0;856;0;858;2;856;0;862;4;861;1;824;33;815;1;808;1
8/1/2025;2:31:33 PM;WG REA FORD CA029;876;1;859;4;855;0;859;0;859;0;861;2;859;0;866;4;864;1;827;33;818;1;810;1
8/1/2025;2:32:33 PM;WG REA FORD CA029;879;1;862;4;857;0;862;0;862;0;864;2;862;0;869;4;867;1;830;33;821;1;813;1
8/1/2025;2:33:33 PM;WG REA FORD CA029;882;1;865;4;860;0;865;0;865;0;867;2;865;0;872;4;870;1;833;33;824;1;816;1
8/1/2025;2:34:33 PM;WG REA FORD CA029;885;1;867;4;863;0;868;0;868;0;870;2;868;0;874;4;873;1;836;33;826;1;819;1
8/1/2025;2:35:33 PM;WG REA FORD CA029;888;1;870;4;866;0;871;0;871;0;873;2;871;0;877;4;876;1;839;33;829;1;821;1
8/1/2025;2:36:33 PM;WG REA FORD CA029;891;1;873;4;869;0;874;0;874;0;876;2;874;0;881;4;879;1;842;33;832;1;825;1
8/1/2025;2:37:33 PM;WG REA FORD CA029;894;1;876;4;872;0;877;0;877;0;879;2;877;0;884;4;882;1;845;33;835;1;828;1
8/1/2025;2:38:33 PM;WG REA FORD CA029;897;1;879;4;875;0;880;0;880;0;882;2;880;0;886;4;885;1;848;33;838;1;831;1
8/1/2025;2:39:33 PM;WG REA FORD CA029;900;1;882;4;878;0;882;0;882;0;885;2;883;0;890;4;888;1;851;33;841;1;834;1
8/1/2025;2:40:33 PM;WG REA FORD CA029;903;1;885;4;881;0;885;0;886;0;888;2;886;0;893;4;891;1;853;33;844;1;837;1
8/1/2025;2:41:33 PM;WG REA FORD CA029;906;1;888;4;884;0;888;0;889;0;891;2;889;0;896;4;894;1;856;33;847;1;839;1
8/1/2025;2:42:33 PM;WG REA FORD CA029;909;1;891;4;887;0;891;0;891;0;894;2;892;0;899;4;896;1;858;33;849;1;841;1
8/1/2025;2:43:33 PM;WG REA FORD CA029;912;1;894;4;890;0;894;0;894;0;897;2;895;0;902;4;899;1;861;33;852;1;844;2
8/1/2025;2:44:33 PM;WG REA FORD CA029;915;1;897;4;893;0;897;0;897;0;900;2;898;0;905;4;901;1;864;33;855;1;847;2
8/1/2025;2:45:33 PM;WG REA FORD CA029;918;1;900;4;896;0;900;0;900;0;903;2;900;0;908;4;905;1;867;33;857;1;850;2
8/1/2025;2:46:33 PM;WG REA FORD CA029;921;1;903;4;899;0;903;0;903;0;906;2;903;0;911;4;907;1;870;33;860;1;853;2
8/1/2025;2:47:33 PM;WG REA FORD CA029;924;1;906;4;902;0;906;0;906;0;909;2;906;0;914;4;910;1;873;33;863;1;856;2
8/1/2025;2:48:33 PM;WG REA FORD CA029;927;1;909;4;905;0;909;0;909;0;911;2;909;0;918;4;913;1;876;33;866;1;859;2
8/1/2025;2:49:33 PM;WG REA FORD CA029;929;1;912;4;908;0;912;0;912;0;914;2;912;0;921;4;916;1;879;33;869;1;862;2
8/1/2025;2:50:33 PM;WG REA FORD CA029;932;1;915;4;911;0;915;0;915;0;917;2;915;0;924;4;919;1;881;33;872;1;864;2
8/1/2025;2:51:33 PM;WG REA FORD CA029;935;1;918;4;913;0;918;0;918;0;920;2;918;0;927;4;922;1;884;33;875;1;867;2
8/1/2025;2:52:33 PM;WG REA FORD CA029;938;1;921;4;916;0;921;0;921;0;923;2;921;0;930;4;925;1;886;34;878;1;870;2
8/1/2025;2:53:33 PM;WG REA FORD CA029;941;1;924;4;919;0;924;0;924;0;926;2;924;0;934;4;928;1;890;34;880;1;873;2
8/1/2025;2:54:33 PM;WG REA FORD CA029;944;1;926;4;922;0;927;0;927;0;929;2;927;0;936;4;931;1;893;34;883;1;876;2
8/1/2025;2:55:33 PM;WG REA FORD CA029;947;1;929;4;925;0;930;0;930;0;932;2;930;0;940;4;934;1;896;34;886;1;879;2
8/1/2025;2:56:33 PM;WG REA FORD CA029;950;1;932;4;928;0;933;0;933;0;935;2;933;0;942;4;937;1;898;35;889;1;882;2
8/1/2025;2:57:33 PM;WG REA FORD CA029;953;1;935;4;931;0;936;0;936;0;938;2;936;0;946;4;940;1;899;37;890;1;883;2
8/1/2025;2:58:33 PM;WG REA FORD CA029;956;1;938;4;934;0;939;0;939;0;941;2;939;0;949;4;943;1;901;37;893;1;885;2
8/1/2025;2:59:33 PM;WG REA FORD CA029;959;1;941;4;937;0;941;0;942;0;944;2;942;0;951;4;946;1;904;37;896;1;888;2
8/1/2025;3:00:33 PM;WG REA FORD CA029;962;1;944;4;940;0;944;0;945;0;947;2;945;0;955;4;949;1;907;37;898;1;891;2
8/1/2025;3:01:33 PM;WG REA FORD CA029;2;0;2;0;2;0;2;0;2;0;2;0;3;0;1;0;1;0;0;0;1;0;0;0
8/1/2025;3:02:33 PM;WG REA FORD CA029;3;1;4;0;5;0;5;0;5;0;5;0;5;0;1;0;1;0;0;0;1;0;0;0
8/1/2025;3:03:33 PM;WG REA FORD CA029;7;1;7;0;8;0;8;0;8;0;8;0;8;0;1;0;1;0;0;0;1;0;0;0
8/1/2025;3:04:33 PM;WG REA FORD CA029;11;1;11;0;11;0;11;0;11;0;11;0;9;0;1;0;1;0;0;0;1;0;0;0
8/1/2025;3:05:33 PM;WG REA FORD CA029;12;1;12;0;14;0;14;0;14;0;14;0;9;0;1;0;1;0;0;0;1;0;0;0
8/1/2025;3:06:33 PM;WG REA FORD CA029;12;1;12;0;14;0;14;0;14;0;14;0;9;0;1;0;1;0;0;0;1;0;0;0
8/1/2025;3:07:33 PM;WG REA FORD CA029;12;1;12;0;14;0;15;0;15;0;15;0;12;0;3;0;2;0;0;0;1;0;1;0
8/1/2025;3:08:33 PM;WG REA FORD CA029;12;1;12;0;14;0;15;0;15;0;15;0;12;0;6;0;2;0;1;0;1;0;1;0
8/1/2025;3:09:33 PM;WG REA FORD CA029;12;1;12;0;14;0;15;0;15;0;15;0;12;0;9;0;5;0;4;0;2;0;1;0
8/1/2025;3:10:33 PM;WG REA FORD CA029;14;1;15;0;16;0;18;0;18;0;18;0;17;0;11;0;7;0;6;1;5;0;4;1
8/1/2025;3:11:33 PM;WG REA FORD CA029;16;2;17;0;19;0;21;0;21;0;21;0;21;0;14;0;9;0;6;3;5;0;4;1
8/1/2025;3:12:33 PM;WG REA FORD CA029;20;2;20;0;22;0;24;0;24;0;24;0;23;0;14;0;9;0;6;3;5;0;4;1
8/1/2025;3:13:33 PM;WG REA FORD CA029;20;2;20;0;22;0;25;0;25;0;25;0;23;0;14;0;9;0;6;3;5;0;4;1
8/1/2025;3:14:33 PM;WG REA FORD CA029;20;2;20;0;22;0;25;0;25;0;26;0;24;0;14;0;10;0;7;3;6;0;4;1
8/1/2025;3:15:33 PM;WG REA FORD CA029;21;2;21;0;23;0;26;0;25;0;26;0;26;0;18;0;14;0;10;3;8;0;7;1
8/1/2025;3:16:33 PM;WG REA FORD CA029;24;2;24;0;26;0;26;0;25;0;26;0;27;0;21;0;17;0;13;3;11;0;10;1
8/1/2025;3:17:33 PM;WG REA FORD CA029;26;2;27;0;26;0;26;0;25;0;26;0;27;0;24;0;20;0;16;3;14;0;13;1
8/1/2025;3:18:33 PM;WG REA FORD CA029;27;2;27;0;27;0;27;0;27;0;27;0;28;0;27;0;23;0;19;3;17;0;16;1
8/1/2025;3:19:33 PM;WG REA FORD CA029;30;2;30;0;30;0;31;0;30;0;30;0;31;0;31;0;26;0;22;3;20;0;19;1
8/1/2025;3:20:33 PM;WG REA FORD CA029;33;2;33;0;33;0;34;0;34;0;33;0;34;0;34;0;28;0;25;3;23;0;22;1
8/1/2025;3:21:33 PM;WG REA FORD CA029;36;2;36;0;36;0;36;0;36;0;36;0;37;0;37;0;32;0;28;3;26;0;25;1
8/1/2025;3:22:33 PM;WG REA FORD CA029;39;2;39;0;39;0;39;0;39;0;39;0;40;0;40;0;34;0;31;3;29;0;28;1
8/1/2025;3:23:33 PM;WG REA FORD CA029;42;2;42;0;42;0;42;0;42;0;42;0;42;0;43;0;37;0;34;3;32;0;31;1
8/1/2025;3:24:33 PM;WG REA FORD CA029;45;2;45;0;45;0;45;0;45;0;45;0;45;0;45;0;40;0;37;3;35;0;34;1
8/1/2025;3:25:33 PM;WG REA FORD CA029;48;2;48;0;48;0;48;0;48;0;48;0;48;0;48;0;43;0;40;3;38;0;37;1
8/1/2025;3:26:33 PM;WG REA FORD CA029;51;2;51;0;51;0;51;0;51;0;51;0;51;0;51;0;46;0;43;3;41;0;39;1
8/1/2025;3:27:33 PM;WG REA FORD CA029;54;2;54;0;54;0;54;0;54;0;54;0;54;0;51;0;49;0;46;3;44;0;42;1
8/1/2025;3:28:33 PM;WG REA FORD CA029;57;2;57;0;57;0;57;0;57;0;57;0;57;0;54;0;52;0;49;3;46;0;45;1
8/1/2025;3:29:33 PM;WG REA FORD CA029;60;2;60;0;60;0;60;0;60;0;59;0;60;0;57;0;55;0;52;3;49;0;48;1
8/1/2025;3:30:33 PM;WG REA FORD CA029;63;2;63;0;63;0;63;0;63;0;62;0;63;0;60;0;58;0;55;3;52;0;51;1
8/1/2025;3:31:33 PM;WG REA FORD CA029;66;2;66;0;66;0;66;0;66;0;65;0;66;0;63;0;61;0;57;3;55;0;54;1
8/1/2025;3:32:33 PM;WG REA FORD CA029;68;2;69;0;68;0;69;0;69;0;68;0;69;0;66;0;64;0;59;4;58;0;56;1
8/1/2025;3:33:33 PM;WG REA FORD CA029;71;2;71;0;71;0;72;0;72;0;71;0;72;0;69;0;67;0;62;4;61;0;59;1
8/1/2025;3:34:33 PM;WG REA FORD CA029;74;2;74;0;74;0;75;0;75;0;74;0;75;0;72;0;70;0;65;4;64;0;62;1
8/1/2025;3:35:33 PM;WG REA FORD CA029;77;2;78;0;77;0;78;0;78;0;77;0;78;0;75;0;73;0;68;4;66;0;65;1
8/1/2025;3:36:33 PM;WG REA FORD CA029;80;2;81;0;80;0;81;0;81;0;80;0;81;0;78;0;76;0;71;4;69;0;68;1
8/1/2025;3:37:33 PM;WG REA FORD CA029;83;2;83;0;83;0;84;0;84;0;83;0;84;0;81;0;79;0;74;4;72;0;71;1
8/1/2025;3:38:33 PM;WG REA FORD CA029;86;2;86;0;86;0;87;0;87;0;86;0;87;0;85;0;82;0;77;4;75;0;74;1
8/1/2025;3:39:33 PM;WG REA FORD CA029;89;2;89;0;89;0;90;0;90;0;89;0;90;0;88;0;85;0;80;4;78;0;77;1
8/1/2025;3:40:33 PM;WG REA FORD CA029;92;2;92;0;92;0;93;0;93;0;92;0;93;0;91;0;88;0;83;4;81;0;80;1
8/1/2025;3:41:33 PM;WG REA FORD CA029;95;2;95;0;95;0;96;0;96;0;95;0;96;0;94;0;91;0;86;4;84;0;83;1
8/1/2025;3:42:33 PM;WG REA FORD CA029;98;2;98;0;98;0;98;0;99;0;98;0;99;0;97;0;94;0;89;4;87;0;86;1
8/1/2025;3:43:33 PM;WG REA FORD CA029;101;2;101;0;101;0;101;0;102;0;101;0;102;0;100;0;96;0;92;4;90;0;89;1
8/1/2025;3:44:33 PM;WG REA FORD CA029;103;2;103;0;103;0;103;0;104;0;103;0;104;0;103;0;99;0;95;4;93;0;91;1
8/1/2025;3:45:33 PM;WG REA FORD CA029;106;2;106;0;106;0;107;0;107;0;106;0;107;0;106;0;102;0;97;4;95;0;93;1
8/1/2025;3:46:33 PM;WG REA FORD CA029;109;2;109;0;109;0;110;0;110;0;109;0;110;0;109;0;105;0;100;4;98;0;96;1
8/1/2025;3:47:33 PM;WG REA FORD CA029;112;2;113;0;112;0;113;0;113;0;112;0;113;0;112;0;106;0;103;4;100;0;98;1
8/1/2025;3:48:33 PM;WG REA FORD CA029;115;2;115;0;115;0;116;0;116;0;115;0;116;0;115;0;106;0;103;4;102;0;101;1
8/1/2025;3:49:33 PM;WG REA FORD CA029;118;2;118;0;118;0;119;0;119;0;118;0;119;0;118;0;106;0;103;4;102;0;101;1
8/1/2025;3:50:33 PM;WG REA FORD CA029;118;2;118;0;120;0;122;0;122;0;121;0;122;0;121;0;106;0;103;4;102;0;101;1
8/1/2025;3:51:33 PM;WG REA FORD CA029;118;2;118;0;120;0;123;0;123;0;123;0;123;0;121;0;106;0;103;4;102;0;101;1
8/1/2025;3:52:33 PM;WG REA FORD CA029;118;2;118;0;120;0;123;0;124;0;124;0;124;0;121;0;106;0;103;4;102;0;101;1
8/1/2025;3:53:33 PM;WG REA FORD CA029;118;2;118;0;120;0;123;0;124;0;124;0;125;0;121;0;106;0;103;4;102;0;101;1
8/1/2025;3:54:33 PM;WG REA FORD CA029;118;2;118;0;120;0;123;0;124;0;125;0;125;0;121;0;107;0;103;4;102;0;101;1
8/1/2025;3:55:33 PM;WG REA FORD CA029;119;2;119;0;121;0;123;0;124;0;125;0;126;0;121;0;107;0;103;4;102;0;101;1
8/1/2025;3:56:33 PM;WG REA FORD CA029;119;2;119;0;121;0;124;0;125;0;126;0;126;0;121;0;107;0;103;4;102;0;101;1
8/1/2025;3:57:33 PM;WG REA FORD CA029;119;2;119;0;121;0;124;0;125;0;126;0;127;0;121;0;107;0;103;4;102;0;101;1
8/1/2025;3:58:33 PM;WG REA FORD CA029;119;2;119;0;121;0;124;0;125;0;126;0;127;0;121;0;107;0;103;4;102;0;101;1
8/1/2025;3:59:33 PM;WG REA FORD CA029;119;2;119;0;121;0;124;0;125;0;126;0;127;0;121;0;107;0;106;4;104;0;103;1
8/1/2025;4:00:33 PM;WG REA FORD CA029;121;2;121;0;123;0;125;0;126;0;126;0;127;0;122;0;108;0;106;4;105;0;104;1
8/1/2025;4:01:33 PM;WG REA FORD CA029;122;2;122;0;124;0;126;0;127;0;127;0;127;0;123;0;110;0;106;4;105;0;104;1
8/1/2025;4:02:33 PM;WG REA FORD CA029;122;2;122;0;124;0;126;0;127;0;128;0;128;0;125;0;113;0;109;4;107;0;106;1
8/1/2025;4:03:33 PM;WG REA FORD CA029;124;2;124;0;126;0;127;0;127;0;128;0;129;0;128;0;116;0;111;4;110;0;108;1
8/1/2025;4:04:33 PM;WG REA FORD CA029;128;2;127;1;127;0;127;0;127;0;128;0;129;0;131;0;119;0;114;4;112;0;111;1
8/1/2025;4:05:33 PM;WG REA FORD CA029;128;2;127;1;127;0;127;0;127;0;128;0;129;0;131;0;122;0;117;4;115;0;114;1
8/1/2025;4:06:33 PM;WG REA FORD CA029;130;2;130;1;130;0;130;0;130;0;130;0;130;0;131;0;125;0;120;4;118;0;115;1
8/1/2025;4:07:33 PM;WG REA FORD CA029;134;2;133;1;133;0;133;0;133;0;133;0;134;0;133;0;128;0;122;4;120;0;118;1
8/1/2025;4:08:33 PM;WG REA FORD CA029;137;2;136;1;136;0;136;0;136;0;136;0;137;0;137;0;131;0;125;4;123;0;121;1
8/1/2025;4:09:33 PM;WG REA FORD CA029;140;2;139;1;139;0;139;0;139;0;139;0;140;0;139;0;133;0;128;4;125;0;124;1
8/1/2025;4:10:33 PM;WG REA FORD CA029;143;2;142;1;142;0;142;0;142;0;142;0;143;0;142;0;136;0;131;4;128;0;127;1
8/1/2025;4:11:33 PM;WG REA FORD CA029;146;2;145;1;145;0;145;0;145;0;145;0;145;0;145;0;139;0;133;4;131;0;129;1
8/1/2025;4:12:33 PM;WG REA FORD CA029;149;2;148;1;148;0;148;0;148;0;148;0;148;0;148;0;142;0;136;4;134;0;132;1
8/1/2025;4:13:33 PM;WG REA FORD CA029;152;2;151;1;151;0;151;0;151;0;151;0;151;0;151;0;145;0;139;4;137;0;135;1
8/1/2025;4:14:33 PM;WG REA FORD CA029;154;2;154;1;154;0;154;0;154;0;153;0;154;0;154;0;148;0;142;4;139;0;138;1
8/1/2025;4:15:33 PM;WG REA FORD CA029;158;2;157;1;157;0;157;0;157;0;156;0;157;0;157;0;151;0;145;4;142;0;141;1
8/1/2025;4:16:33 PM;WG REA FORD CA029;160;2;160;1;160;0;160;0;160;0;159;0;160;0;160;0;153;0;148;4;145;0;144;1
8/1/2025;4:17:33 PM;WG REA FORD CA029;163;2;163;1;163;0;163;0;163;0;162;0;163;0;163;0;156;0;151;4;148;0;147;1
8/1/2025;4:18:33 PM;WG REA FORD CA029;166;2;166;1;165;0;166;0;166;0;165;0;166;0;166;0;159;0;153;5;151;0;150;1
8/1/2025;4:19:33 PM;WG REA FORD CA029;169;2;168;1;168;0;168;0;168;0;168;0;168;0;169;0;162;0;156;5;154;0;153;1
8/1/2025;4:20:33 PM;WG REA FORD CA029;171;2;171;1;171;0;171;0;171;0;171;0;171;0;171;0;165;0;159;5;157;0;156;1
8/1/2025;4:21:33 PM;WG REA FORD CA029;175;2;174;1;174;0;174;0;174;0;174;0;174;0;174;0;169;0;162;5;160;0;159;1
8/1/2025;4:22:33 PM;WG REA FORD CA029;178;2;177;1;177;0;177;0;177;0;177;0;177;0;177;0;172;0;165;5;163;0;161;1
8/1/2025;4:23:33 PM;WG REA FORD CA029;181;2;180;1;180;0;180;0;180;0;180;0;180;0;180;0;174;0;168;5;166;0;164;1
8/1/2025;4:24:33 PM;WG REA FORD CA029;184;2;183;1;183;0;183;0;183;0;183;0;183;0;183;0;177;0;171;5;168;0;167;1
8/1/2025;4:25:33 PM;WG REA FORD CA029;187;2;186;1;186;0;186;0;186;0;185;0;186;0;186;0;180;0;174;5;171;0;170;1
8/1/2025;4:26:33 PM;WG REA FORD CA029;190;2;189;1;189;0;189;0;189;0;188;0;189;0;189;0;183;0;177;5;174;0;173;1
8/1/2025;4:27:33 PM;WG REA FORD CA029;192;2;192;1;192;0;192;0;192;0;191;0;192;0;192;0;186;0;180;5;177;0;175;1
8/1/2025;4:28:33 PM;WG REA FORD CA029;195;2;195;1;194;0;195;0;195;0;194;0;195;0;195;0;188;0;182;5;179;0;177;1
8/1/2025;4:29:33 PM;WG REA FORD CA029;198;2;198;1;197;0;198;0;198;0;197;0;198;0;198;0;191;0;185;5;182;0;180;1
8/1/2025;4:30:33 PM;WG REA FORD CA029;201;2;201;1;200;0;200;0;201;0;200;0;201;0;201;0;194;0;187;5;185;0;184;1
8/1/2025;4:31:33 PM;WG REA FORD CA029;204;2;203;1;202;0;201;0;201;0;202;0;202;0;203;0;197;0;190;5;188;0;186;1
8/1/2025;4:32:33 PM;WG REA FORD CA029;204;2;203;1;202;0;201;0;201;0;202;0;203;0;204;0;200;0;193;5;191;0;189;1
8/1/2025;4:33:33 PM;WG REA FORD CA029;205;2;204;1;204;0;203;0;203;0;203;0;204;0;204;0;203;0;196;5;194;0;192;1
8/1/2025;4:34:33 PM;WG REA FORD CA029;208;2;207;1;207;0;206;0;207;0;206;0;207;0;207;0;206;0;199;5;197;0;195;1
8/1/2025;4:35:33 PM;WG REA FORD CA029;211;2;210;1;210;0;210;0;210;0;209;0;210;0;210;0;208;0;202;5;200;0;198;1
8/1/2025;4:36:33 PM;WG REA FORD CA029;214;2;213;1;213;0;212;0;213;0;212;0;213;0;210;0;211;0;205;5;202;0;201;1
8/1/2025;4:37:33 PM;WG REA FORD CA029;217;2;216;1;216;0;216;0;215;0;215;0;216;0;210;0;214;0;208;5;205;0;204;1
8/1/2025;4:38:33 PM;WG REA FORD CA029;220;2;219;1;219;0;218;0;219;0;218;0;219;0;213;0;217;0;211;5;208;0;206;1
8/1/2025;4:39:33 PM;WG REA FORD CA029;223;2;222;1;222;0;221;0;221;0;221;0;222;0;216;0;220;0;214;5;211;0;209;1
8/1/2025;4:40:33 PM;WG REA FORD CA029;226;2;225;1;225;0;224;0;224;0;224;0;225;0;219;0;223;0;216;5;214;0;213;1
8/1/2025;4:41:33 PM;WG REA FORD CA029;229;2;228;1;228;0;227;0;227;0;227;0;228;0;222;0;226;0;219;5;217;0;216;1
8/1/2025;4:42:33 PM;WG REA FORD CA029;231;2;230;1;230;0;230;0;230;0;230;0;230;0;225;0;229;0;222;5;220;0;218;1
8/1/2025;4:43:33 PM;WG REA FORD CA029;234;2;233;1;233;0;233;0;233;0;233;0;233;0;228;0;232;0;225;5;222;0;220;1
8/1/2025;4:44:33 PM;WG REA FORD CA029;237;2;236;1;236;0;236;0;236;0;236;0;236;0;232;0;234;0;227;5;225;0;223;1
8/1/2025;4:45:33 PM;WG REA FORD CA029;240;2;239;1;239;0;239;0;239;0;239;0;239;0;235;0;236;0;230;5;227;0;225;1
8/1/2025;4:46:33 PM;WG REA FORD CA029;243;2;242;1;242;0;242;0;242;0;241;0;242;0;238;0;239;0;233;5;230;0;229;1
8/1/2025;4:47:33 PM;WG REA FORD CA029;245;2;245;1;245;0;245;0;245;0;244;0;245;0;241;0;242;0;235;5;233;0;232;1
8/1/2025;4:48:33 PM;WG REA FORD CA029;248;2;248;1;247;0;248;0;248;0;247;0;248;0;244;0;245;0;238;5;236;0;235;1
8/1/2025;4:49:33 PM;WG REA FORD CA029;251;2;250;1;250;0;251;0;251;0;250;0;251;0;247;0;248;0;241;5;239;0;237;1
8/1/2025;4:50:33 PM;WG REA FORD CA029;254;2;254;1;253;0;254;0;254;0;253;0;254;0;250;0;251;0;244;5;242;0;240;1
8/1/2025;4:51:33 PM;WG REA FORD CA029;256;2;255;1;255;0;256;0;256;0;255;0;256;0;252;0;252;0;245;5;243;0;241;1
8/1/2025;4:52:33 PM;WG REA FORD CA029;256;2;255;1;255;0;256;0;256;0;255;0;256;0;252;0;252;0;245;5;243;0;241;1
8/1/2025;4:53:33 PM;WG REA FORD CA029;256;2;255;1;255;0;256;0;256;0;255;0;256;0;252;0;252;0;245;5;243;0;241;1
8/1/2025;4:54:33 PM;WG REA FORD CA029;256;2;255;1;255;0;256;0;256;0;255;0;256;0;252;0;252;0;245;5;243;0;241;1
8/1/2025;4:55:33 PM;WG REA FORD CA029;256;2;255;1;255;0;256;0;256;0;255;0;256;0;252;0;252;0;245;5;243;0;241;1
8/1/2025;4:56:33 PM;WG REA FORD CA029;256;2;255;1;255;0;256;0;256;0;255;0;256;0;252;0;252;0;245;5;243;0;241;1
8/1/2025;4:57:33 PM;WG REA FORD CA029;256;2;255;1;255;0;256;0;256;0;255;0;256;0;252;0;252;0;245;5;243;0;241;1
8/1/2025;4:58:33 PM;WG REA FORD CA029;256;2;255;1;255;0;256;0;256;0;255;0;256;0;252;0;252;0;245;5;243;0;241;1
8/1/2025;4:59:33 PM;WG REA FORD CA029;256;2;255;1;255;0;256;0;256;0;255;0;256;0;252;0;252;0;245;5;243;0;241;1
8/1/2025;5:00:33 PM;WG REA FORD CA029;256;2;255;1;255;0;256;0;256;0;255;0;256;0;252;0;252;0;245;5;243;0;241;1
8/1/2025;5:01:33 PM;WG REA FORD CA029;256;2;255;1;255;0;256;0;256;0;255;0;256;0;252;0;252;0;245;5;243;0;241;1
8/1/2025;5:02:33 PM;WG REA FORD CA029;256;2;255;1;255;0;256;0;256;0;255;0;256;0;252;0;252;0;245;5;243;0;241;1
8/1/2025;5:03:33 PM;WG REA FORD CA029;256;2;255;1;255;0;256;0;256;0;255;0;256;0;252;0;252;0;245;5;243;0;241;1
8/1/2025;5:04:33 PM;WG REA FORD CA029;256;2;255;1;255;0;256;0;256;0;255;0;256;0;252;0;252;0;245;5;243;0;241;1
8/1/2025;5:05:33 PM;WG REA FORD CA029;256;2;255;1;255;0;256;0;256;0;255;0;256;0;252;0;252;0;245;5;243;0;241;1
8/1/2025;5:06:33 PM;WG REA FORD CA029;256;2;255;1;255;0;256;0;256;0;255;0;256;0;252;0;252;0;245;5;243;0;241;1
8/1/2025;5:07:33 PM;WG REA FORD CA029;256;2;255;1;255;0;256;0;256;0;255;0;256;0;252;0;252;0;245;5;243;0;241;1
8/1/2025;5:08:33 PM;WG REA FORD CA029;256;2;255;1;255;0;256;0;256;0;255;0;256;0;252;0;252;0;245;5;243;0;241;1
8/1/2025;5:09:33 PM;WG REA FORD CA029;256;2;255;1;255;0;256;0;256;0;255;0;256;0;252;0;252;0;245;5;243;0;241;1
8/1/2025;5:10:33 PM;WG REA FORD CA029;256;2;255;1;255;0;256;0;256;0;255;0;256;0;252;0;252;0;245;5;243;0;241;1
8/1/2025;5:11:33 PM;WG REA FORD CA029;256;2;255;1;255;0;256;0;256;0;255;0;256;0;252;0;252;0;245;5;243;0;241;1
8/1/2025;5:12:33 PM;WG REA FORD CA029;256;2;255;1;255;0;256;0;256;0;255;0;256;0;252;0;252;0;245;5;243;0;241;1
8/1/2025;5:13:33 PM;WG REA FORD CA029;256;2;255;1;255;0;256;0;256;0;255;0;256;0;252;0;252;0;245;5;243;0;241;1
8/1/2025;5:14:33 PM;WG REA FORD CA029;256;2;255;1;255;0;256;0;256;0;255;0;256;0;252;0;252;0;245;5;243;0;241;1
8/1/2025;5:15:33 PM;WG REA FORD CA029;258;2;257;1;257;0;257;0;257;0;257;0;257;0;253;0;254;0;247;5;245;0;244;1
8/1/2025;5:16:33 PM;WG REA FORD CA029;261;2;260;1;260;0;260;0;260;0;260;0;261;0;256;0;257;0;250;5;248;0;246;1
8/1/2025;5:17:33 PM;WG REA FORD CA029;264;2;263;1;263;0;263;0;263;0;263;0;264;0;259;0;260;0;252;5;250;0;248;1
8/1/2025;5:18:33 PM;WG REA FORD CA029;267;2;266;1;266;0;266;0;266;0;266;0;267;0;262;0;261;0;255;5;253;0;251;2
8/1/2025;5:19:33 PM;WG REA FORD CA029;270;2;269;1;269;0;269;0;269;0;269;0;270;0;265;0;264;0;258;5;256;0;254;2
8/1/2025;5:20:33 PM;WG REA FORD CA029;273;2;272;1;272;0;272;0;272;0;272;0;273;0;268;0;268;0;261;5;258;0;257;2
8/1/2025;5:21:33 PM;WG REA FORD CA029;276;2;275;1;275;0;275;0;275;0;275;0;276;0;272;0;271;0;264;5;261;0;260;2
8/1/2025;5:22:33 PM;WG REA FORD CA029;279;2;278;1;278;0;278;0;278;0;278;0;278;0;274;0;273;0;267;5;264;0;263;2
8/1/2025;5:23:33 PM;WG REA FORD CA029;282;2;281;1;281;0;281;0;281;0;281;0;281;0;277;0;276;0;269;6;267;0;266;2
8/1/2025;5:24:33 PM;WG REA FORD CA029;285;2;284;1;284;0;284;0;284;0;284;0;284;0;280;0;279;0;271;7;269;0;268;2
8/1/2025;5:25:33 PM;WG REA FORD CA029;288;2;287;1;287;0;287;0;287;0;287;0;287;0;284;0;282;0;274;7;272;0;271;2
8/1/2025;5:26:33 PM;WG REA FORD CA029;291;2;290;1;290;0;290;0;290;0;289;0;290;0;287;0;285;0;277;7;275;0;274;2
8/1/2025;5:27:33 PM;WG REA FORD CA029;294;2;293;1;293;0;293;0;293;0;292;0;293;0;289;1;289;0;280;7;278;0;277;2
8/1/2025;5:28:33 PM;WG REA FORD CA029;296;2;296;1;296;0;296;0;296;0;295;0;296;0;292;1;291;0;283;7;281;0;280;2
8/1/2025;5:29:33 PM;WG REA FORD CA029;299;2;299;1;298;0;299;0;299;0;298;0;299;0;296;1;294;0;286;7;284;0;283;2
8/1/2025;5:30:33 PM;WG REA FORD CA029;302;2;301;1;301;0;302;0;302;0;301;0;302;0;299;1;297;0;289;7;287;0;286;2
8/1/2025;5:31:33 PM;WG REA FORD CA029;305;2;305;1;304;0;305;0;305;0;304;0;305;0;302;1;300;0;292;7;290;0;289;2
8/1/2025;5:32:33 PM;WG REA FORD CA029;308;2;308;1;307;0;308;0;308;0;307;0;308;0;305;1;303;0;295;7;293;0;291;2
8/1/2025;5:33:33 PM;WG REA FORD CA029;311;2;310;1;310;0;311;0;311;0;310;0;311;0;309;1;306;0;298;7;296;0;294;2
8/1/2025;5:34:33 PM;WG REA FORD CA029;314;2;313;1;313;0;314;0;314;0;313;0;314;0;312;1;309;0;301;7;298;0;296;2
8/1/2025;5:35:33 PM;WG REA FORD CA029;317;2;316;1;316;0;317;0;317;0;316;0;317;0;315;1;312;0;304;7;301;0;299;3
8/1/2025;5:36:33 PM;WG REA FORD CA029;320;2;319;1;319;0;319;0;320;0;319;0;320;0;319;1;315;0;307;7;304;0;303;3
8/1/2025;5:37:33 PM;WG REA FORD CA029;323;2;322;1;322;0;323;0;323;0;322;0;323;0;322;1;318;0;308;8;307;0;306;3
8/1/2025;5:38:33 PM;WG REA FORD CA029;326;2;325;1;325;0;326;0;326;0;325;0;326;0;324;1;320;0;309;9;308;0;307;3
8/1/2025;5:39:33 PM;WG REA FORD CA029;329;2;328;1;328;0;328;0;329;0;328;0;329;0;324;1;320;0;310;9;308;0;307;3
8/1/2025;5:40:33 PM;WG REA FORD CA029;332;2;331;1;331;0;331;0;332;0;331;0;332;0;327;1;323;0;312;10;310;0;309;3
8/1/2025;5:41:33 PM;WG REA FORD CA029;335;2;334;1;334;0;334;0;334;0;334;0;334;0;330;1;327;0;314;11;313;0;312;3
8/1/2025;5:42:33 PM;WG REA FORD CA029;338;2;337;1;337;0;337;0;337;0;337;0;338;0;333;1;330;0;317;11;315;0;314;3
8/1/2025;5:43:33 PM;WG REA FORD CA029;341;2;340;1;340;0;340;0;340;0;340;0;341;0;336;1;332;0;320;11;318;0;317;3
8/1/2025;5:44:33 PM;WG REA FORD CA029;344;2;343;1;343;0;343;0;343;0;343;0;344;0;340;1;335;0;323;11;321;0;319;3
8/1/2025;5:45:33 PM;WG REA FORD CA029;347;2;346;1;346;0;346;0;346;0;346;0;347;0;343;1;338;0;326;11;324;0;322;3
8/1/2025;5:46:33 PM;WG REA FORD CA029;350;2;349;1;349;0;349;0;349;0;349;0;349;0;346;1;340;0;328;11;327;0;325;3
8/1/2025;5:47:33 PM;WG REA FORD CA029;352;2;351;1;352;0;352;0;352;0;352;0;352;0;349;1;343;0;331;11;328;0;326;3
8/1/2025;5:48:33 PM;WG REA FORD CA029;355;2;354;1;355;0;355;0;355;0;355;0;355;0;352;1;346;0;334;11;331;0;330;3
8/1/2025;5:49:33 PM;WG REA FORD CA029;358;2;357;1;358;0;358;0;358;0;358;0;358;0;355;1;349;0;337;11;334;0;333;3
8/1/2025;5:50:33 PM;WG REA FORD CA029;361;2;360;1;361;0;361;0;361;0;360;0;361;0;358;1;352;0;340;11;337;0;336;3
8/1/2025;5:51:33 PM;WG REA FORD CA029;364;2;363;1;364;0;364;0;364;0;363;0;364;0;362;1;355;0;342;11;340;0;339;3
8/1/2025;5:52:33 PM;WG REA FORD CA029;367;2;366;1;366;0;367;0;367;0;366;0;367;0;364;1;358;0;345;11;343;0;342;3
8/1/2025;5:53:33 PM;WG REA FORD CA029;369;2;369;1;369;0;370;0;370;0;369;0;370;0;368;1;361;0;348;11;346;0;344;3
8/1/2025;5:54:33 PM;WG REA FORD CA029;372;2;372;1;372;0;373;0;373;0;372;0;373;0;371;1;364;0;351;11;349;0;347;3
8/1/2025;5:55:33 PM;WG REA FORD CA029;375;2;374;1;375;0;376;0;376;0;375;0;376;0;371;1;367;0;354;11;352;0;350;3
8/1/2025;5:56:33 PM;WG REA FORD CA029;378;2;378;1;378;0;379;0;379;0;378;0;379;0;371;1;369;0;357;11;355;0;353;3
8/1/2025;5:57:33 PM;WG REA FORD CA029;381;2;380;1;381;0;382;0;382;0;381;0;382;0;374;1;372;0;360;11;357;0;356;3
8/1/2025;5:58:33 PM;WG REA FORD CA029;384;2;383;1;384;0;384;0;385;0;384;0;385;0;377;1;375;0;363;11;360;0;359;3
8/1/2025;5:59:33 PM;WG REA FORD CA029;387;2;386;1;387;0;387;0;388;0;387;0;388;0;380;1;378;0;366;11;363;0;362;3
8/1/2025;6:00:33 PM;WG REA FORD CA029;390;2;389;1;390;0;391;0;391;0;390;0;391;0;383;1;381;0;369;11;366;0;365;3
8/1/2025;6:01:33 PM;WG REA FORD CA029;393;2;392;1;393;0;394;0;394;0;393;0;394;0;386;1;384;0;372;11;369;0;367;3
8/1/2025;6:02:33 PM;WG REA FORD CA029;396;2;395;1;396;0;396;0;397;0;396;0;397;0;389;1;386;0;374;11;371;0;369;3
8/1/2025;6:03:33 PM;WG REA FORD CA029;399;2;398;1;399;0;399;0;399;0;399;0;399;0;392;1;389;0;377;11;374;0;373;4
8/1/2025;6:04:33 PM;WG REA FORD CA029;400;2;400;1;402;0;402;0;402;0;402;0;402;0;396;1;392;0;380;11;377;0;376;4
8/1/2025;6:05:33 PM;WG REA FORD CA029;404;2;403;1;405;0;405;0;405;0;405;0;406;0;399;1;395;0;383;11;380;0;379;4
8/1/2025;6:06:33 PM;WG REA FORD CA029;407;2;406;1;408;0;408;0;408;0;408;0;409;0;402;1;398;0;385;11;383;0;382;4
8/1/2025;6:07:33 PM;WG REA FORD CA029;410;2;409;1;411;0;411;0;411;0;411;0;412;0;405;1;401;0;388;11;386;0;385;4
8/1/2025;6:08:33 PM;WG REA FORD CA029;412;2;412;1;413;0;414;0;414;0;414;0;414;0;408;1;404;0;391;11;389;0;387;4
8/1/2025;6:09:33 PM;WG REA FORD CA029;415;2;415;1;416;0;417;0;417;0;417;0;417;0;411;1;407;0;394;11;392;0;390;4
8/1/2025;6:10:33 PM;WG REA FORD CA029;418;2;418;1;419;0;420;0;420;0;420;0;420;0;414;1;410;0;397;11;394;0;393;4
8/1/2025;6:11:33 PM;WG REA FORD CA029;421;2;421;1;422;0;423;0;423;0;423;0;423;0;417;1;412;0;400;11;397;0;396;4
8/1/2025;6:12:33 PM;WG REA FORD CA029;424;2;423;1;425;0;426;0;426;0;425;0;426;0;420;1;415;0;402;12;400;0;397;4
8/1/2025;6:13:33 PM;WG REA FORD CA029;427;2;426;1;428;0;429;0;429;0;428;0;429;0;423;1;418;0;405;12;402;0;400;5
8/1/2025;6:14:33 PM;WG REA FORD CA029;430;2;429;1;431;0;431;0;432;0;431;0;432;0;426;1;421;0;407;12;404;0;402;5
8/1/2025;6:15:33 PM;WG REA FORD CA029;432;2;432;1;433;0;435;0;435;0;434;0;435;0;429;1;423;0;409;12;406;0;405;5
8/1/2025;6:16:33 PM;WG REA FORD CA029;435;2;434;1;436;0;438;0;438;0;437;0;438;0;433;1;425;0;412;12;409;0;408;5
8/1/2025;6:17:33 PM;WG REA FORD CA029;437;2;436;1;438;0;440;0;440;0;440;0;440;0;436;1;428;0;415;12;412;0;411;5
8/1/2025;6:18:33 PM;WG REA FORD CA029;440;2;439;1;441;0;443;0;443;0;443;0;443;0;438;1;431;0;418;12;415;0;414;5
8/1/2025;6:19:33 PM;WG REA FORD CA029;443;2;442;1;444;0;446;0;446;0;446;0;446;0;441;1;434;0;421;12;418;0;417;5
8/1/2025;6:20:33 PM;WG REA FORD CA029;446;2;445;1;447;0;449;0;449;0;448;0;449;0;444;1;437;0;424;12;421;0;420;5
8/1/2025;6:21:33 PM;WG REA FORD CA029;449;2;448;1;450;0;452;0;452;0;451;0;452;0;447;1;440;0;427;12;424;0;423;5
8/1/2025;6:22:33 PM;WG REA FORD CA029;452;2;451;1;453;0;455;0;455;0;454;0;455;0;450;1;443;0;430;12;427;0;426;5
8/1/2025;6:23:33 PM;WG REA FORD CA029;454;2;454;1;456;0;457;0;458;0;457;0;458;0;453;1;446;0;432;12;430;0;429;5
8/1/2025;6:24:33 PM;WG REA FORD CA029;457;2;457;1;459;0;461;0;461;0;460;0;461;0;457;1;449;0;435;12;433;0;432;5
8/1/2025;6:25:33 PM;WG REA FORD CA029;460;2;460;1;462;0;463;0;464;0;463;0;464;0;460;1;452;0;437;13;436;0;433;5
8/1/2025;6:26:33 PM;WG REA FORD CA029;463;2;463;1;464;0;465;0;465;0;466;0;466;0;463;1;454;0;440;13;437;0;436;5
8/1/2025;6:27:33 PM;WG REA FORD CA029;466;2;465;1;467;0;468;0;468;0;468;0;469;0;466;1;457;0;442;13;440;0;439;5
8/1/2025;6:28:33 PM;WG REA FORD CA029;468;2;467;1;469;0;471;0;471;0;471;0;471;0;469;1;460;0;445;13;443;0;441;5
8/1/2025;6:29:33 PM;WG REA FORD CA029;471;2;471;1;472;0;474;0;474;0;474;0;474;0;473;1;463;0;447;14;445;0;444;5
8/1/2025;6:30:33 PM;WG REA FORD CA029;474;2;474;1;475;0;477;0;477;0;477;0;477;0;476;1;466;0;450;14;448;0;445;5
8/1/2025;6:31:33 PM;WG REA FORD CA029;477;2;477;1;478;0;480;0;480;0;480;0;480;0;479;1;468;0;453;14;450;0;449;5
8/1/2025;6:32:33 PM;WG REA FORD CA029;480;2;479;1;481;0;483;0;483;0;483;0;483;0;483;1;471;0;456;14;453;0;452;5
8/1/2025;6:33:33 PM;WG REA FORD CA029;482;2;482;1;483;0;486;0;486;0;485;0;486;0;485;1;474;0;459;14;456;0;455;5
8/1/2025;6:34:33 PM;WG REA FORD CA029;485;2;485;1;487;0;488;0;488;0;488;0;489;0;488;1;477;0;461;14;459;0;458;5
8/1/2025;6:35:33 PM;WG REA FORD CA029;489;2;488;1;490;0;491;0;491;0;491;0;492;0;491;1;480;0;464;14;462;0;461;5
8/1/2025;6:36:33 PM;WG REA FORD CA029;491;2;491;1;493;0;494;0;494;0;494;0;495;0;494;2;483;0;467;14;465;0;463;5
8/1/2025;6:37:33 PM;WG REA FORD CA029;494;2;494;1;496;0;497;0;497;0;497;0;498;0;497;2;486;0;470;14;467;0;466;5
8/1/2025;6:38:33 PM;WG REA FORD CA029;497;2;497;1;498;0;500;0;500;0;500;0;500;0;500;2;488;0;473;14;470;0;469;5
8/1/2025;6:39:33 PM;WG REA FORD CA029;500;2;499;1;501;0;503;0;503;0;503;0;503;0;503;2;491;0;476;14;473;0;472;5
8/1/2025;6:40:33 PM;WG REA FORD CA029;503;2;502;1;504;0;506;0;506;0;506;0;506;0;506;2;494;0;479;14;476;0;475;5
8/1/2025;6:41:33 PM;WG REA FORD CA029;506;2;505;1;507;0;509;0;509;0;509;0;509;0;509;2;497;0;482;14;479;0;478;5
8/1/2025;6:42:33 PM;WG REA FORD CA029;509;2;508;1;510;0;512;0;512;0;512;0;512;0;512;2;500;0;484;15;482;0;481;5
8/1/2025;6:43:33 PM;WG REA FORD CA029;512;2;511;1;513;0;515;0;515;0;514;0;515;0;515;2;503;0;487;15;485;0;483;5
8/1/2025;6:44:33 PM;WG REA FORD CA029;515;2;514;1;516;0;518;0;518;0;517;0;518;0;517;2;506;0;490;15;488;0;486;5
8/1/2025;6:45:33 PM;WG REA FORD CA029;518;2;517;1;519;0;521;0;521;0;520;0;521;0;521;2;509;0;493;15;491;0;489;5
8/1/2025;6:46:33 PM;WG REA FORD CA029;521;2;520;1;522;0;524;0;524;0;523;0;524;0;524;2;512;0;496;15;494;0;492;5
8/1/2025;6:47:33 PM;WG REA FORD CA029;524;2;523;1;525;0;527;0;527;0;526;0;527;0;526;2;515;0;499;15;496;0;494;5
8/1/2025;6:48:33 PM;WG REA FORD CA029;526;2;526;1;527;0;530;0;530;0;529;0;530;0;530;2;518;0;502;15;499;0;498;5
8/1/2025;6:49:33 PM;WG REA FORD CA029;530;2;529;1;531;0;532;0;532;0;532;0;532;0;532;2;521;0;504;15;502;0;500;5
8/1/2025;6:50:33 PM;WG REA FORD CA029;533;2;532;1;534;0;535;0;535;0;534;0;535;0;533;2;524;0;507;15;505;0;503;5
8/1/2025;6:51:33 PM;WG REA FORD CA029;535;2;534;1;536;0;538;0;538;0;537;0;538;0;535;2;527;0;510;15;507;0;506;5
8/1/2025;6:52:33 PM;WG REA FORD CA029;538;2;537;1;539;0;541;0;541;0;540;0;541;0;538;2;530;0;513;15;510;0;509;5
8/1/2025;6:53:33 PM;WG REA FORD CA029;541;2;540;1;542;0;543;0;543;0;543;0;544;0;541;2;532;0;516;15;513;0;512;5
8/1/2025;6:54:33 PM;WG REA FORD CA029;544;2;543;1;544;0;544;0;543;0;544;0;545;0;544;2;535;0;519;15;516;0;515;5
8/1/2025;6:55:33 PM;WG REA FORD CA029;546;2;545;1;545;0;545;0;545;0;545;0;546;0;547;2;538;0;522;15;519;0;518;5
8/1/2025;6:56:33 PM;WG REA FORD CA029;546;2;545;1;547;0;548;0;549;0;548;0;549;0;548;2;541;0;525;15;522;0;521;5
8/1/2025;6:57:33 PM;WG REA FORD CA029;546;2;545;1;547;0;550;0;550;0;550;0;550;0;551;2;544;0;528;15;525;0;524;5
8/1/2025;6:58:33 PM;WG REA FORD CA029;546;2;545;1;547;0;550;0;551;0;551;0;551;0;551;2;547;0;531;15;528;0;527;5
8/1/2025;6:59:33 PM;WG REA FORD CA029;546;2;545;1;547;0;550;0;551;0;551;0;551;0;553;2;550;0;534;15;531;0;529;5
8/1/2025;7:00:33 PM;WG REA FORD CA029;548;2;546;1;549;0;551;0;551;0;551;0;551;0;553;2;553;0;536;15;534;0;532;5
8/1/2025;7:01:33 PM;WG REA FORD CA029;550;2;550;1;551;0;551;0;552;0;551;0;552;0;554;2;556;0;539;15;537;0;535;5
8/1/2025;7:02:33 PM;WG REA FORD CA029;554;2;553;1;553;0;553;0;553;0;553;0;553;0;554;2;558;0;541;15;538;0;537;5
8/1/2025;7:03:33 PM;WG REA FORD CA029;557;2;556;1;556;0;556;0;556;0;556;0;556;0;556;2;560;0;543;16;541;0;540;6
8/1/2025;7:04:33 PM;WG REA FORD CA029;560;2;559;1;559;0;559;0;559;0;559;0;559;0;559;2;563;0;546;16;544;0;543;6
8/1/2025;7:05:33 PM;WG REA FORD CA029;563;2;562;1;562;0;562;0;562;0;562;0;563;0;562;2;566;0;549;16;547;0;546;6
8/1/2025;7:06:33 PM;WG REA FORD CA029;566;2;565;1;565;0;565;0;565;0;565;0;565;0;565;2;569;0;552;16;550;0;547;6
8/1/2025;7:07:33 PM;WG REA FORD CA029;569;2;568;1;568;0;568;0;568;0;568;0;569;0;568;2;571;0;554;16;551;0;549;6
8/1/2025;7:08:33 PM;WG REA FORD CA029;572;2;571;1;571;0;571;0;571;0;571;0;572;0;571;2;574;0;557;16;554;0;553;7
8/1/2025;7:09:33 PM;WG REA FORD CA029;575;2;574;1;574;0;574;0;574;0;574;0;574;0;574;2;577;0;560;16;557;0;556;7
8/1/2025;7:10:33 PM;WG REA FORD CA029;578;2;577;1;577;0;577;0;577;0;577;0;577;0;577;2;580;0;563;16;560;0;559;7
8/1/2025;7:11:33 PM;WG REA FORD CA029;581;2;580;1;580;0;580;0;580;0;580;0;580;0;580;2;583;0;565;16;563;0;561;7
8/1/2025;7:12:33 PM;WG REA FORD CA029;584;2;583;1;583;0;583;0;583;0;583;0;583;0;583;2;585;0;568;16;566;0;564;7
8/1/2025;7:13:33 PM;WG REA FORD CA029;586;2;586;1;586;0;586;0;586;0;585;0;586;0;586;2;589;0;571;16;569;0;567;7
8/1/2025;7:14:33 PM;WG REA FORD CA029;590;2;589;1;589;0;589;0;589;0;588;0;589;0;589;2;592;0;574;16;571;0;570;7
8/1/2025;7:15:33 PM;WG REA FORD CA029;592;2;592;1;592;0;592;0;592;0;591;0;592;0;592;2;594;0;577;16;574;0;572;7
8/1/2025;7:16:33 PM;WG REA FORD CA029;592;2;592;1;595;0;595;0;595;0;594;0;595;0;595;2;597;0;580;16;577;0;576;7
8/1/2025;7:17:33 PM;WG REA FORD CA029;592;2;592;1;595;0;596;0;597;0;597;0;598;0;598;2;600;0;582;16;580;0;578;7
8/1/2025;7:18:33 PM;WG REA FORD CA029;592;2;592;1;595;0;598;0;598;0;598;0;598;0;600;2;603;0;585;16;582;0;581;7
8/1/2025;7:19:33 PM;WG REA FORD CA029;596;2;595;1;597;0;599;0;599;0;599;0;599;0;601;2;605;0;588;16;585;0;583;7
8/1/2025;7:20:33 PM;WG REA FORD CA029;599;2;598;1;600;0;601;0;602;0;601;0;602;0;601;2;607;0;590;16;587;0;585;7
8/1/2025;7:21:33 PM;WG REA FORD CA029;602;2;602;1;604;0;604;0;605;0;604;0;605;0;605;2;610;0;593;16;590;0;588;8
8/1/2025;7:22:33 PM;WG REA FORD CA029;606;2;605;1;607;0;607;0;608;0;607;0;608;0;608;2;613;0;595;16;593;0;592;8
8/1/2025;7:23:33 PM;WG REA FORD CA029;609;2;608;1;610;0;611;0;611;0;610;0;611;0;611;2;615;0;598;16;596;0;595;8
8/1/2025;7:24:33 PM;WG REA FORD CA029;613;2;612;1;613;0;613;0;614;0;613;0;614;0;614;2;618;0;601;16;598;0;597;8
8/1/2025;7:25:33 PM;WG REA FORD CA029;616;2;615;1;616;0;616;0;617;0;616;0;617;0;617;2;621;0;603;16;601;0;599;8
8/1/2025;7:26:33 PM;WG REA FORD CA029;619;2;619;1;619;0;620;0;620;0;619;0;620;0;620;2;624;0;606;16;604;0;601;8
8/1/2025;7:27:33 PM;WG REA FORD CA029;622;2;622;1;622;0;622;0;623;0;622;0;623;0;623;2;625;0;608;16;605;0;603;8
8/1/2025;7:28:33 PM;WG REA FORD CA029;626;2;625;1;625;0;625;0;625;0;625;0;626;0;626;2;628;0;611;16;608;0;606;8
8/1/2025;7:29:33 PM;WG REA FORD CA029;629;2;628;1;628;0;628;0;628;0;628;0;629;0;628;2;631;0;613;16;610;0;609;8
8/1/2025;7:30:33 PM;WG REA FORD CA029;632;2;631;1;631;0;631;0;631;0;631;0;631;0;631;2;633;0;616;16;613;0;612;8
8/1/2025;7:31:33 PM;WG REA FORD CA029;635;2;634;1;634;0;634;0;634;0;634;0;635;0;634;2;636;0;618;16;616;0;614;8
8/1/2025;7:32:33 PM;WG REA FORD CA029;638;2;637;1;637;0;637;0;637;0;637;0;637;0;637;2;639;0;621;16;619;0;617;8
8/1/2025;7:33:33 PM;WG REA FORD CA029;641;2;640;1;640;0;640;0;640;0;640;0;640;0;640;2;639;0;623;16;622;0;619;8
8/1/2025;7:34:33 PM;WG REA FORD CA029;644;2;643;1;643;0;643;0;643;0;643;0;643;0;640;2;639;0;623;16;622;0;619;8
8/1/2025;7:35:33 PM;WG REA FORD CA029;647;2;646;1;646;0;646;0;646;0;645;0;646;0;640;2;639;0;623;16;622;0;619;8
8/1/2025;7:36:33 PM;WG REA FORD CA029;650;2;649;1;649;0;649;0;649;0;648;0;649;0;640;2;639;0;623;16;622;0;619;8
8/1/2025;7:37:33 PM;WG REA FORD CA029;652;2;651;1;652;0;652;0;652;0;651;0;651;0;642;2;640;0;623;16;622;0;621;8
8/1/2025;7:38:33 PM;WG REA FORD CA029;652;2;651;1;653;0;655;0;655;0;654;0;655;0;645;2;643;0;626;16;624;0;623;8
8/1/2025;7:39:33 PM;WG REA FORD CA029;655;2;654;1;656;0;657;0;658;0;657;0;658;0;648;2;646;0;629;16;627;0;626;8
8/1/2025;7:40:33 PM;WG REA FORD CA029;658;2;657;1;659;0;660;0;661;0;660;0;661;0;651;2;649;0;632;16;630;0;629;8
8/1/2025;7:41:33 PM;WG REA FORD CA029;661;2;660;1;662;0;663;0;663;0;663;0;664;0;655;2;652;0;635;16;633;0;631;8
8/1/2025;7:42:33 PM;WG REA FORD CA029;664;2;663;1;665;0;666;0;666;0;666;0;667;0;658;2;655;0;637;16;635;0;633;8
8/1/2025;7:43:33 PM;WG REA FORD CA029;667;2;666;1;668;0;669;0;669;0;669;0;670;0;661;2;658;0;640;16;638;0;636;8
8/1/2025;7:44:33 PM;WG REA FORD CA029;669;2;669;1;670;0;672;0;672;0;672;0;673;0;664;2;661;0;643;16;641;0;639;8
8/1/2025;7:45:33 PM;WG REA FORD CA029;672;2;671;1;673;0;675;0;675;0;675;0;676;0;667;2;664;0;646;16;643;0;642;8
8/1/2025;7:46:33 PM;WG REA FORD CA029;675;2;674;1;676;0;678;0;678;0;678;0;678;0;671;2;667;0;649;16;646;0;645;8
8/1/2025;7:47:33 PM;WG REA FORD CA029;678;2;677;1;679;0;681;0;681;0;681;0;681;0;674;2;669;0;652;16;649;0;648;8
8/1/2025;7:48:33 PM;WG REA FORD CA029;681;2;680;1;682;0;682;0;682;0;682;0;683;0;677;2;672;0;654;16;652;0;649;8
8/1/2025;7:49:33 PM;WG REA FORD CA029;684;2;683;1;684;0;685;0;685;0;685;0;685;0;680;2;674;0;657;16;654;0;653;9
8/1/2025;7:50:33 PM;WG REA FORD CA029;686;2;685;1;687;0;688;0;688;0;688;0;688;0;683;2;677;0;660;16;657;0;656;9
8/1/2025;7:51:33 PM;WG REA FORD CA029;689;2;688;1;690;0;691;0;691;0;690;0;691;0;686;2;680;0;663;16;660;0;659;9
8/1/2025;7:52:33 PM;WG REA FORD CA029;692;2;691;1;693;0;694;0;694;0;693;0;694;0;689;2;683;0;666;16;663;0;661;9
8/1/2025;7:53:33 PM;WG REA FORD CA029;695;2;694;1;696;0;697;0;697;0;696;0;697;0;693;2;685;0;667;16;665;0;663;9
8/1/2025;7:54:33 PM;WG REA FORD CA029;698;2;697;1;699;0;700;0;700;0;699;0;700;0;695;2;688;0;670;16;668;0;666;9
8/1/2025;7:55:33 PM;WG REA FORD CA029;699;2;699;1;700;0;702;0;702;0;702;0;703;0;695;2;691;0;673;16;671;0;669;9
8/1/2025;7:56:33 PM;WG REA FORD CA029;702;2;701;1;703;0;705;0;705;0;705;0;706;0;697;2;694;0;676;16;674;0;672;9
8/1/2025;7:57:33 PM;WG REA FORD CA029;705;2;704;1;706;0;708;0;708;0;708;0;708;0;700;2;697;0;679;16;676;0;675;9
8/1/2025;7:58:33 PM;WG REA FORD CA029;708;2;707;1;709;0;711;0;711;0;711;0;711;0;703;2;699;0;682;16;679;0;678;9
8/1/2025;7:59:33 PM;WG REA FORD CA029;711;2;710;1;712;0;714;0;714;0;714;0;714;0;706;2;702;0;685;16;682;0;681;9
8/1/2025;8:00:33 PM;WG REA FORD CA029;714;2;713;1;715;0;717;0;717;0;717;0;717;0;710;2;705;0;688;16;685;0;683;9
8/1/2025;8:01:33 PM;WG REA FORD CA029;717;2;716;1;718;0;720;0;720;0;720;0;720;0;713;2;708;0;690;16;688;0;686;9
8/1/2025;8:02:33 PM;WG REA FORD CA029;720;2;719;1;721;0;723;0;722;0;722;0;723;0;716;2;711;0;693;16;691;0;690;9
8/1/2025;8:03:33 PM;WG REA FORD CA029;723;2;722;1;724;0;725;0;726;0;725;0;726;0;719;2;714;0;696;16;694;0;692;9
8/1/2025;8:04:33 PM;WG REA FORD CA029;725;2;725;1;726;0;728;0;728;0;728;0;728;0;721;2;717;0;699;16;697;0;695;9
8/1/2025;8:05:33 PM;WG REA FORD CA029;728;2;728;1;730;0;731;0;731;0;731;0;731;0;725;2;720;0;702;16;700;0;698;9
8/1/2025;8:06:33 PM;WG REA FORD CA029;731;2;731;1;732;0;734;0;734;0;734;0;734;0;728;2;723;0;705;16;703;0;701;9
8/1/2025;8:07:33 PM;WG REA FORD CA029;734;2;733;1;735;0;737;0;737;0;736;0;737;0;731;2;726;0;708;16;705;0;704;9
8/1/2025;8:08:33 PM;WG REA FORD CA029;737;2;736;1;738;0;740;0;740;0;739;0;740;0;734;2;729;0;711;16;708;0;707;9
8/1/2025;8:09:33 PM;WG REA FORD CA029;740;2;739;1;741;0;743;0;743;0;742;0;743;0;737;2;731;0;714;16;711;0;710;9
8/1/2025;8:10:33 PM;WG REA FORD CA029;743;2;742;1;744;0;746;0;746;0;745;0;746;0;739;2;734;0;717;16;714;0;713;9
8/1/2025;8:11:33 PM;WG REA FORD CA029;746;2;745;1;747;0;749;0;749;0;748;0;749;0;743;2;737;0;720;16;717;0;715;9
8/1/2025;8:12:33 PM;WG REA FORD CA029;749;2;748;1;750;0;752;0;752;0;751;0;752;0;743;2;739;0;722;16;719;0;717;9
8/1/2025;8:13:33 PM;WG REA FORD CA029;752;2;751;1;753;0;755;0;755;0;754;0;752;0;743;2;742;0;724;16;722;0;720;9
8/1/2025;8:14:33 PM;WG REA FORD CA029;754;2;753;1;755;0;756;0;757;0;756;0;752;0;743;2;745;0;727;16;724;0;723;9
8/1/2025;8:15:33 PM;WG REA FORD CA029;756;2;756;1;757;0;757;0;757;0;757;0;752;0;743;2;747;0;730;16;727;0;726;9
8/1/2025;8:16:33 PM;WG REA FORD CA029;759;2;758;1;757;0;757;0;757;0;757;0;752;0;744;2;749;0;733;16;730;0;729;9
8/1/2025;8:17:33 PM;WG REA FORD CA029;760;2;759;1;759;0;760;0;760;0;759;0;756;0;747;2;749;0;736;16;733;0;732;9
8/1/2025;8:18:33 PM;WG REA FORD CA029;763;2;762;1;762;0;763;0;763;0;762;0;759;0;750;2;749;0;736;16;735;0;734;9
8/1/2025;8:19:33 PM;WG REA FORD CA029;764;2;763;1;765;0;766;0;766;0;765;0;762;0;753;2;750;0;736;16;735;0;734;9
8/1/2025;8:20:33 PM;WG REA FORD CA029;764;2;763;1;766;0;769;0;769;0;768;0;765;0;756;2;753;0;737;16;735;0;734;9
8/1/2025;8:21:33 PM;WG REA FORD CA029;764;2;763;1;766;0;769;0;769;0;769;0;768;0;759;2;756;0;739;16;738;0;736;9
8/1/2025;8:22:33 PM;WG REA FORD CA029;765;2;764;1;766;0;769;0;769;0;769;0;769;0;762;2;760;0;741;16;739;0;738;9
8/1/2025;8:23:33 PM;WG REA FORD CA029;768;2;767;1;769;0;770;0;770;0;770;0;771;0;766;2;761;0;744;16;741;0;739;9
8/1/2025;8:24:33 PM;WG REA FORD CA029;771;2;770;1;772;0;774;0;774;0;773;0;774;0;769;2;763;0;745;16;743;0;741;9
8/1/2025;8:25:33 PM;WG REA FORD CA029;774;2;774;1;775;0;775;0;774;0;775;0;776;0;772;2;766;0;748;16;746;0;744;9
8/1/2025;8:26:33 PM;WG REA FORD CA029;777;2;776;1;775;0;775;0;774;0;775;0;776;0;775;2;769;0;750;16;748;0;745;9
8/1/2025;8:27:33 PM;WG REA FORD CA029;777;2;776;1;776;0;776;0;776;0;776;0;776;0;778;2;770;0;753;16;750;0;749;10
8/1/2025;8:28:33 PM;WG REA FORD CA029;779;2;779;1;779;0;779;0;779;0;779;0;779;0;780;2;773;0;756;16;753;0;752;10
8/1/2025;8:29:33 PM;WG REA FORD CA029;783;2;782;1;782;0;782;0;782;0;782;0;782;0;783;2;776;0;759;16;756;0;755;10
8/1/2025;8:30:33 PM;WG REA FORD CA029;786;2;785;1;785;0;785;0;785;0;785;0;786;0;786;2;779;0;762;16;759;0;758;10
8/1/2025;8:31:33 PM;WG REA FORD CA029;789;2;788;1;788;0;788;0;788;0;788;0;788;0;789;2;782;0;765;16;762;0;761;10
8/1/2025;8:32:33 PM;WG REA FORD CA029;792;2;791;1;791;0;791;0;791;0;791;0;791;0;792;2;785;0;768;16;765;0;763;10
8/1/2025;8:33:33 PM;WG REA FORD CA029;795;2;794;1;793;0;794;0;794;0;793;0;794;0;795;2;788;0;770;16;767;0;766;10
8/1/2025;8:34:33 PM;WG REA FORD CA029;797;2;796;1;796;0;796;0;797;0;796;0;797;0;798;2;791;0;773;16;770;0;769;10
8/1/2025;8:35:33 PM;WG REA FORD CA029;800;2;799;1;799;0;800;0;800;0;799;0;800;0;801;2;794;0;776;16;773;0;772;10
8/1/2025;8:36:33 PM;WG REA FORD CA029;803;2;802;1;802;0;803;0;803;0;802;0;803;0;804;2;797;0;779;16;776;0;775;10
8/1/2025;8:37:33 PM;WG REA FORD CA029;806;2;806;1;805;0;806;0;806;0;805;0;806;0;807;2;799;0;782;16;779;0;777;10
8/1/2025;8:38:33 PM;WG REA FORD CA029;809;2;808;1;808;0;809;0;809;0;808;0;809;0;810;2;802;0;785;16;782;0;780;10
8/1/2025;8:39:33 PM;WG REA FORD CA029;812;2;811;1;811;0;812;0;812;0;811;0;812;0;813;2;805;0;787;16;785;0;784;10
8/1/2025;8:40:33 PM;WG REA FORD CA029;815;2;814;1;814;0;814;0;815;0;814;0;815;0;816;2;808;0;790;16;788;0;786;10
8/1/2025;8:41:33 PM;WG REA FORD CA029;818;2;817;1;817;0;818;0;818;0;817;0;818;0;819;2;811;0;793;16;790;0;789;10
8/1/2025;8:42:33 PM;WG REA FORD CA029;821;2;820;1;820;0;821;0;821;0;820;0;821;0;822;2;813;0;796;16;793;0;792;10
8/1/2025;8:43:33 PM;WG REA FORD CA029;824;2;823;1;823;0;824;0;824;0;823;0;824;0;825;2;816;0;799;16;796;0;795;10
8/1/2025;8:44:33 PM;WG REA FORD CA029;827;2;826;1;826;0;826;0;827;0;826;0;827;0;828;2;819;0;801;17;799;0;798;10
8/1/2025;8:45:33 PM;WG REA FORD CA029;830;2;829;1;829;0;829;0;829;0;829;0;830;0;830;2;822;0;803;18;802;0;800;10
8/1/2025;8:46:33 PM;WG REA FORD CA029;833;2;832;1;832;0;832;0;832;0;832;0;833;0;834;2;826;0;806;18;804;0;803;10
8/1/2025;8:47:33 PM;WG REA FORD CA029;836;2;835;1;835;0;835;0;835;0;835;0;836;0;836;2;829;0;809;18;807;0;806;10
8/1/2025;8:48:33 PM;WG REA FORD CA029;839;2;838;1;838;0;838;0;838;0;838;0;839;0;839;2;831;0;812;18;810;0;809;10
8/1/2025;8:49:33 PM;WG REA FORD CA029;842;2;841;1;841;0;841;0;841;0;841;0;841;0;842;2;834;0;815;18;813;0;811;10
8/1/2025;8:50:33 PM;WG REA FORD CA029;845;2;844;1;844;0;844;0;844;0;844;0;844;0;845;2;837;0;818;18;816;0;814;10
8/1/2025;8:51:33 PM;WG REA FORD CA029;848;2;847;1;847;0;847;0;847;0;847;0;847;0;848;2;840;0;821;18;818;0;817;10
8/1/2025;8:52:33 PM;WG REA FORD CA029;851;2;850;1;850;0;850;0;850;0;850;0;850;0;851;2;843;0;824;18;821;0;820;10
8/1/2025;8:53:33 PM;WG REA FORD CA029;854;2;853;1;853;0;853;0;853;0;853;0;853;0;854;2;846;0;827;18;824;0;822;11
8/1/2025;8:54:33 PM;WG REA FORD CA029;856;2;856;1;856;0;856;0;856;0;856;0;856;0;857;2;848;0;827;18;825;0;822;11
8/1/2025;8:55:33 PM;WG REA FORD CA029;860;2;859;1;859;0;859;0;859;0;859;0;859;0;858;2;848;0;828;18;825;0;823;11
8/1/2025;8:56:33 PM;WG REA FORD CA029;861;2;860;1;862;0;862;0;862;0;861;0;862;0;861;2;849;0;830;18;827;0;826;11
8/1/2025;8:57:33 PM;WG REA FORD CA029;862;2;861;1;863;0;865;0;865;0;864;0;865;0;864;2;852;0;833;18;830;0;829;11
8/1/2025;8:58:33 PM;WG REA FORD CA029;864;2;863;1;865;0;867;0;867;0;867;0;867;0;867;2;855;0;836;18;833;0;832;11
8/1/2025;8:59:33 PM;WG REA FORD CA029;867;2;866;1;868;0;870;0;870;0;870;0;870;0;870;2;858;0;839;18;836;0;835;11
8/1/2025;9:00:33 PM;WG REA FORD CA029;870;2;869;1;871;0;873;0;873;0;872;0;873;0;873;2;861;0;842;18;839;0;838;11
8/1/2025;9:01:33 PM;WG REA FORD CA029;873;2;872;1;874;0;876;0;876;0;875;0;876;0;876;3;864;0;845;18;842;0;841;11
8/1/2025;9:02:33 PM;WG REA FORD CA029;876;2;875;1;877;0;879;0;879;0;878;0;879;0;879;4;867;0;848;18;845;0;844;11
8/1/2025;9:03:33 PM;WG REA FORD CA029;879;2;878;1;880;0;881;0;882;0;881;0;882;0;882;4;870;0;850;18;848;0;847;11
8/1/2025;9:04:33 PM;WG REA FORD CA029;881;2;881;1;883;0;884;0;885;0;884;0;885;0;885;4;873;0;853;18;851;0;850;11
8/1/2025;9:05:33 PM;WG REA FORD CA029;885;2;884;1;886;0;887;0;888;0;887;0;888;0;888;4;876;0;856;18;854;0;852;11
8/1/2025;9:06:33 PM;WG REA FORD CA029;887;2;887;1;888;0;890;0;890;0;890;0;891;0;891;4;879;0;859;18;857;0;855;11
8/1/2025;9:07:33 PM;WG REA FORD CA029;890;2;890;1;892;0;893;0;893;0;893;0;893;0;894;4;882;0;862;18;860;0;858;11
8/1/2025;9:08:33 PM;WG REA FORD CA029;893;2;893;1;894;0;896;0;896;0;895;0;896;0;897;4;885;0;865;18;863;0;861;11
8/1/2025;9:09:33 PM;WG REA FORD CA029;896;2;896;1;897;0;899;0;899;0;898;0;899;0;900;4;888;0;868;18;865;0;864;11
8/1/2025;9:10:33 PM;WG REA FORD CA029;899;2;898;1;900;0;902;0;902;0;901;0;902;0;903;4;890;0;871;18;868;0;867;11
8/1/2025;9:11:33 PM;WG REA FORD CA029;902;2;901;1;903;0;905;0;905;0;904;0;905;0;906;4;890;0;873;18;871;0;870;11
8/1/2025;9:12:33 PM;WG REA FORD CA029;904;2;903;1;905;0;908;0;908;0;907;0;908;0;907;4;891;0;874;18;872;0;871;11
8/1/2025;9:13:33 PM;WG REA FORD CA029;905;2;904;1;906;0;908;0;908;0;908;0;908;0;907;4;892;0;874;18;873;0;872;11
8/1/2025;9:14:33 PM;WG REA FORD CA029;905;2;904;1;906;0;909;0;909;0;909;0;909;0;907;4;893;0;874;18;873;0;872;11
8/1/2025;9:15:33 PM;WG REA FORD CA029;905;2;904;1;906;0;909;0;910;0;910;0;910;0;908;4;893;0;876;18;874;0;873;11
8/1/2025;9:16:33 PM;WG REA FORD CA029;907;2;906;1;908;0;909;0;910;0;911;0;911;0;908;4;893;1;876;18;875;0;874;11
8/1/2025;9:17:33 PM;WG REA FORD CA029;907;2;906;1;908;0;910;0;910;0;911;0;911;0;909;4;893;2;877;18;875;0;874;11
8/1/2025;9:18:33 PM;WG REA FORD CA029;908;2;907;1;909;0;910;0;910;0;911;0;912;0;909;4;893;2;877;18;876;0;875;11
8/1/2025;9:19:33 PM;WG REA FORD CA029;908;2;907;1;909;0;910;0;910;0;911;0;912;0;912;4;895;3;878;18;877;0;876;11
8/1/2025;9:20:33 PM;WG REA FORD CA029;910;2;909;1;910;0;910;0;910;0;911;0;912;0;915;4;899;3;880;18;878;0;876;11
8/1/2025;9:21:33 PM;WG REA FORD CA029;910;2;909;1;910;0;910;0;910;0;911;0;912;0;915;4;901;3;883;18;880;0;879;11
8/1/2025;9:22:33 PM;WG REA FORD CA029;910;2;909;1;910;0;911;0;911;0;911;0;912;0;915;4;904;3;885;18;883;0;882;11
8/1/2025;9:23:33 PM;WG REA FORD CA029;910;2;909;1;911;0;913;0;913;0;912;0;913;0;915;4;908;3;888;18;886;0;885;11
8/1/2025;9:24:33 PM;WG REA FORD CA029;912;2;909;2;912;0;916;0;916;0;915;0;916;0;917;4;911;3;891;18;889;0;888;11
8/1/2025;9:25:33 PM;WG REA FORD CA029;912;2;909;2;912;0;918;0;918;0;918;0;918;0;920;4;914;3;894;18;892;0;891;11
8/1/2025;9:26:33 PM;WG REA FORD CA029;912;2;910;2;912;0;918;0;919;0;919;0;919;0;921;4;917;3;897;18;895;0;894;11
8/1/2025;9:27:33 PM;WG REA FORD CA029;916;2;914;2;916;0;920;0;920;0;920;0;921;0;922;4;920;3;900;18;898;0;896;11
8/1/2025;9:28:33 PM;WG REA FORD CA029;919;2;917;2;919;0;923;0;923;0;923;0;924;0;924;4;922;3;903;18;900;0;899;11
8/1/2025;9:29:33 PM;WG REA FORD CA029;922;2;921;2;923;0;926;0;925;0;926;0;927;0;928;4;925;3;906;18;903;0;902;11
8/1/2025;9:30:33 PM;WG REA FORD CA029;926;2;924;2;923;0;926;0;925;0;926;0;927;0;930;4;929;3;909;18;906;0;905;11
8/1/2025;9:31:33 PM;WG REA FORD CA029;926;2;924;2;923;0;926;0;926;0;926;0;927;0;930;4;931;3;912;18;909;0;908;11
8/1/2025;9:32:33 PM;WG REA FORD CA029;926;2;924;2;923;0;926;0;926;0;927;0;927;0;930;4;932;3;915;18;912;0;911;11
8/1/2025;9:33:33 PM;WG REA FORD CA029;926;2;924;2;923;0;926;0;926;0;927;0;927;0;930;4;932;3;917;18;915;0;913;11
8/1/2025;9:34:33 PM;WG REA FORD CA029;926;2;924;2;923;0;926;0;926;0;927;0;927;0;930;4;932;3;917;18;916;0;915;11
8/1/2025;9:35:33 PM;WG REA FORD CA029;926;2;924;2;923;0;926;0;926;0;927;0;927;0;930;4;932;3;917;18;916;0;915;11
8/1/2025;9:36:33 PM;WG REA FORD CA029;926;2;925;2;925;0;927;0;926;1;927;0;928;0;930;4;932;3;917;18;916;0;915;11
8/1/2025;9:37:33 PM;WG REA FORD CA029;929;2;927;2;928;0;930;0;928;2;928;0;928;0;932;4;934;3;917;18;916;0;915;11
8/1/2025;9:38:33 PM;WG REA FORD CA029;933;2;931;2;931;0;933;0;931;2;931;0;932;0;932;4;934;3;918;18;916;0;915;11
8/1/2025;9:39:33 PM;WG REA FORD CA029;936;2;934;2;934;0;936;0;934;2;934;0;935;0;935;4;937;3;919;18;918;0;917;11
8/1/2025;9:40:33 PM;WG REA FORD CA029;939;2;937;2;937;0;939;0;937;2;937;0;938;0;939;4;938;3;920;18;919;0;918;11
8/1/2025;9:41:33 PM;WG REA FORD CA029;942;2;940;2;940;0;942;0;940;2;940;0;941;0;941;4;938;3;920;18;919;0;918;11
8/1/2025;9:42:33 PM;WG REA FORD CA029;945;2;943;2;943;0;945;0;943;2;943;0;944;0;943;4;940;3;921;18;919;0;918;11
8/1/2025;9:43:33 PM;WG REA FORD CA029;948;2;946;2;946;0;948;0;946;2;946;0;947;0;946;4;943;3;924;18;922;0;921;11
8/1/2025;9:44:33 PM;WG REA FORD CA029;951;2;949;2;949;0;951;0;949;2;949;0;950;0;949;4;946;3;927;18;925;0;924;11
8/1/2025;9:45:33 PM;WG REA FORD CA029;952;2;950;2;952;0;954;0;952;2;952;0;952;0;953;4;949;3;930;18;928;0;927;11
8/1/2025;9:46:33 PM;WG REA FORD CA029;954;2;952;2;952;0;957;0;955;2;955;0;955;0;956;4;952;3;933;18;931;0;930;11
8/1/2025;9:47:33 PM;WG REA FORD CA029;957;2;955;2;955;0;960;0;958;2;958;0;958;0;959;4;955;3;936;18;934;0;932;12
8/1/2025;9:48:33 PM;WG REA FORD CA029;960;2;958;2;958;0;963;0;961;2;960;0;961;0;962;4;958;3;938;19;937;0;935;12
8/1/2025;9:49:33 PM;WG REA FORD CA029;963;2;961;2;961;0;966;0;963;2;963;0;964;0;965;4;961;3;941;19;939;0;937;12
8/1/2025;9:50:33 PM;WG REA FORD CA029;964;2;962;2;961;0;966;0;963;2;964;0;965;0;968;4;964;3;943;19;942;0;940;12
8/1/2025;9:51:33 PM;WG REA FORD CA029;964;2;962;2;962;0;967;0;965;2;965;0;966;0;968;4;967;3;946;19;945;0;943;12
8/1/2025;9:52:33 PM;WG REA FORD CA029;967;2;965;2;965;0;970;0;969;2;968;0;969;0;969;4;970;3;949;19;947;0;946;12
8/1/2025;9:53:33 PM;WG REA FORD CA029;970;2;968;2;968;0;974;0;972;2;971;0;972;0;972;4;973;3;952;19;950;0;949;12
8/1/2025;9:54:33 PM;WG REA FORD CA029;973;2;971;2;971;0;977;0;975;2;974;0;975;0;975;4;976;3;955;19;953;0;952;12
8/1/2025;9:55:33 PM;WG REA FORD CA029;976;2;974;2;974;0;980;0;978;2;977;0;978;0;978;4;978;3;958;19;956;0;955;12
8/1/2025;9:56:33 PM;WG REA FORD CA029;979;2;977;2;977;0;983;0;981;2;980;0;981;0;981;4;982;3;961;19;959;0;957;12
8/1/2025;9:57:33 PM;WG REA FORD CA029;982;2;980;2;980;0;985;0;983;2;983;0;984;0;984;4;984;3;964;19;962;0;960;12
8/1/2025;9:58:33 PM;WG REA FORD CA029;985;2;983;2;983;0;988;0;987;2;986;0;987;0;987;4;987;3;967;19;965;0;963;12
8/1/2025;9:59:33 PM;WG REA FORD CA029;988;2;986;2;986;0;991;0;989;2;989;0;990;0;990;5;990;3;970;19;968;0;966;12
8/1/2025;10:00:33 PM;WG REA FORD CA029;991;2;989;2;989;0;994;0;992;2;992;0;992;0;993;5;993;3;973;19;971;0;969;12
8/1/2025;10:01:33 PM;WG REA FORD CA029;994;2;992;2;992;0;997;0;995;2;995;0;995;0;996;6;996;3;976;19;973;0;972;12
8/1/2025;10:02:33 PM;WG REA FORD CA029;997;2;995;2;995;0;1000;0;998;2;998;0;999;0;998;7;999;3;979;19;976;0;975;12
8/1/2025;10:03:33 PM;WG REA FORD CA029;1000;2;998;2;998;0;1003;0;1001;2;1001;0;1002;0;1002;7;1002;3;982;19;979;0;978;12
8/1/2025;10:04:33 PM;WG REA FORD CA029;1003;2;1001;2;1001;0;1006;0;1004;2;1004;0;1004;0;1005;8;1005;3;985;19;982;0;981;12
8/1/2025;10:05:33 PM;WG REA FORD CA029;1006;2;1004;2;1004;0;1009;0;1007;2;1007;0;1007;0;1007;8;1008;3;988;19;985;0;983;13
8/1/2025;10:06:33 PM;WG REA FORD CA029;1009;2;1007;2;1007;0;1012;0;1010;2;1010;0;1010;0;1010;8;1011;3;991;19;988;0;987;13
8/1/2025;10:07:33 PM;WG REA FORD CA029;1012;2;1010;2;1010;0;1015;0;1013;2;1013;0;1013;0;1012;8;1014;3;994;19;991;0;990;13
8/1/2025;10:08:33 PM;WG REA FORD CA029;1015;2;1013;2;1013;0;1018;0;1016;2;1015;0;1016;0;1016;9;1016;3;996;19;994;0;993;13
8/1/2025;10:09:33 PM;WG REA FORD CA029;1017;2;1016;2;1016;0;1021;0;1019;2;1018;0;1019;0;1018;9;1019;3;999;19;997;0;996;13
8/1/2025;10:10:33 PM;WG REA FORD CA029;1020;2;1019;2;1019;0;1024;0;1022;2;1021;0;1022;0;1020;9;1022;3;1002;19;1000;0;999;13
8/1/2025;10:11:33 PM;WG REA FORD CA029;1023;2;1022;2;1021;0;1027;0;1025;2;1024;0;1025;0;1021;9;1023;3;1005;19;1003;0;1002;13
8/1/2025;10:12:33 PM;WG REA FORD CA029;1026;2;1025;2;1024;0;1030;0;1028;2;1027;0;1028;0;1022;9;1023;3;1007;19;1005;0;1004;13
8/1/2025;10:13:33 PM;WG REA FORD CA029;1029;2;1028;2;1027;0;1033;0;1031;2;1030;0;1031;0;1024;9;1025;3;1007;19;1006;0;1005;13
8/1/2025;10:14:33 PM;WG REA FORD CA029;1032;2;1031;2;1030;0;1036;0;1033;2;1033;0;1034;0;1027;9;1028;3;1008;19;1007;0;1006;13
8/1/2025;10:15:33 PM;WG REA FORD CA029;1034;2;1033;2;1032;0;1038;0;1033;2;1034;0;1034;0;1030;9;1031;3;1011;19;1009;0;1008;13
8/1/2025;10:16:33 PM;WG REA FORD CA029;1037;2;1035;2;1034;0;1039;0;1033;2;1034;0;1035;0;1033;9;1034;3;1014;19;1012;0;1011;13
8/1/2025;10:17:33 PM;WG REA FORD CA029;1037;2;1035;2;1034;0;1039;0;1033;2;1034;0;1035;0;1036;9;1037;3;1017;19;1015;0;1014;14
8/1/2025;10:18:33 PM;WG REA FORD CA029;1037;2;1035;2;1034;0;1039;0;1034;2;1034;0;1035;0;1039;9;1041;3;1020;19;1018;0;1017;14
8/1/2025;10:19:33 PM;WG REA FORD CA029;1039;2;1037;2;1037;0;1043;0;1037;2;1037;0;1037;0;1039;9;1041;3;1023;19;1021;0;1020;14
8/1/2025;10:20:33 PM;WG REA FORD CA029;1042;2;1040;2;1040;0;1046;0;1040;2;1039;0;1040;0;1041;9;1042;3;1025;19;1024;0;1022;14
8/1/2025;10:21:33 PM;WG REA FORD CA029;1045;2;1044;2;1044;0;1049;0;1043;2;1042;0;1043;0;1044;9;1045;3;1026;19;1024;0;1023;14
8/1/2025;10:22:33 PM;WG REA FORD CA029;1048;2;1046;2;1046;0;1052;0;1046;2;1045;0;1046;0;1047;9;1048;3;1028;19;1026;0;1025;14
8/1/2025;10:23:33 PM;WG REA FORD CA029;1048;2;1046;2;1048;0;1055;0;1049;2;1048;0;1049;0;1050;9;1051;3;1031;19;1029;0;1028;14
8/1/2025;10:24:33 PM;WG REA FORD CA029;1050;2;1049;2;1048;0;1056;0;1052;2;1051;0;1052;0;1053;9;1054;3;1034;19;1032;0;1031;14
8/1/2025;10:25:33 PM;WG REA FORD CA029;1053;2;1051;2;1051;0;1057;0;1055;2;1054;0;1055;0;1056;9;1057;3;1037;19;1035;0;1034;14
8/1/2025;10:26:33 PM;WG REA FORD CA029;1056;2;1054;2;1054;0;1060;0;1058;2;1057;0;1058;0;1059;9;1060;3;1040;19;1038;0;1037;14
8/1/2025;10:27:33 PM;WG REA FORD CA029;1059;2;1057;2;1057;0;1063;0;1061;2;1060;0;1061;0;1062;9;1063;3;1043;19;1041;0;1040;14
8/1/2025;10:28:33 PM;WG REA FORD CA029;1062;2;1060;2;1060;0;1066;0;1064;2;1063;0;1064;0;1064;10;1066;3;1046;19;1044;0;1043;14
8/1/2025;10:29:33 PM;WG REA FORD CA029;1065;2;1063;2;1063;0;1069;0;1067;2;1066;0;1067;0;1067;10;1069;3;1049;19;1047;0;1046;14
8/1/2025;10:30:33 PM;WG REA FORD CA029;1068;2;1066;2;1066;0;1072;0;1070;2;1069;0;1070;0;1070;10;1072;3;1052;19;1050;0;1049;14
8/1/2025;10:31:33 PM;WG REA FORD CA029;1071;2;1069;2;1069;0;1075;0;1073;2;1072;0;1073;0;1073;11;1075;3;1055;19;1053;0;1052;14
8/1/2025;10:32:33 PM;WG REA FORD CA029;0;0;0;0;0;0;0;0;0;0;0;0;0;0;0;0;0;0;0;0;0;0;0;0
8/1/2025;10:33:33 PM;WG REA FORD CA029;3;0;3;0;3;0;3;0;3;0;3;0;3;0;3;0;2;0;3;0;3;0;2;0
8/1/2025;10:34:33 PM;WG REA FORD CA029;6;0;6;0;6;0;6;0;5;0;6;0;6;0;6;0;6;0;6;0;5;0;5;0
8/1/2025;10:35:33 PM;WG REA FORD CA029;9;0;9;0;9;0;9;0;8;0;9;0;9;0;9;0;9;0;9;0;8;0;8;0
8/1/2025;10:36:33 PM;WG REA FORD CA029;12;0;12;0;12;0;12;0;11;0;12;0;12;0;12;0;11;0;11;0;11;0;11;0
8/1/2025;10:37:33 PM;WG REA FORD CA029;14;0;14;0;14;0;15;0;14;0;14;0;14;0;15;0;14;0;14;0;14;0;14;0
8/1/2025;10:38:33 PM;WG REA FORD CA029;17;0;17;0;17;0;18;0;17;0;17;0;17;0;18;1;17;0;17;0;17;0;17;0
8/1/2025;10:39:33 PM;WG REA FORD CA029;20;0;20;0;20;0;21;0;20;0;20;0;20;0;20;1;19;0;20;0;20;0;20;0
8/1/2025;10:40:33 PM;WG REA FORD CA029;23;0;23;0;23;0;24;0;23;0;23;0;23;0;23;1;22;0;22;0;23;0;23;0
8/1/2025;10:41:33 PM;WG REA FORD CA029;26;0;26;0;26;0;27;0;26;0;26;0;26;0;26;1;26;0;25;0;25;0;25;0
8/1/2025;10:42:33 PM;WG REA FORD CA029;29;0;29;0;29;0;30;0;29;0;29;0;29;0;29;1;28;0;28;0;28;0;28;0
8/1/2025;10:43:33 PM;WG REA FORD CA029;32;0;32;0;32;0;33;0;32;0;32;0;32;0;32;1;31;0;31;0;31;0;31;0
8/1/2025;10:44:33 PM;WG REA FORD CA029;35;0;35;0;35;0;36;0;35;0;35;0;35;0;35;1;34;0;34;0;34;0;33;0
8/1/2025;10:45:33 PM;WG REA FORD CA029;38;0;38;0;38;0;39;0;38;0;38;0;38;0;38;1;38;0;37;0;37;0;36;0
8/1/2025;10:46:33 PM;WG REA FORD CA029;41;0;41;0;41;0;42;0;41;0;41;0;41;0;41;1;40;0;40;0;40;0;39;0
8/1/2025;10:47:33 PM;WG REA FORD CA029;44;0;44;0;44;0;44;0;43;0;44;0;44;0;45;1;43;0;43;0;42;0;42;0
8/1/2025;10:48:33 PM;WG REA FORD CA029;47;0;47;0;46;0;46;0;45;0;47;0;46;0;48;1;46;0;46;0;45;0;44;0
8/1/2025;10:49:33 PM;WG REA FORD CA029;48;0;48;0;47;0;47;0;45;0;47;0;46;0;49;1;48;0;49;0;48;0;47;0
8/1/2025;10:50:33 PM;WG REA FORD CA029;48;0;48;0;48;0;49;0;48;0;48;0;48;0;49;1;49;0;52;0;51;0;51;0
8/1/2025;10:51:33 PM;WG REA FORD CA029;51;0;51;0;51;0;52;0;51;0;51;0;51;0;52;1;51;0;53;0;54;0;54;0
8/1/2025;10:52:33 PM;WG REA FORD CA029;54;0;55;0;54;0;55;0;54;0;54;0;54;0;55;1;54;0;55;0;55;0;55;0
8/1/2025;10:53:33 PM;WG REA FORD CA029;57;0;58;0;57;0;58;0;57;0;57;0;57;0;58;1;57;0;57;0;58;0;56;0
8/1/2025;10:54:33 PM;WG REA FORD CA029;60;0;61;0;60;0;61;0;60;0;60;0;60;0;61;1;60;0;60;0;60;0;60;0
8/1/2025;10:55:33 PM;WG REA FORD CA029;63;0;63;0;63;0;64;0;63;0;63;0;63;0;64;1;63;0;63;0;63;0;63;0
8/1/2025;10:56:33 PM;WG REA FORD CA029;66;0;66;0;66;0;67;0;66;0;66;0;66;0;67;1;66;0;66;0;66;0;66;0
8/1/2025;10:57:33 PM;WG REA FORD CA029;69;0;69;0;69;0;70;0;69;0;69;0;69;0;70;1;69;0;69;0;69;0;68;0
8/1/2025;10:58:33 PM;WG REA FORD CA029;72;0;72;0;72;0;73;0;72;0;72;0;72;0;73;1;72;0;72;0;71;0;71;0
8/1/2025;10:59:33 PM;WG REA FORD CA029;75;0;75;0;75;0;76;0;75;0;75;0;75;0;76;1;75;0;75;0;74;0;74;0
8/1/2025;11:00:33 PM;WG REA FORD CA029;78;0;78;0;78;0;79;0;78;0;78;0;78;0;79;1;78;0;77;1;77;0;77;0
8/1/2025;11:01:33 PM;WG REA FORD CA029;81;0;81;0;81;0;81;0;80;0;81;0;81;0;82;1;81;0;80;1;80;0;79;0
8/1/2025;11:02:33 PM;WG REA FORD CA029;84;0;84;0;84;0;84;0;82;0;84;0;84;0;84;1;84;0;83;1;82;0;82;0
8/1/2025;11:03:33 PM;WG REA FORD CA029;85;0;85;0;84;0;84;0;82;0;84;0;84;0;87;1;87;0;86;1;85;0;85;0
8/1/2025;11:04:33 PM;WG REA FORD CA029;86;0;86;0;86;0;87;0;86;0;86;0;86;0;87;1;87;0;88;2;88;0;88;0
8/1/2025;11:05:33 PM;WG REA FORD CA029;89;0;89;0;89;0;89;0;89;0;89;0;89;0;90;1;89;0;89;2;90;0;90;0
8/1/2025;11:06:33 PM;WG REA FORD CA029;92;0;92;0;92;0;92;0;92;0;92;0;92;0;92;1;92;0;90;2;90;0;90;0
8/1/2025;11:07:33 PM;WG REA FORD CA029;95;0;95;0;95;0;96;0;95;0;95;0;95;0;95;1;95;0;93;2;93;0;92;0
8/1/2025;11:08:33 PM;WG REA FORD CA029;98;0;98;0;98;0;98;0;98;0;98;0;98;0;98;1;98;0;96;2;96;0;95;0
8/1/2025;11:09:33 PM;WG REA FORD CA029;101;0;101;0;101;0;101;0;101;0;101;0;101;0;101;1;101;0;99;2;99;0;98;0
8/1/2025;11:10:33 PM;WG REA FORD CA029;104;0;104;0;104;0;104;0;104;0;104;0;104;0;105;1;104;0;102;2;102;0;101;0
8/1/2025;11:11:33 PM;WG REA FORD CA029;107;0;107;0;107;0;107;0;107;0;107;0;107;0;105;1;105;0;105;2;104;0;104;0
8/1/2025;11:12:33 PM;WG REA FORD CA029;110;0;110;0;110;0;110;0;110;0;110;0;110;0;107;2;107;0;107;2;107;0;107;0
8/1/2025;11:13:33 PM;WG REA FORD CA029;113;0;113;0;113;0;113;0;112;0;113;0;113;0;110;2;109;0;108;2;108;0;108;0
8/1/2025;11:14:33 PM;WG REA FORD CA029;116;0;116;0;116;0;116;0;115;0;116;0;116;0;113;2;112;0;110;2;110;0;110;0
8/1/2025;11:15:33 PM;WG REA FORD CA029;119;0;119;0;119;0;119;0;118;0;119;0;119;0;115;2;115;0;113;2;113;0;112;0
8/1/2025;11:16:33 PM;WG REA FORD CA029;122;0;122;0;122;0;122;0;121;0;122;0;121;0;118;2;118;0;116;2;116;0;115;0
8/1/2025;11:17:33 PM;WG REA FORD CA029;125;0;125;0;125;0;125;0;124;0;125;0;124;0;121;2;121;0;119;2;119;0;119;0
8/1/2025;11:18:33 PM;WG REA FORD CA029;128;0;128;0;128;0;128;0;127;0;128;0;125;0;124;2;124;0;122;2;122;0;121;0
8/1/2025;11:19:33 PM;WG REA FORD CA029;130;0;131;0;131;0;131;0;130;0;130;0;125;0;127;2;127;0;125;2;124;0;123;0
8/1/2025;11:20:33 PM;WG REA FORD CA029;133;0;133;0;132;0;132;0;131;0;132;0;125;0;128;2;128;0;128;2;127;0;127;0
8/1/2025;11:21:33 PM;WG REA FORD CA029;133;0;133;0;132;0;132;0;131;0;132;0;125;0;128;2;128;0;130;2;130;0;130;0
8/1/2025;11:22:33 PM;WG REA FORD CA029;133;0;134;0;134;0;134;0;133;0;134;0;130;0;129;2;128;0;130;2;131;0;131;0
8/1/2025;11:23:33 PM;WG REA FORD CA029;136;0;137;0;137;0;137;0;136;0;137;0;135;0;132;2;132;0;130;2;131;0;131;0
8/1/2025;11:24:33 PM;WG REA FORD CA029;140;0;140;0;140;0;140;0;139;0;140;0;139;0;135;2;135;0;133;2;133;0;132;0
8/1/2025;11:25:33 PM;WG REA FORD CA029;142;0;143;0;143;0;143;0;142;0;143;0;142;0;138;3;138;0;136;2;135;0;134;0
8/1/2025;11:26:33 PM;WG REA FORD CA029;145;0;146;0;145;0;145;0;144;0;145;0;145;0;141;3;140;0;139;2;138;0;137;0
8/1/2025;11:27:33 PM;WG REA FORD CA029;148;0;148;0;148;0;148;0;147;0;148;0;148;0;144;3;144;0;141;2;141;0;140;0
8/1/2025;11:28:33 PM;WG REA FORD CA029;151;0;151;0;151;0;151;0;149;0;151;0;151;0;147;3;147;0;144;2;144;0;144;1
8/1/2025;11:29:33 PM;WG REA FORD CA029;152;0;152;0;151;0;151;0;151;0;151;0;151;0;150;3;150;0;147;2;146;0;146;1
8/1/2025;11:30:33 PM;WG REA FORD CA029;154;0;154;0;154;0;154;0;153;0;154;0;154;0;153;3;153;0;150;2;149;0;149;1
8/1/2025;11:31:33 PM;WG REA FORD CA029;157;0;157;1;157;0;158;0;157;0;157;0;157;0;156;3;156;0;153;2;152;0;152;1
8/1/2025;11:32:33 PM;WG REA FORD CA029;160;0;160;1;160;0;161;0;160;0;160;0;160;0;159;3;158;0;156;2;155;0;155;1
8/1/2025;11:33:33 PM;WG REA FORD CA029;164;0;163;1;163;0;163;0;163;0;163;0;163;0;162;3;161;0;159;2;158;0;158;1
8/1/2025;11:34:33 PM;WG REA FORD CA029;167;0;166;1;166;0;166;0;166;0;166;0;166;0;165;3;164;0;162;2;161;0;161;1
8/1/2025;11:35:33 PM;WG REA FORD CA029;170;0;169;1;169;0;169;0;168;0;169;0;169;0;169;3;167;0;164;2;164;0;164;1
8/1/2025;11:36:33 PM;WG REA FORD CA029;173;0;172;1;172;0;172;0;172;0;172;0;172;0;172;3;170;0;167;2;166;0;166;1
8/1/2025;11:37:33 PM;WG REA FORD CA029;176;0;175;1;175;0;175;0;174;0;175;0;175;0;175;3;173;0;170;2;169;0;169;1
8/1/2025;11:38:33 PM;WG REA FORD CA029;179;0;178;1;178;0;178;0;177;0;178;0;178;0;178;3;175;0;173;2;172;0;172;1
8/1/2025;11:39:33 PM;WG REA FORD CA029;182;0;181;1;181;0;181;0;180;0;181;0;181;0;181;3;178;0;176;2;175;0;175;1
8/1/2025;11:40:33 PM;WG REA FORD CA029;185;0;184;1;184;0;184;0;183;0;184;0;184;0;184;3;181;0;179;2;178;0;178;1
8/1/2025;11:41:33 PM;WG REA FORD CA029;188;0;187;1;187;0;187;0;186;0;187;0;186;0;187;3;184;0;181;2;180;0;180;1
8/1/2025;11:42:33 PM;WG REA FORD CA029;191;0;190;1;190;0;190;0;189;0;190;0;189;0;190;3;187;0;184;2;183;0;183;1
8/1/2025;11:43:33 PM;WG REA FORD CA029;194;0;193;1;193;0;193;0;192;0;192;0;192;0;193;3;189;0;187;2;186;0;186;1
8/1/2025;11:44:33 PM;WG REA FORD CA029;196;0;196;1;196;0;196;0;195;0;195;0;195;0;196;3;192;0;190;2;189;0;189;1
