fecha;area;linea;pn;hora_paro;hora_arranque;diferencia_minutos;categoria;estacion;modo_falla;descripcion_modo_falla;descripcion;paro_programado;ajuste_proceso
2025-03-10;REA;Actuadores;3140CA029;14:59;15:01;2;Producción;REA;General;TBD;Cambio de turno,,,,,,;si;no
2025-03-10;REA;Actuadores;3140CA029;15:24;15:25;1;Fallo;Robots;R75;Gripper/tool adjustments;Gripper no abrio correctamente,,,,,,;no;no
2025-03-10;REA;Actuadores;3140CA029;15:36;15:39;3;Fallo;USW;St11;Weld NOK;Se cambia cinta y se limpia,,,,,,;no;no
2025-03-10;REA;Actuadores;3140CA029;15:41;15:49;8;Fallo;USW;St11;Weld NOK;Se cambia cinta, se cambia goma,,,,,;no;no
2025-03-10;REA;Actuadores;3140CA029;16:20;16:22;2;Fallo;Press_731;General;Presence sensor;no detecto pin,,,,,,;no;no
2025-03-10;REA;Actuadores;3140CA029;16:00;16:07;7;Fallo;USW;St11;Weld NOK;cambio de cinta,,,,,,;no;no
2025-03-10;REA;Actuadores;3140CA029;16:25;16:26;1;Fallo;Aux;St_710;Presence sensor;Motor mal orientacion ,,,,,,;no;no
2025-03-10;REA;Actuadores;3140CA029;16:33;16:34;1;Fallo;Robots;R75;Motion supervision/Joint collision;Gripper 4 (gripper 2 del robot), se queda atorado,,,,,;no;no
2025-03-10;REA;Actuadores;3140CA029;16:47;16:48;1;Fallo;USW;St14;Ateq;limpieza de jig,,,,,,;no;no
2025-03-10;REA;Actuadores;3140CA029;17:17;17:19;2;Fallo;Press_731;General;Feed piston;Pin inclinado, acomodar manual,,,,,;no;no
2025-03-10;REA;Actuadores;3140CA029;17:19;17:20;1;Fallo;Robots;R80;Gripper/tool adjustments;no abrio gripper,,,,,,;no;no
2025-03-10;REA;Actuadores;3140CA029;09:46;09:49;3;Fallo;Robots;R70;Vacuum system;Ventosa caida, se repone, se revisan actuadores,,,,;no;no
2025-03-10;REA;Actuadores;3140CA029;09:35;09:38;3;Fallo;Robots;R70;Vacuum system;Ventosa rota no hace suficiente vacio, se salta algunos gears y causa lentitud en el proceso, se busca fuga, se arregla,,,;no;no
2025-03-10;REA;Actuadores;3140CA029;09:44;09:46;2;Producción;Conveyors;C_31;Presence sensor;Operador introduce blister roto, no detectable,,,,,;no;no
2025-03-10;REA;Actuadores;3140CA029;10:09;10:14;5;Fallo;REA;General;TBD;Compresor se alarma,,,,,,;no;no
2025-03-10;REA;Actuadores;3140CA029;10:26;10:30;4;Mantenimiento;REA;General;Checklist;Checklist diario,,,,,,;si;no
2025-03-10;REA;Actuadores;3140CA029;10:39;10:41;2;Fallo;EOL;;;Jig de actuador no marca cerrado, se ajusta manual,,,,,;no;no
2025-03-10;REA;Actuadores;3140CA029;17:34;17:35;1;Fallo;Conveyors;C_37;Motor;blister doblados los regreso,,,,,,;no;no
2025-03-10;REA;Actuadores;3140CA029;17:46;17:48;2;Fallo;EOL;St2;CRIO NOK;time out ST2,,,,,,;no;no
2025-03-10;REA;Actuadores;3140CA029;17:48;17:50;2;Fallo;MAT;St3;Consumible: Tornillos;Tornillos atorados en el riel,,,,,,;no;no
2025-03-10;REA;Actuadores;3140CA029;18:00;18:02;2;Producción;Conveyors;C_37;Presence sensor;sin material en conveyor,,,,,,;no;no
2025-03-10;REA;Actuadores;3140CA029;18:03;18:04;1;Producción;Conveyors;C_85;Presence sensor;conveyor vacio,,,,,,;no;no
2025-03-10;REA;Actuadores;3140CA029;18:05;18:06;1;Calidad;Robots;R70;Incorrect pick/place;gear malo,,,,,,;no;no
2025-03-10;REA;Actuadores;3140CA029;18:15;18:16;1;Fallo;Conveyors;C_31;Presence sensor;blister atorado por cilindro no detectaba sensor,,,,,,;no;no
2025-03-10;REA;Actuadores;3140CA029;18:17;18:18;1;Fallo;MAT;St3;Consumible: Tornillos;tornillos atorados en riel,,,,,,;no;no
2025-03-10;REA;Actuadores;3140CA029;18:35;18:37;2;Fallo;Press_731;General;Presence sensor;no detecto pin,,,,,,;no;no
2025-03-10;REA;Actuadores;3140CA029;18:47;18:48;1;Fallo;Press_731;General;Presence sensor;no detecto pin,,,,,,;no;no
2025-03-10;REA;Actuadores;3140CA029;19:00;19:50;50;Fallo;Aux;St_710;Presence sensor;se cambiaron sensores dañados del cilindro,,,,,,;no;no
2025-03-10;REA;Actuadores;3140CA029;20:15;20:19;4;Fallo;USW;St11;Weld NOK;cambio de cinta por alto scrap,,,,,,;no;no
2025-03-10;REA;Actuadores;3140CA029;20:41;20:45;4;Mantenimiento;CHW;St2;Consumables: Chip reel;Cambio de chip,,,,,,;si;no
2025-03-10;REA;Actuadores;3140CA029;20:50;20:51;1;Fallo;CHW;St2;Vacuum system;vacuum off,,,,,,;no;no
2025-03-10;REA;Actuadores;3140CA029;21:04;21:08;4;Fallo;USW;St11;Weld NOK;Desgaste prematuro de cinta, exceso de soldadura, diferencia de vibracion en puntas,,,,;no;no
2025-03-10;REA;Actuadores;3140CA029;21:57;21:59;2;Fallo;MAT;St3;Consumible: Tornillos;tornillos atorados en riel,,,,,,;no;no
2025-03-10;REA;Actuadores;3140CA029;21:22;21:40;18;Fallo;USW;St11;Weld NOK;Scraps continuos, ajuste de proceso, amplitud de 67% a 65%, se quita cinta,,,;no;no
2025-03-10;REA;Actuadores;3140CA029;22:11;22:12;1;Fallo;CHW;St2;Vacuum system;vacuum off,,,,,,;no;no
2025-03-10;REA;Actuadores;3140CA029;22:05;22:12;7;Fallo;USW;St11;Weld NOK;Ajuste de proceso amplitud a 60%, debido a actuadores quemados en area plana,,,,,;no;no
2025-03-10;REA;Actuadores;3140CA029;22:22;22:30;8;Fallo;USW;St11;Weld NOK;(alto scrap) se vuelve parametros originales amplitud al 67%,,,,,,;no;no
2025-03-11;REA;Actuadores;3140CA029;19:05;19:14;9;Mantenimiento;REA;General;Checklist;Limpieza, revision, consumibles,,,,;si;no
2025-03-11;REA;Actuadores;3140CA029;07:15;07:23;8;Fallo;CAW;TBD;TBD;No abre bulkhead,,,,,,;no;no
2025-03-11;REA;Actuadores;3140CA029;07:22;19:31;729;Fallo;REA;General;TBD;Perdida de secuencia por pallet no borrados,,,,,,;no;no
2025-03-11;REA;Actuadores;3140CA029;10:02;11:27;85;Mantenimiento;REA;General;Change Over;Setup up, masters,,,,,;si;no
2025-03-11;REA;Actuadores;3140CA029;11:30;00:28;-662;Fallo;Robots;R38;Gripper/tool adjustments;Herramienta del vacuum system dañada (no retrae), fue necesario reemplazarla. Al armar fue necesario ajustar mecanicamente, y ajusta robotarget para evitar problemas subsecuentes,,,,;no;no
2025-03-11;REA;Actuadores;3140CA029;12:30;13:11;41;Fallo;CHW;St3;Thermodo;Heatstake NOK, ajustes mecanicos,,,,,;no;no
2025-03-10;REA;Actuadores;3140CA029;20:39;20:42;3;Calidad;EOL;;;Scrapboxfull,,,,,,;no;no
2025-03-12;REA;Actuadores;3140CA029;20:56;21:01;5;Fallo;CAW;CPA;Feeder;Crank atorado en feeder lineal dentro de CAW,,,,,,;no;no
2025-03-12;REA;Actuadores;3140CA029;15:00;18:00;180;Fallo;USW;St11;Weld NOK;Soldadura NOK, scraps continuos, zonas sin soldar, zonas derretidas, ajuste de parámetros, trigger force, amplitud y collapse;no;no
2025-03-12;REA;Actuadores;3140CA029;19:00;19:30;30;Material/Logística;REA;General;Waiting for spare part;Materiales NOK, goma CHW para conector demasiado gruesa, impide correcto funcionamiento de maquina, colisiones y scraps,,,;si;no
2025-03-12;REA;Actuadores;3140CA029;21:48;21:53;5;Fallo;CAW;CPA;Feeder;Crank atorado,,,,,,;no;no
2025-03-11;REA;Actuadores;3140CA029;15:00;16:00;60;Calidad;REA;General;Change Over;Esperando liberacion calidad,,,,,,;si;no
2025-03-11;REA;Actuadores;3140CA029;16:00;16:11;11;Fallo;REA;General;Change Over;Paros por discrepancias en maquinas,,,,,,;no;no
2025-03-11;REA;Actuadores;3140CA029;16:17;16:27;10;Fallo;Robots;R80;Incorrect pick/place;Pick NOK, robot choca con conector, ajustar posicion,,,,;no;no
2025-03-11;REA;Actuadores;3140CA029;16:38;17:10;32;Fallo;Robots;R38;Incorrect pick/place;Previamente ajustados pick y place, fallo, se ajusto herramienta, se ajustan posiciones,,,;no;no
2025-03-12;REA;Actuadores;3140CA029;22:03;22:07;4;Fallo;CAW;CPA;Feeder;Crank atorado,,,,,,;no;no
2025-03-11;REA;Actuadores;3140CA029;17:34;17:36;2;Fallo;CHW;St4;Pressor;Soldadura NOK, ajustar flujo de gas y posicion pressor,,,,,;no;no
2025-03-11;REA;Actuadores;3140CA029;17:46;17:48;2;Fallo;Robots;R70;Vacuum system;ventosas dañadas, cambiar,,,,,;no;no
2025-03-11;REA;Actuadores;3140CA029;17:50;18:31;41;Producción;Conveyors;C_37;;Material NOK, material de motor mezclado,,,,,;no;no
2025-03-11;REA;Actuadores;3140CA029;18:49;18:53;4;Fallo;USW;St11;Weld NOK;se cambia cinta,,,,,,;no;no
2025-03-11;REA;Actuadores;3140CA029;19:07;19:08;1;Producción;Aux;St_710;;motor al reves,,,,,,;no;no
2025-03-11;REA;Actuadores;3140CA029;19:31;19:40;9;Fallo;USW;St11;Weld NOK;scraps continuos, prueba de parametros, cambio de cinta,,,,;no;no
2025-03-11;REA;Actuadores;3140CA029;19:53;19:57;4;Fallo;CAW;CPA;Feeder;No detecto presencia Crank sensor,,,,,,;no;no
2025-03-11;REA;Actuadores;3140CA029;20:02;20:08;6;Fallo;USW;St11;Weld NOK;Scraps continuos, se prueba sin cinta, se obtienen buenos resultados,,,,;no;no
2025-03-11;REA;Actuadores;3140CA029;20:10;20:13;3;Fallo;CAW;CPA;Feeder;Crank chueco en riel,,,,,,;no;no
2025-03-11;REA;Actuadores;3140CA029;20:13;20:15;2;Fallo;Main_conveyor;General;;Tornillo de locking  de prensa 750 se sale de tope mecanico,,,,,,;no;no
2025-03-11;REA;Actuadores;3140CA029;20:16;20:17;1;Fallo;Press_750;General;Tool;body se queda atorado,,,,,,;no;no
2025-03-11;REA;Actuadores;3140CA029;20:50;20:54;4;Fallo;CAW;Jig/Index;Index not in home;Falla insercion por mala alineacion,,,,,,;no;no
2025-03-11;REA;Actuadores;3140CA029;21:02;21:04;2;Fallo;Main_conveyor;;;Pallets atorados en conveyor inferior por material que cayo,,,,,,;no;no
2025-03-11;REA;Actuadores;3140CA029;21:04;21:06;2;Fallo;Press_730;General;Alphamatic Module;scraps continuos, se ajusta posicion final de 174.3 a 174.25 y sus limites de control,,,,,;no;no
2025-03-11;REA;Actuadores;3140CA029;21:07;21:08;1;Fallo;Robots;R80;Incorrect pick/place;gripper 1 atorado al dejar scrap,,,,,,;no;no
2025-03-11;REA;Actuadores;3140CA029;21:39;21:40;1;Fallo;Press_731;General;Bowl/Lineal feeder;pin inclinado,,,,,,;no;no
2025-03-11;REA;Actuadores;3140CA029;21:40;21:41;1;Fallo;S915;General;Dart sensor;ojiva caida,,,,,,;no;no
2025-03-11;REA;Actuadores;3140CA029;21:58;22:00;2;Fallo;Robots;R75;Motion supervision/Joint collision;,,,,,,;no;no
2025-03-11;REA;Actuadores;3140CA029;22:05;22:10;5;Mantenimiento;REA;General;Checklist;,,,,,,;si;no
2025-03-11;REA;Actuadores;3140CA029;22:12;22:13;1;Fallo;Press_730;General;Bowl/Lineal feeder;pin inclinado,,,,,,;no;no
2025-03-11;REA;Actuadores;3140CA029;22:21;22:25;4;Fallo;USW;St11;Weld NOK;scraps continuos, prueba de ajuste de amplitud,,,,,;no;no
2025-03-13;REA;Actuadores;3140CA027;15:55;15:56;1;Fallo;CHW;St4;Pressor;limpieza de puntas,,,,,,;no;no
2025-03-13;REA;Actuadores;3140CA027;15:59;16:15;16;Fallo;CHW;St4;Pressor;soldadura nok ;no;no
2025-03-13;REA;Actuadores;3140CA027;16:40;16:45;5;Calidad;MSA;General;Lector de Datamatrix;Material nok magnet shaft,,,,,,;no;no
2025-03-13;REA;Actuadores;3140CA027;16:54;16:55;1;Producción;Conveyors;C_31;Lift;no se retiraron los blisters vacios del conveyor,,,,,,;no;no
2025-03-13;REA;Actuadores;3140CA027;16:57;17:00;3;Fallo;Robots;R70;To be defined;ajuste de pisador,,,,,,;no;no
2025-03-13;REA;Actuadores;3140CA027;17:06;17:07;1;Fallo;CHW;St2;Vacuum system;st2 vacuum off,,,,,,;no;no
2025-03-13;REA;Actuadores;3140CA027;17:17;17:19;2;Fallo;Press_620;General;Presence sensor;Material atorado,,,,,,;no;no
2025-03-13;REA;Actuadores;3140CA027;18:22;18:28;6;Calidad;EOL;;;Scrapbox,,,,,,;no;no
2025-03-13;REA;Actuadores;3140CA027;18:37;18:39;2;Fallo;Press_731;General;Bowl/Lineal feeder;Pierde pin,,,,,,;no;no
2025-03-13;REA;Actuadores;3140CA027;18:43;18:44;1;Fallo;CHW;St2;Vacuum system;vacuum off st2,,,,,,;no;no
2025-03-13;REA;Actuadores;3140CA027;18:51;18:52;1;Fallo;Press_731;General;Presence sensor;no detecto pin,,,,,,;no;no
2025-03-13;REA;Actuadores;3140CA027;19:00;19:02;2;Mantenimiento;USW;St14;Lower Jig;limpieza de goma,,,,,,;si;no
2025-03-13;REA;Actuadores;3140CA027;19:03;19:05;2;Fallo;MAT;St3;Consumible: Tornillos;tornillos atorados en riel,,,,,,;no;no
2025-03-13;REA;Actuadores;3140CA027;19:07;19:08;1;Fallo;CHW;St2;Vacuum system;vacumm off,,,,,,;no;no
2025-03-13;REA;Actuadores;3140CA027;19:14;19:15;1;Fallo;Press_731;General;Feed piston;pin inclinado,,,,,,;no;no
2025-03-13;REA;Actuadores;3140CA027;19:35;19:42;7;Fallo;REA;General;TBD;Falla compresor, se restaura linea,,,,,;no;no
2025-03-13;REA;Actuadores;3140CA027;19:42;19:45;3;Fallo;EOL;St2;Gripper NOK;Calibracion nok, ajustar por scraps continuos,,,,,;no;no
2025-03-13;REA;Actuadores;3140CA027;19:45;19:55;10;Fallo;EOL;St3;Gripper NOK;opresor de cople barrido y fuera de cople, gripper suelto, se cambia por un tornillo de la medida, se recalibra,,,;no;no
2025-03-13;REA;Actuadores;3140CA027;20:01;20:08;7;Fallo;EOL;St2;Gripper NOK;Calibracion nok, hardstop scraps,,,,,;no;no
2025-03-13;REA;Actuadores;3140CA027;20:08;20:20;12;Fallo;USW;St11;Weld NOK;Scraps continuos, analisis de fugas, fugas por overburned areas, se coloca cinta en area afectada,,,;no;no
2025-03-14;REA;Actuadores;3140CA027;15:02;15:04;2;Fallo;USW;St14;Lower Jig;limpieza de goma,,,,,,;no;no
2025-03-14;REA;Actuadores;3140CA027;15:10;15:11;1;Fallo;Press_731;General;Presence sensor;no detecta pin,,,,,,;no;no
2025-03-14;REA;Actuadores;3140CA027;15:25;15:27;2;Fallo;CHW;St2;Vacuum system;vacuum off st2 / Limpieza de pines,,,,,,;no;no
2025-03-14;REA;Actuadores;3140CA027;15:40;16:04;24;Fallo;Aux;St_710;Presence sensor;cable de sensor con falso contacto,,,,,,;no;no
2025-03-10;REA;Actuadores;3140CA029;22:30;00:20;-1330;Mantenimiento;USW;St14;;Alto scrap ajuste de parametros,,,,,,;si;no
2025-03-11;REA;Actuadores;3140CA029;00:38;00:40;2;Fallo;Robots;R75;Motion supervision/Joint collision;No ensambla,,,,,,;no;no
2025-03-11;REA;Actuadores;3140CA029;01:07;01:12;5;Fallo;EOL;St4;CRIO NOK;CRIO fail,,,,,,;no;no
2025-03-11;REA;Actuadores;3140CA029;01:19;01:21;2;Fallo;EOL;St2;Gripper NOK;Overload,,,,,,;no;no
2025-03-11;REA;Actuadores;3140CA029;01:34;01:37;3;Fallo;MSA;General;Sensor de presencia;Sensor obstruido,,,,,,;no;no
2025-03-11;REA;Actuadores;3140CA029;01:41;01:43;2;Fallo;CHW;St2;Vacuum system;Vacuum error,,,,,,;no;no
2025-03-11;REA;Actuadores;3140CA029;01:48;01:50;2;Fallo;Robots;R75;Motion supervision/Joint collision;No ensambla,,,,,,;no;no
2025-03-11;REA;Actuadores;3140CA029;01:53;02:00;7;Mantenimiento;CCC;;;Se termina resina,,,,,,;si;no
2025-03-11;REA;Actuadores;3140CA029;02:06;02:08;2;Fallo;Press_731;General;Bowl/Lineal feeder;Doble pin,,,,,,;no;no
2025-03-11;REA;Actuadores;3140CA029;02:15;02:17;2;Fallo;Press_731;General;Bowl/Lineal feeder;Pin chueco,,,,,,;no;no
2025-03-11;REA;Actuadores;3140CA029;02:35;02:38;3;Calidad;CCC;;;Scrap box full,,,,,,;no;no
2025-03-11;REA;Actuadores;3140CA029;02:48;02:51;3;Mantenimiento;USW;;;Limpieza de jig,,,,,,;si;no
2025-03-11;REA;Actuadores;3140CA029;03:00;03:07;7;Fallo;CCC;;;Se detiene secuencia,,,,,,;no;no
2025-03-11;REA;Actuadores;3140CA029;03:18;03:20;2;Fallo;Aux;St_710;Actuator NOK;Motor invertido,,,,,,;no;no
2025-03-11;REA;Actuadores;3140CA029;03:28;03:30;2;Producción;Press_730;;;Se vacia a operador,,,,,,;no;no
2025-03-11;REA;Actuadores;3140CA029;03:46;03:48;2;Fallo;Robots;R75;Motion supervision/Joint collision;No ensambla,,,,,,;no;no
2025-03-11;REA;Actuadores;3140CA029;03:53;03:59;6;Fallo;EOL;St4;CRIO NOK;Se reinicia CRIO,,,,,,;no;no
2025-03-11;REA;Actuadores;3140CA029;04:13;04:15;2;Fallo;Robots;R75;Gripper/tool adjustments;Gripper no abre correctamente,,,,,,;no;no
2025-03-11;REA;Actuadores;3140CA029;04:19;04:21;2;Fallo;Press_731;General;Bowl/Lineal feeder;Pin chueco,,,,,,;no;no
2025-03-11;REA;Actuadores;3140CA029;04:34;04:39;5;Fallo;CAW;CPA;SCARA;Se queda detenido y no avanza,,,,,,;no;no
2025-03-11;REA;Actuadores;3140CA029;04:44;04:47;3;Fallo;Conveyors;C_31;;Se atora blister,,,,,,;no;no
2025-03-11;REA;Actuadores;3140CA029;05:21;05:23;2;Fallo;Press_730;General;Bowl/Lineal feeder;Pin chueco,,,,,,;no;no
2025-03-11;REA;Actuadores;3140CA029;05:30;05:46;16;Producción;MAT;St1;Motor DM reader;Motor incorrecto,,,,,,;no;no
2025-03-11;REA;Actuadores;3140CA029;05:53;05:55;2;Fallo;Aux;St_710;Actuator NOK;Motor invertido,,,,,,;no;no
2025-03-11;REA;Actuadores;3140CA029;06:00;06:02;2;Fallo;Main_conveyor;R70;;Ogiva caida,,,,,,;no;no
2025-03-11;REA;Actuadores;3140CA029;06:02;06:05;3;Mantenimiento;USW;;;Limpieza jig,,,,,,;si;no
2025-03-11;REA;Actuadores;3140CA029;06:10;06:12;2;Fallo;Press_731;General;Bowl/Lineal feeder;Pin chueco,,,,,,;no;no
2025-03-11;REA;Actuadores;3140CA029;06:38;06:40;2;Fallo;CHW;St2;Vacuum system;Vacuum error,,,,,,;no;no
2025-03-11;REA;Actuadores;3140CA029;22:30;22:50;20;Mantenimiento;USW;St14;;Alto scrap, cambio de goma,limpieza jig y oring,,,,;si;no
2025-03-11;REA;Actuadores;3140CA029;23:09;23:15;6;Fallo;EOL;St1;PTC;PTC error,,,,,,;no;no
2025-03-11;REA;Actuadores;3140CA029;23:30;23:32;2;Fallo;MAT;St3;;Falta tornillo,,,,,,;no;no
2025-03-11;REA;Actuadores;3140CA029;23:49;23:54;5;Fallo;EOL;St1;;Jig 2 st 1 repetitivo,,,,,,;no;no
2025-03-12;REA;Actuadores;3140CA029;00:08;00:11;3;Mantenimiento;USW;;;Limpieza de jig,,,,,,;si;no
2025-03-12;REA;Actuadores;3140CA029;00:34;00:38;4;Mantenimiento;USW;St14;;Limpieza de jig,,,,,,;si;no
2025-03-12;REA;Actuadores;3140CA029;00:46;00:55;9;Mantenimiento;CAW;;;Checklist mtto,,,,,,;si;no
2025-03-12;REA;Actuadores;3140CA029;01:09;01:11;2;Fallo;Robots;R65;;Doble gear,,,,,,;no;no
2025-03-12;REA;Actuadores;3140CA029;01:12;01:16;4;Fallo;EOL;St4;CRIO NOK;Fallo st 4 y 2,,,,,,;no;no
2025-03-12;REA;Actuadores;3140CA029;01:20;01:23;3;Producción;Conveyors;C_36;;Blister atorado,,,,,,;no;no
2025-03-12;REA;Actuadores;3140CA029;01:27;01:29;2;Producción;Conveyors;C_36;;Blister atorado,,,,,,;no;no
2025-03-12;REA;Actuadores;3140CA029;01:30;01:35;5;Mantenimiento;USW;;;Limpieza de jig,,,,,,;si;no
2025-03-15;REA;Actuadores;3140CS022;15:00;15:25;25;Fallo;USW;St11;Weld NOK;ajuste de soldadura,,,,,,;no;no
2025-03-15;REA;Actuadores;3140CS022;16:00;16:03;3;Fallo;S915;General;Vision system;ogiva caida,,,,,,;no;no
2025-03-15;REA;Actuadores;3140CS022;16:10;16:12;2;Fallo;Press_731;General;Feed piston;pin inclinado,,,,,,;no;no
2025-03-15;REA;Actuadores;3140CS022;16:16;16:18;2;Fallo;Robots;R75;Motion supervision/Joint collision;cambio de lija gripper,,,,,,;no;no
2025-03-15;REA;Actuadores;3140CS022;16:26;16:27;1;Fallo;S915;General;Vision system;cambio de ogiva (se atora),,,,,,;no;no
2025-03-15;REA;Actuadores;3140CS022;16:56;16:57;1;Fallo;Press_731;General;Feed piston;pin inclinado,,,,,,;no;no
2025-03-15;REA;Actuadores;3140CS022;17:30;17:33;3;Fallo;CAW;CPA;Feeder;crank atorado en riel,,,,,,;no;no
2025-03-15;REA;Actuadores;3140CS022;17:35;17:37;2;Calidad;CHW;General;To be defined;scrap box full,,,,,,;no;no
2025-03-15;REA;Actuadores;3140CS022;17:48;17:57;9;Fallo;Robots;R75;Motion supervision/Joint collision;colision en place de USW,,,,,,;no;no
2025-03-12;REA;Actuadores;3140CA028;01:47;01:50;3;Calidad;CHW;General;;Scrapbox full,,,,,,;no;no
2025-03-12;REA;Actuadores;3140CA028;01:50;01:55;5;Mantenimiento;CHW;General;;Checklist,,,,,,;si;no
2025-03-12;REA;Actuadores;3140CA028;02:38;02:44;6;Mantenimiento;CHW;St2;Consumables: Chip reel;Cambio de rollo chip,,,,,,;si;no
2025-03-12;REA;Actuadores;3140CA028;02:50;02:52;2;Fallo;Press_731;General;Bowl/Lineal feeder;Pin chueco,,,,,,;no;no
2025-03-12;REA;Actuadores;3140CA028;03:01;03:03;2;Fallo;CHW;St2;Vacuum system;Vacuum error,,,,,,;no;no
2025-03-12;REA;Actuadores;3140CA028;03:06;03:18;12;Fallo;Robots;R75;Motion supervision/Joint collision;No ensambla,,,,,,;no;no
2025-03-12;REA;Actuadores;3140CA028;03:15;03:20;5;Fallo;Robots;R75;Motion supervision/Joint collision;No ensambla,,,,,,;no;no
2025-03-12;REA;Actuadores;3140CA028;03:26;03:30;4;Fallo;CHW;St4;Pressor;Alto scrap, limpieza de pines,,,,,;no;no
2025-03-12;REA;Actuadores;3140CA028;03:31;03:35;4;Fallo;Robots;R70;Gripper/tool adjustments;Mangueras de gripper golpean sistema de vision de st915,,,,,,;no;no
2025-03-12;REA;Actuadores;3140CA028;03:38;03:41;3;Fallo;Robots;R75;Motion supervision/Joint collision;No ensambla,,,,,,;no;no
2025-03-12;REA;Actuadores;3140CA028;03:47;03:51;4;Fallo;EOL;St1;PTC;Alto scrap,,,,,,;no;no
2025-03-12;REA;Actuadores;3140CA028;04:30;04:33;3;Fallo;EOL;St1;PTC;Alto scrap,,,,,,;no;no
2025-03-12;REA;Actuadores;3140CA028;04:49;04:51;2;Fallo;Robots;R80;Motion supervision/Joint collision;Gripper 1 no abre correctamente,,,,,,;no;no
2025-03-12;REA;Actuadores;3140CA028;05:01;05:03;2;Fallo;Robots;R80;Gripper/tool adjustments;Gripper 1 no abre correctamente,,,,,,;no;no
2025-03-12;REA;Actuadores;3140CA028;05:10;05:11;1;Fallo;Robots;R75;Gripper/tool adjustments;Gripper 1 no abre correctamente,,,,,,;no;no
2025-03-12;REA;Actuadores;3140CA028;05:11;05:13;2;Fallo;Robots;R80;Gripper/tool adjustments;Gripper 1 no abre correctamente,,,,,,;no;no
2025-03-12;REA;Actuadores;3140CA028;05:39;05:41;2;Fallo;Robots;R80;Gripper/tool adjustments;Gripper 1 no abre correctamente,,,,,,;no;no
2025-03-12;REA;Actuadores;3140CA028;05:53;05:58;5;Fallo;USW;St14;Lower Jig;Cambio de goma por alto scrap,,,,,,;no;no
2025-03-13;REA;Actuadores;3140CA027;22:38;22:41;3;Mantenimiento;USW;St14;Lower Jig;Limpieza jig,,,,,,;si;no
2025-03-13;REA;Actuadores;3140CA027;22:44;22:46;2;Fallo;Robots;R80;Module error;Gripper nok,,,,,,;no;no
2025-03-13;REA;Actuadores;3140CA027;22:46;22:50;4;Calidad;EOL;;;Scrapbox full,,,,,,;no;no
2025-03-13;REA;Actuadores;3140CA027;23:15;23:20;5;Mantenimiento;USW;St14;Lower Jig;Cambio de goma,,,,,,;si;no
2025-03-13;REA;Actuadores;3140CA027;23:20;23:40;20;Fallo;EOL;;;Se reinicia PC,,,,,,;no;no
2025-03-14;REA;Actuadores;3140CA027;00:16;00:20;4;Fallo;Robots;R80;Sensor/Wiring;Sensor no detecta posicion de gripper,,,,,,;no;no
2025-03-14;REA;Actuadores;3140CA027;00:22;00:24;2;Fallo;Robots;R80;Gripper/tool adjustments;Gripper nok,,,,,,;no;no
2025-03-14;REA;Actuadores;3140CA027;00:25;00:27;2;Fallo;Robots;R80;Gripper/tool adjustments;Gripper nok,,,,,,;no;no
2025-03-14;REA;Actuadores;3140CA027;00:27;00:30;3;Fallo;EOL;St2;Gripper NOK;Calibracion,,,,,,;no;no
2025-03-14;REA;Actuadores;3140CA027;00:30;00:35;5;Mantenimiento;CHW;;;Checklist,,,,,,;si;no
2025-03-14;REA;Actuadores;3140CA027;01:41;01:50;9;Fallo;CHW;St4;Pressor;Cambio de goma y pines,,,,,,;no;no
2025-03-14;REA;Actuadores;3140CA027;01:41;01:43;2;Fallo;USW;St11;Branson;Ajuste de parametros Collapse y amplitude,,,,,,;no;no
2025-03-14;REA;Actuadores;3140CA027;01:54;01:55;1;Fallo;Robots;R80;Gripper/tool adjustments;Se detiene al estar en EOL,,,,,,;no;no
2025-03-14;REA;Actuadores;3140CA027;01:56;01:57;1;Fallo;Press_731;General;Bowl/Lineal feeder;Pin chueco,,,,,,;no;no
2025-03-14;REA;Actuadores;3140CA027;01:58;02:00;2;Fallo;USW;St14;Lower Jig;Limpieza jig,,,,,,;no;no
2025-03-14;REA;Actuadores;3140CA027;02:04;02:08;4;Fallo;CHW;St4;Pressor;Limpieza pines,,,,,,;no;no
2025-03-14;REA;Actuadores;3140CA027;02:10;02:30;20;Mantenimiento;CHW;St4;Pressor;Ajuste de pressor,,,,,,;si;no
2025-03-14;REA;Actuadores;3140CA027;02:57;03:00;3;Fallo;MAT;St5;Axis not in home;St.5 falla,,,,,,;no;no
2025-03-14;REA;Actuadores;3140CA027;04:47;04:50;3;Fallo;EOL;St1;PTC;Alto scrap st1,,,,,,;no;no
2025-03-14;REA;Actuadores;3140CA027;05:00;05:03;3;Fallo;CHW;St2;Vacuum system;Vacuum error,,,,,,;no;no
2025-03-14;REA;Actuadores;3140CA027;05:14;05:17;3;Mantenimiento;USW;St14;Lower Jig;Limpieza a jig,,,,,,;si;no
2025-03-14;REA;Actuadores;3140CA027;05:22;05:24;2;Fallo;Robots;R80;Gripper/tool adjustments;Gripper nok,,,,,,;no;no
2025-03-14;REA;Actuadores;3140CA027;05:58;06:00;2;Fallo;Robots;R80;Gripper/tool adjustments;Gripper nok,,,,,,;no;no
2025-03-14;REA;Actuadores;3140CA027;06:17;06:20;3;Fallo;USW;St14;Lower Jig;Limpieza a jig,,,,,,;no;no
2025-03-14;REA;Actuadores;3140CA027;06:35;06:37;2;Fallo;CHW;St4;Pressor;Limpieza a pines,,,,,,;no;no
2025-03-15;REA;Actuadores;3140CS022;00:25;00:28;3;Fallo;Main_conveyor;;;Se cae ogiva,,,,,,;no;no
2025-03-15;REA;Actuadores;3140CS022;00:30;00:32;2;Fallo;CHW;St2;Vacuum system;Vacuum error,,,,,,;no;no
2025-03-15;REA;Actuadores;3140CS022;00:43;00:47;4;Fallo;EOL;St4;CRIO NOK;CRIO NOK,,,,,,;no;no
2025-03-15;REA;Actuadores;3140CS022;01:00;01:08;8;Fallo;Main_conveyor;;;Sensor inductivo de zona de R60 movido de luegar y no detecta,,,,,,;no;no
2025-03-15;REA;Actuadores;3140CS022;01:09;01:10;1;Mantenimiento;USW;St14;Lower Jig;Limpieza jig,,,,,,;si;no
2025-03-15;REA;Actuadores;3140CS022;01:11;01:14;3;Fallo;CAW;CPA;Feeder;Crank atorado en riel,,,,,,;no;no
2025-03-15;REA;Actuadores;3140CS022;01:30;01:33;3;Fallo;Press_731;General;Bowl/Lineal feeder;Doble pin,,,,,,;no;no
2025-03-15;REA;Actuadores;3140CS022;01:41;01:43;2;Fallo;Main_conveyor;;;Se atora pallet en zona de 750,,,,,,;no;no
2025-03-15;REA;Actuadores;3140CS022;01:52;01:54;2;Mantenimiento;USW;St14;Lower Jig;Limpieza jig,,,,,,;si;no
2025-03-15;REA;Actuadores;3140CS022;01:56;01:58;2;Mantenimiento;CHW;St4;Pressor;Mala soldadura,,,,,,;si;no
2025-03-15;REA;Actuadores;3140CS022;02:40;02:45;5;Fallo;CAW;CPA;Feeder;Sistema de vision rechaza crank ok,,,,,,;no;no
2025-03-15;REA;Actuadores;3140CS022;02:46;02:48;2;Fallo;Aux;;;Ogiva caida,,,,,,;no;no
2025-03-15;REA;Actuadores;3140CS022;03:15;03:18;3;Fallo;Main_conveyor;;;Se pierde secuencia por pallet adelantados y atorados en singulator en zona 620 y 730,,,,,,;no;no
2025-03-15;REA;Actuadores;3140CS022;05:02;05:26;24;Fallo;MAT;St4;CRIO;CRIO no responde,,,,,,;no;no
2025-03-15;REA;Actuadores;3140CS022;05:27;05:30;3;Mantenimiento;USW;St14;Lower Jig;Cambio de goma,,,,,,;si;no
2025-03-15;REA;Actuadores;3140CS022;05:47;05:50;3;Mantenimiento;USW;St14;Lower Jig;Limpieza jig,,,,,,;si;no
2025-03-15;REA;Actuadores;3140CS022;06:08;06:11;3;Mantenimiento;USW;St14;Lower Jig;Limpieza jig,,,,,,;si;no
2025-03-15;REA;Actuadores;3140CS022;06:32;06:35;3;Mantenimiento;USW;St14;Lower Jig;Limpieza jig,,,,,,;si;no
2025-03-12;REA;Actuadores;3140CA028;22:30;22:35;5;Mantenimiento;USW;St14;Lower Jig;Limpieza jig,,,,,,;si;no
2025-03-12;REA;Actuadores;3140CA028;22:51;22:53;2;Fallo;Robots;R75;Motion supervision/Joint collision;No ensambla,,,,,,;no;no
2025-03-12;REA;Actuadores;3140CA028;23:15;23:17;2;Fallo;Robots;R80;Gripper/tool adjustments;Gripper nok,,,,,,;no;no
2025-03-12;REA;Actuadores;3140CA028;23:43;23:46;3;Mantenimiento;USW;St14;Lower Jig;Limpieza jig,,,,,,;si;no
2025-03-13;REA;Actuadores;3140CA027;00:53;02:55;122;Producción;REA;General;Change Over;Cambio de 028 a 027 stell,,,,,,;no;no
2025-03-13;REA;Actuadores;3140CA027;03:00;04:23;83;Calidad;REA;General;Change Over;Liberacion calidad,,,,,,;si;no
2025-03-13;REA;Actuadores;3140CA027;05:58;07:00;62;Fallo;Robots;R65;Vacuum system;Falla sensor de presion para vacio,,,,,,;no;no
2025-03-19;REA;Actuadores;3140CA029;07:05;07:10;5;Fallo;USW;St11;Branson;revision de jig branson,,,,,,;no;no
2025-03-19;REA;Actuadores;3140CA029;07:10;07:13;3;Calidad;REA;General;SOP;entrega de pruebas,,,,,,;no;no
2025-03-19;REA;Actuadores;3140CA029;07:13;07:23;10;Mantenimiento;REA;General;Checklist;checklist,,,,,,;si;no
2025-03-19;REA;Actuadores;3140CA029;07:50;07:53;3;Fallo;Robots;;;R60 Vacuum off,,,,,,;no;no
2025-03-19;REA;Actuadores;3140CA029;15:27;15:29;2;Fallo;Robots;R75;Gripper/tool adjustments;no abrio gripper,,,,,,;no;no
2025-03-19;REA;Actuadores;3140CA029;08:05;08:10;5;Fallo;USW;St11;Weld NOK;se puso cinta en jig por alto scrap,,,,,,;no;no
2025-03-19;REA;Actuadores;3140CA029;08:13;08:17;4;Fallo;CAW;CPA;Feeder;time out por crank no present (se regresaba el crank),,,,,,;no;no
2025-03-19;REA;Actuadores;3140CA029;08:40;08:43;3;Fallo;Press_731;General;Feed piston;body atorado en prensa,,,,,,;no;no
2025-03-19;REA;Actuadores;3140CA029;09:10;09:15;5;Fallo;USW;St11;Weld NOK;scrap alto, limpieza de goma y cambio de cinta,,,,,;no;no
2025-03-19;REA;Actuadores;3140CA029;09:19;09:22;3;Fallo;Press_731;General;Feed piston;pin inclinado,,,,,,;no;no
2025-03-19;REA;Actuadores;3140CA029;09:34;09:36;2;Fallo;Aux;St_710;Presence sensor;Motor volteado no detecta sensor,,,,,,;no;no
2025-03-19;REA;Actuadores;3140CA029;15:40;15:41;1;Fallo;Robots;R75;Gripper/tool adjustments;gripper no abrio,,,,,,;no;no
2025-03-19;REA;Actuadores;3140CA029;15:42;15:43;1;Fallo;Robots;R70;Vacuum system;ventosa caida,,,,,,;no;no
2025-03-19;REA;Actuadores;3140CA029;09:42;09:45;3;Fallo;CHW;St2;Vacuum system;time out st 2,,,,,,;no;no
2025-03-19;REA;Actuadores;3140CA029;10:27;10:30;3;Fallo;Aux;St_980;Presence sensor;ogiva caida,,,,,,;no;no
2025-03-19;REA;Actuadores;3140CA029;10:26;10:31;5;Fallo;MAT;St3;Consumible: Tornillos;time out st 3,,,,,,;no;no
2025-03-19;REA;Actuadores;3140CA029;10:32;10:35;3;Mantenimiento;CHW;St4;Pressor;limpieza de pressor,,,,,,;si;no
2025-03-19;REA;Actuadores;3140CA029;10:37;10:41;4;Fallo;MAT;St3;Consumible: Tornillos;time out st 3,,,,,,;no;no
2025-03-19;REA;Actuadores;3140CA029;11:00;11:05;5;Fallo;EOL;St3;Axial play NOK;ajuste en st 3 por scrap,,,,,,;no;no
2025-03-19;REA;Actuadores;3140CA029;11:05;11:07;2;Fallo;CHW;St2;Vacuum system;time out st 2,,,,,,;no;no
2025-03-19;REA;Actuadores;3140CA029;11:07;11:09;2;Fallo;Press_750;General;Feed piston;body atorado en prensa,,,,,,;no;no
2025-03-19;REA;Actuadores;3140CA029;10:09;11:15;66;Fallo;S915;General;SMC module;pallet no tenia body,,,,,,;no;no
2025-03-19;REA;Actuadores;3140CA029;11:20;11:24;4;Mantenimiento;CHW;St5;Vision system;ajuste en sistema de vision,,,,,,;si;no
2025-03-19;REA;Actuadores;3140CA029;11:28;11:30;2;Fallo;MAT;St3;Consumible: Tornillos;time out st 3,,,,,,;no;no
2025-03-19;REA;Actuadores;3140CA029;15:53;15:54;1;Fallo;Robots;R75;Gripper/tool adjustments;no abrio gripper,,,,,,;no;no
2025-03-19;REA;Actuadores;3140CA029;11:28;11:31;3;Fallo;Robots;R75;Motion supervision/Joint collision;motion supervision,,,,,,;no;no
2025-03-19;REA;Actuadores;3140CA029;11:46;11:51;5;Mantenimiento;CHW;General;To be defined;checlist,,,,,,;si;no
2025-03-19;REA;Actuadores;3140CA029;12:04;12:07;3;Fallo;Robots;R75;Motion supervision/Joint collision;motion supervision al insertar cover,,,,,,;no;no
2025-03-19;REA;Actuadores;3140CA029;12:39;12:41;2;Fallo;CHW;St2;Vacuum system;time out st 2,,,,,,;no;no
2025-03-19;REA;Actuadores;3140CA029;13:34;13:36;2;Fallo;Robots;R75;Motion supervision/Joint collision;motion supervision,,,,,,;no;no
2025-03-19;REA;Actuadores;3140CA029;13:40;13:42;2;Mantenimiento;CHW;St4;Consumables: Argon;cambio de argon,,,,,,;si;no
2025-03-19;REA;Actuadores;3140CA029;13:55;14:03;8;Mantenimiento;CHW;St2;Consumables: Chip reel;cambio de chip,,,,,,;si;no
2025-03-19;REA;Actuadores;3140CA029;14:05;14:10;5;Fallo;CAW;CPA;Feeder;time out crank atorado en riel,,,,,,;no;no
2025-03-19;REA;Actuadores;3140CA029;14:12;14:14;2;Fallo;USW;St11;Presence sensor;actuador mal ensamblado,,,,,,;no;no
2025-03-19;REA;Actuadores;3140CA029;14:17;14:19;2;Fallo;Robots;R80;Gripper/tool adjustments;gripper no abrio al tirar scrap de usw,,,,,,;no;no
2025-03-19;REA;Actuadores;3140CA029;14:33;14:40;7;Fallo;Aux;Main_conveyor;Singulator NOK;singulacer no retornaba,,,,,,;no;no
2025-03-19;REA;Actuadores;3140CA029;16:01;16:24;23;Mantenimiento;Robots;R75;Incorrect pick/place;se ajusto la pocision de place (colocacion de cover),,,,,,;si;no
2025-03-19;REA;Actuadores;3140CA029;16:35;16:39;4;Calidad;CHW;General;To be defined;box full scrap,,,,,,;no;no
2025-03-19;REA;Actuadores;3140CA029;16:35;16:39;4;Fallo;Robots;R75;Gripper/tool adjustments;lubricacion de bastagos y cambio de lija,,,,,,;no;no
2025-03-19;REA;Actuadores;3140CA029;17:09;17:10;1;Fallo;CHW;St2;Vacuum system;time out st 2,,,,,,;no;no
2025-03-19;REA;Actuadores;3140CA029;17:17;17:18;1;Mantenimiento;CHW;St4;Pressor;limpieza de pines pressor,,,,,,;si;no
2025-03-19;REA;Actuadores;3140CA029;17:55;17:57;2;Calidad;Conveyors;C_55;;gear malo,,,,,,;no;no
2025-03-19;REA;Actuadores;3140CA029;18:09;18:10;1;Fallo;Aux;St_710;Presence sensor;motor volteado no detecta sensor,,,,,,;no;no
2025-03-19;REA;Actuadores;3140CA029;18:16;18:20;4;Fallo;EOL;St4;CRIO NOK;reinicio de crio,,,,,,;no;no
2025-03-19;REA;Actuadores;3140CA029;18:20;18:22;2;Calidad;EOL;;;scrap box full,,,,,,;no;no
2025-03-19;REA;Actuadores;3140CA029;19:20;19:24;4;Producción;Conveyors;C_31;;mal orientazion de blisters,,,,,,;no;no
2025-03-19;REA;Actuadores;3140CA029;19:31;19:37;6;Mantenimiento;CAW;Jig/Index;Index not in home;mesa desalineada colicion de crank con actuador / checklist,,,,,,;si;no
2025-03-19;REA;Actuadores;3140CA029;19:47;19:48;1;Fallo;Press_731;General;Feed piston;pin inclinado no detecta sensor,,,,,,;no;no
2025-03-19;REA;Actuadores;3140CA029;19:55;20:00;5;Mantenimiento;CCC;St3;Consumables: Resin;cambio de resina,,,,,,;si;no
2025-03-19;REA;Actuadores;3140CA029;21:00;21:05;5;Fallo;EOL;St3;Gripper NOK;Falla gripper,,,,,,;no;no
2025-03-19;REA;Actuadores;3140CA029;21:05;21:10;5;Producción;REA;General;TBD;Material no surtido en conveyors,,,,,,;no;no
2025-03-19;REA;Actuadores;3140CA029;21:23;21:30;7;Producción;REA;General;TBD;Material no surtido en conveyors,,,,,,;no;no
2025-03-19;REA;Actuadores;3140CA029;21:46;21:47;1;Producción;Conveyors;C_31;Presence sensor;conveyor vacio por produccion,,,,,,;no;no
2025-03-19;REA;Actuadores;3140CA029;22:23;22:25;2;Fallo;USW;St11;Weld NOK;cambio de cinta en jig y limpieza de goma,,,,,,;no;no
2025-03-19;REA;Actuadores;3140CA029;22:24;22:30;6;Fallo;USW;St11;Weld NOK;Scraps continuos,,,,,,;no;no
2025-03-20;REA;Actuadores;3140CA029;07:00;07:09;9;Mantenimiento;REA;General;Checklist;Limpieza, revision equipos, cambio consumibles preventivo,,,,;si;no
2025-03-20;REA;Actuadores;3140CA029;07:12;07:13;1;Fallo;Press_731;General;Tool;Prensa suelta el pin, causando fallas al arrancar,,,,,;no;no
2025-03-20;REA;Actuadores;3140CA029;07:20;07:23;3;Fallo;CHW;General;To be defined;St4: Samlight;no;no
2025-03-20;REA;Actuadores;3140CA029;07:30;07:36;6;Fallo;USW;St11;Weld NOK;Scrap alto, se hace prueba de burbuja, se detecta overweld, se ajusta cinta,,,;no;no
2025-03-20;REA;Actuadores;3140CA029;07:09;07:11;2;Fallo;Robots;R75;To be defined;Turno anterior coloca gear invertido ante falla de robot soltando gear, causa que no pueda armar la pieza,,,,,;no;no
2025-03-20;REA;Actuadores;3140CA029;07:42;07:44;2;Fallo;Robots;R70;Vacuum system;Robot suelta el gear, completa la operacion y causa scrap. Problema detectado en turno anterior y sin accion correctva. Se reemplaza ventosa rota,,,,,;no;no
2025-03-20;REA;Actuadores;3140CA029;07:51;07:55;4;Fallo;CHW;St4;Pressor;Ajuste de pressor por scrap,,,,,,;no;no
2025-03-20;REA;Actuadores;3140CA029;08:00;08:09;9;Fallo;USW;St11;Weld NOK;Soldadura NOK quemado en partes, falta soldadura en otro. Se ajusta base, se comprueba alineacion, se ajusta con cinta para compensar,,,;no;no
2025-03-20;REA;Actuadores;3140CA029;08:31;08:32;1;Fallo;USW;St11;Weld NOK;Soldadura parte overweld, se coloca mas cinta,,,,,;no;no
2025-03-20;REA;Actuadores;3140CA029;08:32;08:33;1;Fallo;S915;General;Dart sensor;TBD: Ogiva caida,,,,,,;no;no
2025-03-20;REA;Actuadores;3140CA029;08:40;08:55;15;Fallo;USW;St11;Weld NOK;Soldadura NOK, se hacen mas pruebas variando la cinta, prueba de burbuja, se reemplaza base del jig con esponja, se elimina la cinta, se reduce el colapso de 0.93 a 0.90, monitorea;no;no
2025-03-20;REA;Actuadores;3140CA029;09:40;09:45;5;Fallo;EOL;St3;Gripper NOK;Ajuste posicion gripper por scrap falso negativo,,,,,,;no;no
2025-03-20;REA;Actuadores;3140CA029;11:03;11:05;2;Fallo;Robots;R70;Gripper/tool adjustments;No abre correctamente gripper,,,,,,;no;no
2025-03-20;REA;Actuadores;3140CA029;11:05;11:06;1;Fallo;Robots;R70;Vacuum system;Ventosa caida,,,,,,;no;no
2025-03-20;REA;Actuadores;3140CA029;13:40;14:06;26;Fallo;Aux;St_710;Actuator NOK;Cable dañado,,,,,,;no;no
2025-03-20;REA;Actuadores;3140CA029;14:07;14:14;7;Mantenimiento;REA;General;Checklist;Checklist,,,,,,;si;no
2025-03-20;REA;Actuadores;3140CA029;14:25;14:31;6;Fallo;CAW;TBD;TBD;No continua,,,,,,;no;no
2025-03-20;REA;Actuadores;3140CA029;14:42;14:45;3;Fallo;Robots;R75;Gripper/tool adjustments;Falla al ensamblar cover por mal agarre,,,,,,;no;no
2025-03-20;REA;Actuadores;3140CA029;15:30;15:32;2;Fallo;Robots;R75;Gripper/tool adjustments;no abrio gripper,,,,,,;no;no
2025-03-20;REA;Actuadores;3140CA029;15:45;15:49;4;Calidad;CHW;General;To be defined;box scrap full,,,,,,;no;no
2025-03-20;REA;Actuadores;3140CA029;16:20;16:22;2;Fallo;MAT;St3;Consumible: Tornillos;time out st 3 (tornillos atorados),,,,,,;no;no
2025-03-20;REA;Actuadores;3140CA029;16:25;16:27;2;Producción;Conveyors;C_36;Presence sensor;sin material en conveyor,,,,,,;no;no
2025-03-19;REA;Actuadores;3140CA029;17:00;17:03;3;Fallo;CHW;St5;Vision system;Revisar scraps continuos por falla de sistema de vision,,,,,,;no;no
2025-03-19;REA;Actuadores;3140CA029;17:10;17:30;20;Fallo;USW;St11;Jig;Dealineacion de actuador generado por falla de resorte en jig, genera scraps continuos,,,,,;no;no
2025-03-20;REA;Actuadores;3140CA029;18:03;18:04;1;Fallo;Robots;R75;Motion supervision/Joint collision;motion supervision,,,,,,;no;no
2025-03-20;REA;Actuadores;3140CA029;18:21;18:25;4;Fallo;USW;St11;Weld NOK;limpieza de jig y cambio de cinta,,,,,,;no;no
2025-03-20;REA;Actuadores;3140CA029;19:43;19:44;1;Fallo;CHW;St2;Vacuum system;vacuum off st 2,,,,,,;no;no
2025-03-20;REA;Actuadores;3140CA029;19:53;19:55;2;Producción;MAT;St3;Consumible: Tornillos;sin tornillos,,,,,,;no;no
2025-03-20;REA;Actuadores;3140CA029;19:58;19:59;1;Producción;Conveyors;C_36;Belt;sin material,,,,,,;no;no
2025-03-19;REA;Actuadores;3140CA029;20:30;20:37;7;Calidad;CHW;General;To be defined;Scrapbox full,,,,,,;no;no
2025-03-19;REA;Actuadores;3140CA029;22:21;22:24;3;Fallo;CAW;CPA;Feeder;crank atorado,,,,,,;no;no
2025-03-19;REA;Actuadores;3140CA029;18:49;18:57;8;Fallo;USW;St11;Weld NOK;Fallo soldadura, cambiar cinta,,,,,;no;no
2025-03-19;REA;Actuadores;3140CA029;19:25;19:32;7;Fallo;USW;St11;Jig;Falla soporte jig, cambio de soporte, cinta, ajuste de amplitud de 70 a 67%,,,;no;no
2025-03-20;REA;Actuadores;3140CA029;21:20;21:31;11;Fallo;Main conveyor;Main conveyor;RFID Reader;Pallets avanzan en las estaciones finales y se pierde secuencia, provocan colisiones en robots,,,,,;no;no
2025-03-20;REA;Actuadores;3140CA029;18:49;18:57;8;Fallo;USW;St11;Weld NOK;Scrap continuo, cambio de cinta,,,,,;no;no
2025-03-20;REA;Actuadores;3140CA029;23:05;23:08;3;Fallo;Conveyors;General;;robot 75 no pone cover,,,,,,;no;no
2025-03-20;REA;Actuadores;3140CA029;19:32;19:42;10;Fallo;USW;St11;Jig;Soporte jig provoca desalineacion de actuador al soldar, scraps continuos, cambiar  cinta, soporte y cambio de amplitud de 70 a 67,,,;no;no
2025-03-21;REA;Actuadores;3140CA029;07:02;07:16;14;Mantenimiento;REA;General;Checklist;Limpieza, cambio consumibles y partes de desgaste preventivo,,,,,;si;no
2025-03-21;REA;Actuadores;3140CA029;07:16;07:18;2;Fallo;Conveyors;General;TBD;Sensor de presencia,,,,,,;no;no
2025-03-21;REA;Actuadores;3140CA029;07:19;07:20;1;Fallo;Main conveyor;Main conveyor;Singulator NOK;Pallet queda en medio de singulator perdiendo secuencia,,,,,,;no;no
2025-03-21;REA;Actuadores;3140CA029;08:55;08:56;1;Fallo;Robots;R75;Gripper/tool adjustments;Motion supervision al ensamblar la pieza por mal agarre del gripper. Se ajusta manualmente y se revisan las temrinales del motor,,,,,,;no;no
2025-03-21;REA;Actuadores;3140CA029;10:14;10:17;3;Fallo;CAW;General;Software/PC;No continua secuencia, se queda pressor abajo sin soltar. No se identifica ninguna señal faltante o condicion anormal,,,,,;no;no
2025-03-21;REA;Actuadores;3140CA029;10:17;10:23;6;Mantenimiento;REA;General;Checklist;Checklist 500 piezas,,,,,,;si;no
2025-03-21;REA;Actuadores;3140CA029;11:38;11:41;3;Fallo;620;620;Feed piston;Bearing mal colocado en la punta del feeder no es tomado por la prensa causando scrap consecutivo,,,,,,;no;no
2025-03-21;REA;Actuadores;3140CA029;11:44;11:46;2;Fallo;MAT;St3;Feeder;Tornillo atascado, timeout,,,,,;no;no
2025-03-21;REA;Actuadores;3140CA029;11:46;11:48;2;Fallo;Main conveyor;General;TBD;Pallet caido bloquea el paso al resto en conveyor inferior, parando secuencia,,,,,;no;no
2025-03-21;REA;Actuadores;3140CA029;11:48;11:50;2;Fallo;Main conveyor;Main conveyor;RFID Reader;Rid no detecta pallet en prensa 731, se ajusta,,,,,;no;no
2025-03-21;REA;Actuadores;3140CA029;13:01;14:04;63;Fallo;CAW;General;TBD;Falla extractor de humo. Se reemplaza con el de EOL, se hacen ajustes en el arreglo para que tenga l señal de extractor OK,,,,,;no;no
2025-03-21;REA;Actuadores;3140CA029;14:38;14:43;5;Fallo;EOL;General;TBD;Index no llega a posicion, al volver pierde la secuencia. Se vacia manualmente y se borra cadena,,,,,;no;no
2025-03-21;REA;Actuadores;3140CA029;15:40;15:41;1;Producción;Conveyors;C31;Presence sensor;conveyor de retorno lleno,,,,,,;no;no
2025-03-21;REA;Actuadores;3140CA029;15:50;15:51;1;Calidad;Aux;805;NOK material;material NOK,,,,,,;no;no
2025-03-21;REA;Actuadores;3140CA029;15:57;15:58;1;Fallo;Robots;R75;Gripper/tool adjustments;no abrio gripper,,,,,,;no;no
2025-03-21;REA;Actuadores;3140CA029;16:06;16:07;1;Fallo;731;731;Feed piston;pin inclinado,,,,,,;no;no
2025-03-21;REA;Actuadores;3140CA029;17:07;17:10;3;Maintenance;CHW;Consumables;Chip reel;cambio de chip,,,,,,;no;no
2025-03-20;REA;Actuadores;3140CA029;18:45;18:48;3;Equipment Fault;Robots;R70;Vacuum system;Ventosa rota cae, se recupera,,,,,;no;no
2025-03-21;REA;Actuadores;3140CA029;19:20;19:25;5;Equipment Fault;CAW;Jig/Index;Index not in home;Mesa desalineada, crank atorado,,,,,;no;no
2025-03-21;REA;Actuadores;3140CA029;20:07;20:09;2;Equipment Fault;750;750;Feed piston;body atorado en prensa,,,,,,;no;no
2025-03-21;REA;Actuadores;3140CA029;20:39;20:40;1;Equipment Fault;Robots;R70;Vacuum system;vacuum off,,,,,,;no;no
2025-03-21;REA;Actuadores;3140CA029;21:19;21:20;1;Equipment Fault;Robots;R75;Motion supervision/Joint collision;cover mal ensamble,,,,,,;no;no
2025-03-21;REA;Actuadores;3140CA029;21:21;21:24;3;Maintenance;REA;General;Checklist; CAW,,,,,,;no;no
2025-03-20;REA;Actuadores;3140CA029;23:05;23:08;3;Production;Robots;R75;Module error;robot no pone bien cover,,,,,,;no;no
2025-03-20;REA;Actuadores;3140CA029;23:18;23:20;2;Production;MAT;St3;;Alarma se vacia feeder,,,,,,;no;no
2025-03-20;REA;Actuadores;3140CA029;23:24;23:26;2;Production;Robots;R33;;Choca gripper 1 en CHW,,,,,,;no;no
2025-03-20;REA;Actuadores;3140CA029;23:27;23:29;2;Equipment Fault;731;731;Bowl/Lineal feeder;PIN chueco,,,,,,;no;no
2025-03-20;REA;Actuadores;3140CA029;23:32;23:36;4;Equipment Fault;CAW;Jig/Index;;fail ingun,,,,,,;no;no
2025-03-20;REA;Actuadores;3140CA029;23:51;23:53;2;Equipment Fault;Robots;R75;;no ensambla,,,,,,;no;no
2025-03-20;REA;Actuadores;3140CA029;00:17;00:19;2;Equipment Fault;CHW;St2;;vacuum error,,,,,,;no;no
2025-03-20;REA;Actuadores;3140CA029;02:39;02:44;5;Equipment Fault;EOL;St4;;CRIO,,,,,,;no;no
2025-03-20;REA;Actuadores;3140CA029;02:50;02:55;5;Equipment Fault;EOL;St4;;CRIO,,,,,,;no;no
2025-03-20;REA;Actuadores;3140CA029;02:59;03:01;2;Equipment Fault;MAT;St3;;Alarma,,,,,,;no;no
2025-03-20;REA;Actuadores;3140CA029;03:17;03:19;2;Maintenance;USW;General;;limpieza,,,,,,;no;no
2025-03-20;REA;Actuadores;3140CA029;03:33;03:35;2;Maintenance;USW;General;;cambio de goma,,,,,,;no;no
2025-03-20;REA;Actuadores;3140CA029;04:15;04:18;3;Maintenance;CHW;General;;limpieza a gig,,,,,,;no;no
2025-03-20;REA;Actuadores;3140CA029;04:18;04:20;2;Equipment Fault;CAW;Jig/Index;;se detiene,,,,,,;no;no
2025-03-20;REA;Actuadores;3140CA029;04:22;04:27;5;Maintenance;USW;General;;cambio de cinta,,,,,,;no;no
2025-03-20;REA;Actuadores;3140CA029;04:33;04:35;2;Equipment Fault;Robots;R75;;NO ensambla,,,,,,;no;no
2025-03-20;REA;Actuadores;3140CA029;05:00;05:02;2;Equipment Fault;731;731;;PIN chueco,,,,,,;no;no
2025-03-20;REA;Actuadores;3140CA029;05:06;05:09;3;Production;730;General;;se vacia feeder,,,,,,;no;no
2025-03-20;REA;Actuadores;3140CA029;06:03;06:05;2;Equipment Fault;EOL;St3;;St3 y St4 se alarman,,,,,,;no;no
2025-03-20;REA;Actuadores;3140CA029;06:10;06:12;2;Equipment Fault;EOL;St2;;St2 y St4 se alarman,,,,,,;no;no
2025-03-20;REA;Actuadores;3140CA029;06:21;06:23;2;Equipment Fault;731;731;;no hace proceso,,,,,,;no;no
2025-03-20;REA;Actuadores;3140CA029;06:30;06:34;4;Production;CCC;Consumables;;cambio de resina,,,,,,;no;no
2025-03-19;REA;Actuadores;3140CA029;22:31;22:36;5;Maintenance;USW;St14;;revicion de leak test se cambia de goma,,,,,,;no;no
2025-03-19;REA;Actuadores;3140CA029;10:40;10:45;5;Maintenance;USW;St11;;cambio de cinta,,,,,,;no;no
2025-03-19;REA;Actuadores;3140CA029;22:57;23:00;3;Equipment Fault;Robots;R75;;se tardo en poner gear y se le ayuda manuel,,,,,,;no;no
2025-03-19;REA;Actuadores;3140CA029;23:10;23:14;4;Equipment Fault;MAT;Consumables;;tornillo atorado,,,,,,;no;no
2025-03-19;REA;Actuadores;3140CA029;11:40;23:44;724;Equipment Fault;Robots;R70;;Ogiva caida,,,,,,;no;no
2025-03-19;REA;Actuadores;3140CA029;00:00;00:03;3;Equipment Fault;CHW;St2;;chip atorado en gig,,,,,,;no;no
2025-03-19;REA;Actuadores;3140CA029;00:06;00:09;3;Equipment Fault;Robots;R75;;no pone bien cover,,,,,,;no;no
2025-03-19;REA;Actuadores;3140CA029;00:33;00:37;4;Maintenance;CHW;St3;;limpieza St3 y St4,,,,,,;no;no
2025-03-19;REA;Actuadores;3140CA029;00:41;00:47;6;Maintenance;EOL;General;;reset CRIO,,,,,,;no;no
2025-03-19;REA;Actuadores;3140CA029;00:48;00:50;2;Equipment Fault;Main conveyor;Main conveyor;;sing 24,,,,,,;no;no
2025-03-19;REA;Actuadores;3140CA029;00:52;00:54;2;Equipment Fault;Robots;R75;;no pone cover,,,,,,;no;no
2025-03-19;REA;Actuadores;3140CA029;01:12;01:14;2;Production;CAW;Consumables;;se vacia crank assy,,,,,,;no;no
2025-03-19;REA;Actuadores;3140CA029;01:20;01:24;4;Equipment Fault;731;731;;PIN caido,,,,,,;no;no
2025-03-19;REA;Actuadores;3140CA029;01:27;01:29;2;Equipment Fault;CHW;St2;;Chip atorado,,,,,,;no;no
2025-03-19;REA;Actuadores;3140CA029;01:47;01:50;3;Equipment Fault;Robots;R75;;no pone bien cover,,,,,,;no;no
2025-03-19;REA;Actuadores;3140CA029;02:10;02:12;2;Equipment Fault;731;731;;PIN doble,,,,,,;no;no
2025-03-19;REA;Actuadores;3140CA029;02:31;02:34;3;Equipment Fault;Robots;R75;;no pone bien cover,,,,,,;no;no
2025-03-19;REA;Actuadores;3140CA029;02:45;02:47;2;Equipment Fault;Robots;R75;;no pone bien cover,,,,,,;no;no
2025-03-19;REA;Actuadores;3140CA029;02:49;02:51;2;Equipment Fault;CHW;St2;;Chip atorado,,,,,,;no;no
2025-03-19;REA;Actuadores;3140CA029;03:05;03:08;3;Equipment Fault;731;731;;PIN caido,,,,,,;no;no
2025-03-19;REA;Actuadores;3140CA029;03:21;03:24;3;Equipment Fault;MAT;St4;;tornillo atorado,,,,,,;no;no
2025-03-19;REA;Actuadores;3140CA029;03:26;03:28;2;Equipment Fault;Robots;R75;;no pone bien cover,,,,,,;no;no
2025-03-19;REA;Actuadores;3140CA029;04:30;04:37;7;Maintenance;CHW;St4;;cambio de pines,,,,,,;no;no
2025-03-19;REA;Actuadores;3140CA029;04:40;04:42;2;Equipment Fault;Robots;R75;;no pone bien cover,,,,,,;no;no
2025-03-19;REA;Actuadores;3140CA029;04:45;04:49;4;Maintenance;Robots;R70;;cambio de bentosas,,,,,,;no;no
2025-03-19;REA;Actuadores;3140CA029;05:09;05:11;2;Maintenance;MAT;St3;;limpieza St3,,,,,,;no;no
2025-03-19;REA;Actuadores;3140CA029;05:18;05:20;2;Equipment Fault;Robots;R75;;no pone bien cover,,,,,,;no;no
2025-03-19;REA;Actuadores;3140CA029;05:30;05:32;2;Equipment Fault;Robots;R75;;no pone bien cover,,,,,,;no;no
2025-03-19;REA;Actuadores;3140CA029;05:50;05:53;3;Equipment Fault;Robots;R70;;no pone bien gear,,,,,,;no;no
2025-03-21;REA;Actuadores;3140CA029;23:24;23:26;2;Equipment Fault;Robots;R75;;no pone cover,,,,,,;no;no
2025-03-21;REA;Actuadores;3140CA029;23:29;23:31;2;Equipment Fault;USW;;;LIFT 24 no sube elebador a conbello,,,,,,;no;no
2025-03-22;REA;Actuadores;3140CA029;00:06;00:08;2;Equipment Fault;Robots;R75;;no pone bien cover,,,,,,;no;no
2025-03-22;REA;Actuadores;3140CA029;01:20;01:22;2;Equipment Fault;Robots;R70;;tira el gear,,,,,,;no;no
2025-03-22;REA;Actuadores;3140CA029;03:25;03:45;20;Equipment Fault;Conveyors;General;;actuador atorado en 750,,,,,,;no;no
2025-03-22;REA;Actuadores;3140CA029;04:00;04:05;5;Equipment Fault;REA;General;;alto scrap por pin en pallet,,,,,,;no;no
2025-03-22;REA;Actuadores;3140CA029;04:15;04:18;3;Equipment Fault;Robots;R70;;bentosas en mal estado ( cambio ),,,,,,;no;no
2025-03-22;REA;Actuadores;3140CA029;05:05;05:07;2;Equipment Fault;Robots;R75;;no pone bien cover,,,,,,;no;no
2025-03-22;REA;Actuadores;3140CA029;05:10;05:12;2;Equipment Fault;CHW;St2;Vacuum system;chip atorado en gig,,,,,,;no;no
2025-03-22;REA;Actuadores;3140CA029;05:13;05:15;2;Equipment Fault;Robots;R75;;no pone bien cover,,,,,,;no;no
2025-03-22;REA;Actuadores;3140CA029;05:20;05:23;3;Equipment Fault;Robots;R75;;no pone bien cover,,,,,,;no;no
2025-03-22;REA;Actuadores;3140CA029;05:30;05:32;2;Equipment Fault;Robots;R75;;no pone bien cover,,,,,,;no;no
2025-03-22;REA;Actuadores;3140CA029;05:34;05:36;2;Equipment Fault;CHW;St4;Argon dispensatio;baja presion,,,,,,;no;no
2025-03-22;REA;Actuadores;3140CA029;05:40;05:42;2;Equipment Fault;Robots;R75;;no pone bien cover,,,,,,;no;no
2025-03-22;REA;Actuadores;3140CA029;06:10;06:14;4;Production;MAT;St4;;falta de material (sin tornillo),,,,,,;no;no
2025-03-22;REA;Actuadores;3140CA029;06:17;06:19;2;Equipment Fault;Robots;R70;;no pone gear,,,,,,;no;no
2025-03-22;REA;Actuadores;3140CA029;07:00;07:13;13;Equipment Fault;CHW;St4;Pressor;Scrap consecutivo, se cambian puintas y goma, ajuste mecanico de pressor, ajuste en samlight,,,;no;no
2025-03-22;REA;Actuadores;3140CA029;07:13;07:17;4;Maintenance;CCC;Consumables;Resin;Cambio resina,,,,,,;no;no
2025-03-22;REA;Actuadores;3140CA029;07:17;07:26;9;Maintenance;REA;General;Checklist;Checklist,,,,,,;si;no
2025-03-22;REA;Actuadores;3140CA029;07:34;07:36;2;Equipment Fault;CHW;St2;SCARA Pick/Place;St2 falla al colocar,,,,,,;no;no
2025-03-22;REA;Actuadores;3140CA029;07:36;07:40;4;Equipment Fault;CCC;General;TBD;Scrap alto. Manguera de la resina quedo mal colocada al hacer el cambio, haciendo que no tuviera el flujo correcto. Se acomoda, se purga la linea,,,,;no;no
2025-03-22;REA;Actuadores;3140CA029;07:30;07:36;6;Equipment Fault;620;620;Tool ;Scrap consecutivo, no toma correctamente el bearing, se ajusta,,,,;no;no
2025-03-22;REA;Actuadores;3140CA029;07:36;07:44;8;Equipment Fault;CCC;General;Software/PC;App de termocamara crasheo con el robot dentro, al volver a funcionar la app no continuaba secuencia fue necesario forzar una señal en el robot para que salga y poder continuar,,,,,;no;no
2025-03-22;REA;Actuadores;3140CA029;08:50;08:55;5;Equipment Fault;Robots;R40;Motion supervision/Joint collision;Intento colocar body sobre pallet que ya tenia uno,,,,,,;no;no
2025-03-22;REA;Actuadores;3140CA029;08:00;08:10;10;Equipment Fault;620;620;Tool ;Scrap consecutivo no toma el bearing,,,,,,;no;no
2025-03-22;REA;Actuadores;3140CA029;09:10;09:13;3;Equipment Fault;Main conveyor;Main conveyor;Lift;Pallets caidos,,,,,,;no;no
2025-03-22;REA;Actuadores;3140CA029;10:08;10:12;4;Equipment Fault;620;620;Tool ;Se reemplaza el oring por scrap consecutivo,,,,,,;no;no
2025-03-22;REA;Actuadores;3140CA029;10:15;10:18;3;Quality;CCC;General;Scrapbox full;Scrapbox, esperando calidad,,,,,;no;no
2025-03-22;REA;Actuadores;3140CA029;10:44;10:46;2;Maintenance;CHW;Consumables;Argon;Cambio tanque,,,,,,;no;no
2025-03-22;REA;Actuadores;3140CA029;12:33;12:38;5;Equipment Fault;CAW;CPA;Feeder;Crank atascado,,,,,,;no;no
2025-03-22;REA;Actuadores;3140CA029;12:38;12:43;5;Maintenance;REA;General;Checklist;Checklist,,,,,,;si;no
2025-03-22;REA;Actuadores;3140CA029;13:04;13:11;7;Equipment Fault;USW;St14;Lower Jig;Scrap consecutivo,,,,,,;no;no
2025-03-22;REA;Actuadores;3140CA029;13:39;13:43;4;Equipment Fault;EOL;General;Software/PC;Latencia alta, proceso lento,,,,,;no;no
2025-03-22;REA;Actuadores;3140CA029;13:02;13:03;1;Equipment Fault;915;915;Missing ogive;Ogiva caida,,,,,,;no;no
2025-03-22;REA;Actuadores;3140CA029;15:09;15:10;1;Equipment Fault;CHW;St2;Vacuum system;Falla pick de chip, chip atorado en jig,,,,,;no;no
2025-03-22;REA;Actuadores;3140CA029;15:05;15:06;1;Equipment Fault;Robots;R70;Vacuum system;falla pick de gear,,,,,,;no;no
2025-03-22;REA;Actuadores;3140CA029;15:00;15:02;2;Equipment Fault;Robots;R75;Motion supervision/Joint collision;fallo al ensamblar por falta de grip en gripper,,,,,,;no;no
2025-03-22;REA;Actuadores;3140CA029;15:20;15:21;1;Equipment Fault;CHW;St2;Vacuum system;,,,,,,;no;no
2025-03-22;REA;Actuadores;3140CA029;15:33;15:34;1;Equipment Fault;CHW;St2;Vacuum system;,,,,,,;no;no
2025-03-22;REA;Actuadores;3140CA029;18:05;18:10;5;Maintenance;CCC;Consumables;Resin;Cambio de resina,,,,,,;no;no
2025-03-22;REA;Actuadores;3140CA029;18:10;18:15;5;Equipment Fault;CCC;General;PLC ;Falla secuencia después de alarma, restaurar maquina,,,,,;no;no
2025-03-22;REA;Actuadores;3140CA029;17:30;17:35;5;Equipment Fault;MAT;St4;CRIO App;reinicio de crio,,,,,,;no;no
2025-03-22;REA;Actuadores;3140CA029;18:28;18:29;1;Equipment Fault;Robots;R70;Vacuum system;,,,,,,;no;no
2025-03-22;REA;Actuadores;3140CA029;19:00;19:02;2;Equipment Fault;CHW;St2;Vacuum system;,,,,,,;no;no
2025-03-22;REA;Actuadores;3140CA029;19:07;19:08;1;Equipment Fault;CHW;St2;Vacuum system;,,,,,,;no;no
2025-03-22;REA;Actuadores;3140CA029;19:47;19:54;7;Equipment Fault;MSA;MSA;Gaussmeter;Falla al magnetizar, se reinicia equipo y se prueban piezas ok y nok,,,,,;no;no
2025-03-22;REA;Actuadores;3140CA029;20:02;20:05;3;Equipment Fault;Robots;R70;Vacuum system;Pierde gears al ensamblar, se revisan mangueras y se cambian ventosas,,,,,;no;no
2025-03-22;REA;Actuadores;3140CA029;22:00;22:02;2;Production;Aux;710;NOK material;Motor no lo detecta sensor posicion incorrecta,,,,,,;no;no
2025-03-22;REA;Actuadores;3140CA029;22:22;22:24;2;Equipment Fault;Robots;R75;Motion supervision/Joint collision;Cover inclinado,,,,,,;no;no
2025-03-24;REA;Actuadores;3140CA029;07:00;08:12;72;Quality;REA;General;SOP;Esperando liberacion calidad,,,,,,;si;no
2025-03-24;REA;Actuadores;3140CA029;08:47;09:00;13;Quality;CAW;General;NOK material;Se reemplaza crank por marcas en el plate,,,,,,;no;no
2025-03-24;REA;Actuadores;3140CA029;10:43;10:50;7;Maintenance;REA;General;TBD;Se para la lnea para que proveedor observe el jig st11 USW,,,,,,;no;no
2025-03-24;REA;Actuadores;3140CA029;10:13;10:15;2;Equipment Fault;CHW;St2;SCARA Pick/Place;Timeout, no coloco correctamente,,,,,;no;no
2025-03-24;REA;Actuadores;3140CA029;10:54;10:56;2;Equipment Fault;Robots;R75;Motion supervision/Joint collision;Se alarma al ensamblar cover,,,,,,;no;no
2025-03-24;REA;Actuadores;3140CA029;11:03;11:06;3;Equipment Fault;Robots;R75;Motion supervision/Joint collision;Falla al ensamblar, se mueve manual se revisa motor,,,,,;no;no
2025-03-24;REA;Actuadores;3140CA029;11:09;11:16;7;Equipment Fault;915;General;TBD;Fallas continuas en R75 al ensamblar, se encuentran ogivas deformadas causando el problema. Se retiran y reemplazan 2 ogivas,,,,,;no;no
2025-03-24;REA;Actuadores;3140CA029;11:33;11:35;2;Equipment Fault;CHW;St2;SCARA Pick/Place;Timeout, no toma correctamente,,,,,;no;no
2025-03-24;REA;Actuadores;3140CA029;12:01;12:07;6;Equipment Fault;915;915;Dart sensor;Fallos continuos, se detecta que las ogivas nuevas son muy brillante y causa que el sensor no las vea bien, se quita un poco el brillo con fibras,,,,;no;no
2025-03-24;REA;Actuadores;3140CA029;12:12;12:15;3;Equipment Fault;CHW;St2;SCARA Pick/Place;Fala st2, se pospone intervención para paro programado 24/03/25,,,,,;no;no
2025-03-24;REA;Actuadores;3140CA029;12:41;12:44;3;Maintenance;CHW;Consumables;Argon;Cambio, ajiste flujo,,,,,;no;no
2025-03-24;REA;Actuadores;3140CA029;12:44;12:52;8;Maintenance;REA;General;Checklist;Checklist 500 pz,,,,,,;si;no
2025-03-24;REA;Actuadores;3140CA029;13:55;14:03;8;Equipment Fault;CAW;General;Software/PC;No continua, no muestra alarmas,,,,,;no;no
2025-03-24;REA;Actuadores;3140CA029;13:36;13:40;4;Equipment Fault;EOL;St4;CRIO NOK;Reinicio de crio,,,,,,;no;no
2025-03-24;REA;Actuadores;3140CA029;13:40;13:46;6;Equipment Fault;CAW;General;Software/PC;No continua, no muestra alarmas,,,,,;no;no
2025-03-24;REA;Actuadores;3140CA029;15:25;15:28;3;Maintenance;CHW;Consumables;Chip reel;cambio de chip,,,,,,;no;no
2025-03-24;REA;Actuadores;3140CA029;15:30;15:34;4;Equipment Fault;EOL;St4;CRIO NOK;reinicio de crio,,,,,,;no;no
2025-03-24;REA;Actuadores;3140CA029;15:40;15:47;7;Equipment Fault;CHW;St4;Pressor;Soldadura NOK, ajuste de presion y posicion pressor, se limpia estacion,,,,;no;no
2025-03-24;REA;Actuadores;3140CA029;16:12;16:15;3;Quality;CHW;General;Scrapbox full;Esperando, maquina en paro,,,,,;no;no
2025-03-24;REA;Actuadores;3140CA029;16:20;16:22;2;Equipment Fault;750;750;Bowl/Lineal feeder;body atorado en prensa,,,,,,;no;no
2025-03-24;REA;Actuadores;3140CA029;16:39;16:40;1;Equipment Fault;Robots;R75;Motion supervision/Joint collision;Grip NOK de gripper 4 (gripper 2 de robot r75), cover chueco,,,,,;no;no
2025-03-24;REA;Actuadores;3140CA029;18:43;18:45;2;Equipment Fault;Robots;R70;Vacuum system;se callo ventosa,,,,,,;no;no
2025-03-24;REA;Actuadores;3140CA029;19:00;19:05;5;Equipment Fault;USW;St11;Branson;Trigger before pre-trigger, variacion de posicion del actuador,,,,,;no;no
2025-03-24;REA;Actuadores;3140CA029;21:10;21:15;5;Maintenance;REA;General;Checklist;Revision diaria,,,,,,;no;no
2025-03-24;REA;Actuadores;3140CA029;21:30;21:31;1;Equipment Fault;Robots;R80;Gripper/tool adjustments;no abrio gripper,,,,,,;no;no
2025-03-24;REA;Actuadores;3140CA029;22:40;22:42;2;Equipment Fault;Robots;R75;;no pone bien el cover,,,,,,;no;no
2025-03-24;REA;Actuadores;3140CA029;22:58;23:02;4;Equipment Fault;Robots;R65;;no agarra gear,,,,,,;no;no
2025-03-24;REA;Actuadores;3140CA029;23:17;23:20;3;Production;CAW;Consumables;;se vacia crank asy,,,,,,;no;no
2025-03-24;REA;Actuadores;3140CA029;23:44;23:46;2;Production;Conveyors;;;blester atorado,,,,,,;no;no
2025-03-25;REA;Actuadores;3140CA029;00:01;00:03;2;Equipment Fault;Robots;R75;;no pone bien cover,,,,,,;no;no
2025-03-25;REA;Actuadores;3140CA029;00:38;00:41;3;Equipment Fault;CAW;Consumables;;crank asy se queda atorado en el riel,,,,,,;no;no
2025-03-25;REA;Actuadores;3140CA029;00:44;00:46;2;Equipment Fault;Robots;R75;;no pone bien cover,,,,,,;no;no
2025-03-25;REA;Actuadores;3140CA029;01:17;01:22;5;Equipment Fault;EOL;St4;;Reset Crio,,,,,,;no;no
2025-03-25;REA;Actuadores;3140CA029;02:17;02:19;2;Equipment Fault;731;731;;pin chueco,,,,,,;no;no
2025-03-25;REA;Actuadores;3140CA029;02:27;02:29;2;Equipment Fault;Robots;R75;;no pone bien cover,,,,,,;no;no
2025-03-25;REA;Actuadores;3140CA029;02:40;02:43;3;Equipment Fault;CHW;General;Scrapbox full;scrap acumulado,,,,,,;no;no
2025-03-25;REA;Actuadores;3140CA029;02:51;02:56;5;Equipment Fault;CHW;General;Scrapbox full;alto scrap,,,,,,;no;no
2025-03-25;REA;Actuadores;3140CA029;03:15;03:20;5;Maintenance;CHW;General;;cambio de puntas (pines),,,,,,;no;no
2025-03-25;REA;Actuadores;3140CA029;04:22;04:25;3;Equipment Fault;Conveyors;General;;balero atorado (620),,,,,,;no;no
2025-03-25;REA;Actuadores;3140CA029;04:31;04:33;2;Equipment Fault;731;;;pin caido,,,,,,;no;no
2025-03-25;REA;Actuadores;3140CA029;05:57;06:05;8;Maintenance;CAW;General;;limpieza y cambio de goma a leak test,,,,,,;no;no
2025-03-25;REA;Actuadores;3140CA029;06:24;06:26;2;Equipment Fault;Robots;R75;;no pone bien cover,,,,,,;no;no
2025-03-25;REA;Actuadores;3140CA029;06:45;06:48;3;Production;CAW;Consumables;;crank asy volteado,,,,,,;no;no
2025-03-25;REA;Actuadores;3140CA029;07:00;07:12;12;Maintenance;REA;General;Checklist;Checklist,,,,,,;si;no
2025-03-25;REA;Actuadores;3140CA029;09:00;09:32;32;Equipment Fault;Robots;R70;Gripper/tool adjustments;Tornillo del bracket roto, se extraer, reemplaza, ajusta,,,;no;no
2025-03-25;REA;Actuadores;3140CA029;10:35;10:40;5;Equipment Fault;731;General;TBD;Body se quedo atascado en prensa, causando una falla en la secuencia del robot 40 al intentar tomar el body ausente en Lock8,,,,,;no;no
2025-03-25;REA;Actuadores;3140CA029;09:35;09:41;6;Equipment Fault;MSA;MSA;Sensor de presencia;No inicia el ciclo alarma holders,,,,,,;no;no
2025-03-25;REA;Actuadores;3140CA029;10:02;10:07;5;Equipment Fault;750;750;Bowl/Lineal feeder;Beaering atorados en bowl feeder, se vacia lineal feeder y para secuencia,,,,,;no;no
2025-03-25;REA;Actuadores;3140CA029;09:51;09:55;4;Maintenance;CHW;Consumables;Chip reel;Cambio chip,,,,,,;no;no
2025-03-25;REA;Actuadores;3140CA029;11:33;11:38;5;Equipment Fault;EOL;St4;CRIO NOK;CRIO no responde, reinicio app,,,,,;no;no
2025-03-25;REA;Actuadores;3140CA029;11:42;11:44;2;Quality;Aux;805;NOK material;Gear con rebaba se atora,,,,,,;no;no
2025-03-25;REA;Actuadores;3140CA029;11:55;11:59;4;Equipment Fault;EOL;St4;CRIO NOK;Reinicio CRIO,,,,,,;no;no
2025-03-25;REA;Actuadores;3140CA029;12:02;12:07;5;Maintenance;Main conveyor;Main conveyor;Belt;Limpieza/Lubricacion, preventivo,,,,,;no;no
2025-03-25;REA;Actuadores;3140CA029;12:07;12:19;12;Equipment Fault;Main conveyor;General;TBD;Paros consecutivos, coveyor principal no el suficiente agarre con el pallet y causa que este no avance correctamente, causando fallas en lock y singulators, despues de su lubricacion preventiva. Se limpia el lubricante,,,;no;no
2025-03-25;REA;Actuadores;3140CA029;12:45;12:48;3;Equipment Fault;Robots;R75;Motion supervision/Joint collision;Al ensamblar cover, se revisa terminales de motor,,,,,;no;no
2025-03-25;REA;Actuadores;3140CA029;12:48;12:51;3;Equipment Fault;Robots;R33;Motion supervision/Joint collision;Colision al tomar pieza del conveyor, se encontraba una pieza completa (con chip soldado, la cual no aparenta haber salido de la CHW en ese momento),,,,;no;no
2025-03-25;REA;Actuadores;3140CA029;13:11;13:35;24;Equipment Fault;Robots;R65;Electrical system;Arnes del sensor de presion roto, se reemplaza,,,,,;no;no
2025-03-25;REA;Actuadores;3140CA029;14:40;14:46;6;Maintenance;REA;General;Checklist;Checklist,,,,,,;si;no
2025-03-25;REA;Actuadores;3140CA029;15:20;15:30;10;Equipment Fault;CAW;CPA;Feeder;crank atorado em riel / checklist,,,,,,;si;no
2025-03-25;REA;Actuadores;3140CA029;15:54;15:55;1;Quality;Robots;R70;Vacuum system;gear mal moldeado,,,,,,;no;no
2025-03-25;REA;Actuadores;3140CA029;15:22;15:32;10;Equipment Fault;CHW;St4;;Soldadura NOK, se ajusta pressor, cambia lente, se ajusta presion y cambio de posiciones samlight,,,;no;no
2025-03-25;REA;Actuadores;3140CA029;16:00;16:01;1;Equipment Fault;MAT;St6;Dispensation system;se desconecto manguera de aire,,,,,,;no;no
2025-03-25;REA;Actuadores;3140CA029;20:02;20:05;3;Equipment Fault;Robots;R75;Motion supervision/Joint collision;Falla al ensamblar cover por falta de grip,,,,,,;no;no
2025-03-25;REA;Actuadores;3140CA029;20:28;20:30;2;Equipment Fault;MAT;St6;Dispensation system;Se bota manguera de grasa,,,,,,;no;no
2025-03-25;REA;Actuadores;3140CA029;20:20;20:23;3;Production;MAT;St3;Feeder;SIN TORNILLOS,,,,,,;no;no
2025-03-25;REA;Actuadores;3140CA029;17:30;17:59;29;Equipment Fault;Aux;710;Waiting for spare part;Sensor roto se repara, en espera de spare part,,,,,;no;no
2025-03-25;REA;Actuadores;3140CA029;18:00;18:20;20;Equipment Fault;Main conveyor;Main conveyor;Inductive sensor;Sensores flojos provocan multiples fallas por pallets que avanzan, discrepancias en secuencia,,,,,;no;no
2025-03-25;REA;Actuadores;3140CA029;21:03;21:06;3;Equipment Fault;Robots;R75;Motion supervision/Joint collision;Cover chueco por falta de grip en gripper,,,,,,;no;no
2025-03-25;REA;Actuadores;3140CA029;20:50;20:53;3;Equipment Fault;Robots;R75;Motion supervision/Joint collision;Falla al ensamblar, cover suelto por falta de grip en gripper,,,,,;no;no
2025-03-25;REA;Actuadores;3140CA029;21:40;21:42;2;Production;Aux;710;NOK material;Motor volteado,,,,,,;no;no
2025-03-25;REA;Actuadores;3140CA029;22:15;22:20;5;Equipment Fault;CAW;CPA;Feeder;crank atorado en riel,,,,,,;no;no
2025-03-25;REA;Actuadores;3140CA029;23:00;23:04;4;Maintenance;CHW;St4;;limpieza,,,,,,;no;no
2025-03-25;REA;Actuadores;3140CA029;23:25;23:29;4;Equipment Fault;CHW;St6;;sitema de vicion,,,,,,;no;no
2025-03-26;REA;Actuadores;3140CA029;07:02;07:13;11;Maintenance;REA;General;Checklist;Checklist,,,,,,;si;no
2025-03-26;REA;Actuadores;3140CA029;07:32;07:36;4;Equipment Fault;620;General;TBD;Prensa se quedo abajo despues de insertar (Resultado OK) y cilindro intento salir para el siguiente pick, colisionando. Esto ocurre en automatico sin una intervencion anterior en la Z1-2, se desconoce la causa,,,,;no;no
2025-03-26;REA;Actuadores;3140CA029;07:39;07:47;8;Equipment Fault;Main conveyor;Main conveyor;Inductive sensor;Sensor inductivo falsea, se intenta ajustar y finalmente se reemplaza,,,,,;no;no
2025-03-26;REA;Actuadores;3140CA029;08:04;08:06;2;Equipment Fault;CHW;St2;SCARA Pick/Place;No coloco correctamente ene le nido auxiliar,,,,,,;no;no
2025-03-26;REA;Actuadores;3140CA029;08:21;08:27;6;Equipment Fault;731;General;TBD;Requeria reset al no detectar correctamente el pallet. Tecnico en spotweld, ingeniero en moldeo,,,,,;no;no
2025-03-26;REA;Actuadores;3140CA029;08:40;08:43;3;Equipment Fault;Main conveyor;Main conveyor;Belt;Pallet atascados en conveyor inferior dejan sin pallet la secuencia,,,,,,;no;no
2025-03-26;REA;Actuadores;3140CA029;08:43;08:45;2;Equipment Fault;Robots;R75;Motion supervision/Joint collision;Al ensamblar la pieza,,,,,,;no;no
2025-03-26;REA;Actuadores;3140CA029;08:45;08:47;2;Equipment Fault;Robots;R80;Gripper/tool adjustments;Gripper no abre al tirar scrap en EOL, se desatasca,,,,,;no;no
2025-03-26;REA;Actuadores;3140CA029;08:47;08:49;2;Equipment Fault;Robots;R70;Vacuum system;Ventosa caida,,,,,,;no;no
2025-03-26;REA;Actuadores;3140CA029;15:02;15:05;3;Equipment Fault;EOL;St3;Gripper NOK;Calibracion de gripper por posicion de rotacion NOK,,,,,,;no;no
2025-03-26;REA;Actuadores;3140CA029;15:20;15:50;30;Equipment Fault;EOL;St4;;Scraps continuos de torque, revision de gripper y pines, limpieza de pines,,,,;no;no
2025-03-26;REA;Actuadores;3140CA029;18:40;19:00;20;Equipment Fault;EOL;St4;;Falla prueba, voltaje RMS y min NOK, scraps continuas, se cambian pines,,,;no;no
2025-03-26;REA;Actuadores;3140CA029;21:25;21:27;2;Quality;EOL;General;Scrapbox full;Scrapbox,,,,,,;no;no
2025-03-26;REA;Actuadores;3140CA029;20:20;20:24;4;Maintenance;MAT;Consumables;Grease;Grasa,,,,,,;no;no
2025-03-26;REA;Actuadores;3140CA029;17:10;17:45;35;Equipment Fault;EOL;Jigs;Pogopins;Cable dañado, O. soldar,,,,,;no;no
2025-03-26;REA;Actuadores;3140CA029;22:13;22:20;7;Equipment Fault;EOL;St4;;Revisar conexiones,,,,,,;no;no
2025-03-26;REA;Actuadores;3140CA029;00:30;00:33;3;Equipment Fault;731;731;;pin caido,,,,,,;no;no
2025-03-26;REA;Actuadores;3140CA029;01:35;01:40;5;Maintenance;CCC;Consumables;Resin;cambio de resin,,,,,,;no;no
2025-03-26;REA;Actuadores;3140CA029;02:36;02:57;21;Equipment Fault;CAW;Jig/Index;;alineacion de mesa,,,,,,;no;no
2025-03-26;REA;Actuadores;3140CA029;03:38;03:42;4;Equipment Fault;Robots;R70;;falla de robots 70 y 75, no pone bien cover y gear se cae.,,,,,;no;no
2025-03-26;REA;Actuadores;3140CA029;03:38;03:38;0;Equipment Fault;Robots;R75;;fallo en robots 70 y 75, tiro gear y no pone bien cover y tira ogiva,,,,,;no;no
2025-03-26;REA;Actuadores;3140CA029;03:52;03:54;2;Equipment Fault;CHW;St2;;chip atorado,,,,,,;no;no
2025-03-26;REA;Actuadores;3140CA029;03:52;03:54;2;Equipment Fault;Robots;R80;;greeper atorado,,,,,,;no;no
2025-03-26;REA;Actuadores;3140CA029;04:03;04:26;23;Equipment Fault;Robots;R80;;robots 80 colisiona, soporte de mangueras suelto.,,,,,;no;no
2025-03-26;REA;Actuadores;3140CA029;04:44;04:47;3;Equipment Fault;CHW;St2;;paro por CHW chip atorado y R731 doble pin,,,,,,;no;no
2025-03-26;REA;Actuadores;3140CA029;05:18;05:20;2;Equipment Fault;Robots;R75;;no pone bien cover,,,,,,;no;no
2025-03-26;REA;Actuadores;3140CA029;05:27;05:29;2;Equipment Fault;CHW;St2;;chip atorado,,,,,,;no;no
2025-03-26;REA;Actuadores;3140CA029;06:18;06:20;2;Maintenance;Conveyors;General;;tornillo flojo,,,,,,;no;no
2025-03-26;REA;Actuadores;3140CA029;06:30;06:36;6;Production;CHW;Consumables;Chip reel;cambio de carrete de chip (nuevo),,,,,,;no;no
2025-03-26;REA;Actuadores;3140CA029;06:40;06:44;4;Equipment Fault;Robots;R75;;no pone bien cover y tumba ogiva,,,,,,;no;no
2025-03-26;REA;Actuadores;3140CA029;22:46;22:51;5;Quality;Robots;R75;;scrap en box 980,,,,,,;no;no
2025-03-26;REA;Actuadores;3140CA029;22:57;22:59;2;Equipment Fault;Robots;R75;;no pone bien cover,,,,,,;no;no
2025-03-26;REA;Actuadores;3140CA029;23:08;23:12;4;Equipment Fault;Robots;R65;;no pone gear,,,,,,;no;no
2025-03-26;REA;Actuadores;3140CA029;23:20;23:23;3;Equipment Fault;731;731;;pin atorado,,,,,,;no;no
2025-03-26;REA;Actuadores;3140CA029;23:25;23:27;2;Equipment Fault;Robots;R80;;no abre gripper,,,,,,;no;no
2025-03-27;REA;Actuadores;3140CA029;23:32;00:37;-1375;Equipment Fault;CAW;General;;fallo en CAW y pierde secuencia robots 80,,,,,,;no;no
2025-03-27;REA;Actuadores;3140CA029;00:53;00:55;2;Equipment Fault;731;731;;pin chueco,,,,,,;no;no
2025-03-27;REA;Actuadores;3140CA029;01:24;01:26;2;Equipment Fault;Robots;R70;;tira gripper,,,,,,;no;no
2025-03-27;REA;Actuadores;3140CA029;02:41;02:44;3;Equipment Fault;CHW;St2;Vacuum system;chip atorado en gig,,,,,,;no;no
2025-03-27;REA;Actuadores;3140CA029;03:06;03:09;3;Equipment Fault;Robots;R65;;gripper atorado,,,,,,;no;no
2025-03-27;REA;Actuadores;3140CA029;03:51;03:53;2;Equipment Fault;Robots;R75;;no pone bien cover,,,,,,;no;no
2025-03-27;REA;Actuadores;3140CA029;04:12;04:15;3;Production;CHW;Consumables;Argon;cambio de argon,,,,,,;no;no
2025-03-27;REA;Actuadores;3140CA029;04:18;04:19;1;Equipment Fault;Robots;R75;;no pone bien cover,,,,,,;no;no
2025-03-27;REA;Actuadores;3140CA029;04:29;04:31;2;Equipment Fault;731;731;;doble pin,,,,,,;no;no
2025-03-27;REA;Actuadores;3140CA029;05:07;05:11;4;Maintenance;CHW;Consumables;Chip reel;se termino chip (nuevo),,,,,,;no;no
2025-03-27;REA;Actuadores;3140CA029;05:18;05:20;2;Quality;Robots;R75;;no pone bien cover,,,,,,;no;no
2025-03-27;REA;Actuadores;3140CA029;05:22;05:24;2;Equipment Fault;731;731;;pin caido,,,,,,;no;no
2025-03-27;REA;Actuadores;3140CA029;05:40;05:42;2;Equipment Fault;Robots;R65;;no pone gear,,,,,,;no;no
2025-03-27;REA;Actuadores;3140CA029;06:17;06:19;2;Equipment Fault;CHW;St2;Vacuum system;chip atorado en gig,,,,,,;no;no
2025-03-27;REA;Actuadores;3140CA029;06:41;06:43;2;Production;Conveyors;C36;;blister atorado c36,,,,,,;no;no
2025-03-27;REA;Actuadores;3140CA029;07:00;07:12;12;Maintenance;REA;General;Checklist;Checklist, cambio consumibles,,,,,;si;no
2025-03-27;REA;Actuadores;3140CA029;07:14;07:20;6;Equipment Fault;CAW;Jig/Index;Ingun actuator;No muuestra alarmas pero no avanza, se encuentra que un ingun no se retrae correctamente, se ajusta el fitting y se regula el flujo,,,,;no;no
2025-03-27;REA;Actuadores;3140CA029;07:20;07:23;3;Equipment Fault;EOL;St4;CRIO NOK;CRIO no responde, se reinicia app nuevamente. Ya se habia hecho preventivamente en el checklist,,,,,;si;no
2025-03-27;REA;Actuadores;3140CA029;15:05;15:07;2;Equipment Fault;MAT;St3;Feeder;tornillos atorados,,,,,,;no;no
2025-03-27;REA;Actuadores;3140CA029;15:20;15:22;2;Equipment Fault;EOL;General;Safety system;alarma por cortina de seguridad,,,,,,;no;no
2025-03-27;REA;Actuadores;3140CA029;15:25;15:27;2;Equipment Fault;CHW;St2;Vacuum system;,,,,,,;no;no
2025-03-27;REA;Actuadores;3140CA029;15:32;15:34;2;Quality;EOL;General;Scrapbox full;SB,,,,,,;no;no
2025-03-27;REA;Actuadores;3140CA029;16:16;16:17;1;Equipment Fault;Robots;R75;Motion supervision/Joint collision;,,,,,,;no;no
2025-03-27;REA;Actuadores;3140CA029;18:20;18:35;15;Equipment Fault;MSA;General;PLC ;se reinicio MSA,,,,,,;no;no
2025-03-27;REA;Actuadores;3140CA029;19:54;19:57;3;Equipment Fault;Robots;R75;Motion supervision/Joint collision;motion por falta de grip en gripper,,,,,,;no;no
2025-03-27;REA;Actuadores;3140CA029;19:45;19:55;10;Equipment Fault;Robots;R80;PLC ;problema de comunicacion con EOL no continuo ciclo,,,,,,;no;no
2025-03-27;REA;Actuadores;3140CA029;16:15;17:00;45;Equipment Fault;EOL;General;Safety system;Falla cortina, se pierde secuencia, repetidas veces se generan scraps, se limpia, fija y se reentrena,,;no;no
2025-03-27;REA;Actuadores;3140CA029;20:55;20:58;3;Equipment Fault;Robots;R75;Motion supervision/Joint collision;Falla ensamble de cover por falta de grip en gripper,,,,,,;no;no
2025-03-27;REA;Actuadores;3140CA029;22:15;22:18;3;Equipment Fault;Robots;R75;Motion supervision/Joint collision;falla ensamble de cover,,,,,,;no;no
2025-03-27;REA;Actuadores;3140CA029;22:34;22:36;2;Equipment Fault;Robots;R75;;no pone bien cover,,,,,,;no;no
2025-03-28;REA;Actuadores;3140CA029;00:15;00:17;2;Equipment Fault;Robots;R75;;no pone bien cover,,,,,,;no;no
2025-03-28;REA;Actuadores;3140CA029;00:52;00:55;3;Equipment Fault;MSA;MSA;Driver;,,,,,,;no;no
2025-03-28;REA;Actuadores;3140CA029;01:00;01:05;5;Maintenance;CHW;Consumables;Chip reel;cambio de chip,,,,,,;no;no
2025-03-28;REA;Actuadores;3140CA029;01:45;01:50;5;Equipment Fault;USW;St11;Weld NOK;alto scrap se remplazo cinta y limpieza de jig,,,,,,;no;no
2025-03-28;REA;Actuadores;3140CA029;01:47;01:49;2;Production;MAT;St3;;tornillo atorado,,,,,,;no;no
2025-03-27;REA;Actuadores;3140CA029;07:25;07:27;2;Equipment Fault;Robots;R80;Gripper/tool adjustments;No abre correctamente al tirar en scrap,,,,,,;no;no
2025-03-27;REA;Actuadores;3140CA029;07:32;07:34;2;Equipment Fault;CHW;St2;SCARA Pick/Place;Falla al colocar,,,,,,;no;no
2025-03-27;REA;Actuadores;3140CA029;07:40;07:43;3;Equipment Fault;Main conveyor;Main conveyor;Singulator NOK;Pallet queda en medio de locking, al restablecer se repite,,,,,;no;no
2025-03-27;REA;Actuadores;3140CA029;07:45;07:47;2;Equipment Fault;CHW;St2;Vacuum system;SCARA no levanto el chip del reel,,,,,,;no;no
2025-03-27;REA;Actuadores;3140CA029;08:25;08:37;12;Equipment Fault;Robots;R38;Safety system;Motor off, sin puerta abierta u otra alarma,,,,,;no;no
2025-03-27;REA;Actuadores;3140CA029;08:25;08:26;1;Equipment Fault;Main conveyor;Main conveyor;Inductive sensor;No detecta el pallet,,,,,,;no;no
2025-03-27;REA;Actuadores;3140CA029;09:15;09:21;6;Equipment Fault;MSA;MSA;Gaussmeter;Repite prueba consecutivamente,,,,,,;no;no
2025-03-27;REA;Actuadores;3140CA029;09:53;09:55;2;Equipment Fault;Robots;R75;Motion supervision/Joint collision;No ensambla correctamente el cover,,,,,,;no;no
2025-03-28;REA;Actuadores;3140CA029;07:00;07:04;4;Equipment Fault;Robots;R80;Gripper/tool adjustments;Se recibe falla de turno anterior,,,,,,;no;no
2025-03-28;REA;Actuadores;3140CA029;15:25;15:27;2;Equipment Fault;USW;St11;Weld NOK;ajuste por alto scrap,,,,,,;no;no
2025-03-28;REA;Actuadores;3140CA029;15:40;15:41;1;Equipment Fault;Robots;R75;Motion supervision/Joint collision;,,,,,,;no;no
2025-03-28;REA;Actuadores;3140CA029;16:15;17:00;45;Equipment Fault;USW;St11;Weld NOK;se ajusto base de jig,,,,,,;no;no
2025-03-28;REA;Actuadores;3140CA029;17:34;17:36;2;Equipment Fault;EOL;St3;Gripper NOK;se alarmo gripper,,,,,,;no;no
2025-03-28;REA;Actuadores;3140CA029;17:41;17:43;2;Equipment Fault;Robots;R75;Gripper/tool adjustments;no abrio gripper,,,,,,;no;no
2025-03-28;REA;Actuadores;3140CA029;18:20;18:23;3;Equipment Fault;USW;St11;Weld NOK;se puso cinta a jig,,,,,,;no;no
2025-03-28;REA;Actuadores;3140CA029;18:25;18:26;1;Equipment Fault;Robots;R75;Motion supervision/Joint collision;,,,,,,;no;no
2025-03-28;REA;Actuadores;3140CA029;18:30;18:31;1;Equipment Fault;Robots;R80;Gripper/tool adjustments;no abrio gripper,,,,,,;no;no
2025-03-28;REA;Actuadores;3140CA029;19:10;19:13;3;Equipment Fault;USW;St11;Weld NOK;ajuste alto scrap,,,,,,;no;no
2025-03-28;REA;Actuadores;3140CA029;19:30;19:34;4;Equipment Fault;USW;St11;Weld NOK;ajuste,,,,,,;no;no
2025-03-28;REA;Actuadores;3140CA029;20:27;20:29;2;Equipment Fault;915;915;Dart sensor;ogiva caida,,,,,,;no;no
2025-03-28;REA;Actuadores;3140CA029;20:42;20:46;4;Equipment Fault;USW;St11;Branson;buje del body movido por branson se atoro en sonotrodo,,,,,,;no;no
2025-03-28;REA;Actuadores;3140CA029;20:58;20:59;1;Equipment Fault;Robots;R75;Motion supervision/Joint collision;,,,,,,;no;no
2025-03-28;REA;Actuadores;3140CA029;21:08;21:10;2;Equipment Fault;USW;St11;Weld NOK;cambio de cinta,,,,,,;no;no
2025-03-28;REA;Actuadores;3140CA029;18:51;19:03;12;Equipment Fault;Robots;R70;Vacuum system;canbio de ventosas,,,,,,;no;no
2025-03-28;REA;Actuadores;3140CA029;22:45;22:51;6;Maintenance;REA;General;Checklist;Checklist,,,,,,;si;no
2025-03-28;REA;Actuadores;3140CA029;22:55;22:58;3;Equipment Fault;USW;St11;Branson;Buje retenedor, retainer fuera de actuador, sea atora en sonotrodo,,,,;no;no
2025-03-28;REA;Actuadores;3140CA029;23:04;23:05;1;Equipment Fault;Robots;R70;Vacuum system;Falla al tomar gear,,,,,,;no;no
2025-03-28;REA;Actuadores;3140CA029;23:48;23:50;2;Production;Aux;710;NOK material;motor volteado,,,,,,;no;no
2025-03-29;REA;Actuadores;3140CA029;00:50;00:53;3;Production;Conveyors;General;NOK material;Blister mal insertado se atora,,,,,,;no;no
2025-03-29;REA;Actuadores;3140CA029;00:55;00:57;2;Equipment Fault;Conveyors;General;;ogiva caida,,,,,,;no;no
2025-03-29;REA;Actuadores;3140CA029;01:40;01:42;2;Equipment Fault;USW;St11;Branson;Buje retenedor, retainer fuera de actuador, sea atora en sonotrodo,,,,;no;no
2025-03-29;REA;Actuadores;3140CA029;03:02;03:04;2;Equipment Fault;CHW;St0;Driver;Falla por tension nok,,,,,,;no;no
2025-03-29;REA;Actuadores;3140CA029;02:50;03:00;10;Maintenance;CHW;Consumables;Chip reel;Cambio de chip,,,,,,;no;no
2025-03-29;REA;Actuadores;3140CA029;03:18;03:23;5;Production;Conveyors;General;NOK material;Shaft girado, robot colisiona al querer escanear qr,,,,,;no;no
2025-03-29;REA;Actuadores;3140CA029;03:42;03:43;1;Equipment Fault;Robots;R65;Vacuum system;Falla vacumm al tomar gear,,,,,,;no;no
2025-03-29;REA;Actuadores;3140CA029;03:52;03:54;2;Equipment Fault;Robots;R75;;no abre gripper,,,,,,;no;no
2025-03-29;REA;Actuadores;3140CA029;04:00;04:01;1;Equipment Fault;Robots;R75;Motion supervision/Joint collision;falla al ensamblar,,,,,,;no;no
2025-03-29;REA;Actuadores;3140CA029;04:21;04:22;1;Maintenance;CHW;Consumables;Argon;cambio de tambo,,,,,,;no;no
2025-03-29;REA;Actuadores;3140CA029;05:03;05:06;3;Equipment Fault;Robots;R80;;gripper atorado,,,,,,;no;no
2025-03-29;REA;Actuadores;3140CA029;05:29;05:30;1;Equipment Fault;Robots;R80;;gripper atoradon,,,,,,;no;no
2025-03-29;REA;Actuadores;3140CA029;06:56;06:57;1;Equipment Fault;Robots;R75;;gripper no suelta cover,,,,,,;no;no
2025-03-28;REA;Actuadores;3140CA029;07:04;07:21;17;Maintenance;REA;General;Checklist;Checklist, cambio consumibles, cambio puntas y ajuste pressor,,,,;si;no
2025-03-28;REA;Actuadores;3140CA029;09:35;09:48;13;Equipment Fault;EOL;St4;Gripper NOK;Revision prueba No load en gripper por problema recurrente en la semana de falla en prueba de torque, analisis, ajuste mecanico de los coples, ruteo de cables,,,;no;no
2025-03-28;REA;Actuadores;3140CA029;07:58;08:31;33;Equipment Fault;USW;St11;Weld NOK;Overweld, scrap muy alto, ajustes mecanico, pruebas de burbuja,, sea  abren piezas, se ajustan parametros;no;no
2025-03-28;REA;Actuadores;3140CA029;10:40;10:49;9;Equipment Fault;CAW;LWS;NOK Condition;CLS1 reporta piezas con blowholes, se da limpieza en canal para el flujo de nitro en el pressor,,,,,;no;no
2025-03-28;REA;Actuadores;3140CA029;10:51;10:53;2;Equipment Fault;Main conveyor;Main conveyor;Lift;Pallets no llegan hasta el final por unas esponjas y cintas gastadas en el lift, causando que no lo detecte el sensor,,,,,;no;no
2025-03-28;REA;Actuadores;3140CA029;11:18;11:24;6;Equipment Fault;USW;St11;Weld NOK;Despues de estabilizar completamente el equipo y correr bien por un par de horas vuelve a dispararse el scrap, con piezas totalmente quemadas sin nnguna modificacion en parametros o condiciones fisicas, se ajusta nuevamente,,,,;no;no
2025-03-28;REA;Actuadores;3140CA029;11:25;11:26;1;Equipment Fault;Robots;R70;Vacuum system;Se reemplazan ventosas por tiempo de ciclo alto,,,,,,;no;no
2025-03-28;REA;Actuadores;3140CA029;11:29;12:30;61;Equipment Fault;Robots;R80;Gripper/tool adjustments;Paros repetitivos, robot no retiene la pieza en el gripper al no esta el tool paralelo, al intentar ajustar se encuentra tornillo barrido por lo que fue necesario extraerlo siendo esto el mayor tiempo de intervencion,,,,;no;no
2025-03-28;REA;Actuadores;3140CA029;12:30;13:15;45;Equipment Fault;USW;St11;Weld NOK;Ajustes por scrap alto,,,,,,;no;no
2025-03-28;REA;Actuadores;3140CA029;07:23;07:30;7;Equipment Fault;CAW;Jig/Index;Index not in home;Proceso lento por falla en insercion de crank, se ajusta mesa,,,,,;no;no
2025-03-28;REA;Actuadores;3140CA029;07:30;07:36;6;Equipment Fault;CAW;Jig/Index;Presence sensor;Al intentar arrancar falla por sensor de jig detectando por suciedad,,,,,,;no;no
2025-03-28;REA;Actuadores;3140CA029;07:40;07:46;6;Equipment Fault;731;731;Tool ;Prensa levanta body, robot 40 intenta tomarlo del pallet, falla su secuencia tras intervencion no efectiva,,,,;no;no
2025-03-28;REA;Actuadores;3140CA029;07:48;07:53;5;Equipment Fault;USW;St14;Lower Jig;Revision de orings por scrap alto,,,,,,;no;no
2025-03-29;REA;Actuadores;3140CA029;07:11;07:23;12;Maintenance;REA;General;Checklist;Checklist,,,,,,;si;no
2025-03-29;REA;Actuadores;3140CA029;07:31;07:33;2;Equipment Fault;Robots;R75;Motion supervision/Joint collision;Falla al ensamblar cover,,,,,,;no;no
2025-03-29;REA;Actuadores;3140CA029;07:44;07:46;2;Equipment Fault;731;731;Tool ;Prensa levanta body, robot intenta tomarlo del pallet,,,,,;no;no
2025-03-29;REA;Actuadores;3140CA029;07:53;07:55;2;Equipment Fault;MAT;St5;Axis not in home;MAT no continua secuencia al perder el home la St5 y no permitir girar el index,,,,,,;no;no
2025-03-29;REA;Actuadores;3140CA029;10:00;10:45;45;Equipment Fault;Robots;R80;Gripper/tool adjustments;Tool suelta pieza, herramentales gasatados, doblados, etc, ajuste, monitoreo y reajuste no toma correctamente o causa fallas al abrir,;no;no
2025-03-29;REA;Actuadores;3140CA029;10:00;10:45;45;Equipment Fault;Robots;R80;Gripper/tool adjustments;Tool suelta pieza, herramentales gasatados, doblados, etc, ajuste, monitoreo y reajuste no toma correctamente o causa fallas al abrir,;no;no
2025-03-29;REA;Actuadores;3140CA029;10:58;11:44;46;Equipment Fault;REA;General;PLC ;Z1-2 Se comienza queda en stopping sin ninguna intervencion humana, ninguna maquina en alarma, nunca termina el ciclo de parar. En el HMI aparecen multiples alarmas, se pierde secuencia y no continua,,,;no;no
2025-03-29;REA;Actuadores;3140CA029;13:52;13:56;4;Equipment Fault;Robots;R70;Motion supervision/Joint collision;Levanto cover con magnet y ogiva, colisiono al intentar poner otra ogiva. Se reestablece, se reemplaza ogiva,,,,;no;no
2025-03-29;REA;Actuadores;3140CA029;15:08;15:09;1;Equipment Fault;Robots;R70;Vacuum system;,,,,,,;no;no
2025-03-29;REA;Actuadores;3140CA029;15:10;15:11;1;Equipment Fault;Robots;R80;Gripper/tool adjustments;no abrio gripper,,,,,,;no;no
2025-03-29;REA;Actuadores;3140CA029;03:12;15:13;721;Equipment Fault;Robots;R70;Vacuum system;,,,,,,;no;no
2025-03-29;REA;Actuadores;3140CA029;15:15;15:18;3;Equipment Fault;MSA;MSA;Driver;no continuo ciclo,,,,,,;no;no
2025-03-29;REA;Actuadores;3140CA029;15:31;15:32;1;Equipment Fault;Robots;R80;Gripper/tool adjustments;no abrio gripper,,,,,,;no;no
2025-03-29;REA;Actuadores;3140CA029;15:35;15:36;1;Production;Aux;710;NOK material;motor con mal orientación,,,,,,;no;no
2025-03-29;REA;Actuadores;3140CA029;15:44;15:45;1;Equipment Fault;Robots;R80;Gripper/tool adjustments;no abrio gripper,,,,,,;no;no
2025-03-29;REA;Actuadores;3140CA029;15:51;15:52;1;Equipment Fault;Robots;R75;Motion supervision/Joint collision;,,,,,,;no;no
2025-03-29;REA;Actuadores;3140CA029;15:57;15:58;1;Equipment Fault;Robots;R80;Gripper/tool adjustments;no abrio gripper,,,,,,;no;no
2025-03-29;REA;Actuadores;3140CA029;15:58;16:02;4;Equipment Fault;EOL;St4;CRIO NOK;reinicio de crio,,,,,,;no;no
2025-03-29;REA;Actuadores;3140CA029;16:24;16:34;10;Equipment Fault;REA;General;Electrical system;sin red electrica compresor alarmado,,,,,,;no;no
2025-03-29;REA;Actuadores;3140CA029;16:39;16:40;1;Equipment Fault;Main conveyor;Main conveyor;Singulator NOK;pallet atorado por singulator,,,,,,;no;no
2025-03-29;REA;Actuadores;3140CA029;16:55;16:58;3;Equipment Fault;Robots;R80;Gripper/tool adjustments;problemas para abrir el gripper,,,,,,;no;no
2025-03-29;REA;Actuadores;3140CA029;17:20;17:25;5;Equipment Fault;Main conveyor;Main conveyor;Motor;motor desfazaado de la flecha,,,,,,;no;no
2025-03-29;REA;Actuadores;3140CA029;17:58;17:59;1;Equipment Fault;Robots;R75;Motion supervision/Joint collision;,,,,,,;no;no
2025-03-29;REA;Actuadores;3140CA029;18:02;18:04;2;Equipment Fault;Robots;R70;Vacuum system;ventosa caida (se remplazaron),,,,,,;no;no
2025-03-29;REA;Actuadores;3140CA029;19:30;19:33;3;Equipment Fault;Robots;R80;Gripper/tool adjustments;se engraso bastagos del cilindro,,,,,,;no;no
2025-03-29;REA;Actuadores;3140CA029;20:10;20:11;1;Equipment Fault;CHW;St2;Vacuum system;,,,,,,;no;no
2025-03-29;REA;Actuadores;3140CA029;20:18;20:20;2;Equipment Fault;MAT;St3;Feeder;tornillos atorados en riel,,,,,,;no;no
2025-03-29;REA;Actuadores;3140CA029;20:19;20:20;1;Equipment Fault;Robots;R80;Gripper/tool adjustments;no abrio gripper,,,,,,;no;no
2025-03-29;REA;Actuadores;3140CA029;20:24;20:25;1;Equipment Fault;CHW;St2;Vacuum system;,,,,,,;no;no
2025-03-29;REA;Actuadores;3140CA029;20:40;20:41;1;Equipment Fault;CHW;St2;Vacuum system;,,,,,,;no;no
2025-03-29;REA;Actuadores;3140CA029;20:52;20:53;1;Equipment Fault;CHW;St2;Vacuum system;,,,,,,;no;no
2025-03-29;REA;Actuadores;3140CA029;21:07;21:08;1;Equipment Fault;CHW;St2;Vacuum system;,,,,,,;no;no
2025-03-29;REA;Actuadores;3140CA029;21:12;21:13;1;Equipment Fault;Robots;R80;Gripper/tool adjustments;no abrio gripper,,,,,,;no;no
2025-03-29;REA;Actuadores;3140CA029;21:26;21:27;1;Equipment Fault;915;915;Dart sensor;se le cayo la ogiva,,,,,,;no;no
2025-03-29;REA;Actuadores;3140CA029;21:41;21:42;1;Equipment Fault;Robots;R80;Gripper/tool adjustments;no abrio gripper,,,,,,;no;no
2025-03-29;REA;Actuadores;3140CA029;21:45;21:47;2;Equipment Fault;USW;St11;Weld NOK;cambio de cinta y limpieza por alto scrap,,,,,,;no;no
2025-03-29;REA;Actuadores;3140CA029;21:51;21:52;1;Equipment Fault;MAT;St6;Dispensation system;se desconecto manguera de aire,,,,,,;no;no
2025-03-29;REA;Actuadores;3140CA029;21:55;21:56;1;Equipment Fault;Robots;R75;Motion supervision/Joint collision;,,,,,,;no;no
2025-03-29;REA;Actuadores;3140CA029;22:27;22:28;1;Equipment Fault;CHW;St2;Vacuum system;,,,,,,;no;no
2025-03-31;REA;Actuadores;3140CA029;07:00;08:13;73;Quality;REA;General;SOP;Liberación Lunes,,,,,,;no;no
2025-03-31;REA;Actuadores;3140CA029;08:13;08:20;7;Production;REA;General;No staff;Atendiendo Moldeo,,,,,,;no;no
2025-03-31;REA;Actuadores;3140CA029;08:30;08:34;4;Equipment Fault;CAW;CPA;SCARA;Falla robot, se queda en zona de pick,,,,,;no;no
2025-03-31;REA;Actuadores;3140CA029;08:34;08:42;8;Equipment Fault;REA;General;Pneumatic System;Falla compresor,,,,,,;no;no
2025-03-31;REA;Actuadores;3140CA029;08:44;08:50;6;Maintenance;CHW;Consumables;Chip reel;Cambio de chip,,,,,,;no;no
2025-03-31;REA;Actuadores;3140CA029;08:50;08:54;4;Equipment Fault;CAW;CPA;SCARA;Falla robot, se queda en zona de pick,,,,,;no;no
2025-03-31;REA;Actuadores;3140CA029;09:13;09:16;3;Equipment Fault;CAW;CPA;SCARA;Falla robot, se queda en zona de pick,,,,,;no;no
2025-03-31;REA;Actuadores;3140CA029;09:32;09:39;7;Equipment Fault;CAW;CPA;SCARA;Falla robot, se queda en zona de pick,,,,,;no;no
2025-03-31;REA;Actuadores;3140CA029;09:45;10:03;18;Equipment Fault;CAW;CPA;SCARA;Se reinicia equipo completo, Falla robot, se queda en zona de pick,,,,;no;no
2025-03-31;REA;Actuadores;3140CA029;10:50;10:51;1;Equipment Fault;Robots;R80;Incorrect pick/place;Gripper atorado en 974,,,,,,;no;no
2025-03-31;REA;Actuadores;3140CA029;10:14;10:24;10;Equipment Fault;CAW;CPA;SCARA;Falla robot, se queda en zona de pick,,,,,;no;no
2025-03-31;REA;Actuadores;3140CA029;11:01;11:02;1;Equipment Fault;731;731;Feed piston;Falla al solter pin en cavidad, cae sobre pallet y causa scraps en 730,,,,,;no;no
2025-03-31;REA;Actuadores;3140CA029;11:05;11:08;3;Equipment Fault;Robots;R75;Motion supervision/Joint collision;Falla al ensamblar cover,,,,,,;no;no
2025-03-31;REA;Actuadores;3140CA029;11:45;11:47;2;Equipment Fault;Robots;R75;Motion supervision/Joint collision;Falla al ensamblar cover,,,,,,;no;no
2025-03-31;REA;Actuadores;3140CA029;11:42;11:45;3;Equipment Fault;USW;St11;Branson;buje de body se sale por proceso de vibracion,,,,,,;no;no
2025-03-31;REA;Actuadores;3140CA029;12:01;12:10;9;Equipment Fault;EOL;St4;CRIO NOK;Falla Crio requiere reinicio de aplicacion, despues gripper se queda atorado,,,,,;no;no
2025-03-31;REA;Actuadores;3140CA029;11:25;11:26;1;Equipment Fault;MAT;St3;Feeder;tornillos atorados en riel,,,,,,;no;no
2025-03-31;REA;Actuadores;3140CA029;12:30;12:31;1;Equipment Fault;Main conveyor;Main conveyor;Singulator NOK;pallet atorado por singulator,,,,,,;no;no
2025-03-31;REA;Actuadores;3140CA029;12:47;12:49;2;Equipment Fault;Robots;R80;Gripper/tool adjustments;No abrio gripper 1,,,,,,;no;no
2025-03-31;REA;Actuadores;3140CA029;13:02;13:05;3;Equipment Fault;USW;St14;Lower Jig;rebaba genera scraps, limpieza,,,,,;no;no
2025-03-31;REA;Actuadores;3140CA029;15:12;15:15;3;Equipment Fault;Robots;R70;NOK material;se le cae bentosa,,,,,,;no;no
2025-03-31;REA;Actuadores;3140CA029;15:23;15:25;2;Equipment Fault;Conveyors;General;Waiting for spare part;pallet atorado,,,,,,;no;no
2025-03-31;REA;Actuadores;3140CA029;20:17;20:19;2;Equipment Fault;731;731;Tool ;pin mal posicionado,,,,,,;no;no
2025-03-31;REA;Actuadores;3140CA029;20:37;20:40;3;Equipment Fault;Robots;R80;Gripper/tool adjustments;gripper no abre,,,,,,;no;no
2025-03-31;REA;Actuadores;3140CA029;21:07;21:10;3;Equipment Fault;Robots;R70;Gripper/tool adjustments;no pone bien cover,,,,,,;no;no
2025-03-31;REA;Actuadores;3140CA029;21:21;21:23;2;Equipment Fault;Robots;R80;Gripper/tool adjustments;no abre gripper se queda en scrap,,,,,,;no;no
2025-03-31;REA;Actuadores;3140CA029;20:57;21:01;4;Production;MAT;St3;Feeder;se queda sin material (tornillo),,,,,,;no;no
2025-03-31;REA;Actuadores;3140CA029;22:30;22:38;8;Maintenance;REA;General;Checklist;Checklist,,,,,,;si;no
2025-03-31;REA;Actuadores;3140CA029;23:12;23:20;8;Equipment Fault;EOL;St4;Gripper NOK;Proceso lento por fallo en St4 torque RMS, al repetir pasa como OK, revision en el gripper, no se encuentra nada inusual,,,;no;no
2025-04-01;REA;Actuadores;3140CA029;03:27;03:42;15;Equipment Fault;EOL;St4;Gripper NOK;Proceso muy lento por repeticion en inspecciones, revision, reinicio, se buscan ajustes o causas,,,;no;no
2025-04-01;REA;Actuadores;3140CA029;02:44;02:52;8;Maintenance;REA;General;Checklist;Checklist 500 pz,,,,,,;si;no
2025-04-01;REA;Actuadores;3140CA029;03:47;04:00;13;Equipment Fault;EOL;General;Safety system;Equipo se alarma, index queda en medio de giro, despues no responde  y no es posible restablecer. Al responder se manda todo a scrap,,,,;no;no
2025-04-01;REA;Actuadores;3140CA029;07:00;07:30;30;Maintenance;REA;General;Checklist;Mantenimiento general,,,,,,;no;no
2025-04-01;REA;Actuadores;3140CA029;07:53;08:02;9;Equipment Fault;USW;St11;Weld NOK;Scraps continuas, ajustar parametros y colocar cinta,,,,,;no;no
2025-04-01;REA;Actuadores;3140CA029;08:04;08:11;7;Equipment Fault;CAW;General;Software/PC;Sistema de vision NOK, scraps continuos, area de inspeccion desfasada,,,,;no;no
2025-04-01;REA;Actuadores;3140CA029;08:40;08:45;5;Equipment Fault;USW;St11;Weld NOK;Scraps, ajustar parametros /  cinta,,,,,;no;no
2025-04-01;REA;Actuadores;3140CA029;09:20;09:30;10;Equipment Fault;Robots;R80;Incorrect pick/place;Se atora repetidas veces, Revisar posiciones R80,,,,,;no;no
2025-04-01;REA;Actuadores;3140CA029;10:55;11:05;10;Equipment Fault;USW;St11;Weld NOK;Scraps continuas, ajustar parametros y colocar cinta,,,,,;no;no
2025-04-01;REA;Actuadores;3140CA029;11:36;11:50;14;Equipment Fault;USW;St11;Weld NOK;Scraps continuos, ajustar parametros,,,,,;no;no
2025-04-01;REA;Actuadores;3140CA029;12:30;15:00;150;Equipment Fault;USW;St11;Weld NOK;Soldadura nok, ajustar y revisar parametros,,,,,;no;no
2025-03-31;REA;Actuadores;3140CA029;13:06;13:10;4;Quality;EOL;General;Scrapbox full;Scrapbox lleno,,,,,,;no;no
2025-03-31;REA;Actuadores;3140CA029;13:23;15:00;97;Equipment Fault;CAW;LWS;NOK Condition;Soldadura desfasada derivada de apagon de equipo, centrar samlight,,,,,;no;no
2025-04-01;REA;Actuadores;3140CA029;15:12;15:15;3;Equipment Fault;Robots;R75;Module error;gripper no abre,,,,,,;no;no
2025-04-01;REA;Actuadores;3140CA029;15:24;15:29;5;Equipment Fault;Robots;R80;Module error;gripper se queda sin abrir,,,,,,;no;no
2025-04-01;REA;Actuadores;3140CA029;15:42;15:45;3;Equipment Fault;Conveyors;General;NOK material;oghiva no detectada por sensor,,,,,,;no;no
2025-04-01;REA;Actuadores;3140CA029;15:51;15:55;4;Equipment Fault;Conveyors;General;PLC ;modulo no cierra y pallet no avanza.,,,,,,;no;no
2025-04-01;REA;Actuadores;3140CA029;16:06;16:10;4;Equipment Fault;Conveyors;General;NOK material;limpieza de ogivas,,,,,,;no;no
2025-04-01;REA;Actuadores;3140CA029;16:21;16:23;2;Equipment Fault;Robots;R80;PLC ;no abre gripper,,,,,,;no;no
2025-04-01;REA;Actuadores;3140CA029;16:44;16:47;3;Equipment Fault;Robots;R70;Vacuum system;no agarra gear,,,,,,;no;no
2025-04-01;REA;Actuadores;3140CA029;16:52;16:55;3;Equipment Fault;Conveyors;General;NOK material;no detecta pallet,,,,,,;no;no
2025-04-01;REA;Actuadores;3140CA029;17:12;17:15;3;Equipment Fault;USW;St11;Weld NOK;scrap,,,,,,;no;no
2025-04-01;REA;Actuadores;3140CA029;17:24;17:27;3;Equipment Fault;CHW;St2;Vacuum system;chip atorado en gig,,,,,,;no;no
2025-04-01;REA;Actuadores;3140CA029;17:37;17:40;3;Equipment Fault;Conveyors;General;PLC ;sensor no detecta ogiva,,,,,,;no;no
2025-04-01;REA;Actuadores;3140CA029;17:55;17:59;4;Equipment Fault;CHW;Consumables;Argon dispensatio;cambio de tambo,,,,,,;no;no
2025-04-01;REA;Actuadores;3140CA029;18:12;18:15;3;Equipment Fault;Robots;R75;NOK material;no lee ogiva,,,,,,;no;no
2025-04-01;REA;Actuadores;3140CA029;18:21;18:25;4;Equipment Fault;CHW;St2;Vacuum system;chip atorado en gij,,,,,,;no;no
2025-04-01;REA;Actuadores;3140CA029;18:34;18:37;3;Equipment Fault;Robots;R70;NOK material;tira grea,,,,,,;no;no
2025-04-01;REA;Actuadores;3140CA029;18:45;18:48;3;Equipment Fault;USW;General;NOK material;limpieza de gij,,,,,,;no;no
2025-04-01;REA;Actuadores;3140CA029;18:21;18:23;2;Equipment Fault;Main conveyor;Main conveyor;Inductive sensor;ogiva,,,,,,;no;no
2025-04-01;REA;Actuadores;3140CA029;18:37;18:39;2;Equipment Fault;Main conveyor;Main conveyor;Inductive sensor;ogiva,,,,,,;no;no
2025-04-01;REA;Actuadores;3140CA029;18:41;18:44;3;Equipment Fault;Main conveyor;Main conveyor;Inductive sensor;ogiva,,,,,,;no;no
2025-04-01;REA;Actuadores;3140CA029;18:49;18:51;2;Equipment Fault;Main conveyor;Main conveyor;Inductive sensor;ogiva,,,,,,;no;no
2025-04-01;REA;Actuadores;3140CA029;19:03;19:06;3;Equipment Fault;USW;General;Waiting for spare part;ajuste de collapse 0.95 a 0.94,,,,,,;no;no
2025-04-01;REA;Actuadores;3140CA029;20:06;20:09;3;Equipment Fault;Main conveyor;Main conveyor;Inductive sensor;sing 22 RFID falla,,,,,,;no;no
2025-04-01;REA;Actuadores;3140CA029;20:12;20:14;2;Equipment Fault;Main conveyor;Main conveyor;Inductive sensor;RFID falla,,,,,,;no;no
2025-04-01;REA;Actuadores;3140CA029;20:16;20:18;2;Equipment Fault;Robots;R75;NOK material;no pone cover,,,,,,;no;no
2025-04-01;REA;Actuadores;3140CA029;20:34;20:42;8;Production;REA;General;NOK material;motor al revez,,,,,,;no;no
2025-04-01;REA;Actuadores;3140CA029;20:39;20:42;3;Equipment Fault;731;731;Tool ;pin chueco,,,,,,;no;no
2025-04-01;REA;Actuadores;3140CA029;21:06;21:08;2;Equipment Fault;Robots;R70;NOK material; al ensamblar no abre gripper,,,,,,;no;no
2025-04-01;REA;Actuadores;3140CA029;21:14;21:16;2;Equipment Fault;Robots;R75;Waiting for spare part;no abre gripper,,,,,,;no;no
2025-04-01;REA;Actuadores;3140CA029;21:17;21:19;2;Equipment Fault;Robots;R70;NOK material;ajuste de locking 24,,,,,,;no;no
2025-04-01;REA;Actuadores;3140CA029;21:20;21:22;2;Equipment Fault;Robots;R80;Waiting for spare part;se atora ed st 974,,,,,,;no;no
2025-04-01;REA;Actuadores;3140CA029;21:26;21:28;2;Quality;Main conveyor;Main conveyor;Inductive sensor;sensor no lee ogiva,,,,,,;no;no
2025-04-01;REA;Actuadores;3140CA029;22:02;22:04;2;Production;Robots;R38;NOK material;motor al revez,,,,,,;no;no
2025-04-01;REA;Actuadores;3140CA029;22:30;22:41;11;Maintenance;REA;General;Checklist;Checklist,,,,,,;si;no
2025-04-01;REA;Actuadores;3140CA029;23:20;23:26;6;Equipment Fault;Main conveyor;Main conveyor;Inductive sensor;Ajuste altura de sensor tras fallos repetitivos,,,,,,;no;no
2025-04-02;REA;Actuadores;3140CA029;00:03;00:11;8;Equipment Fault;USW;St11;Weld NOK;Alto scrap, se revisan piezas se encuentra overweld. Se reduce amplitud de 65% a 64%, se quita el pretrigger, se aumenta colapso de 0.93 a 0.95,,,;no;no
2025-04-02;REA;Actuadores;3140CA029;00:16;00:22;6;Equipment Fault;915;915;Dart sensor;Paros repetitivos por sensor no detectando ogiva, se ajusta sensor, al continuar la falla se quita brillo de ogivas con estopa roja,,,,;no;no
2025-04-02;REA;Actuadores;3140CA029;00:29;00:30;1;Equipment Fault;620;620;Tool ;No toma correctamente el bearing,,,,,,;no;no
2025-04-02;REA;Actuadores;3140CA029;13:15;13:22;7;Equipment Fault;Robots;R75;Gripper/tool adjustments;Fallas repetitivas al ensamblar el cover, se coloca cinta en el gripper para mas agarre,,,,,;no;no
2025-04-02;REA;Actuadores;3140CA029;03:41;03:53;12;Equipment Fault;Robots;R75;Gripper/tool adjustments;No toma corretcamente el cover y falla al ensamblar,,,,,,;no;no
2025-04-02;REA;Actuadores;3140CA029;04:02;04:09;7;Equipment Fault;USW;St11;Weld NOK;Scrap alto,,,,,,;no;no
2025-04-02;REA;Actuadores;3140CA029;05:33;05:50;17;Equipment Fault;USW;St11;Weld NOK;Se presen,,,,,,;no;no
2025-04-02;REA;Actuadores;3140CA029;06:12;06:24;12;Equipment Fault;CCC;General;Software/PC;App y PC no responden,,,,,,;no;no
2025-04-02;REA;Actuadores;3140CA029;06:30;06:33;3;Maintenance;CAW;Consumables;Nitrogen;Cambio tanque,,,,,,;no;no
2025-04-02;REA;Actuadores;3140CA029;07:00;07:10;10;Maintenance;REA;General;Checklist;Checklist y revision soldadura USW,,,,,,;si;no
2025-04-02;REA;Actuadores;3140CA029;07:22;07:45;23;Equipment Fault;USW;St11;Weld NOK;Scraps continuos, paradas constantes por ajuste de parametros,,,,,;no;no
2025-03-31;REA;Actuadores;3140CA029;17:20;20:05;165;Equipment Fault;Robots;R75;TBD;soporte de mangueras se quebro,,,,,,;no;no
2025-04-02;REA;Actuadores;3140CA029;08:46;08:53;7;Equipment Fault;USW;St11;Weld NOK;Scraps continuos, cambio de soporte esponja,,,,,;no;no
2025-04-02;REA;Actuadores;3140CA029;09:10;09:15;5;Equipment Fault;USW;St11;Weld NOK;Scraps, cambio de esponja,,,,,;no;no
2025-04-02;REA;Actuadores;3140CA029;09:25;09:35;10;Equipment Fault;USW;St11;Weld NOK;Scraps, amp de 66% a 64%, ajuste en soporte y cambio de esponja,,,,;no;no
2025-04-02;REA;Actuadores;3140CA029;10:40;15:00;260;Equipment Fault;USW;St11;Branson;Sonotrodo NOK, constante scrap, instalacion de sonotrodo 129-504T,,,,;no;no
2025-04-03;REA;Actuadores;3140CA029;07:10;07:25;15;Production;REA;General;Scheduled production stop;En espera de instrucciones Plan de producción,,,,,,;no;no
2025-04-03;REA;Actuadores;3140CA029;07:25;07:40;15;Quality;REA;General;Scheduled production stop;En espera de vaciado de scrapbox después de retrabajo,,,,,,;no;no
2025-04-03;REA;Actuadores;3140CA028;22:32;22:37;5;Equipment Fault;CHW;St4;Pressor;Se ajusta pressor y samlight, como tambien se ajusta flujo de argon,,,,,;no;no
2025-04-03;REA;Actuadores;3140CA028;22:35;22:40;5;Maintenance;USW;St14;Lower Jig;Se hace checklist a usw,,,,,,;si;no
2025-04-03;REA;Actuadores;3140CA028;23:02;23:06;4;Quality;CHW;General;Scrapbox full;Scrab box full,,,,,,;no;no
2025-04-03;REA;Actuadores;3140CA028;23:11;23:13;2;Equipment Fault;Main conveyor;Main conveyor;Lock NOK;Pallet atorado,,,,,,;no;no
2025-04-03;REA;Actuadores;3140CA028;23:23;23:28;5;Equipment Fault;USW;St11;Jig;Se cambia esponja para nivelar actuador,,,,,,;no;no
2025-04-04;REA;Actuadores;3140CA028;00:20;00:22;2;Equipment Fault;Robots;R80;Incorrect pick/place;Gripper no abre en estacion 974,,,,,,;no;no
2025-04-04;REA;Actuadores;3140CA028;00:27;00:34;7;Equipment Fault;EOL;General;NOK material;Se revisan conexiones por scrap repetitivo en jig,,,,,,;no;no
2025-04-04;REA;Actuadores;3140CA028;00:36;00:38;2;Equipment Fault;Robots;R80;Incorrect pick/place;Gripper no abre correctamente en estacion 974,,,,,,;no;no
2025-04-04;REA;Actuadores;3140CA028;00:40;00:52;12;Equipment Fault;CAW;Jig/Index;Ingun actuator;Se ajusta posicion de ingun, para que hiciera buen contacto,,,,,;no;no
2025-04-04;REA;Actuadores;3140CA028;01:25;01:55;30;Equipment Fault;Robots;R80;Incorrect pick/place;Se ajusta posicion de gripper y se ajusta tornilleria,,,,,,;no;no
2025-04-04;REA;Actuadores;3140CA028;02:13;02:19;6;Equipment Fault;EOL;General;Software/PC;Se reicinia crio y aplicacion por error ptc,,,,,,;no;no
2025-04-04;REA;Actuadores;3140CA028;02:32;03:28;56;Equipment Fault;Aux;710;Electrical system;Conector de sensor en mal estado por moviento de estacion.se extiende tiempo de falla por falta de llaves allen para sensores,,,,,,;no;no
2025-04-04;REA;Actuadores;3140CA028;05:21;05:24;3;Quality;EOL;General;Scrapbox full;Scrap box full,,,,,,;no;no
2025-04-04;REA;Actuadores;3140CA028;05:25;05:30;5;Equipment Fault;Main conveyor;Main conveyor;Lock NOK;Pallet atorado, repitio falla dos veces seguidas,,,,,;no;no
2025-04-04;REA;Actuadores;3140CA028;05:50;05:56;6;Equipment Fault;EOL;Jigs;Pogopins;Sensor no llegaba a posicion final,,,,,,;no;no
2025-04-04;REA;Actuadores;3140CA028;05:58;06:00;2;Equipment Fault;731;731;Bowl/Lineal feeder;Cilindro lineal no regresaba a posicion, se reinicia ciclo,,,,,;no;no
2025-04-04;REA;Actuadores;3140CA028;06:10;06:13;3;Equipment Fault;USW;St14;Lower Jig;Se hace limpieza de jig por rebaba acumulada,,,,,,;no;no
2025-04-04;REA;Actuadores;3140CA028;06:16;06:24;8;Equipment Fault;EOL;St2;CRIO NOK;falla de st 2, repite prueba, se verifica que no sea el jig,,,,;no;no
2025-04-04;REA;Actuadores;3140CA028;06:25;06:31;6;Equipment Fault;CAW;CPA;Feeder;Crank atorado time out ,,,,,,;no;no
2025-04-04;REA;Actuadores;3140CA028;06:34;06:38;4;Equipment Fault;USW;St14;Lower Jig;Se limpia jig por scrap, rebaba acumulada,,,,,;no;no
2025-04-04;REA;Actuadores;3140CA028;12:25;12:28;3;Maintenance;MAT;Consumables;Grease;cambio de grasa,,,,,,;no;no
2025-04-04;REA;Actuadores;3140CA028;22:47;22:52;5;Quality;EOL;General;Scrapbox full;Scrap box full,,,,,,;no;no
2025-04-04;REA;Actuadores;3140CA028;11:06;11:11;5;Equipment Fault;EOL;St2;Gripper NOK;Revision de gripper por alto scrap,,,,,,;no;no
2025-04-04;REA;Actuadores;3140CA028;11:22;11:27;5;Equipment Fault;EOL;General;Software/PC;Reinicio de app por alto scrap en st 1,,,,,,;no;no
2025-04-04;REA;Actuadores;3140CA028;11:33;11:37;4;Equipment Fault;EOL;Jigs;Jig actuator;Revision de cableado por scrap repetitivo en jig 3 y 4,,,,,,;no;no
2025-04-05;REA;Actuadores;3140CA028;00:13;00:21;8;Quality;EOL;General;NOK material;Material mezclado, actuador completo con codigo con retrabajo,,,,,;no;no
2025-04-05;REA;Actuadores;3140CA028;00:35;01:06;31;Equipment Fault;EOL;General;NOK material;Material con otro angulo fallaba en st 2, se sortea material de retrabajo antes de meter a proceso,,,,,;no;no
2025-04-05;REA;Actuadores;3140CA028;02:08;04:06;118;Production;REA;General;Change Over;Calibracion de gripper para cambia a 027 ,,,,,,;no;no
2025-04-05;REA;Actuadores;3140CA027;04:20;04:28;8;Equipment Fault;REA;General;Pneumatic System;Compressor alarmado,,,,,,;no;no
2025-04-03;REA;Actuadores;3140CA028;22:50;22:53;3;Equipment Fault;MAT;St3;INTOCO;Tornillo atorado,,,,,,;no;no
2025-04-04;REA;Actuadores;3140CA028;22:32;22:42;10;Equipment Fault;EOL;St2;Gripper NOK;Recalibracion de gripper st2,,,,,,;no;no
2025-04-04;REA;Actuadores;3140CA028;11:35;11:55;20;Equipment Fault;USW;St14;Lower Jig;scraps continuos", mantenimiento a jig,,,,,;no;no
2025-04-04;REA;Actuadores;3140CA028;09:25;09:28;3;Equipment Fault;EOL;St3;Gripper NOK;scraps, recalibrar,,,,,;no;no
2025-04-04;REA;Actuadores;3140CA028;08:36;08:37;1;Equipment Fault;Aux;910;;Ojiva cae,,,,,,;no;no
2025-04-04;REA;Actuadores;3140CA028;08:24;08:26;2;Equipment Fault;Main conveyor;Main conveyor;;Pallet atorado en guias,,,,,,;no;no
2025-04-04;REA;Actuadores;3140CA028;08:17;08:21;4;Equipment Fault;EOL;St2;Gripper NOK;scraps, recalibracion,,,,,;no;no
2025-04-04;REA;Actuadores;3140CA028;08:12;08:13;1;Equipment Fault;Aux;910;;Se cae ojiva,,,,,,;no;no
2025-04-04;REA;Actuadores;3140CA028;08:00;08:04;4;Equipment Fault;Main conveyor;Main conveyor;Inductive sensor;Pallet avanza por falla en sensor 2 veces, se limpia,,,,,;no;no
2025-04-04;REA;Actuadores;3140CA028;07:40;07:43;3;Equipment Fault;Robots;R70;Vacuum system;Ventosas rotas, cambio despues de vacumm off,,,,,;no;no
2025-04-04;REA;Actuadores;3140CA028;07:15;07:20;5;Maintenance;REA;General;Checklist;Ademas se sacan muestras SOP,,,,,,;no;no
2025-04-03;REA;Actuadores;3140CA028;10:07;15:00;293;Quality;REA;General;Change Over;En espera de liberacion, se pasan masters y mediciones,,,,,;no;no
2025-04-03;REA;Actuadores;3140CA028;08:10;10:07;117;Maintenance;REA;General;Change Over;Set up CAW, EOL y etc. se sacan muestras,,,,,;no;no
2025-03-29;REA;Actuadores;3140CA029;23:53;23:59;6;Equipment Fault;REA;General;PLC ;Tras el fallo en la secuencia anterior, al dar la vuelta los pallets comenzo a tener problemas, colocando piezas sobre pallets que estaban completos, se tuvo que revisar y borrar,,,;no;no
2025-04-05;REA;Actuadores;3140CA027;08:10;08:25;15;Quality;USW;General;Scrapbox full;Mucho material de retrabajo NOK,,,,,,;no;no
2025-04-05;REA;Actuadores;3140CA027;08:58;09:09;11;Quality;USW;General;Scrapbox full;Mucho material de retrabajo NOK,,,,,,;no;no
2025-04-07;REA;Actuadores;3140CS022;09:00;09:05;5;Equipment Fault;CAW;CPA;Vision system;crank mal posicion para el sistema de vision,,,,,,;no;no
2025-04-07;REA;Actuadores;3140CS022;09:10;09:11;1;Equipment Fault;Main conveyor;Main conveyor;Singulator NOK;pallet atorado por singulator,,,,,,;no;no
2025-04-05;REA;Actuadores;3140CS022;14:30;15:00;30;Quality;REA;General;Change Over;Esperando liberacion,,,,,,;si;no
2025-04-05;REA;Actuadores;3140CS022;12:40;14:30;110;Maintenance;REA;General;Change Over;Set up gm22,,,,,,;no;no
2025-04-05;REA;Actuadores;3140CA027;10:36;10:46;10;Quality;USW;General;Scrapbox full;Mucho material de retrabajo NOK,,,,,,;no;no
2025-04-07;REA;Actuadores;3140CS022;07:00;08:00;60;Quality;EOL;General;Scrapbox full;Scrapbox full, EOL, CAW, USW y general,,,;no;no
2025-04-07;REA;Actuadores;3140CS022;08:20;08:25;5;Maintenance;REA;General;;Test Italy, updated PLC for new mag and press,,,,,;no;no
2025-04-07;REA;Actuadores;3140CS022;09:30;11:30;120;Equipment Fault;EOL;St1;PTC;Jig 5 falla continua, se cambian pines y jig y falla continua, pendiente soporte ITALIA,,,,;no;no
2025-04-07;REA;Actuadores;3140CS022;11:40;11:50;10;Equipment Fault;EOL;Jigs;Pogopins;Se rompe cable de pin,,,,,,;no;no
2025-04-07;REA;Actuadores;3140CS022;12:00;12:08;8;Equipment Fault;CAW;Jig/Index;Ingun actuator;Ingun causa actuador se incline y robot falle insecion de crank,,,,,,;no;no
2025-04-07;REA;Actuadores;3140CS022;13:10;15:00;110;Equipment Fault;Robots;R80;Safety system;Falla CAW, se queda trabada, Robot se queda con alarma de safety enclavada,,,,;no;no
2025-04-07;REA;Actuadores;3140CS022;11:50;12:00;10;Equipment Fault;Robots;R80;Incorrect pick/place;Pick NOk 3n EOL, se ajusta posicion,,,,,;no;no
2025-04-07;REA;Actuadores;3140CS022;17:28;17:30;2;Equipment Fault;Robots;R80;Module error;no abre gripper,,,,,,;no;no
2025-04-03;REA;Actuadores;3140CS022;16:00;16:20;20;Equipment Fault;Main conveyor;General;;elevador mo sebe,,,,,,;no;no
2025-04-03;REA;Actuadores;3140CS022;16:27;16:29;2;Equipment Fault;731;731;Presence sensor;pin doble,,,,,,;no;no
2025-04-03;REA;Actuadores;3140CS022;16:35;16:37;2;Equipment Fault;Main conveyor;General;NOK material;piston no abre,,,,,,;no;no
2025-04-03;REA;Actuadores;3140CS022;16:46;16:55;9;Equipment Fault;731;731;Feed piston;pallet no abanza,,,,,,;no;no
2025-04-07;REA;Actuadores;3140CS022;15:00;16:00;60;Equipment Fault;Robots;R80;Module error;R80 no arranca,,,,,,;no;no
2025-04-07;REA;Actuadores;3140CS022;16:00;16:07;7;Equipment Fault;Robots;R65;Waiting for spare part;MSA restort,,,,,,;no;no
2025-04-07;REA;Actuadores;3140CS022;16:15;16:17;2;Equipment Fault;620;620;Presence sensor;motor invertido,,,,,,;no;no
2025-04-07;REA;Actuadores;3140CS022;17:00;17:06;6;Quality;EOL;General;Scrapbox full;scrap,,,,,,;no;no
2025-04-07;REA;Actuadores;3140CS022;16:35;16:39;4;Equipment Fault;CAW;General;Waiting for spare part;se alinea mesa,,,,,,;no;no
2025-04-07;REA;Actuadores;3140CS022;16:47;16:49;2;Quality;Main conveyor;Main conveyor;Singulator NOK;sing 25 no libera pallet vacio,,,,,,;no;no
2025-04-07;REA;Actuadores;3140CS022;17:31;17:34;3;Equipment Fault;CAW;Jig/Index;Index not in home;St 1 falla insersion,,,,,,;no;no
2025-04-07;REA;Actuadores;3140CS022;17:55;18:15;20;Equipment Fault;CAW;Jig/Index;Presence sensor;no inicia CAW,,,,,,;no;no
2025-04-07;REA;Actuadores;3140CS022;18:25;18:27;2;Production;MAT;St3;INTOCO;NO tenia tornillo tolba,,,,,,;no;no
2025-04-07;REA;Actuadores;3140CS022;10:40;10:45;5;Production;REA;General;Checklist;Checklist,,,,,,;si;no
2025-04-07;REA;Actuadores;3140CS022;10:48;10:53;5;Equipment Fault;Main conveyor;Main conveyor;Lock NOK;Pallet atorado por locking,,,,,,;no;no
2025-04-07;REA;Actuadores;3140CS022;23:10;23:13;3;Equipment Fault;Robots;R65;Gripper/tool adjustments;Gripper no abria correctamente,,,,,,;no;no
2025-04-07;REA;Actuadores;3140CS022;23:38;12:59;-639;Equipment Fault;Robots;R80;Incorrect pick/place;Robot no no ponia la pieza correctamente en 970, se ajusta gripper,,,,,;no;no
2025-04-08;REA;Actuadores;3140CS022;01:00;01:05;5;Equipment Fault;Robots;R80;Gripper/tool adjustments;Gripper no abria correctamente en la estacion 970,,,,,,;no;no
2025-04-08;REA;Actuadores;3140CS022;01:25;01:55;30;Equipment Fault;CHW;St2;SCARA Pick/Place;Robot no ponia corectamente el chip en posicion,,,,,,;no;no
2025-04-08;REA;Actuadores;3140CS022;02:04;02:10;6;Equipment Fault;MAT;St3;Feeder;ST 3 time out, tornillo atorado,,,,,;no;no
2025-04-08;REA;Actuadores;3140CS022;02:15;02:20;5;Quality;MAT;General;Scrapbox full;Scrap box full,,,,,,;no;no
2025-04-08;REA;Actuadores;3140CS022;02:25;02:28;3;Equipment Fault;Main conveyor;Main conveyor;Lift;Lift baja dos pallet a la vez, sensor no detecto correctamente,,,,,;no;no
2025-04-04;REA;Actuadores;3140CA027;13:00;14:00;60;Maintenance;REA;General;Change Over;Set up stellantis 27 CAW y EOL, se sacan muestras,,,,,;no;no
2025-04-04;REA;Actuadores;3140CA027;14:00;15:00;60;Quality;REA;General;Change Over;Espera de liberacion,,,,,,;no;no
2025-04-08;REA;Actuadores;3140CS022;09:00;09:02;2;Maintenance;CHW;Consumables;Argon;cambio de gas argon,,,,,,;no;no
2025-04-08;REA;Actuadores;3140CS022;09:35;09:36;1;Equipment Fault;Main conveyor;Main conveyor;Singulator NOK;pallet atorado por singulator,,,,,,;no;no
2025-04-08;REA;Actuadores;3140CS022;09:50;09:53;3;Equipment Fault;CAW;CPA;Feeder;crank invertido,,,,,,;no;no
2025-04-08;REA;Actuadores;3140CS022;07:00;08:56;116;Quality;REA;General;SOP;Esperando liberacion (auditoria),,,,,,;si;no
2025-04-08;REA;Actuadores;3140CS022;14:08;14:12;4;Maintenance;CHW;Consumables;Chip reel;cambio de chip,,,,,,;no;no
2025-04-08;REA;Actuadores;3140CS022;11:23;11:48;25;Equipment Fault;EOL;General;Software/PC;Italy support for PTC with jacopo, pending check from Leonardo,,,,,;no;no
2025-04-08;REA;Actuadores;3140CS022;12:48;12:53;5;Equipment Fault;915;915;Missing ogive;Se pierde ojiva, no pallets adelante, se revisa area en general, no se encuentra ojiva, se repone,,;no;no
2025-04-08;REA;Actuadores;3140CS022;14:22;14:23;1;Equipment Fault;750;750;Bowl/Lineal feeder;body atorado en prensa,,,,,,;no;no
2025-04-08;REA;Actuadores;3140CS022;15:27;15:29;2;Equipment Fault;Robots;R80;Waiting for spare part;gripper no abre,,,,,,;no;no
2025-04-08;REA;Actuadores;3140CS022;15:48;15:50;2;Equipment Fault;731;731;Feed piston;no tenia pin,,,,,,;no;no
2025-04-08;REA;Actuadores;3140CS022;15:56;16:00;4;Equipment Fault;Conveyors;General;Waiting for spare part;no detect pallet,,,,,,;no;no
2025-04-08;REA;Actuadores;3140CS022;16:09;16:11;2;Equipment Fault;Robots;R75;Waiting for spare part;se le cae gear,,,,,,;no;no
2025-04-08;REA;Actuadores;3140CS022;16:31;16:33;2;Equipment Fault;St2;EOL;Waiting for spare part;tarda EOL St2 en hacer prueba,,,,,,;no;no
2025-04-08;REA;Actuadores;3140CS022;16:38;16:40;2;Equipment Fault;Robots;R75;Waiting for spare part;R75 tira gear,,,,,,;no;no
2025-04-08;REA;Actuadores;3140CS022;16:48;16:50;2;Equipment Fault;Main conveyor;General;Waiting for spare part;se le cae ogiva a body ogiva,,,,,,;no;no
2025-04-08;REA;Actuadores;3140CS022;17:12;17:14;2;Equipment Fault;CHW;Consumables;Argon;se sube a 57.5 (revision cada 20 min),,,,,,;no;no
2025-04-08;REA;Actuadores;3140CS022;18:01;18:03;2;Equipment Fault;Robots;R75;Waiting for spare part;no pone gear,,,,,,;no;no
2025-04-08;REA;Actuadores;3140CS022;18:10;18:13;3;Production;Main conveyor;Main conveyor;Motor;motor al reves,,,,,,;no;no
2025-04-08;REA;Actuadores;3140CS022;18:15;18:20;5;Quality;EOL;General;Scrapbox full;scrap ( calidad ),,,,,,;no;no
2025-04-09;REA;Actuadores;3140CA029;11:50;11:55;5;Quality;REA;General;Change Over;Masters prensas,,,,,,;no;no
2025-04-09;REA;Actuadores;3140CA029;10:30;11:04;34;Equipment Fault;EOL;General;Software/PC;Mesa a media vuelta, WinCC no funciona, se utiliza desde Scada, anterior se revisaron conexiones y status PLC,,,;no;no
2025-04-09;REA;Actuadores;3140CA029;09:40;09:42;2;Equipment Fault;Robots;R75;Gripper/tool adjustments;no abrio gripper,,,,,,;no;no
2025-04-09;REA;Actuadores;3140CA029;09:30;09:35;5;Equipment Fault;Conveyors;C65;Presence sensor;no detecta blister,,,,,,;no;no
2025-04-09;REA;Actuadores;3140CA029;07:00;09:00;120;Quality;REA;General;Change Over;Liberacion pendiente de calidad,,,,,,;no;no
2025-04-09;REA;Actuadores;3140CA029;13:20;13:25;5;Quality;CHW;General;Scrapbox full;Scrapboxfull,,,,,,;no;no
2025-04-09;REA;Actuadores;3140CA029;14:25;14:28;3;Maintenance;CHW;St3;Thermodo;limpieza de termodo,,,,,,;no;no
2025-04-09;REA;Actuadores;3140CA029;14:30;14:40;10;Maintenance;EOL;St4;Gripper NOK;calibracion del gripper st 4,,,,,,;no;no
2025-04-09;REA;Actuadores;3140CA029;15:15;15:17;2;Equipment Fault;Robots;R75;Waiting for spare part;no abre gripper,,,,,,;no;no
2025-04-09;REA;Actuadores;3140CA029;15:28;15:30;2;Equipment Fault;Robots;R70;Waiting for spare part;tiro gear,,,,,,;no;no
2025-04-09;REA;Actuadores;3140CA029;15:49;15:51;2;Equipment Fault;731;731;Feed piston;pin caido,,,,,,;no;no
2025-04-09;REA;Actuadores;3140CA029;15:58;16:01;3;Maintenance;CHW;Consumables;Argon;cambio de tanque,,,,,,;no;no
2025-04-02;REA;Actuadores;3140CA029;15:00;17:00;120;Maintenance;USW;St11;Branson;Cambio de sonotrodo y pruebas,,,,,,;no;no
2025-04-02;REA;Actuadores;3140CA029;18:13;19:45;92;Equipment Fault;Robots;R75;Incorrect pick/place;Paro por posicion incorrecta de pick en st.980 al querer tomar pieza de riel para retrabajo.,,,,,,;no;no
2025-04-09;REA;Actuadores;3140CA029;16:13;16:15;2;Equipment Fault;731;731;Feed piston;sin PIN,,,,,,;no;no
2025-04-03;REA;Actuadores;3140CA029;17:12;17:14;2;Equipment Fault;Robots;R75;Waiting for spare part;no pone cover,,,,,,;no;no
2025-04-03;REA;Actuadores;3140CA029;17:24;17:26;2;Equipment Fault;Robots;R80;Waiting for spare part;no abre gripper,,,,,,;no;no
2025-04-03;REA;Actuadores;3140CA029;17:36;17:40;4;Equipment Fault;Main conveyor;Main conveyor;Singulator NOK;piston no abre,,,,,,;no;no
2025-04-03;REA;Actuadores;3140CA029;17:51;17:53;2;Equipment Fault;CHW;St2;Vacuum system;chip atorado,,,,,,;no;no
2025-04-03;REA;Actuadores;3140CA029;18:05;18:10;5;Equipment Fault;CHW;General;NOK material;cambio de pines,,,,,,;no;no
2025-04-03;REA;Actuadores;3140CA029;18:21;18:23;2;Equipment Fault;Robots;R80;Waiting for spare part;gripper no abre,,,,,,;no;no
2025-04-03;REA;Actuadores;3140CA029;19:08;19:12;4;Equipment Fault;Robots;R80;Waiting for spare part;gripper no abre,,,,,,;no;no
2025-04-03;REA;Actuadores;3140CA029;19:24;19:32;8;Equipment Fault;EOL;St1;Presence sensor;jig 2 sensor ingun,,,,,,;no;no
2025-04-03;REA;Actuadores;3140CA029;19:51;19:56;5;Equipment Fault;Main conveyor;Main conveyor;Singulator NOK;se cae pallet atorado R80,,,,,,;no;no
2025-04-03;REA;Actuadores;3140CA029;20:21;20:24;3;Production;Conveyors;C36;Actuator NOK;Se vacio conv.,,,,,,;no;no
2025-04-03;REA;Actuadores;3140CA029;20:43;20:48;5;Equipment Fault;Conveyors;General;Waiting for spare part;se vacio conv.,,,,,,;no;no
2025-04-03;REA;Actuadores;3140CA029;21:19;21:22;3;Equipment Fault;CAW;General;Waiting for spare part;se atora crank en el riel,,,,,,;no;no
2025-04-03;REA;Actuadores;3140CA029;21:47;21:50;3;Equipment Fault;Robots;R80;Waiting for spare part;no abre gripper,,,,,,;no;no
2025-04-03;REA;Actuadores;3140CA029;22:10;22:12;2;Equipment Fault;MAT;St3;INTOCO;St3 no tiene tornillo,,,,,,;no;no
2025-04-09;REA;Actuadores;3140CA029;17:10;17:12;2;Equipment Fault;620;620;Feed piston;cover atorado,,,,,,;no;no
2025-04-09;REA;Actuadores;3140CA029;17:18;17:20;2;Quality;CHW;St6;Actuator;Scrap acomulado,,,,,,;no;no
2025-04-09;REA;Actuadores;3140CA029;17:34;17:39;5;Maintenance;CHW;St3;Electrodes;limpieza de St3 y St4,,,,,,;no;no
2025-04-09;REA;Actuadores;3140CA029;17:41;17:43;2;Equipment Fault;620;620;Feed piston;cover atorado en piston,,,,,,;no;no
2025-04-09;REA;Actuadores;3140CA029;17:47;17:49;2;Equipment Fault;MAT;St3;INTOCO;tornillo atorado,,,,,,;no;no
2025-04-09;REA;Actuadores;3140CA029;18:10;18:13;3;Equipment Fault;Conveyors;C31;Presence sensor;pallet atorado,,,,,,;no;no
2025-04-09;REA;Actuadores;3140CA029;22:38;22:48;10;Production;REA;General;Checklist;Checklist,,,,,,;si;no
2025-04-09;REA;Actuadores;3140CA029;22:49;22:53;4;Equipment Fault;Main conveyor;Main conveyor;Lock NOK;Pallet atorado,,,,,,;no;no
2025-04-09;REA;Actuadores;3140CA029;23:30;23:36;6;Equipment Fault;CAW;General;Empty conveyor/feeder;Crank atorado en feeder,,,,,,;no;no
2025-04-09;REA;Actuadores;3140CA029;22:46;22:48;2;Equipment Fault;731;731;Bowl/Lineal feeder;Mal posicion de pin y no detecta sensor,,,,,,;no;no
2025-04-10;REA;Actuadores;3140CA029;01:59;02:06;7;Equipment Fault;CAW;CPA;SCARA;Robot no avanza y hace tame out,,,,,,;no;no
2025-04-10;REA;Actuadores;3140CA029;02:38;02:43;5;Equipment Fault;Main conveyor;Main conveyor;Inductive sensor;Pallet se atoraba con guia y no avanzaba,,,,,,;no;no
2025-04-10;REA;Actuadores;3140CA029;03:05;03:07;2;Equipment Fault;Robots;R75;Gripper/tool adjustments;Gripper no abre,,,,,,;no;no
2025-04-10;REA;Actuadores;3140CA029;03:35;03:40;5;Production;CHW;Consumables;Chip reel;Cambio de chip (100 piezas),,,,,,;no;no
2025-04-09;REA;Actuadores;3140CA029;23:03;23:07;4;Equipment Fault;CAW;General;Software/PC;No continua secuencia,,,,,,;no;no
2025-04-10;REA;Actuadores;3140CA029;00:13;00:21;8;Production;620;General;Empty conveyor/feeder;620,730, 731 y 750 completamente vacias,,,,;no;no
2025-04-10;REA;Actuadores;3140CA029;05:47;05:59;12;Equipment Fault;CHW;St4;Argon dispensatio;No se activa la valvula, sin dispensacion de argon,,,,,;no;no
2025-04-10;REA;Actuadores;3140CA029;07:24;07:29;5;Maintenance;CCC;Consumables;Resin;rellenado de resina,,,,,,;no;no
2025-04-10;REA;Actuadores;3140CA029;07:15;07:21;6;Equipment Fault;CAW;General;;checklist,,,,,,;si;no
2025-04-10;REA;Actuadores;3140CA029;08:02;08:03;1;Equipment Fault;MAT;St3;Feeder;tornillos atorados,,,,,,;no;no
2025-04-10;REA;Actuadores;3140CA029;08:40;08:42;2;Equipment Fault;Robots;R65;Incorrect pick/place;etiqueta de blister equivocada,,,,,,;no;no
2025-04-10;REA;Actuadores;3140CA029;11:04;12:10;66;Equipment Fault;Main conveyor;Main conveyor;Lock NOK;Locking atorado por tornillos flojos de balero linea, se requiere desarmar completamente ajustar y armar,,,,,;no;no
2025-04-10;REA;Actuadores;3140CA029;12:35;12:42;7;Equipment Fault;915;915;Vision system;Dealineado, alinear singulator, para captar en camara,,,,;no;no
2025-04-10;REA;Actuadores;3140CA029;13:20;13:22;2;Maintenance;CCC;Consumables;Resin;cambio de resina,,,,,,;no;no
2025-04-10;REA;Actuadores;3140CA029;13:51;13:52;1;Equipment Fault;915;915;Dart sensor;ogiva caida,,,,,,;no;no
2025-04-10;REA;Actuadores;3140CA029;14:34;14:38;4;Equipment Fault;CAW;Jig/Index;Ingun actuator;imgun no entro a actuador,,,,,,;no;no
2025-04-09;REA;Actuadores;3140CA029;17:41;17:43;2;Equipment Fault;620;620;Feed piston;cover atorado,,,,,,;no;no
2025-04-09;REA;Actuadores;3140CA029;17:47;17:49;2;Production;MAT;St3;INTOCO;sin tornillo caja de material,,,,,,;no;no
2025-04-09;REA;Actuadores;3140CA029;18:00;18:02;2;Equipment Fault;Robots;R70;Waiting for spare part;vacuum gear,,,,,,;no;no
2025-04-09;REA;Actuadores;3140CA029;18:10;18:13;3;Equipment Fault;Main conveyor;Main conveyor;Inductive sensor;pallet atorado,,,,,,;no;no
2025-04-09;REA;Actuadores;3140CA029;18:18;18:21;3;Maintenance;CHW;Consumables;Argon;cambio de tambo,,,,,,;no;no
2025-04-09;REA;Actuadores;3140CA029;18:45;18:50;5;Equipment Fault;Robots;R65;Waiting for spare part;no detecta gear,,,,,,;no;no
2025-04-09;REA;Actuadores;3140CA029;19:18;19:20;2;Equipment Fault;731;731;Tool ;PIN atorado,,,,,,;no;no
2025-04-09;REA;Actuadores;3140CA029;19:31;19:33;2;Maintenance;MAT;Consumables;Grease;cambio de grasa,,,,,,;no;no
2025-04-09;REA;Actuadores;3140CA029;19:37;19:39;2;Production;MAT;St3;INTOCO;St3 sin tornillo,,,,,,;no;no
2025-04-09;REA;Actuadores;3140CA029;19:41;19:49;8;Equipment Fault;Robots;R75;Waiting for spare part;join collision usw St11,,,,,,;no;no
2025-04-09;REA;Actuadores;3140CA029;20:21;20:23;2;Equipment Fault;EOL;St3;Gripper NOK;gripper alrmado,,,,,,;no;no
2025-04-09;REA;Actuadores;3140CA029;21:17;21:20;3;Equipment Fault;Main conveyor;Main conveyor;Inductive sensor;piston no abre,,,,,,;no;no
2025-04-09;REA;Actuadores;3140CA029;21:31;21:33;2;Equipment Fault;Conveyors;General;Waiting for spare part;piston no abre,,,,,,;no;no
2025-04-07;REA;Actuadores;3140CS022;15:00;16:23;83;Equipment Fault;Robots;R80;Electrical system;No funciona robot en auto, se encuentra contactor averiado,,,,,;no;no
2025-04-07;REA;Actuadores;3140CS022;18:00;18:15;15;Quality;CAW;General;Scrapbox full;No reestablece CAW por bandeja llena de scrap de Crank,,,,,,;no;no
2025-04-07;REA;Actuadores;3140CS022;19:29;20:30;61;Equipment Fault;USW;St11;Weld NOK;Sonotrodo al soldar marca actuador dejando un defecto en el plastico,  se encuentra el jig desnivelado,,,,,;no;no
2025-04-07;REA;Actuadores;3140CS022;21:45;22:20;35;Equipment Fault;CAW;CPA;SCARA;Falla insersion de crank, se desarma y se limpia correderas de jig 1 y queda ok,,,,,;no;no
2025-04-04;REA;Actuadores;3140CA028;17:40;17:45;5;Equipment Fault;EOL;St4;CRIO NOK;CRIO Reset,,,,,,;no;no
2025-04-04;REA;Actuadores;3140CA028;18:35;18:45;10;Equipment Fault;EOL;St3;Gripper NOK;Calibracion gripper alto scrap,,,,,,;no;no
2025-04-04;REA;Actuadores;3140CA028;22:20;22:25;5;Equipment Fault;EOL;Jigs;Jig actuator;Falla logica se vacia EOL,,,,,,;no;no
2025-04-04;REA;Actuadores;3140CA028;16:30;16:40;10;Equipment Fault;EOL;St2;Gripper NOK;Calibracion gripper alto scrap,,,,,,;no;no
2025-04-04;REA;Actuadores;3140CA028;17:26;17:36;10;Equipment Fault;EOL;St4;Gripper NOK;Calibracion gripper alto scrap,,,,,,;no;no
2025-04-09;REA;Actuadores;3140CS022;21:44;18:46;-178;Equipment Fault;Main conveyor;Main conveyor;Inductive sensor;pallet atorado,,,,,,;no;no
2025-04-09;REA;Actuadores;3140CS022;21:48;21:50;2;Maintenance;CHW;St3;Thermodo;limpieza,,,,,,;no;no
2025-04-09;REA;Actuadores;3140CS022;22:00;22:02;2;Equipment Fault;Main conveyor;Main conveyor;Inductive sensor;blister atorado,,,,,,;no;no
2025-04-09;REA;Actuadores;3140CS022;22:20;22:24;4;Equipment Fault;EOL;General;Waiting for spare part;CRIO,,,,,,;no;no
2025-04-10;REA;Actuadores;3140CS022;15:18;15:20;2;Equipment Fault;Robots;R75;Waiting for spare part;no abre gripper,,,,,,;no;no
2025-04-10;REA;Actuadores;3140CS022;15:49;15:52;3;Equipment Fault;Main conveyor;Main conveyor;Inductive sensor;blister en riel tapando sensor,,,,,,;no;no
2025-04-10;REA;Actuadores;3140CS022;16:29;16:31;2;Equipment Fault;Robots;R80;Waiting for spare part;gripper no abre,,,,,,;no;no
2025-04-10;REA;Actuadores;3140CS022;17:04;17:07;3;Equipment Fault;MAT;St3;INTOCO;sin tornillo,,,,,,;no;no
2025-04-10;REA;Actuadores;3140CS022;17:09;17:12;3;Equipment Fault;Robots;R75;Waiting for spare part;gripper no abre,,,,,,;no;no
2025-04-10;REA;Actuadores;3140CS022;17:34;17:36;2;Quality;Robots;R75;Waiting for spare part;gripper no abre,,,,,,;no;no
2025-04-10;REA;Actuadores;3140CS022;17:59;18:03;4;Equipment Fault;731;731;Feed piston;pin caido,,,,,,;no;no
2025-04-10;REA;Actuadores;3140CS022;18:14;18:16;2;Equipment Fault;731;731;Feed piston;body atorado en 731,,,,,,;no;no
2025-04-10;REA;Actuadores;3140CS022;18:57;19:00;3;Equipment Fault;Main conveyor;Main conveyor;Inductive sensor;blister atorado,,,,,,;no;no
2025-04-10;REA;Actuadores;3140CS022;19:14;19:16;2;Equipment Fault;Main conveyor;Main conveyor;Lock NOK;tornillo flojo,,,,,,;no;no
2025-04-10;REA;Actuadores;3140CS022;19:36;19:38;2;Equipment Fault;731;731;Feed piston;pin atorado,,,,,,;no;no
2025-04-10;REA;Actuadores;3140CS022;20:45;20:47;2;Equipment Fault;Robots;R80;Waiting for spare part;no abre gripper,,,,,,;no;no
2025-04-10;REA;Actuadores;3140CS022;20:52;20:55;3;Equipment Fault;Main conveyor;Main conveyor;Inductive sensor;piston de cover no abre,,,,,,;no;no
2025-04-10;REA;Actuadores;3140CS022;21:05;21:08;3;Equipment Fault;Main conveyor;Main conveyor;Inductive sensor;blister atorado,,,,,,;no;no
2025-04-10;REA;Actuadores;3140CS022;21:22;21:25;3;Equipment Fault;731;731;Feed piston;pin caido,,,,,,;no;no
2025-04-10;REA;Actuadores;3140CS022;21:28;21:31;3;Equipment Fault;Robots;R75;Waiting for spare part;ogiva caida,,,,,,;no;no
2025-04-10;REA;Actuadores;3140CS022;21:58;22:00;2;Equipment Fault;Robots;R38;Waiting for spare part;motor al revez,,,,,,;no;no
2025-04-10;REA;Actuadores;3140CS022;23:01;23:10;9;Production;REA;General;Checklist;Checklist,,,,,,;si;no
2025-04-10;REA;Actuadores;3140CS022;23:18;23:20;2;Equipment Fault;915;915;Missing ogive;OJIVA CAIDA,,,,,,;no;no
2025-04-10;REA;Actuadores;3140CS022;23:55;23:57;2;Equipment Fault;731;731;Presence sensor;No detectaba pieza,,,,,,;no;no
2025-04-10;REA;Actuadores;3140CS022;00:02;00:04;2;Production;Aux;710;NOK material;Motor al reves,,,,,,;no;no
2025-04-11;REA;Actuadores;3140CS022;00:12;00:17;5;Production;CHW;Consumables;Chip reel;Cambio de rollo de chip,,,,,,;no;no
2025-04-11;REA;Actuadores;3140CS022;01:15;04:25;190;Maintenance;REA;General;Scheduled maintenance;Paro programado por Italia,,,,,,;no;no
2025-04-11;REA;Actuadores;3140CS022;04:47;04:49;2;Equipment Fault;Robots;R70;Vacuum system;Vacuum off,,,,,,;no;no
2025-04-11;REA;Actuadores;3140CS022;04:35;04:38;3;Equipment Fault;Robots;R75;Incorrect pick/place;Robot no ensambla correctamente el cover,,,,,,;no;no
2025-04-11;REA;Actuadores;3140CS022;05:15;05:18;3;Equipment Fault;Robots;R75;Gripper/tool adjustments;R75 no abre gripper correctamente  despues de ensamblar cover,,,,,,;no;no
2025-04-11;REA;Actuadores;3140CS022;06:19;06:23;4;Equipment Fault;Robots;R70;Vacuum system;Cambio de ventosas,,,,,,;no;no
2025-04-11;REA;Actuadores;3140CS022;06:39;06:42;3;Equipment Fault;MAT;St3;Feeder;St 3 time out, tornillo atorado en feeder lineal,,,,,;no;no
2025-04-11;REA;Actuadores;3140CA029;07:00;07:15;15;Equipment Fault;REA;General;Checklist;checklist y entrega de muestras,,,,,,;si;no
2025-04-11;REA;Actuadores;3140CA029;07:36;07:40;4;Maintenance;EOL;General;TBD;ciclo de trabaj lento, reinicio de crio y ps,,,,,;no;no
2025-04-11;REA;Actuadores;3140CA029;07:58;07:59;1;Equipment Fault;Conveyors;C31;Presence sensor;blister atorado,,,,,,;no;no
2025-04-11;REA;Actuadores;3140CA029;08:19;08:21;2;Equipment Fault;Robots;R75;Gripper/tool adjustments;no abrio gripper,,,,,,;no;no
2025-04-11;REA;Actuadores;3140CA029;08:41;08:42;1;Equipment Fault;Robots;R75;Gripper/tool adjustments;no abrio gripper,,,,,,;no;no
2025-04-11;REA;Actuadores;3140CA029;10:25;11:40;75;Equipment Fault;Robots;R75;Incorrect pick/place;ajuste de posicion pick,,,,,,;no;no
2025-04-11;REA;Actuadores;3140CA029;11:50;11:54;4;Equipment Fault;EOL;St4;CRIO NOK;reinicio de crio,,,,,,;no;no
2025-04-11;REA;Actuadores;3140CA029;12:02;12:03;1;Equipment Fault;915;915;Dart sensor;ogiva caida,,,,,,;no;no
2025-04-11;REA;Actuadores;3140CA029;12:30;12:40;10;Equipment Fault;Robots;R75;Software/PC;se ajusto velocidad en unir cover con body,,,,,,;no;no
2025-04-11;REA;Actuadores;3140CA029;13:20;13:23;3;Equipment Fault;CAW;CPA;Feeder;crank atorado en riel,,,,,,;no;no
2025-04-11;REA;Actuadores;3140CA029;15:13;15:18;5;Equipment Fault;EOL;General;Waiting for spare part;reset crio,,,,,,;no;no
2025-04-11;REA;Actuadores;3140CA029;23:00;23:15;15;Equipment Fault;CHW;St4;Pressor;Soldadura inestable, scrap alto. Ajustes pressor, samlight,,,,;no;no
2025-04-11;REA;Actuadores;3140CA029;23:35;23:37;2;Quality;CHW;General;Scrapbox full;Scrapbox full,,,,,,;no;no
2025-04-12;REA;Actuadores;3140CA029;00:10;00:17;7;Equipment Fault;Robots;R80;Gripper/tool adjustments;Pieza se cae del gripper 2 entre el trayecto de CAW a EOL, repetitivo. Ajuste mecanico del gripper,,,,,;no;no
2025-04-12;REA;Actuadores;3140CA029;00:22;00:25;3;Production;MAT;General;Blister NOK/Wrong PN;Sin tornillo,,,,,,;no;no
2025-04-12;REA;Actuadores;3140CA029;00:18;00:21;3;Equipment Fault;EOL;General;Software/PC;Proceso lento, reinicio nde app, latencia acumulada,,,,;no;no
2025-04-12;REA;Actuadores;3140CA029;00:24;00:35;11;Equipment Fault;Robots;R80;Gripper/tool adjustments;Gripper 2 se atasca o suelta pieza, multiples ajustes hasta que quede funcional,,,,,;no;no
2025-04-12;REA;Actuadores;3140CA029;01:09;01:14;5;Equipment Fault;CHW;Consumables;Chip reel;Cambio de rollo de chip,,,,,,;no;no
2025-04-12;REA;Actuadores;3140CA029;01:16;01:20;4;Production;Conveyors;General;Blister NOK/Wrong PN;Blister equivocado en linea,,,,,,;no;no
2025-04-12;REA;Actuadores;3140CA029;02:52;03:44;52;Quality;CHW;General;NOK material;Cover con variacion en cavidad 2A causa alto scrap. Se revisa scrap, se sortea para hacer pruebas, se corre una muestra comprobando que el defecto se presenta unicamente en ese cover,,,,;no;no
2025-04-12;REA;Actuadores;3140CA029;03:55;04:02;7;Equipment Fault;620;620;Tool ;Prensa levanta cover 3 veces,,,,,,;no;no
2025-04-12;REA;Actuadores;3140CA029;05:10;05:16;6;Equipment Fault;CCC;General;Software/PC;No responde app termocamara,,,,,,;no;no
2025-04-12;REA;Actuadores;3140CA029;02:34;02:43;9;Equipment Fault;Robots;R80;Gripper/tool adjustments;Gripper se resbala la pieza, se pone cinta para mayor fuerza,,,,,;no;no
2025-04-12;REA;Actuadores;3140CA029;06:30;06:36;6;Equipment Fault;Main conveyor;Main conveyor;Lock NOK;Tornillos flojos evitan que el cilindro slide table regrese a posicion,,,,,,;no;no
2025-04-12;REA;Actuadores;3140CA029;05:47;05:51;4;Equipment Fault;USW;General;NOK material;Body con bushing NOK se atora en sonotrodo,,,,,,;no;no
2025-04-12;REA;Actuadores;3140CA029;07:10;07:11;1;Equipment Fault;Robots;R80;Gripper/tool adjustments;no abrio gripper,,,,,,;no;no
2025-04-12;REA;Actuadores;3140CA029;07:20;07:21;1;Equipment Fault;Robots;R80;Gripper/tool adjustments;no abrio gripper,,,,,,;no;no
2025-04-12;REA;Actuadores;3140CA029;08:19;08:20;1;Equipment Fault;Robots;R75;Motion supervision/Joint collision;cover con lip seal retainer mal moldeado,,,,,,;no;no
2025-04-12;REA;Actuadores;3140CA029;07:30;07:40;10;Equipment Fault;Robots;R80;Electrical system;falso contacto en sensor de gripper 3,,,,,,;no;no
2025-04-12;REA;Actuadores;3140CA029;08:25;08:26;1;Equipment Fault;USW;St14;Lower Jig;limpieza de jig,,,,,,;no;no
2025-04-12;REA;Actuadores;3140CA029;08:28;08:30;2;Equipment Fault;Robots;R80;Gripper/tool adjustments;no abrio gripper,,,,,,;no;no
2025-04-12;REA;Actuadores;3140CA029;08:34;08:35;1;Equipment Fault;Main conveyor;Main conveyor;Lift;no subio lift por pallet atorados,,,,,,;no;no
2025-04-12;REA;Actuadores;3140CA029;08:47;08:49;2;Quality;CHW;St1;DM reader;cover sin DM,,,,,,;no;no
2025-04-12;REA;Actuadores;3140CA029;09:03;09:33;30;Equipment Fault;CHW;St3;Thermodo;ajuste lineal de termodo,,,,,,;no;no
2025-04-12;REA;Actuadores;3140CA029;10:10;10:38;28;Equipment Fault;CHW;St3;Thermodo;ajustes para reducur scrap,,,,,,;no;no
2025-04-12;REA;Actuadores;3140CA029;11:02;11:03;1;Equipment Fault;915;915;Missing ogive;Ogiva caida,,,,,,;no;no
2025-04-12;REA;Actuadores;3140CA029;11:25;11:26;1;Maintenance;CHW;Consumables;Argon;Cambio de Argon,,,,,,;no;no
2025-04-12;REA;Actuadores;3140CA029;11:35;11:36;1;Maintenance;CHW;St4;Pressor;Limpieza de pines por mala soldadura,,,,,,;no;no
2025-04-12;REA;Actuadores;3140CA029;11:51;11:53;2;Quality;CHW;General;Scrapbox full;Scrapbox full,,,,,,;no;no
2025-04-12;REA;Actuadores;3140CA029;11:55;11:56;1;Equipment Fault;Robots;R75;Motion supervision/Joint collision;Motion sup,,,,,,;no;no
2025-04-12;REA;Actuadores;3140CA029;12:20;12:30;10;Equipment Fault;CHW;St4;Pressor;Ajuste alto scrap,,,,,,;no;no
2025-04-12;REA;Actuadores;3140CA029;12:32;12:33;1;Equipment Fault;915;915;Missing ogive;Ogiva caida,,,,,,;no;no
2025-04-12;REA;Actuadores;3140CA029;13:02;13:03;1;Equipment Fault;CHW;St3;Thermodo;Limpieza heat stake,,,,,,;no;no
2025-04-12;REA;Actuadores;3140CA029;13:12;13:13;1;Maintenance;MAT;Consumables;Grease;Cambio de grasa,,,,,,;no;no
2025-04-12;REA;Actuadores;3140CA029;13:41;13:42;1;Equipment Fault;Main conveyor;Main conveyor;RFID Reader;Pallet atorado 915,,,,,,;no;no
2025-04-12;REA;Actuadores;3140CA029;13:50;13:51;1;Equipment Fault;Robots;R70;Incorrect pick/place;Gear mal colocado,,,,,,;no;no
2025-04-12;REA;Actuadores;3140CA029;14:00;15:00;60;Equipment Fault;CHW;St4;Pressor;Alto scrap, ajuste mala soldadura,,,,,;no;no
2025-04-12;REA;Actuadores;3140CA029;15:00;15:30;30;Equipment Fault;CHW;St4;Pressor;Cambio de pines en pressor y ajuste,,,,,,;no;no
2025-04-12;REA;Actuadores;3140CA029;16:15;16:25;10;Equipment Fault;Robots;R33;Motion supervision/Joint collision;Robot choca con jig por pieza plastica defectuosa de moldeo, ocaciona choque el cover al dejarlo,,,,,;no;no
2025-04-12;REA;Actuadores;3140CA029;16:30;16:40;10;Equipment Fault;CAW;Jig/Index;Index not in home;Falla insercion por mesa desalineada,,,,,,;no;no
2025-04-12;REA;Actuadores;3140CA029;16:45;16:47;2;Equipment Fault;Robots;R80;Gripper/tool adjustments;Gripper 1 no abre,,,,,,;no;no
2025-04-12;REA;Actuadores;3140CA029;16:50;16:55;5;Equipment Fault;Main conveyor;Main conveyor;Lift;Pallet no avanza cuando esta en el lift,,,,,,;no;no
2025-04-12;REA;Actuadores;3140CA029;18:13;18:15;2;Equipment Fault;Robots;R80;Gripper/tool adjustments;Gripper 1 no abre,,,,,,;no;no
2025-04-12;REA;Actuadores;3140CA029;18:16;18:18;2;Equipment Fault;EOL;General;Safety system;Interrupcion de cortina de seguridad despues de una intervencion en la linea ocaciona timeout en st4,,,,,,;no;no
2025-04-12;REA;Actuadores;3140CA029;18:26;18:28;2;Production;MAT;St3;Feeder;Se llena en exceso el feeder de tornillo,,,,,,;no;no
2025-04-12;REA;Actuadores;3140CA029;20:14;20:17;3;Equipment Fault;CHW;St3;Thermodo;Limpieza de heat stake (exceso de material adherido),,,,,,;no;no
2025-04-12;REA;Actuadores;3140CA029;20:18;20:24;6;Maintenance;CCC;Consumables;Resin;Cambio de recipiente con resina,,,,,,;no;no
2025-04-11;REA;Actuadores;3140CA029;22:31;22:53;22;Equipment Fault;CHW;St3;Thermodo;Scrap alto por heatstake NOK, se continua intervencion desde turno anterior. ajuste termodo,,,,,;no;no
2025-04-11;REA;Actuadores;3140CA029;19:30;22:30;180;Equipment Fault;CHW;St3;Thermodo;Alto scrap ajuste,,,,,,;no;no
2025-04-12;REA;Actuadores;3140CA029;11:53;11:55;2;Equipment Fault;620;620;Tool ;Prensa levanta pieza, no avanza secuencia al esperar,,,,,;no;no
2025-04-14;REA;Actuadores;3140CA029;15:45;15:47;2;Equipment Fault;Robots;R75;Waiting for spare part;no abre gripper,,,,,,;no;no
2025-04-14;REA;Actuadores;3140CA029;15:50;15:51;1;Equipment Fault;Robots;R70;Vacuum system;no agarra gear,,,,,,;no;no
2025-04-14;REA;Actuadores;3140CA029;16:57;16:59;2;Equipment Fault;Robots;R80;Waiting for spare part;no abre gripper,,,,,,;no;no
2025-04-14;REA;Actuadores;3140CA029;17:04;17:06;2;Equipment Fault;731;731;Feed piston;pin caido,,,,,,;no;no
2025-04-14;REA;Actuadores;3140CA029;17:10;17:12;2;Equipment Fault;Robots;R80;Waiting for spare part;no abre gripper,,,,,,;no;no
2025-04-14;REA;Actuadores;3140CA029;17:15;17:16;1;Equipment Fault;Robots;R75;Waiting for spare part;no abre gripper y no deja cover,,,,,,;no;no
2025-04-14;REA;Actuadores;3140CA029;17:22;17:24;2;Equipment Fault;Main conveyor;Main conveyor;Inductive sensor;ogiva caida,,,,,,;no;no
2025-04-14;REA;Actuadores;3140CA029;18:03;18:05;2;Equipment Fault;731;731;Feed piston;no pone pin,,,,,,;no;no
2025-04-14;REA;Actuadores;3140CA029;18:13;18:15;2;Equipment Fault;Robots;R75;Waiting for spare part;no abre gripper,,,,,,;no;no
2025-04-14;REA;Actuadores;3140CA029;18:28;18:30;2;Equipment Fault;Robots;R75;NOK material;no abre gripper,,,,,,;no;no
2025-04-14;REA;Actuadores;3140CA029;18:50;19:00;10;Quality;Main conveyor;Main conveyor;Inductive sensor;piston no bajaba,,,,,,;no;no
2025-04-14;REA;Actuadores;3140CA029;19:51;19:54;3;Maintenance;CHW;General;Waiting for spare part;limpieza de pines,,,,,,;no;no
2025-04-14;REA;Actuadores;3140CA029;20:31;20:33;2;Equipment Fault;Robots;R75;Waiting for spare part;no abre gripper,,,,,,;no;no
2025-04-14;REA;Actuadores;3140CA029;20:54;20:58;4;Equipment Fault;CHW;St2;Vacuum system;chip atorado,,,,,,;no;no
2025-04-14;REA;Actuadores;3140CA029;21:10;21:22;12;Maintenance;Robots;R70;Waiting for spare part;soporte suelto (se capo um tornillo de la base),,,,,,;no;no
2025-04-14;REA;Actuadores;3140CA029;22:30;22:45;15;Equipment Fault;915;915;Vision system;Robot choca con camara y pierde alineacion,,,,,,;no;no
2025-04-14;REA;Actuadores;3140CA029;22:48;22:58;10;Maintenance;REA;General;Checklist;Checklist,,,,,,;si;no
2025-04-14;REA;Actuadores;3140CA029;23:26;23:32;6;Equipment Fault;Robots;R75;Gripper/tool adjustments;Falla repetitiva al ensamblar cover, gripper no tiene buen agarre,,,,,;no;no
2025-04-15;REA;Actuadores;3140CA029;00:13;00:16;3;Maintenance;CHW;Consumables;Chip reel;Cambio chip,,,,,,;no;no
2025-04-15;REA;Actuadores;3140CA029;00:16;00:18;2;Maintenance;CHW;Consumables;Argon;Cambio argon,,,,,,;no;no
2025-04-15;REA;Actuadores;3140CA029;01:07;01:10;3;Quality;USW;St14;Lower Jig;Scrap por suciedad en jig,,,,,,;no;no
2025-04-15;REA;Actuadores;3140CA029;01:54;02:00;6;Equipment Fault;Robots;R80;Gripper/tool adjustments;Gripper se atora constantemente, ajuste mecanico,,,,,;no;no
2025-04-14;REA;Actuadores;3140CA029;07:00;07:40;40;Quality;REA;General;SOP;Liberacion calidad,,,,,,;si;no
2025-04-14;REA;Actuadores;3140CA029;07:58;07:58;0;Quality;Aux;805;NOK material;Defecto en gear,,,,,,;no;no
2025-04-14;REA;Actuadores;3140CA029;09:12;09:20;8;Equipment Fault;Robots;R80;Gripper/tool adjustments;Gripper no abre correctamente,,,,,,;no;no
2025-04-14;REA;Actuadores;3140CA029;09:26;09:27;1;Equipment Fault;Robots;R80;Gripper/tool adjustments;Gripper se atasca,,,,,,;no;no
2025-04-14;REA;Actuadores;3140CA029;09:33;09:34;1;Maintenance;CHW;Consumables;Argon;Cambio argon,,,,,,;no;no
2025-04-14;REA;Actuadores;3140CA029;09:49;09:50;1;Equipment Fault;CAW;Jig/Index;Ingun actuator;Sensor no detecta fin de carrera del cilindro,,,,,,;no;no
2025-04-14;REA;Actuadores;3140CA029;11:31;11:37;6;Equipment Fault;CAW;Jig/Index;Ingun actuator;Ajuste sensor ingun jig 3,,,,,,;no;no
2025-04-14;REA;Actuadores;3140CA029;11:45;11:50;5;Equipment Fault;Robots;R80;Gripper/tool adjustments;Gripper no abre correctamente,,,,,,;no;no
2025-04-14;REA;Actuadores;3140CA029;12:20;12:23;3;Maintenance;REA;General;Checklist;Checlist,,,,,,;no;no
2025-04-14;REA;Actuadores;3140CA029;12:36;12:37;1;Equipment Fault;Robots;R80;Gripper/tool adjustments;No abre,,,,,,;no;no
2025-04-14;REA;Actuadores;3140CA029;12:41;12:43;2;Equipment Fault;Robots;R80;Gripper/tool adjustments;Lubricacion de cilindro por falla repetitiva del gripper,,,,,,;no;no
2025-04-14;REA;Actuadores;3140CA029;13:01;13:03;2;Equipment Fault;USW;St14;Lower Jig;Limpieza por scrap,,,,,,;no;no
2025-04-14;REA;Actuadores;3140CA029;13:10;13:12;2;Equipment Fault;Robots;R80;Motion supervision/Joint collision;Gripper 1 no abre,,,,,,;no;no
2025-04-14;REA;Actuadores;3140CA029;14:25;14:28;3;Maintenance;REA;General;Checklist;Checklist,,,,,,;si;no
2025-04-14;REA;Actuadores;3140CA029;14:29;14:31;2;Equipment Fault;915;915;Missing ogive;Ogiva caida,,,,,,;no;no
2025-04-14;REA;Actuadores;3140CA029;14:47;14:49;2;Equipment Fault;Robots;R75;Gripper/tool adjustments;Falla al ensamblar, se atasca gripper,,,,,;no;no
2025-04-14;REA;Actuadores;3140CA029;15:59;16:00;1;Maintenance;CHW;Consumables;Argon;cambio de tambo,,,,,,;no;no
2025-04-15;REA;Actuadores;3140CA029;16:30;16:32;2;Equipment Fault;Robots;R38;Waiting for spare part;motor al revez,,,,,,;no;no
2025-04-15;REA;Actuadores;3140CA029;16:48;16:51;3;Equipment Fault;EOL;St2;Gripper NOK;pieza nok,,,,,,;no;no
2025-04-15;REA;Actuadores;3140CA029;16:56;17:02;6;Maintenance;CHW;Consumables;Chip reel;cambio,,,,,,;no;no
2025-04-15;REA;Actuadores;3140CA029;17:14;17:16;2;Production;Robots;R38;Waiting for spare part;motor al revez (se reviso blister y se enconto masa de la mitad con la misma condicion, de eigalmanera en los blister a pasar.,,,,,;no;no
2025-04-15;REA;Actuadores;3140CA029;17:40;17:42;2;Equipment Fault;731;731;Feed piston;pin caido,,,,,,;no;no
2025-04-15;REA;Actuadores;3140CA029;17:57;18:01;4;Maintenance;Conveyors;General;Waiting for spare part;pallet atorado,,,,,,;no;no
2025-04-15;REA;Actuadores;3140CA029;18:28;18:35;7;Maintenance;CAW;Jig/Index;Presence sensor;ajuiaste de alineaccion de mesa,,,,,,;no;no
2025-04-15;REA;Actuadores;3140CA029;19:40;19:45;5;Maintenance;CHW;St4;Pressor;cambio de pines,,,,,,;no;no
2025-04-15;REA;Actuadores;3140CA029;19:52;19:55;3;Equipment Fault;Robots;R65;Waiting for spare part;no agarra gear,,,,,,;no;no
2025-04-15;REA;Actuadores;3140CA029;20:09;20:12;3;Equipment Fault;Robots;R75;Waiting for spare part;no abre gripper,,,,,,;no;no
2025-04-15;REA;Actuadores;3140CA029;20:31;20:36;5;Quality;Robots;R80;Waiting for spare part;atorado con una pieza,,,,,,;no;no
2025-04-15;REA;Actuadores;3140CA029;21:06;21:08;2;Equipment Fault;Robots;R75;Waiting for spare part;no abre gripper,,,,,,;no;no
2025-04-15;REA;Actuadores;3140CA029;21:11;21:14;3;Production;MAT;St3;Feeder;sin tornillo,,,,,,;no;no
2025-04-15;REA;Actuadores;3140CA029;21:30;21:32;2;Production;Robots;R38;Waiting for spare part;motor al revez,,,,,,;no;no
2025-04-15;REA;Actuadores;3140CA029;21:54;21:56;2;Equipment Fault;Main conveyor;Main conveyor;Inductive sensor;ajuste en conveyor,,,,,,;no;no
2025-04-15;REA;Actuadores;3140CA029;22:00;22:05;5;Quality;CHW;General;Scrapbox full;scrap lleno,,,,,,;no;no
2025-04-15;REA;Actuadores;3140CA029;22:30;22:39;9;Maintenance;REA;General;Checklist;Checklist,,,,,,;si;no
2025-04-15;REA;Actuadores;3140CA029;22:39;22:50;11;Equipment Fault;CHW;St4;Pressor;Scrap alto soldadura NOK, se toma desde el turno anterior,,,,,;no;no
2025-04-15;REA;Actuadores;3140CA029;23:06;23:32;26;Equipment Fault;CHW;St4;Pressor;Soldadura inestable, se cambia goma de pressor, limpieza del lente, ajustes samlight,,,;no;no
2025-04-15;REA;Actuadores;3140CA029;23:01;23:06;5;Quality;CHW;General;Scrapbox full;Esperando a calidad,,,,,,;no;no
2025-04-16;REA;Actuadores;3140CA029;00:22;00:25;3;Equipment Fault;Main conveyor;Main conveyor;Lift;Pallet atorado en lift zona 2,,,,,,;no;no
2025-04-16;REA;Actuadores;3140CA029;02:09;02:16;7;Equipment Fault;Main conveyor;Main conveyor;Lift;Sensor del lift Z3-4 no detecta correctamente, causa pallets caer y acumularse. Se acomodan todos los pallets, se ajusta posicion y set del sensor,,,,;no;no
2025-04-16;REA;Actuadores;3140CA029;03:23;03:25;2;Equipment Fault;Robots;R75;Gripper/tool adjustments;Falla al ensamblar se atasca gripper 1,,,,,,;no;no
2025-04-16;REA;Actuadores;3140CA029;03:39;03:44;5;Equipment Fault;CHW;St4;Pressor;Ajuste por scrap alto,,,,,,;no;no
2025-04-16;REA;Actuadores;3140CA029;04:01;04:12;11;Maintenance;REA;General;Checklist;Checklist,,,,,,;si;no
2025-04-16;REA;Actuadores;3140CA029;04:15;04:46;31;Equipment Fault;CHW;St4;Pressor;Soldadura inestable, multiples ajustes, no se mantiene,,,,;no;no
2025-04-16;REA;Actuadores;3140CA029;05:06;05:21;15;Equipment Fault;CHW;St4;IPG/Samlight;Continua sin mantenerse por tiempo prologando la soldadura OK. Se cambia protector del laser,,,,,,;no;no
2025-04-16;REA;Actuadores;3140CA029;05:30;05:32;2;Equipment Fault;915;915;Missing ogive;Ogiva caida,,,,,,;no;no
2025-04-16;REA;Actuadores;3140CA029;05:36;05:38;2;Equipment Fault;Robots;R70;Vacuum system;Se reemplaza ventosas,,,,,,;no;no
2025-04-16;REA;Actuadores;3140CA029;06:07;06:12;5;Equipment Fault;CAW;CPA;Feeder;Crank atascadob en salida de bowl, feeder lineal vacio,,,,,;no;no
2025-04-16;REA;Actuadores;3140CA029;06:24;06:29;5;Equipment Fault;CAW;CPA;Feeder;Crank atascado,,,,,,;no;no
2025-04-16;REA;Actuadores;3140CA029;06:40;06:50;10;Equipment Fault;Robots;R75;Gripper/tool adjustments;Falla continua, se coloca cinta en gripper para compensar la falta de grip,,,,,;no;no
2025-04-16;REA;Actuadores;3140CA029;07:00;07:28;28;Quality;REA;General;Test approval;liberacion y checklist,,,,,,;si;no
2025-04-16;REA;Actuadores;3140CA029;07:38;07:40;2;Equipment Fault;MAT;St5;Axis not in home;axis no deja girar mesa,,,,,,;no;no
2025-04-16;REA;Actuadores;3140CA029;07:51;07:52;1;Equipment Fault;Robots;R75;Motion supervision/Joint collision;,,,,,,;no;no
2025-04-16;REA;Actuadores;3140CA029;08:25;08:30;5;Equipment Fault;CAW;CPA;Feeder;crank invertido,,,,,,;no;no
2025-04-16;REA;Actuadores;3140CA029;08:33;08:35;2;Equipment Fault;Robots;R70;Vacuum system;cambio de ventosas,,,,,,;no;no
2025-04-16;REA;Actuadores;3140CA029;08:38;08:40;2;Quality;CCC;General;Scrapbox full;cover atorado en sensor, marcaba full box,,,,,;no;no
2025-04-16;REA;Actuadores;3140CA029;08:52;08:54;2;Equipment Fault;Main conveyor;Main conveyor;Lift;ajuste de sensor lift,,,,,,;no;no
2025-04-16;REA;Actuadores;3140CA029;09:21;09:31;10;Equipment Fault;EOL;St4;CRIO NOK;reinicio de crio,,,,,,;no;no
2025-04-16;REA;Actuadores;3140CA029;09:43;09:46;3;Equipment Fault;Main conveyor;Main conveyor;Lock NOK;locking 620 tornillos flojos, se atoraba al abrir cilindro,,,,,;no;no
2025-04-16;REA;Actuadores;3140CA029;10:15;10:16;1;Equipment Fault;Robots;R75;Gripper/tool adjustments;se puso cinta a gripper,,,,,,;no;no
2025-04-16;REA;Actuadores;3140CA029;10:28;10:30;2;Equipment Fault;Robots;R80;Motion supervision/Joint collision;,,,,,,;no;no
2025-04-16;REA;Actuadores;3140CA029;10:47;10:50;3;Equipment Fault;EOL;St4;CRIO NOK;reinicio de crio,,,,,,;no;no
2025-04-16;REA;Actuadores;3140CA029;11:06;11:07;1;Equipment Fault;731;731;Feed piston;pin inclinado,,,,,,;no;no
2025-04-16;REA;Actuadores;3140CA029;11:25;11:27;2;Equipment Fault;915;915;Dart sensor;ogiva caida,,,,,,;no;no
2025-04-16;REA;Actuadores;3140CA029;12:10;12:11;1;Equipment Fault;EOL;Jigs;Ingun actuator;no detecto sensor,,,,,,;no;no
2025-04-16;REA;Actuadores;3140CA029;12:16;12:17;1;Equipment Fault;Main conveyor;Main conveyor;Lock NOK;ajuste tornillos locking (620),,,,,,;no;no
2025-04-16;REA;Actuadores;3140CA029;12:38;12:40;2;Maintenance;CHW;Consumables;Chip reel;cambio de chip,,,,,,;no;no
2025-04-16;REA;Actuadores;3140CA029;13:20;13:30;10;Equipment Fault;Robots;R80;Gripper/tool adjustments;no abrio gripper,,,,,,;no;no
2025-04-16;REA;Actuadores;3140CA029;13:45;13:50;5;Quality;CHW;General;Scrapbox full;,,,,,,;no;no
2025-04-16;REA;Actuadores;3140CA029;15:00;15:10;10;Quality;MAT;General;Scrapbox full;Scrapbox,,,,,,;no;no
2025-04-16;REA;Actuadores;3140CA029;15:30;15:35;5;Equipment Fault;EOL;General;Safety system;reset crio,,,,,,;no;no
2025-04-16;REA;Actuadores;3140CA029;15:51;15:56;5;Quality;CHW;General;Scrapbox full;Scrapbox,,,,,,;no;no
2025-04-16;REA;Actuadores;3140CA029;16:06;16:09;3;Equipment Fault;Main conveyor;Main conveyor;Inductive sensor;piston de conveyor no abre,,,,,,;no;no
2025-04-16;REA;Actuadores;3140CA029;16:42;16:47;5;Maintenance;CHW;St4;Pressor;cambio de puntas St4,,,,,,;no;no
2025-04-16;REA;Actuadores;3140CA029;17:01;17:03;2;Quality;Robots;R38;Waiting for spare part;motor al revez,,,,,,;no;no
2025-04-16;REA;Actuadores;3140CA029;17:18;17:18;0;Equipment Fault;Main conveyor;Main conveyor;Inductive sensor;piston no abre,,,,,,;no;no
2025-04-16;REA;Actuadores;3140CA029;17:30;17:34;4;Production;Main conveyor;General;NOK material;falta de material (cover),,,,,,;no;no
2025-04-15;REA;Actuadores;3140CA029;07:00;07:37;37;Quality;REA;General;SOP;Liberacion,,,,,,;no;no
2025-04-15;REA;Actuadores;3140CA029;08:04;08:10;6;Equipment Fault;CHW;St4;Pressor;Cmabio de goma pressor,,,,,,;no;no
2025-04-15;REA;Actuadores;3140CA029;08:15;08:16;1;Equipment Fault;Conveyors;General;Waiting for spare part;pallet atorado en lift,,,,,,;no;no
2025-04-15;REA;Actuadores;3140CA029;08:20;08:21;1;Quality;731;731;Feed piston;pin inclinado,,,,,,;no;no
2025-04-15;REA;Actuadores;3140CA029;08:37;08:38;1;Equipment Fault;Robots;R70;Waiting for spare part;gripper no abre (4),,,,,,;no;no
2025-04-15;REA;Actuadores;3140CA029;09:03;09:05;2;Equipment Fault;Robots;R75;Waiting for spare part;gripper no abre (4),,,,,,;no;no
2025-04-15;REA;Actuadores;3140CA029;09:25;09:26;1;Equipment Fault;Main conveyor;Main conveyor;Inductive sensor;pin inclinado,,,,,,;no;no
2025-04-15;REA;Actuadores;3140CA029;09:38;09:39;1;Equipment Fault;Conveyors;General;Waiting for spare part;pallet atorado,,,,,,;no;no
2025-04-15;REA;Actuadores;3140CA029;10:00;10:15;15;Maintenance;CHW;St4;Pressor;cambio de puntas de pressor,,,,,,;no;no
2025-04-15;REA;Actuadores;3140CA029;10:37;10:38;1;Equipment Fault;Robots;R75;Waiting for spare part;gripper no abre,,,,,,;no;no
2025-04-15;REA;Actuadores;3140CA029;11:18;11:19;1;Equipment Fault;Robots;R80;Waiting for spare part;gripper (1) no abrio,,,,,,;no;no
2025-04-15;REA;Actuadores;3140CA029;11:32;11:33;1;Maintenance;USW;St14;Lower Jig;Limpieza,,,,,,;no;no
2025-04-15;REA;Actuadores;3140CA029;12:12;12:13;1;Equipment Fault;Robots;R75;Gripper/tool adjustments;Gripper no abre,,,,,,;no;no
2025-04-15;REA;Actuadores;3140CA029;12:20;12:22;2;Quality;USW;St14;Lower Jig;Alto scrap,,,,,,;no;no
2025-04-15;REA;Actuadores;3140CA029;13:34;13:35;1;Equipment Fault;731;731;Bowl/Lineal feeder;Pin inclinado,,,,,,;no;no
2025-04-15;REA;Actuadores;3140CA029;14:38;14:40;2;Equipment Fault;CHW;St4;Pressor;Limpieza,,,,,,;no;no
2025-04-15;REA;Actuadores;3140CA029;14:42;14:43;1;Equipment Fault;Main conveyor;Main conveyor;RFID Reader;Pallet atorado,,,,,,;no;no
2025-04-15;REA;Actuadores;3140CA029;14:45;14:46;1;Equipment Fault;Robots;R80;Gripper/tool adjustments;Gripper no abre,,,,,,;no;no
2025-04-16;REA;Actuadores;3140CA029;22:35;22:47;12;Maintenance;REA;General;Checklist;Checklist,,,,,,;si;no
2025-04-16;REA;Actuadores;3140CA029;23:04;23:06;2;Equipment Fault;915;915;Missing ogive;Ogiva caida,,,,,,;no;no
2025-04-16;REA;Actuadores;3140CA029;23:24;23:29;5;Equipment Fault;CHW;St4;Pressor;Soldadura NOK, ajuste pressor,,,,,;no;no
2025-04-17;REA;Actuadores;3140CA029;00:29;00:33;4;Quality;USW;General;NOK material;Body con bushing salido se atasca en sonotrodo causando colision y alarma,,,,,,;no;no
2025-04-17;REA;Actuadores;3140CA029;00:41;00:47;6;Equipment Fault;EOL;St4;CRIO NOK;Crio no responde, se reinicia en NI,,,,,;no;no
2025-04-17;REA;Actuadores;3140CA029;00:49;00:53;4;Equipment Fault;CAW;General;Software/PC;App no responde,,,,,,;no;no
2025-04-17;REA;Actuadores;3140CA029;03:41;03:43;2;Equipment Fault;USW;General;NOK material;Pieza copn bushing fuera atascada en sonotrodo,,,,,,;no;no
2025-04-17;REA;Actuadores;3140CA029;05:02;05:11;9;Maintenance;REA;General;Checklist;Checklist 1000 pz,,,,,,;si;no
2025-04-17;REA;Actuadores;3140CA029;05:20;05:24;4;Maintenance;CCC;Consumables;Resin;Cambio resina,,,,,,;no;no
2025-04-17;REA;Actuadores;3140CA029;05:17;05:20;3;Maintenance;CHW;Consumables;Chip reel;Cambio chip reel,,,,,,;no;no
2025-04-17;REA;Actuadores;3140CA029;06:20;06:31;11;Material/Logistics;MAT;General;Empty conveyor/feeder;Sin grasa en el area,,,,,,;no;no
2025-04-17;REA;Actuadores;3140CA029;07:00;07:27;27;Quality;REA;General;Test approval;liberacion y checklist,,,,,,;si;no
2025-04-17;REA;Actuadores;3140CA029;07:35;07:40;5;Equipment Fault;CAW;General;Software/PC;no continuo ciclo,,,,,,;no;no
2025-04-17;REA;Actuadores;3140CA029;08:40;08:42;2;Maintenance;CHW;St4;Pressor;limpieza de pines,,,,,,;no;no
2025-04-17;REA;Actuadores;3140CA029;08:50;08:52;2;Quality;CHW;General;Scrapbox full;,,,,,,;no;no
2025-04-17;REA;Actuadores;3140CA029;09:05;09:10;5;Maintenance;EOL;St4;CRIO NOK;reinicio de crio,,,,,,;no;no
2025-04-17;REA;Actuadores;3140CA029;10:20;10:30;10;Maintenance;EOL;St4;Gripper NOK;ajuste de gripper, ciclo lento,,,,,;no;no
2025-04-17;REA;Actuadores;3140CA029;10:42;10:47;5;Equipment Fault;CAW;CPA;Feeder;crank atorado en feeder,,,,,,;no;no
2025-04-17;REA;Actuadores;3140CA029;10:55;10:56;1;Production;Conveyors;C31;Presence sensor;blister llenos en conveyor de retorno,,,,,,;no;no
2025-04-17;REA;Actuadores;3140CA029;10:56;10:58;2;Maintenance;CHW;St4;Pressor;limpieza,,,,,,;no;no
2025-04-17;REA;Actuadores;3140CA029;12:00;12:30;30;Production;REA;General;;paro de linea para comer,,,,,,;no;no
2025-04-17;REA;Actuadores;3140CA029;12:40;12:41;1;Equipment Fault;Main conveyor;Main conveyor;Lock NOK;pallet atorado por locking,,,,,,;no;no
2025-04-17;REA;Actuadores;3140CA029;13:20;13:30;10;Maintenance;EOL;St4;Gripper NOK;ajuste de gripper alto scrap,,,,,,;no;no
2025-04-17;REA;Actuadores;3140CA029;13:33;13:35;2;Production;Conveyors;C37;Presence sensor;sin material en banda,,,,,,;no;no
2025-04-17;REA;Actuadores;3140CA029;13:43;13:45;2;Quality;MAT;General;Scrapbox full;,,,,,,;no;no
2025-04-17;REA;Actuadores;3140CA029;14:56;14:57;1;Maintenance;CHW;Consumables;Argon;cambio de argon,,,,,,;no;no
2025-04-21;REA;Actuadores;3140CA029;07:49;07:50;1;Equipment Fault;Aux;710;NOK material;motor en posision incorrecta,,,,,,;no;no
2025-04-21;REA;Actuadores;3140CA029;09:05;09:10;5;Equipment Fault;CAW;Jig/Index;Blade orienter actuator;Se queda extendido, se regula presion,,,,,;no;no
2025-04-21;REA;Actuadores;3140CA029;07:00;07:16;16;Production;REA;General;Wrong PN;Crank mezclado, alenta proceso de SOP,,,,,;no;no
2025-04-21;REA;Actuadores;3140CA029;07:16;07:33;17;Quality;REA;General;SOP;Esperando liberacion (lunes),,,,,,;si;no
2025-04-21;REA;Actuadores;3140CA029;08:03;08:08;5;Equipment Fault;MSA;MSA;Sensor de presencia;No continua ciclo, se ajusta posicion y se reinicia estacion,,,,,;no;no
2025-04-21;REA;Actuadores;3140CA029;08:35;08:37;2;Equipment Fault;MAT;St3;Feeder;Tornillos atorados,,,,,,;no;no
2025-04-21;REA;Actuadores;3140CA029;11:12;11:14;2;Equipment Fault;731;731;Bowl/Lineal feeder;Sin pin, reiniciar estacion,,,,,;no;no
2025-04-21;REA;Actuadores;3140CA029;13:40;13:42;2;Maintenance;CHW;Consumables;Chip reel;cambio de chip,,,,,,;no;no
2025-04-21;REA;Actuadores;3140CA029;11:19;11:24;5;Equipment Fault;EOL;General;Software/PC;No continua ciclo de st2 y st4, se reinicia app,,,,,;no;no
2025-04-21;REA;Actuadores;3140CA029;11:30;11:40;10;Equipment Fault;EOL;General;TBD;Test O. No repetir st.4,,,,,,;no;no
2025-04-21;REA;Actuadores;3140CA029;12:30;12:50;20;Equipment Fault;CAW;General;Software/PC;No continua ciclo, sin memoria, back up pendientes,,,,;no;no
2025-04-21;REA;Actuadores;3140CA029;22:30;22:40;10;Maintenance;REA;General;Checklist;Checklist,,,,,,;si;no
2025-04-21;REA;Actuadores;3140CA029;23:10;23:20;10;Equipment Fault;CAW;General;Software/PC;Aplicacion se queda congelada,,,,,,;no;no
2025-04-21;REA;Actuadores;3140CA029;11:40;11:45;5;Equipment Fault;CAW;CPA;SCARA;Robot se queda para al agarrar crank, no continua secuencia,,,,,;no;no
2025-04-21;REA;Actuadores;3140CA029;23:48;23:54;6;Equipment Fault;USW;St11;Weld NOK;Se cambia esponja por alto scrap en soldadura,,,,,,;no;no
2025-04-22;REA;Actuadores;3140CA029;01:12;01:16;4;Equipment Fault;Conveyors;C36;Actuator NOK;No permite avanzar a los blisters, se mueve la valvula de forma manual, esto se repite nuevamente,,,,;no;no
2025-04-22;REA;Actuadores;3140CA029;02:18;02:26;8;Equipment Fault;Robots;R80;Gripper/tool adjustments;Gripper 1 suelta pieza, se ajusta mecanicamente,,,,,;no;no
2025-04-22;REA;Actuadores;3140CA029;05:14;05:22;8;Equipment Fault;USW;St11;Weld NOK;Spike scrap alto,,,,,,;no;no
2025-04-22;REA;Actuadores;3140CA029;05:31;05:36;5;Equipment Fault;EOL;St1;DM reader;Lector DM Body sucio, falla inspeccion. Se limpia, se configura en auto el lector,,,,;no;no
2025-04-22;REA;Actuadores;3140CA029;05:55;06:00;5;Equipment Fault;EOL;St4;CRIO NOK;]Crio no responde, reinicio,,,,,;no;no
2025-04-22;REA;Actuadores;3140CA029;06:06;06:11;5;Equipment Fault;EOL;St1;DM reader;Viruta cae sobre lector de DM, scrap consecutivo, se detecta hasta que todos los jigs estan rechazados y tira la primera pieza,,,,;no;no
2025-04-22;REA;Actuadores;3140CA029;07:00;07:15;15;Maintenance;REA;General;Scheduled maintenance;Checklist Diario,,,,,,;si;no
2025-04-22;REA;Actuadores;3140CA029;07:15;08:10;55;Equipment Fault;USW;St11;Weld NOK;Scraps continuos desde turno anterior presenta problemas, ajuste de parametros despues de prueba de burbuja,,,,,;no;no
2025-04-22;REA;Actuadores;3140CA029;08:28;09:02;34;Equipment Fault;USW;St11;Weld NOK;Scraps continuos, ajuste de parametros y pruebas,,,,,;no;no
2025-04-22;REA;Actuadores;3140CA029;10:00;10:40;40;Equipment Fault;CHW;St3;Thermodo;Ajuste de heatstake O.,,,,,,;no;no
2025-04-22;REA;Actuadores;3140CA029;14:46;15:00;14;Equipment Fault;CHW;St4;Pressor;Scraps, cambio de puntas,,,,,;no;no
2025-04-22;REA;Actuadores;3140CA029;02:55;03:36;41;Equipment Fault;USW;St11;Weld NOK;Spike scrap al 70%+. Se cambia goma, se limpia jig st14, se revisa oring, se hace jig test,,,;no;no
2025-04-22;REA;Actuadores;3140CA029;10:40;10:53;13;Equipment Fault;915;915;Vision system;Camara nok, ajustar posicion y herramientas,,,,,;no;no
2025-04-22;REA;Actuadores;3140CA029;11:04;12:50;106;Equipment Fault;CHW;St3;Thermodo;Cambio de termodo, se prueban nuevos electrodos,,,,,;no;no
2025-04-22;REA;Actuadores;3140CA029;12:50;14:00;70;Equipment Fault;USW;St11;Weld NOK;Soldadura NOK, ajuste de parametros, se quita pretrigger O.,,,,;no;no
2025-04-22;REA;Actuadores;3140CA029;01:24;01:31;7;Equipment Fault;Main conveyor;Main conveyor;Inductive sensor;Sensor inductivo conveyor inferior Z1-2 falla, pallets se atoran repetitivo, se ajusta sensor,,,,;no;no
2025-04-22;REA;Actuadores;3140CA029;15:12;16:40;88;Maintenance;REA;General;Safety system;Ajustes,,,,,,;no;no
2025-04-22;REA;Actuadores;3140CA029;17:21;17:23;2;Equipment Fault;CHW;St2;SCARA Pick/Place;chip atorado,,,,,,;no;no
2025-04-22;REA;Actuadores;3140CA029;17:35;17:38;3;Equipment Fault;730;730;Presence sensor;pin atorado,,,,,,;no;no
2025-04-22;REA;Actuadores;3140CA029;18:09;18:11;2;Maintenance;CHW;St4;Actuator;limpieza lente,,,,,,;no;no
2025-04-22;REA;Actuadores;3140CA029;18:21;18:24;3;Maintenance;CHW;St4;Pressor;limpieza de pines,,,,,,;no;no
2025-04-22;REA;Actuadores;3140CA029;18:33;18:35;2;Equipment Fault;731;731;Feed piston;pin doble,,,,,,;no;no
2025-04-22;REA;Actuadores;3140CA029;18:46;18:49;3;Equipment Fault;750;750;Feed piston;body atorado,,,,,,;no;no
2025-04-22;REA;Actuadores;3140CA029;19:16;19:18;2;Quality;CHW;General;Scrapbox full;scrap lleno,,,,,,;no;no
2025-04-22;REA;Actuadores;3140CA029;19:20;19:22;2;Maintenance;CHW;St3;Thermodo;limpieza por rebaba,,,,,,;no;no
2025-04-22;REA;Actuadores;3140CA029;22:31;22:39;8;Maintenance;REA;General;Checklist;Checklist,,,,,,;si;no
2025-04-22;REA;Actuadores;3140CA029;22:42;23:05;23;Equipment Fault;CHW;St3;Thermodo;Diferencia de temperatura en termopares, cable NOK, se inspecciona para encontrar causa raiz, se repara conexión,,,;no;no
2025-04-22;REA;Actuadores;3140CA029;23:15;23:59;44;Equipment Fault;Robots;R80;Module error;Gripper atascado con pieza mal colocado, no es posible retirarla. Al continuar esto vuelve a suceder, pieza se mueve en el trayecto y golpea en jig de EOL al bajar, causando que se atasque mas en el gripper,,,;no;no
2025-04-23;REA;Actuadores;3140CA029;00:00;00:15;15;Equipment Fault;Robots;R80;Gripper/tool adjustments;Continuacion del paro de gripper 2 de R80 que no toma correctamente la pieza y/o se atasca,,,,,,;no;no
2025-04-22;REA;Actuadores;3140CA029;23:06;23:08;2;Equipment Fault;Main conveyor;Main conveyor;Singulator NOK;Pallet quedo enmedio del singulator antes de la operacion de gear 2,,,,,,;no;no
2025-04-23;REA;Actuadores;3140CA029;00:21;00:22;1;Equipment Fault;Main conveyor;Main conveyor;Singulator NOK;Pallet atorado en sing antes de insercion de g3,,,,,,;no;no
2025-04-23;REA;Actuadores;3140CA029;01:54;01:55;1;Equipment Fault;Main conveyor;Main conveyor;Singulator NOK;Pallet atorado, se identifica que es petetible el numero de pallet, se retira pallet 65,,,,;no;no
2025-04-23;REA;Actuadores;3140CA029;01:42;01:48;6;Equipment Fault;CHW;St4;Pressor;Scrap alto, ajuste,,,,,;no;no
2025-04-23;REA;Actuadores;3140CA029;05:40;05:51;11;Equipment Fault;USW;St11;Weld NOK;Se habia mantenido desde la ultima intervencion (500pz atras) scrap del 0.5%, se da un spike de scrap en el que aumenta sustancialmente, piezas se observan quemadas con los mismos parametros que estaba corriendo anteriormente. Se redice colapso de 1 a .98 y amplitud de 70 a 68,,,,;no;no
2025-04-23;REA;Actuadores;3140CA029;06:05;06:11;6;Equipment Fault;CHW;St4;Pressor;Soldadura inestable, todo se ve correcto, píezas perfectamente soldadas seguidas de piezas mal soldadas. Se intentan multiples ajustes a lo largo del turno,,,,;no;no
2025-04-23;REA;Actuadores;3140CA029;06:14;06:18;4;Equipment Fault;USW;St14;Lower Jig;Goma dañada, scrap alto,,,,,;no;no
2025-04-23;REA;Actuadores;3140CA029;05:59;06:03;4;Equipment Fault;MSA;General;PLC ;Robot intenta poner MS y gear a pieza que ya los tiene, se sospecha se origina en el problema  de las dos lineas en paro y secuencia perdida (que el pallet haya dado vuelta),,,,,;no;no
2025-04-23;REA;Actuadores;3140CA029;06:37;06:50;13;Equipment Fault;EOL;General;Software/PC;PC se reinicia por actualizacion,,,,,,;no;no
2025-04-23;REA;Actuadores;3140CA029;06:50;06:53;3;Quality;EOL;General;Scrapbox full;Scrap lleno,,,,,,;no;no
2025-04-23;REA;Actuadores;3140CA029;04:23;05:06;43;Equipment Fault;REA;General;TBD;Se paran ambos lados de la linea, colocandose en manual, sin intervencion humana. Al querer restablecer se ha perdido la secuencia, robots intentan colocar material en palets que tienen piezas, otras estaciones no continuan. Es necesario comenzar a mover en manual y replicar condiciones para reestablecer la lina,,;no;no
2025-04-23;REA;Actuadores;3140CA029;01:04;01:06;2;Equipment Fault;Main conveyor;Main conveyor;Singulator NOK;Pallet atorado en sing 8,,,,,,;no;no
2025-04-23;REA;Actuadores;3140CA029;00:24;01:01;37;Equipment Fault;USW;St11;Weld NOK;Scrap alto, turno anterior 15%, recien arrancado la linea tras otras intervenciones se mantiene ese scrap del 15-20%. Se hace prueba de burbuja, se revisa alineacion. Se ajusta colapso de  0.98 a 1, amplitud de 68 a 70, downspeed de 45 a 40, pretrigger de off a on en 60%;no;no
2025-04-23;REA;Actuadores;3140CA029;21:00;21:01;1;Equipment Fault;750;750;Feed piston;body atorado en prensa,,,,,,;no;no
2025-04-23;REA;Actuadores;3140CA029;00:16;00:20;4;Equipment Fault;EOL;St4;CRIO NOK;Crio no responde en st4 y st2, reinicio,,,,,;no;no
2025-04-23;REA;Actuadores;3140CA029;07:00;07:25;25;Maintenance;REA;General;Checklist;Mantenimiento general, ajuste principal en pressor CHW,,,,,;no;no
2025-04-23;REA;Actuadores;3140CA029;07:40;08:30;50;Equipment Fault;USW;St11;Weld NOK;Scraps continuos, ajuste de parametros,,,,,;no;no
2025-04-23;REA;Actuadores;3140CA029;12:12;12:13;1;Equipment Fault;CHW;St3;Thermodo;timeout,,,,,,;no;no
2025-04-23;REA;Actuadores;3140CA029;12:33;13:29;56;Equipment Fault;CHW;St4;Pressor;soldadura nok, ajustes mecanicos en cilindro,,,,,;no;no
2025-04-23;REA;Actuadores;3140CA029;12:17;12:19;2;Quality;CHW;General;Scrapbox full;Scrapbox,,,,,,;no;no
2025-04-21;REA;Actuadores;3140CA029;15:25;15:30;5;Material/Logistics;CHW;St5;Vision system;cover con codigo QR defectuoso,,,,,,;no;no
2025-04-21;REA;Actuadores;3140CA029;15:33;15:38;5;Equipment Fault;EOL;St4;CRIO NOK;falla crio,,,,,,;no;no
2025-04-21;REA;Actuadores;3140CA029;16:48;16:51;3;Equipment Fault;Main conveyor;Main conveyor;Inductive sensor;pallet atorado en sing,,,,,,;no;no
2025-04-21;REA;Actuadores;3140CA029;17:21;17:24;3;Quality;CHW;General;Scrapbox full;Scrapbox full,,,,,,;no;no
2025-04-21;REA;Actuadores;3140CA029;17:27;17:30;3;Maintenance;USW;General;Scrapbox full;alto scrap limpieza,,,,,,;no;no
2025-04-21;REA;Actuadores;3140CA029;18:17;18:19;2;Equipment Fault;Conveyors;C85;Presence sensor;blister atorado,,,,,,;no;no
2025-04-21;REA;Actuadores;3140CA029;18:47;18:50;3;Equipment Fault;CHW;General;NOK material;se detiene secuencia,,,,,,;no;no
2025-04-21;REA;Actuadores;3140CA029;19:40;19:44;4;Maintenance;CHW;General;Scrapbox full;alto scrap limpieza,,,,,,;no;no
2025-04-21;REA;Actuadores;3140CA029;21:01;21:04;3;Maintenance;USW;General;Scrapbox full;cambio de goma,,,,,,;no;no
2025-04-21;REA;Actuadores;3140CA029;21:33;21:34;1;Production;915;915;Dart sensor;motor invertido,,,,,,;no;no
2025-04-21;REA;Actuadores;3140CA029;21:39;21:41;2;Equipment Fault;Main conveyor;Main conveyor;Inductive sensor;pallet atorado en sing,,,,,,;no;no
2025-04-21;REA;Actuadores;3140CA029;21:43;21:45;2;Equipment Fault;Main conveyor;Main conveyor;Inductive sensor;pallet no detecta RFID,,,,,,;no;no
2025-04-21;REA;Actuadores;3140CA029;22:19;22:22;3;Maintenance;USW;General;Scrapbox full;alto scrap limpieza,,,,,,;no;no
2025-04-23;REA;Actuadores;3140CA029;15:42;15:44;2;Equipment Fault;Robots;R65;Vacuum system;vacuum off,,,,,,;no;no
2025-04-23;REA;Actuadores;3140CA029;15:48;15:53;5;Maintenance;CHW;Consumables;Chip reel;cambio de carrete de chip,,,,,,;no;no
2025-04-23;REA;Actuadores;3140CA029;16:08;16:10;2;Equipment Fault;Main conveyor;Main conveyor;Inductive sensor;se atora pallet en sing,,,,,,;no;no
2025-04-23;REA;Actuadores;3140CA029;16:44;16:47;3;Equipment Fault;730;730;Presence sensor;sensor no detecta pallet,,,,,,;no;no
2025-04-23;REA;Actuadores;3140CA029;17:32;17:37;5;Quality;CHW;General;Scrapbox full;Scrapbox full,,,,,,;no;no
2025-04-23;REA;Actuadores;3140CA029;17:41;17:44;3;Equipment Fault;730;730;Presence sensor;sensor no detecta pallet,,,,,,;no;no
2025-04-23;REA;Actuadores;3140CA029;16:49;16:52;3;Equipment Fault;730;730;Presence sensor;sensor no detecta pallet,,,,,,;no;no
2025-04-23;REA;Actuadores;3140CA029;17:56;18:00;4;Equipment Fault;730;730;Presence sensor;sensor no detecta pallet,,,,,,;no;no
2025-04-23;REA;Actuadores;3140CA029;18:03;18:05;2;Maintenance;Main conveyor;Main conveyor;Inductive sensor;arranque linea,,,,,,;no;no
2025-04-17;REA;Actuadores;3140CA029;15:05;15:08;3;Equipment Fault;Robots;R33;Motion supervision/Joint collision;motion sup cplisiono con jig CHW,,,,,,;no;no
2025-04-21;REA;Actuadores;3140CA029;23:32;23:37;5;Maintenance;USW;St14;Lower Jig;Limpieza de jig por alto scrap,,,,,,;no;no
2025-04-15;REA;Actuadores;3140CA029;21:42;21:44;2;Equipment Fault;731;731;Feed piston;pallet atorado,,,,,,;no;no
2025-04-21;REA;Actuadores;3140CA029;20:37;20:40;3;Maintenance;CHW;Consumables;Argon;cambio de tambo,,,,,,;no;no
2025-04-17;REA;Actuadores;3140CA029;16:09;16:11;2;Equipment Fault;EOL;St2;Gripper NOK;St2,,,,,,;no;no
2025-04-17;REA;Actuadores;3140CA029;16:17;16:19;2;Quality;EOL;General;Scrapbox full;scrap,,,,,,;no;no
2025-04-17;REA;Actuadores;3140CA029;17:20;17:25;5;Quality;CCC;General;Scrapbox full;scrapfull,,,,,,;no;no
2025-04-17;REA;Actuadores;3140CA029;17:30;17:35;5;Maintenance;CHW;St4;Pressor;cambio de puntas,,,,,,;no;no
2025-04-17;REA;Actuadores;3140CA029;17:37;17:40;3;Quality;731;731;Feed piston;doble pin,,,,,,;no;no
2025-04-17;REA;Actuadores;3140CA029;18:12;18:15;3;Quality;EOL;General;Scrapbox full;scrapfull,,,,,,;no;no
2025-04-17;REA;Actuadores;3140CA029;18:20;18:23;3;Maintenance;CCC;Consumables;Resin;cambio de resina,,,,,,;no;no
2025-04-17;REA;Actuadores;3140CA029;18:33;18:35;2;Equipment Fault;EOL;St2;Gripper NOK;falla St2,,,,,,;no;no
2025-04-17;REA;Actuadores;3140CA029;18:40;18:45;5;Equipment Fault;EOL;General;Safety system;reinicio de crio,,,,,,;no;no
2025-04-17;REA;Actuadores;3140CA029;19:12;19:14;2;Maintenance;CHW;St3;Thermodo;limpieza,,,,,,;no;no
2025-04-17;REA;Actuadores;3140CA029;19:18;19:20;2;Equipment Fault;Main conveyor;Main conveyor;Lift;lift 24 no avanza,,,,,,;no;no
2025-04-17;REA;Actuadores;3140CA029;20:00;20:30;30;Production;REA;General;NOK material;comida,,,,,,;no;no
2025-04-21;REA;Actuadores;3140CA029;19:30;19:40;10;Maintenance;CHW;St4;Pressor;cambio de pines,,,,,,;no;no
2025-04-21;REA;Actuadores;3140CA029;22:30;22:56;26;Equipment Fault;EOL;St1;DM reader;Sensor no leia correctamente codigo QR, se calibra,,,,,;no;no
2025-04-21;REA;Actuadores;3140CA029;23:08;23:13;5;Quality;CHW;General;Scrapbox full;Scrapbox Full,,,,,,;no;no
2025-04-21;REA;Actuadores;3140CA029;23:15;23:21;6;Maintenance;REA;General;Checklist;Checklist,,,,,,;si;no
2025-04-21;REA;Actuadores;3140CA029;23:36;23:39;3;Production;Robots;R65;NOK material;Gear volteado causa colision,,,,,,;no;no
2025-04-21;REA;Actuadores;3140CA029;23:48;23:52;4;Equipment Fault;EOL;St4;CRIO NOK;Se reinicia crio,,,,,,;no;no
2025-04-21;REA;Actuadores;3140CA029;23:52;23:53;1;Equipment Fault;CHW;St2;SCARA Pick/Place;Robot no agarra corectamente el chip,,,,,,;no;no
2025-04-21;REA;Actuadores;3140CA029;23:54;23:56;2;Equipment Fault;Main conveyor;Main conveyor;Lift;Se reinicia ciclo porque no continuaba,,,,,,;no;no
2025-04-24;REA;Actuadores;3140CA029;00:10;00:15;5;Equipment Fault;Robots;R80;Gripper/tool adjustments;Robot no abre correctamento el gripper,,,,,,;no;no
2025-04-24;REA;Actuadores;3140CA029;01:15;01:18;3;Production;Robots;R70;NOK material;gear en blister equivocado, estaba al reves,,,,,;no;no
2025-04-24;REA;Actuadores;3140CA029;01:22;01:24;2;Maintenance;USW;St14;Lower Jig;Limpieza de jig por rebaba,,,,,,;no;no
2025-04-24;REA;Actuadores;3140CA029;01:35;01:38;3;Maintenance;CHW;General;Scheduled maintenance;Checklist,,,,,,;si;no
2025-04-24;REA;Actuadores;3140CA029;02:03;02:09;6;Equipment Fault;CHW;St4;Pressor;Se limpian y liman puntas de pressor por alto scrap, puntas estaban dosparejas,,,,,;no;no
2025-04-24;REA;Actuadores;3140CA029;02:30;02:32;2;Equipment Fault;Robots;R80;Gripper/tool adjustments;Gripper no abre correctamente,,,,,,;no;no
2025-04-24;REA;Actuadores;3140CA029;02:35;02:45;10;Quality;CHW;St1;DM reader;Cover sin codigo y otras piezas con grabado en mal estado,,,,,,;no;no
2025-04-24;REA;Actuadores;3140CA029;03:01;03:02;1;Equipment Fault;CHW;St3;Thermodo;Time out st 3,,,,,,;no;no
2025-04-24;REA;Actuadores;3140CA029;03:50;03:56;6;Maintenance;REA;General;Checklist;Checklist a caw y usw,,,,,,;si;no
2025-04-24;REA;Actuadores;3140CA029;04:25;04:27;2;Equipment Fault;Main conveyor;Main conveyor;Inductive sensor;Sensor no detectaba pallet,,,,,,;no;no
2025-04-24;REA;Actuadores;3140CA029;04:32;04:34;2;Equipment Fault;620;620;Presence sensor;Sensor no detectaba pieza,,,,,,;no;no
2025-04-24;REA;Actuadores;3140CA029;04:38;04:40;2;Equipment Fault;Robots;R65;Vacuum system;Vacumm off,,,,,,;no;no
2025-04-24;REA;Actuadores;3140CA029;04:54;05:19;25;Equipment Fault;Robots;R70;Motion supervision/Joint collision;Se capa tornillo de base de convolute,,,,,,;no;no
2025-04-24;REA;Actuadores;3140CA029;05:36;05:39;3;Equipment Fault;USW;St14;Lower Jig;Limpieza de jig por scrap consecutivo, tenia rebaba,,,,,;no;no
2025-04-24;REA;Actuadores;3140CA029;05:52;05:58;6;Equipment Fault;CAW;Jig/Index;Ingun actuator;Se revisa ingun por alto scrap,,,,,,;no;no
2025-04-24;REA;Actuadores;3140CA029;06:15;06:23;8;Equipment Fault;USW;St11;Weld NOK;Se hace cambio de cinta en jig por desgaste.,,,,,,;no;no
2025-04-24;REA;Actuadores;3140CA029;06:28;06:30;2;Equipment Fault;Robots;R65;Vacuum system;Vacuum off, se reincia,,,,,;no;no
2025-04-24;REA;Actuadores;3140CA029;13:28;13:34;6;Equipment Fault;CHW;St4;Pressor;Se sube pressor, reducir contacto,,,,,;no;no
2025-04-24;REA;Actuadores;3140CA029;07:00;07:10;10;Maintenance;REA;General;Checklist;Checklist diario,,,,,,;si;no
2025-04-24;REA;Actuadores;3140CA029;13:02;13:10;8;Maintenance;CHW;Consumables;Chip reel;cambio de chip,,,,,,;no;no
2025-04-24;REA;Actuadores;3140CA029;14:05;14:10;5;Equipment Fault;CHW;St4;Pressor;scraps continuos, ajuste de posicion pressor,,,,,;no;no
2025-04-24;REA;Actuadores;3140CA029;12:40;12:45;5;Equipment Fault;Aux;;;915 Camara falla herramienta, se reduce area de inspeccion,,,,,;no;no
2025-04-24;REA;Actuadores;3140CA029;10:15;10:49;34;Equipment Fault;USW;St11;Weld NOK;Soldadura Nok, ajuste de parametros,,,,,;no;no
2025-04-24;REA;Actuadores;3140CA029;07:35;09:50;135;Equipment Fault;USW;St11;Weld NOK;Scraps continuos, revision de soldadura y ajuste de parametros,,,,,;no;no
2025-04-24;REA;Actuadores;3140CA029;14:30;14:33;3;Quality;CHW;General;Scrapbox full;En espera,,,,,,;no;no
2025-04-24;REA;Actuadores;3140CA029;11:58;12:03;5;Equipment Fault;CHW;St4;Pressor;Scraps continuos ajuste de presion, regular gas,,,,,;no;no
2025-04-21;REA;Actuadores;3140CA029;20:39;20:42;3;Production;REA;General;NOK material;Comida 30 min.,,,,,,;no;no
2025-04-21;REA;Actuadores;3140CA029;20:39;20:42;3;Maintenance;CHW;St4;Pressor;limpieza St3 y St4,,,,,,;no;no
2025-04-21;REA;Actuadores;3140CA029;20:45;20:50;5;Equipment Fault;CAW;General;Safety system;se alarma por sensro de ingun,,,,,,;no;no
2025-04-21;REA;Actuadores;3140CA029;20:55;21:02;7;Maintenance;CHW;St4;Pressor;ajuste,,,,,,;no;no
2025-04-21;REA;Actuadores;3140CA029;21:40;21:50;10;Equipment Fault;CHW;St3;Thermodo;Ajustes,,,,,,;no;no
2025-04-21;REA;Actuadores;3140CA029;22:00;22:05;5;Equipment Fault;Main conveyor;Main conveyor;Inductive sensor;falla del sensor inductivo,,,,,,;no;no
2025-04-21;REA;Actuadores;3140CA029;22:07;22:09;2;Maintenance;CHW;St4;Pressor;limpieza pines,,,,,,;no;no
2025-04-21;REA;Actuadores;3140CA029;22:10;22:20;10;Equipment Fault;Main conveyor;Main conveyor;Inductive sensor;falla sensor inductivo,,,,,,;no;no
2025-04-23;REA;Actuadores;3140CA029;18:28;18:31;3;Production;731;731;Feed piston;pin atorado,,,,,,;no;no
2025-04-23;REA;Actuadores;3140CA029;19:07;19:10;3;Equipment Fault;Main conveyor;Main conveyor;Lift;lift 24,,,,,,;no;no
2025-04-23;REA;Actuadores;3140CA029;19:16;19:20;4;Equipment Fault;Robots;R33;Waiting for spare part;choca con cover,,,,,,;no;no
2025-04-23;REA;Actuadores;3140CA029;19:47;19:49;2;Maintenance;CHW;St4;Pressor;limpieza,,,,,,;no;no
2025-04-23;REA;Actuadores;3140CA029;20:00;20:05;5;Equipment Fault;730;730;Feed piston;guia de [in chueca,,,,,,;no;no
2025-04-23;REA;Actuadores;3140CA029;20:20;20:22;2;Equipment Fault;Robots;R65;Vacuum system;vacuum off,,,,,,;no;no
2025-04-23;REA;Actuadores;3140CA029;21:34;21:44;10;Equipment Fault;EOL;General;Waiting for spare part;reset ala APP de EOL,,,,,,;no;no
2025-04-24;REA;Actuadores;3140CA029;16:48;16:53;5;Quality;CHW;General;Scrapbox full;Scrapbox full,,,,,,;no;no
2025-04-24;REA;Actuadores;3140CA029;17:06;17:08;2;Equipment Fault;731;731;Presence sensor;pin caido,,,,,,;no;no
2025-04-24;REA;Actuadores;3140CA029;17:11;17:17;6;Maintenance;CHW;St4;Pressor;Ajuste St4,,,,,,;no;no
2025-04-24;REA;Actuadores;3140CA029;17:20;17:26;6;Maintenance;CHW;St4;Pressor;Ajuste st4,,,,,,;no;no
2025-04-24;REA;Actuadores;3140CA029;17:29;17:35;6;Maintenance;CHW;General;NOK material;cambio de pines,,,,,,;no;no
2025-04-24;REA;Actuadores;3140CA029;17:38;17:40;2;Maintenance;CHW;St4;Pressor;Ajuste st4,,,,,,;no;no
2025-04-24;REA;Actuadores;3140CA029;17:57;18:02;5;Equipment Fault;EOL;General;Safety system;reset crio,,,,,,;no;no
2025-04-24;REA;Actuadores;3140CA029;18:04;18:06;2;Quality;CHW;General;Scrapbox full;scrapbox,,,,,,;no;no
2025-04-24;REA;Actuadores;3140CA029;19:15;19:17;2;Maintenance;MAT;St6;Grease sensor;se slio manguera de grasera,,,,,,;no;no
2025-04-24;REA;Actuadores;3140CA029;19:38;19:40;2;Equipment Fault;730;730;Feed piston;pallet atorado,,,,,,;no;no
2025-04-24;REA;Actuadores;3140CA029;20:06;20:11;5;Equipment Fault;CAW;Jig/Index;Presence sensor;ajuste del sensor,,,,,,;no;no
2025-04-24;REA;Actuadores;3140CA029;20:15;20:40;25;Maintenance;CAW;Jig/Index;Presence sensor;ajustes del sensero y cambio de balbul;no;no
2025-04-24;REA;Actuadores;3140CA029;21:05;21:10;5;Maintenance;CAW;Jig/Index;Presence sensor;ajuste de sensor,,,,,,;no;no
2025-04-24;REA;Actuadores;3140CA029;21:17;21:21;4;Maintenance;CAW;Jig/Index;Presence sensor;Ajuste,,,,,,;no;no
2025-04-24;REA;Actuadores;3140CA029;21:34;21:37;3;Equipment Fault;Main conveyor;Main conveyor;Inductive sensor;pallet atorado,,,,,,;no;no
2025-04-24;REA;Actuadores;3140CA029;21:41;21:43;2;Equipment Fault;Main conveyor;Main conveyor;Inductive sensor;pallet atorado,,,,,,;no;no
2025-04-24;REA;Actuadores;3140CA029;21:44;21:46;2;Equipment Fault;731;731;Feed piston;pin chueco,,,,,,;no;no
2025-04-24;REA;Actuadores;3140CA029;22:00;22:02;2;Equipment Fault;Robots;R80;Waiting for spare part;gripper 1 no abre,,,,,,;no;no
2025-04-24;REA;Actuadores;3140CA029;21:26;21:39;13;Maintenance;CAW;Jig/Index;Presence sensor;Ajuste de sensor,,,,,,;no;no
2025-04-25;REA;Actuadores;3140CA029;00:00;00:05;5;Quality;CAW;Jig/Index;Blade orienter actuator;Se libera angulo de actuador por mantenimiento a blade,,,,,,;no;no
2025-04-25;REA;Actuadores;3140CA029;00:10;00:12;2;Equipment Fault;CHW;St3;Thermodo;St 3 time out,,,,,,;no;no
2025-04-25;REA;Actuadores;3140CA029;00:12;00:15;3;Equipment Fault;Main conveyor;Main conveyor;Singulator NOK;Pallet atorado,,,,,,;no;no
2025-04-25;REA;Actuadores;3140CA029;00:38;00:42;4;Equipment Fault;Main conveyor;Main conveyor;Inductive sensor;Sensor no detecta pallet y se atora en locking,,,,,,;no;no
2025-04-25;REA;Actuadores;3140CA029;00:54;00:59;5;Equipment Fault;USW;St11;Weld NOK;Se revisa jig de branson por alto scrap, se cambia esponja y cinta,,,,,;no;no
2025-04-25;REA;Actuadores;3140CA029;01:04;03:08;124;Equipment Fault;Robots;R75;Electrical system;Cable de sensores se trozan por friccion con convolute, se empatan y se protegen con cinta,,,,,;no;no
2025-04-25;REA;Actuadores;3140CA029;03:08;03:23;15;Equipment Fault;USW;St11;Weld NOK;Se revisa leak test y branson por alto scrap,,,,,,;no;no
2025-04-25;REA;Actuadores;3140CA029;03:23;03:43;20;Equipment Fault;CHW;St3;Thermodo;Scrap alto por st 3 time out, se revisa conexiones de termopares, cable no hacia totalmente contacto,,,,;no;no
2025-04-25;REA;Actuadores;3140CA029;04:05;04:09;4;Equipment Fault;Main conveyor;Main conveyor;Inductive sensor;Sensor no decteta correctamente y se atora pallet,,,,,,;no;no
2025-04-25;REA;Actuadores;3140CA029;04:11;04:16;5;Equipment Fault;Robots;R33;Motion supervision/Joint collision;Robot colisiona en st 1 al poner la pieza en chw,,,,,,;no;no
2025-04-25;REA;Actuadores;3140CA029;04:26;05:48;82;Equipment Fault;CHW;St3;Thermodo;Se estuvo revisando la falla de st3, se apreto tornilleria y conexiones electrica,,,,,;no;no
2025-04-25;REA;Actuadores;3140CA029;06:03;06:06;3;Equipment Fault;Main conveyor;Main conveyor;Singulator NOK;Se atora pallet en singulator,,,,,,;no;no
2025-04-25;REA;Actuadores;3140CA029;06:36;07:00;24;Equipment Fault;REA;General;Electrical system;paro por fallo en suministro de energia electrica,,,,,,;no;no
2025-04-25;REA;Actuadores;3140CA029;07:00;10:56;236;Equipment Fault;REA;General;Software/PC;restauracion de equipos y robots por falla en energia electrica, se pasaron masters en todas las estaciones,,,,,;no;no
2025-04-25;REA;Actuadores;3140CA029;10:56;12:38;102;Quality;REA;General;SOP;entrega de muestras y liberacion soladura nok profundidad,,,,,,;no;no
2025-04-25;REA;Actuadores;3140CA029;12:38;14:00;82;Quality;REA;General;SOP;entrega de muestras con ajuste(cambio de lente),,,,,,;no;no
2025-04-25;REA;Actuadores;3140CA029;15:00;16:30;90;Equipment Fault;CAW;General;Waiting for spare part;Ajuste y Liberacion,,,,,,;no;no
2025-04-25;REA;Actuadores;3140CA029;17:21;17:25;4;Maintenance;CHW;St1;Presence sensor;ajuste de camara,,,,,,;no;no
2025-04-25;REA;Actuadores;3140CA029;17:41;17:43;2;Equipment Fault;Conveyors;C36;Presence sensor;no abre pistones,,,,,,;no;no
2025-04-25;REA;Actuadores;3140CA029;17:59;18:04;5;Quality;CHW;General;Scrapbox full;scrapbox,,,,,,;no;no
2025-04-25;REA;Actuadores;3140CA029;18:28;18:31;3;Equipment Fault;Conveyors;C36;Presence sensor;no abre piston,,,,,,;no;no
2025-04-25;REA;Actuadores;3140CA029;18:47;18:52;5;Equipment Fault;Main conveyor;Main conveyor;Lift;lift z4 pego en motor, se ajusto,,,,,;no;no
2025-04-25;REA;Actuadores;3140CA029;19:42;19:51;9;Equipment Fault;EOL;St3;Gripper NOK;St3 no respondia,,,,,,;no;no
2025-04-25;REA;Actuadores;3140CA029;20:38;20:41;3;Maintenance;CHW;Consumables;Argon;cambio de tanque,,,,,,;no;no
2025-04-25;REA;Actuadores;3140CA029;22:17;22:19;2;Equipment Fault;731;731;Feed piston;pin caido,,,,,,;no;no
2025-04-25;REA;Actuadores;3140CA029;22:24;22:27;3;Maintenance;CHW;St3;Gefran module;limpieza St3,,,,,,;no;no
2025-04-25;REA;Actuadores;3140CA029;23:30;23:35;5;Production;CHW;Consumables;Chip reel;Cambio de chip,,,,,,;no;no
2025-04-25;REA;Actuadores;3140CA029;22:56;23:02;6;Maintenance;REA;General;Checklist;Checklist,,,,,,;si;no
2025-04-25;REA;Actuadores;3140CA029;23:07;23:10;3;Maintenance;Robots;R70;Vacuum system;Cambio de ventosas,,,,,,;no;no
2025-04-25;REA;Actuadores;3140CA029;23:40;23:44;4;Equipment Fault;Robots;R75;Motion supervision/Joint collision;Robot ensambla mal el cover en body,,,,,,;no;no
2025-04-25;REA;Actuadores;3140CA029;00:03;00:05;2;Equipment Fault;CHW;St3;Thermodo;time out,,,,,,;no;no
2025-04-25;REA;Actuadores;3140CA029;00:06;00:10;4;Quality;CHW;General;Scrapbox full;Scrabox full,,,,,,;no;no
2025-04-25;REA;Actuadores;3140CA029;00:36;00:38;2;Equipment Fault;CHW;St3;Thermodo;gap de temperatura,,,,,,;no;no
2025-04-26;REA;Actuadores;3140CA029;02:05;02:10;5;Equipment Fault;REA;General;Checklist;Checklist,,,,,,;si;no
2025-04-26;REA;Actuadores;3140CA029;02:34;02:35;1;Equipment Fault;CHW;St3;Thermodo;gat temperatura,,,,,,;no;no
2025-04-26;REA;Actuadores;3140CA029;02:50;03:06;16;Equipment Fault;MSA;MSA;Driver;No restablecia. se alarmaba,,,,,,;no;no
2025-04-26;REA;Actuadores;3140CA029;03:10;03:13;3;Maintenance;CHW;General;Scheduled maintenance;Checklist,,,,,,;si;no
2025-04-26;REA;Actuadores;3140CA029;04:18;04:22;4;Equipment Fault;CHW;St3;Gefran module;Gap de temperatura,,,,,,;no;no
2025-04-26;REA;Actuadores;3140CA029;04:25;04:30;5;Maintenance;REA;General;Checklist;Checklist a caw,,,,,,;si;no
2025-04-26;REA;Actuadores;3140CA029;04:30;04:35;5;Equipment Fault;EOL;St4;CRIO NOK;Se reinicia crio,,,,,,;no;no
2025-04-26;REA;Actuadores;3140CA029;04:35;04:42;7;Equipment Fault;CHW;St3;Thermodo;Scrap por time out,,,,,,;no;no
2025-04-26;REA;Actuadores;3140CA029;04:52;04:54;2;Equipment Fault;CHW;St3;Thermodo;time out,,,,,,;no;no
2025-04-26;REA;Actuadores;3140CA029;05:05;05:10;5;Production;Robots;R33;;operador mete mal blister de cover y robot colisiona,,,,,,;no;no
2025-04-26;REA;Actuadores;3140CA029;05:17;05:20;3;Equipment Fault;Main conveyor;Main conveyor;Lock NOK;Pallet atorado,,,,,,;no;no
2025-04-26;REA;Actuadores;3140CA029;06:02;06:05;3;Maintenance;USW;St14;Lower Jig;Se limpia gomas por rebaba generaba scrap,,,,,,;no;no
2025-04-26;REA;Actuadores;3140CA029;06:15;06:17;2;Equipment Fault;Conveyors;C36;Guides ;Guias atoraban blister, no avanzaba,,,,,;no;no
2025-04-26;REA;Actuadores;3140CA029;06:33;06:36;3;Equipment Fault;CHW;St4;Pressor;Limpieza de pressor por scrap,,,,,,;no;no
2025-04-26;REA;Actuadores;3140CA029;06:18;06:21;3;Equipment Fault;Main conveyor;Main conveyor;Singulator NOK;Pallet atorado, se tira pallet de linea por atorarse repetidas ocasiones,,,,,;no;no
2025-04-26;REA;Actuadores;3140CA029;07:21;07:25;4;Maintenance;CCC;Consumables;Resin;Cambio,,,,,,;no;no
2025-04-25;REA;Actuadores;3140CA029;17:49;17:55;6;Equipment Fault;MSA;MSA;Sensor de presencia;no detecta magne,,,,,,;no;no
2025-04-24;REA;Actuadores;3140CA029;22:44;23:59;75;Quality;CAW;Jig/Index;Blade orienter actuator;Se manda a liberar angulo a actuador por mantenimiento a blade,,,,,,;no;no
2025-04-24;REA;Actuadores;3140CA029;03:40;03:46;6;Equipment Fault;Main conveyor;Main conveyor;Inductive sensor;Sensor no detecta pallet,,,,,,;no;no
2025-04-22;REA;Actuadores;3140CA029;23:01;23:05;4;Equipment Fault;CHW;St4;Pressor;Soldadura inestable,,,,,,;no;no
2025-04-26;REA;Actuadores;3140CA029;11:03;11:04;1;Equipment Fault;Robots;R75;Gripper/tool adjustments;Se atora gripper,,,,,,;no;no
2025-04-26;REA;Actuadores;3140CA029;11:20;11:25;5;Maintenance;CHW;Consumables;Argon;Se acaba argon, tanques vacios mal etiquetados,,,,,;no;no
2025-04-26;REA;Actuadores;3140CA029;13:01;13:03;2;Equipment Fault;Robots;R80;Gripper/tool adjustments;gripper no abrio,,,,,,;no;no
2025-04-26;REA;Actuadores;3140CA029;13:36;13:37;1;Equipment Fault;Robots;R75;Incorrect pick/place;Falla al abrir gripper en place de cover,,,,,,;no;no
2025-04-26;REA;Actuadores;3140CA029;12:45;12:48;3;Equipment Fault;Robots;R70;Vacuum system;cambio de ventosas,,,,,,;no;no
2025-04-26;REA;Actuadores;3140CA029;14:23;14:24;1;Equipment Fault;Main conveyor;Main conveyor;Singulator NOK;pallet atorado por singulator,,,,,,;no;no
2025-04-26;REA;Actuadores;3140CA029;15:15;15:19;4;Equipment Fault;CAW;LWS;NOK Condition;no resacciona,,,,,,;no;no
2025-04-26;REA;Actuadores;3140CA029;15:33;15:36;3;Equipment Fault;CAW;LWS;NOK Condition;no reacciona,,,,,,;no;no
2025-04-26;REA;Actuadores;3140CA029;15:48;15:51;3;Equipment Fault;CAW;LWS;NOK Condition;fallo no reacciona,,,,,,;no;no
2025-04-26;REA;Actuadores;3140CA029;16:20;16:22;2;Equipment Fault;Main conveyor;Main conveyor;Inductive sensor;pallet atorado,,,,,,;no;no
2025-04-26;REA;Actuadores;3140CA029;17:13;17:17;4;Equipment Fault;Main conveyor;Main conveyor;Inductive sensor;pallet atorado,,,,,,;no;no
2025-04-26;REA;Actuadores;3140CA029;18:27;18:32;5;Maintenance;CHW;Consumables;Chip reel;cambio de carrete,,,,,,;no;no
2025-04-26;REA;Actuadores;3140CA029;18:44;18:46;2;Maintenance;USW;St14;Lower Jig;limpieza,,,,,,;no;no
2025-04-26;REA;Actuadores;3140CA029;18:54;18:55;1;Equipment Fault;Conveyors;C36;Presence sensor;reset,,,,,,;no;no
2025-04-26;REA;Actuadores;3140CA029;19:10;19:13;3;Quality;CHW;General;Scrapbox full;Scrapbox full,,,,,,;no;no
2025-04-26;REA;Actuadores;3140CA029;20:31;20:33;2;Equipment Fault;CAW;General;;se detiene y no avanza,,,,,,;no;no
2025-04-27;REA;Actuadores;3140CA029;07:57;08:00;3;Equipment Fault;EOL;St4;CRIO NOK;Reiniciar CRIO y NI app,,,,,,;no;no
2025-04-27;REA;Actuadores;3140CA029;07:00;07:10;10;Maintenance;REA;General;Checklist;Inicio de turno checklist,,,,,,;si;no
2025-04-27;REA;Actuadores;3140CA029;07:10;07:36;26;Quality;REA;General;SOP;Esperando liberacion por paro de fin de semana,,,,,,;si;no
2025-04-27;REA;Actuadores;3140CA029;08:50;08:55;5;Equipment Fault;EOL;St2;CRIO NOK;reinicio de crio,,,,,,;no;no
2025-04-27;REA;Actuadores;3140CA029;09:32;09:38;6;Maintenance;MAT;Consumables;Grease;Cambio de grasa,,,,,,;no;no
2025-04-27;REA;Actuadores;3140CA029;09:25;09:27;2;Equipment Fault;731;731;Bowl/Lineal feeder;Se atora pin, no lo detecta el sensor,,,,,;no;no
2025-04-27;REA;Actuadores;3140CA029;09:38;09:39;1;Equipment Fault;Robots;R75;Incorrect pick/place;Se atora gripper en ensamble de cover,,,,,,;no;no
2025-04-27;REA;Actuadores;3140CA029;09:27;09:30;3;Equipment Fault;USW;St11;Branson;Trigger timeout,,,,,,;no;no
2025-04-27;REA;Actuadores;3140CA029;09:53;09:55;2;Maintenance;CHW;Consumables;Argon;cambio de gas argon,,,,,,;no;no
2025-04-27;REA;Actuadores;3140CA029;10:22;10:26;4;Equipment Fault;Main conveyor;Main conveyor;Inductive sensor;Falla sensor despues de lock de MSA,,,,,,;no;no
2025-04-27;REA;Actuadores;3140CA029;10:20;10:21;1;Equipment Fault;620;620;Alphamatic Module;pick nok,,,,,,;no;no
2025-04-27;REA;Actuadores;3140CA029;10:57;10:59;2;Equipment Fault;Robots;R75;Motion supervision/Joint collision;cambio de cinta a gripper,,,,,,;no;no
2025-04-27;REA;Actuadores;3140CA029;11:01;11:02;1;Equipment Fault;620;620;Alphamatic Module;pick nok,,,,,,;no;no
2025-04-27;REA;Actuadores;3140CA029;11:05;11:06;1;Equipment Fault;915;915;Dart sensor;sensor no detecta ogiva,,,,,,;no;no
2025-04-27;REA;Actuadores;3140CA029;11:35;11:36;1;Equipment Fault;731;731;Presence sensor;pin inclinado,,,,,,;no;no
2025-04-27;REA;Actuadores;3140CA029;13:54;13:57;3;Quality;MAT;General;Scrapbox full;Scraps continuos por picos en la lectura de FFT,,,,,,;no;no
2025-04-27;REA;Actuadores;3140CA029;14:25;14:26;1;Equipment Fault;731;731;Feed piston;pin inclinado,,,,,,;no;no
2025-04-27;REA;Actuadores;3140CA029;15:05;15:08;3;Quality;MAT;General;Scrapbox full;scrap box full,,,,,,;no;no
2025-04-28;REA;Actuadores;3140CA029;07:00;19:33;753;Quality;REA;General;SOP;Liberacion,,,,,,;no;no
2025-04-28;REA;Actuadores;3140CA029;07:10;11:30;260;Maintenance;REA;General;Scheduled maintenance;mtto a robots (R70,R75) Y ajustes,,,,,;no;no
2025-04-28;REA;Actuadores;3140CA029;11:39;11:41;2;Equipment Fault;Conveyors;C36;Presence sensor;no abrio piston,,,,,,;no;no
2025-04-28;REA;Actuadores;3140CA029;13:45;13:47;2;Equipment Fault;731;731;Feed piston;pin chueco,,,,,,;no;no
2025-04-28;REA;Actuadores;3140CA029;15:16;15:20;4;Equipment Fault;Main conveyor;Main conveyor;Inductive sensor;Sensor estaba suelto y no sensaba cuando llegaba el pallet,,,,,,;no;no
2025-04-28;REA;Actuadores;3140CA029;15:00;15:08;8;Maintenance;REA;General;Checklist;Checklist a Linea,,,,,,;si;no
2025-04-28;REA;Actuadores;3140CA029;15:12;15:14;2;Production;Conveyors;C36;Guides ;Blister atorado en guias de conveyor, no avanza,,,,,;no;no
2025-04-28;REA;Actuadores;3140CA029;17:13;17:18;5;Equipment Fault;731;731;Feed piston;body se queda atorado en prensa y r40 colisiona poruqe no habia body en pallet,,,,,,;no;no
2025-04-28;REA;Actuadores;3140CA029;17:18;17:22;4;Equipment Fault;REA;General;Pneumatic System;se alarma compresor,,,,,,;no;no
2025-04-28;REA;Actuadores;3140CA029;16:21;16:26;5;Equipment Fault;CAW;General;Empty conveyor/feeder;Crank se queda atorado en riel y hace time out,,,,,,;no;no
2025-04-28;REA;Actuadores;3140CA029;17:38;17:40;2;Equipment Fault;Main conveyor;Main conveyor;Lock NOK;Pallet atorado,,,,,,;no;no
2025-04-28;REA;Actuadores;3140CA029;18:05;18:08;3;Equipment Fault;USW;St14;Lower Jig;Scrap, cambio de goma,,,,,;no;no
2025-04-28;REA;Actuadores;3140CA029;18:17;18:19;2;Equipment Fault;731;731;Tool ;Pin cae en mal posicion,,,,,,;no;no
2025-04-28;REA;Actuadores;3140CA029;19:05;19:08;3;Production;CHW;Consumables;Argon;Cambio de argon,,,,,,;no;no
2025-04-28;REA;Actuadores;3140CA029;19:10;19:16;6;Equipment Fault;Main conveyor;Main conveyor;Singulator NOK;Singulator no cierra correctamente y sensores no marcan presencia,,,,,,;no;no
2025-04-28;REA;Actuadores;3140CA029;20:52;22:19;87;Equipment Fault;CCC;General;Software/PC;Memoria llena, computadora ciclada,,,,,;no;no
2025-04-28;REA;Actuadores;3140CA029;22:44;22:46;2;Equipment Fault;MSA;MSA;Sensor de presencia;place nok,,,,,,;no;no
2025-04-28;REA;Actuadores;3140CA029;23:30;23:31;1;Equipment Fault;731;731;Bowl/Lineal feeder;perdio secuencia,,,,,,;no;no
2025-04-29;REA;Actuadores;3140CA029;00:01;00:06;5;Material/Logistics;CAW;CPA;Feeder;material pin nok,,,,,,;no;no
2025-04-29;REA;Actuadores;3140CA029;00:41;00:46;5;Equipment Fault;CAW;General;Software/PC;no continuo ciclo,,,,,,;no;no
2025-04-29;REA;Actuadores;3140CA029;03:11;03:15;4;Equipment Fault;Robots;R80;Electrical system;Sensor falla, cable dañado, reparacion temporal,,,,;no;no
2025-04-29;REA;Actuadores;3140CA029;06:10;06:15;5;Equipment Fault;CAW;CPA;Feeder;Crank atorado, timeout,,,,,;no;no
2025-04-29;REA;Actuadores;3140CA029;03:05;03:10;5;Maintenance;REA;General;Checklist;checklist,,,,,,;si;no
2025-04-29;REA;Actuadores;3140CA029;06:30;06:35;5;Quality;REA;General;TBD;Israel solicita muestras,,,,,,;no;no
2025-04-29;REA;Actuadores;3140CA029;07:00;07:06;6;Maintenance;REA;General;Checklist;checklist,,,,,,;si;no
2025-04-29;REA;Actuadores;3140CA029;07:10;07:12;2;Equipment Fault;731;731;Feed piston;pin chueco,,,,,,;no;no
2025-04-29;REA;Actuadores;3140CA029;15:00;15:10;10;Maintenance;REA;General;Checklist;Checklist,,,,,,;si;no
2025-04-29;REA;Actuadores;3140CA029;15:30;15:35;5;Quality;CHW;General;NOK material;Cover con doble codigo QR,,,,,,;no;no
2025-04-29;REA;Actuadores;3140CA029;15:34;15:37;3;Equipment Fault;Conveyors;C55;Presence sensor;Sensor no dectaba blister,,,,,,;no;no
2025-04-29;REA;Actuadores;3140CA029;17:27;17:29;2;Equipment Fault;USW;St11;Jig;Se cambia cinta en jig por alto scrap,,,,,,;no;no
2025-04-29;REA;Actuadores;3140CA029;17:02;17:04;2;Equipment Fault;USW;St14;Lower Jig;Se hace limpieza de goma por rebaba,,,,,,;no;no
2025-04-29;REA;Actuadores;3140CA029;16:05;16:12;7;Production;CHW;Consumables;Chip reel;Cambio de chip,,,,,,;no;no
2025-04-29;REA;Actuadores;3140CA029;19:20;19:23;3;Production;MAT;St3;Feeder;Feeder de tornillos vacio,,,,,,;no;no
2025-04-29;REA;Actuadores;3140CA029;19:50;20:00;10;Maintenance;REA;General;Checklist;Checklist,,,,,,;si;no
2025-04-29;REA;Actuadores;3140CA029;21:32;21:34;2;Equipment Fault;Robots;R75;Gripper/tool adjustments;No abre gripper,,,,,,;no;no
2025-04-29;REA;Actuadores;3140CA029;20:40;21:48;68;Equipment Fault;Robots;R80;Motion supervision/Joint collision;Robot toma mal la pieza y al poner en jig colisiona,,,,,,;no;no
2025-04-29;REA;Actuadores;3140CA029;22:25;22:27;2;Equipment Fault;Robots;R75;Gripper/tool adjustments;Robot no abre gripper,,,,,,;no;no
2025-04-29;REA;Actuadores;3140CA029;22:02;22:06;4;Equipment Fault;CHW;St2;SCARA Pick/Place;Robot no agarra chip,,,,,,;no;no
2025-04-30;REA;Actuadores;3140CA029;02:00;02:15;15;Equipment Fault;CAW;General;Software/PC;Trabada despues de back up, restablecer app, soldadura aun ok,,,,;no;no
2025-04-30;REA;Actuadores;3140CA029;02:15;02:20;5;Equipment Fault;CAW;CPA;Feeder;Cranks atorados,,,,,,;no;no
2025-04-30;REA;Actuadores;3140CA029;00:10;01:28;78;Quality;REA;General;NOK material;Liberacion despues de ajuste de centrado de soldadura,,,,,,;no;no
2025-04-29;REA;Actuadores;3140CA029;23:20;24:00;40;Equipment Fault;CAW;LWS;NOK Condition;Soldadura NOK, descentrada, se ajustan parametros,,,,;no;no
2025-04-30;REA;Actuadores;3140CA029;02:27;02:30;3;Equipment Fault;CAW;CPA;SCARA;place nok scara,,,,,,;no;no
2025-04-30;REA;Actuadores;3140CA029;03:05;03:06;1;Equipment Fault;Robots;R75;Gripper/tool adjustments;gripper no abrio,,,,,,;no;no
2025-04-30;REA;Actuadores;3140CA029;03:13;03:16;3;Equipment Fault;CHW;St2;Vacuum system;falla al tomar chip 2 veces,,,,,,;no;no
2025-04-30;REA;Actuadores;3140CA029;04:45;04:50;5;Equipment Fault;CAW;CPA;Feeder;crank material nok,,,,,,;no;no
2025-04-30;REA;Actuadores;3140CA029;05:35;05:38;3;Maintenance;CCC;Consumables;Resin;cambio de resina,,,,,,;no;no
2025-04-30;REA;Actuadores;3140CA029;06:04;06:07;3;Equipment Fault;CAW;CPA;Feeder;crank invertido,,,,,,;no;no
2025-04-30;REA;Actuadores;3140CA029;06:07;06:08;1;Equipment Fault;Main conveyor;Main conveyor;Lock NOK;Lock no cierra correctamente,robot no recoge body de pallet,,,,,;no;no
2025-04-30;REA;Actuadores;3140CA029;06:31;06:33;2;Equipment Fault;Robots;R75;Incorrect pick/place;se atora gripper 2 veces,,,,,,;no;no
2025-04-30;REA;Actuadores;3140CA029;07:00;07:10;10;Maintenance;REA;General;Checklist;checklist (CHW, EOL, USW, CAW),,,;si;no
2025-04-30;REA;Actuadores;3140CA029;08:00;08:02;2;Equipment Fault;CHW;St2;Vacuum system;falla St2,,,,,,;no;no
2025-04-30;REA;Actuadores;3140CA029;08:30;08:32;2;Equipment Fault;731;731;Feed piston;pin caido,,,,,,;no;no
2025-04-30;REA;Actuadores;3140CA029;08:35;08:36;1;Equipment Fault;Robots;R70;Gripper/tool adjustments;no abre gripper 3,,,,,,;no;no
2025-04-30;REA;Actuadores;3140CA029;09:08;09:10;2;Equipment Fault;Robots;R75;Gripper/tool adjustments;no abre gripper 3,,,,,,;no;no
2025-04-28;REA;Actuadores;3140CA029;11:47;11:49;2;Equipment Fault;Robots;R80;Gripper/tool adjustments;no abre gripper,,,,,,;no;no
2025-04-26;REA;Actuadores;3140CA029;20:00;20:28;28;Equipment Fault;Robots;R70;Gripper/tool adjustments;sensor de gripper no enciende falla al levantar gear.,,,,,,;no;no
2025-04-26;REA;Actuadores;3140CA029;21:13;21:15;2;Quality;Robots;R75;Motion supervision/Joint collision;motion sup,,,,,,;no;no
2025-04-26;REA;Actuadores;3140CA029;21:10;21:12;2;Equipment Fault;Robots;R70;Vacuum system;se cae gear (cambio de ventosas),,,,,,;no;no
2025-04-26;REA;Actuadores;3140CA029;20:48;20:50;2;Production;710;710;Presence sensor;motor al revez,,,,,,;no;no
2025-04-26;REA;Actuadores;3140CA029;20:42;20:44;2;Production;915;710;Presence sensor;motor al revez,,,,,,;no;no
2025-04-26;REA;Actuadores;3140CA029;19:55;19:58;3;Equipment Fault;CAW;General;Waiting for spare part;se detiene y no avanza,,,,,,;no;no
2025-04-26;REA;Actuadores;3140CA029;19:48;19:50;2;Production;915;710;Presence sensor;motor al revez,,,,,,;no;no
2025-04-26;REA;Actuadores;3140CA029;19:41;19:43;2;Production;915;710;Presence sensor;motor al revez,,,,,,;no;no
2025-04-26;REA;Actuadores;3140CA029;19:31;19:34;3;Equipment Fault;Robots;R75;Gripper/tool adjustments;no abre gripper,,,,,,;no;no
2025-04-26;REA;Actuadores;3140CA029;16:35;16:38;3;Equipment Fault;CAW;General;Waiting for spare part;no responde y se reinicia,,,,,,;no;no
2025-04-26;REA;Actuadores;3140CA029;16:56;16:59;3;Equipment Fault;CAW;General;Waiting for spare part;no reacciona y se reinicia,,,,,,;no;no
2025-04-26;REA;Actuadores;3140CA029;15:58;16:00;2;Equipment Fault;EOL;St2;Gripper NOK;reset alarma,,,,,,;no;no
2025-04-26;REA;Actuadores;3140CA029;17:40;17:43;3;Equipment Fault;Robots;R75;Vacuum system;vacuum gripper 1,,,,,,;no;no
2025-04-26;REA;Actuadores;3140CA029;17:56;17:58;2;Equipment Fault;Robots;R75;Vacuum system;vacuum griper 1,,,,,,;no;no
2025-04-26;REA;Actuadores;3140CA029;14:39;14:44;5;Equipment Fault;CAW;General;Software/PC;no continuo ciclo,,,,,,;no;no
2025-04-26;REA;Actuadores;3140CA029;15:24;15:26;2;Equipment Fault;Robots;R75;Vacuum system;vacuum gripper1,,,,,,;no;no
2025-04-26;REA;Actuadores;3140CA029;09:09;09:13;4;Equipment Fault;CAW;General;Software/PC;no continuo ciclo,,,,,,;no;no
2025-04-24;REA;Actuadores;3140CA029;22:15;22:18;3;Maintenance;CAW;Jig/Index;Presence sensor;Ajuste,,,,,,;no;no
2025-04-24;REA;Actuadores;3140CA029;19:44;19:46;2;Equipment Fault;Robots;R80;Gripper/tool adjustments;no abre gripper,,,,,,;no;no
2025-04-24;REA;Actuadores;3140CA029;18:10;18:14;4;Equipment Fault;CAW;Laser module;Waiting for spare part;laser no sube,,,,,,;no;no
2025-04-23;REA;Actuadores;3140CA029;21:08;21:16;8;Equipment Fault;CAW;Laser module;Waiting for spare part;presor se queda abajo,,,,,,;no;no
2025-04-23;REA;Actuadores;3140CA029;21:20;21:22;2;Production;Aux;710;Presence sensor;motor invertido,,,,,,;no;no
2025-04-23;REA;Actuadores;3140CA029;18:59;19:01;2;Equipment Fault;Robots;R33;Vacuum system;colisiona con gear caido en blister,,,,,,;no;no
2025-04-21;REA;Actuadores;3140CA029;21:17;21:21;4;Equipment Fault;Robots;R80;Gripper/tool adjustments;se atora gripper,,,,,,;no;no
2025-04-17;REA;Actuadores;3140CA029;22:05;22:09;4;Maintenance;CHW;St4;Pressor;ajuste,,,,,,;no;no
2025-04-17;REA;Actuadores;3140CA029;21:51;21:56;5;Quality;CHW;St4;Pressor;ajuste,,,,,,;no;no
2025-04-17;REA;Actuadores;3140CA029;21:12;21:17;5;Maintenance;CHW;St4;Pressor;limpieza,,,,,,;no;no
2025-04-17;REA;Actuadores;3140CA029;19:40;19:45;5;Equipment Fault;Robots;R80;Gripper/tool adjustments;no abre gripper,,,,,,;no;no
2025-04-17;REA;Actuadores;3140CA029;17:45;17:49;4;Equipment Fault;CAW;CPA;Feeder;crank atorado en feeder,,,,,,;no;no
2025-04-17;REA;Actuadores;3140CA029;17:59;18:03;4;Equipment Fault;CAW;CPA;Feeder;crank invertido,,,,,,;no;no
2025-04-17;REA;Actuadores;3140CA029;15:10;15:15;5;Maintenance;CHW;General;Checklist;checklist,,,,,,;si;no
2025-04-21;REA;Actuadores;3140CA029;19:55;20:00;5;Maintenance;CHW;St4;Pressor;cambio de pines,,,,,,;no;no
2025-04-21;REA;Actuadores;3140CA029;18:34;18:35;1;Equipment Fault;CHW;St6;PTC;alarma profinet St 3,4 y 5,,,,,;no;no
2025-04-21;REA;Actuadores;3140CA029;19:13;19:15;2;Production;710;710;Presence sensor;motor invertido,,,,,,;no;no
2025-04-21;REA;Actuadores;3140CA029;19:47;19:49;2;Maintenance;Robots;R33;Motion supervision/Joint collision;choca en CHW,,,,,,;no;no
2025-04-21;REA;Actuadores;3140CA029;21:19;21:20;1;Production;710;710;Presence sensor;motor invertido,,,,,,;no;no
2025-04-21;REA;Actuadores;3140CA029;21:10;21:11;1;Production;710;710;Presence sensor;motor invertido,,,,,,;no;no
2025-04-21;REA;Actuadores;3140CA029;17:50;17:52;2;Equipment Fault;Robots;R75;Motion supervision/Joint collision;motion sup al ensamblar,,,,,,;no;no
2025-04-21;REA;Actuadores;3140CA029;15:45;15:47;2;Equipment Fault;Robots;R75;Motion supervision/Joint collision;motion sup al ensamblar,,,,,,;no;no
2025-04-21;REA;Actuadores;3140CA029;15:58;15:59;1;Equipment Fault;Robots;R75;Motion supervision/Joint collision;motion sup al ensamblar,,,,,,;no;no
2025-04-21;REA;Actuadores;3140CA029;16:08;16:10;2;Equipment Fault;Robots;R75;Motion supervision/Joint collision;motion sup al ensamblar,,,,,,;no;no
2025-04-21;REA;Actuadores;3140CA029;16:28;16:32;4;Equipment Fault;CAW;General;Waiting for spare part;se detiene secuencia,,,,,,;no;no
2025-04-21;REA;Actuadores;3140CA029;15:10;15:12;2;Production;710;710;Presence sensor;motor invertido,,,,,,;no;no
2025-04-29;REA;Actuadores;3140CA029;08:03;08:08;5;Maintenance;Robots;R80;Electrical system;Falla sensor de gripper 2, se ajusta cable y conector,,,,,;no;no
2025-04-29;REA;Actuadores;3140CA029;08:13;08:15;2;Equipment Fault;Robots;R70;Vacuum system;Ventosa rota,,,,,,;no;no
2025-04-29;REA;Actuadores;3140CA029;08:35;09:44;69;Quality;CAW;LSW;Pressor;Profundidad efectiva NOK, se manda a liberar por calidad,,,,,;no;no
2025-04-29;REA;Actuadores;3140CA029;09:44;11:30;106;Maintenance;Robots;R80;Electrical system;2 cables de sensor para gripper en mal estado y con falso contacto, se reemplazan,,,,,;no;no
2025-04-30;REA;Actuadores;3140CA029;09:28;09:30;2;Maintenance;Main conveyor;Main conveyor;Inductive sensor;sensor no detecto el pallet de body,,,,,,;no;no
2025-04-30;REA;Actuadores;3140CA029;09:32;09:33;1;Maintenance;Robots;R75;Motion supervision/Joint collision;R80 no abre gripper al ensamblar cover,,,,,,;no;no
2025-04-30;REA;Actuadores;3140CA029;10:49;10:54;5;Maintenance;REA;General;Checklist;checklist CAW,,,,,,;si;no
2025-04-30;REA;Actuadores;3140CA029;10:54;10:58;4;Maintenance;REA;General;Checklist;Checklist CHW,,,,,,;si;no
2025-04-30;REA;Actuadores;3140CA029;11:21;11:22;1;Maintenance;Robots;R75;Motion supervision/Joint collision;no abre gripper 3 al ensamblar cover,,,,,,;no;no
2025-04-30;REA;Actuadores;3140CA029;11:08;11:09;1;Maintenance;Robots;R75;Motion supervision/Joint collision;no abre gripper al ensamblar cover,,,,,,;no;no
2025-04-30;REA;Actuadores;3140CA029;10:46;10:47;1;Maintenance;Robots;R75;Motion supervision/Joint collision;no abre gripper al ensamblar cover,,,,,,;no;no
2025-04-30;REA;Actuadores;3140CA029;10:13;10:15;2;Maintenance;Conveyors;C31;Presence sensor;piston no abre y no avanza blister,,,,,,;no;no
2025-04-30;REA;Actuadores;3140CA029;10:42;10:43;1;Maintenance;Robots;R75;Motion supervision/Joint collision;no abre gripper al ensamblar cover,,,,,,;no;no
2025-04-30;REA;Actuadores;3140CA029;11:49;11:50;1;Maintenance;Robots;R75;Motion supervision/Joint collision;no abre gripper 3 al ensamblar cover,,,,,,;no;no
2025-04-30;REA;Actuadores;3140CA029;12:09;12:10;1;Maintenance;Robots;R75;Motion supervision/Joint collision;no abre gripper 3 al ensamblar cover,,,,,,;no;no
2025-04-30;REA;Actuadores;3140CA029;12:13;12:14;1;Maintenance;Robots;R75;Motion supervision/Joint collision;no abre gripper 3 al ensamblar cover,,,,,,;no;no
2025-04-30;REA;Actuadores;3140CA029;13:09;13:14;5;Maintenance;CHW;Consumables;Chip reel;cambio de rollo chip,,,,,,;no;no
2025-04-30;REA;Actuadores;3140CA029;13:22;13:23;1;Maintenance;Conveyors;C36;Presence sensor;no abre piston y pallet se queda atorado,,,,,,;no;no
2025-04-30;REA;Actuadores;3140CA029;13:45;13:47;2;Maintenance;Robots;R75;Motion supervision/Joint collision;no abre gripper 3 al ensamblar cover,,,,,,;no;no
2025-04-30;REA;Actuadores;3140CA029;14:00;14:02;2;Maintenance;Robots;R75;Motion supervision/Joint collision;no abre gripper 3 al ensamblar cover,,,,,,;no;no
2025-04-30;REA;Actuadores;3140CA029;15:00;15:08;8;Maintenance;REA;General;Checklist;Checklist,,,,,,;si;no
2025-04-30;REA;Actuadores;3140CA029;15:08;15:10;2;Equipment Fault;MAT;St5;Axis not in home;Mesa no puede girar por axis, se mueve en manual,,,,,;no;no
2025-04-30;REA;Actuadores;3140CA029;15:21;15:22;1;Equipment Fault;Robots;R75;Gripper/tool adjustments;Gripper 2 no abre correctamente,,,,,,;no;no
2025-04-30;REA;Actuadores;3140CA029;15:44;15:50;6;Equipment Fault;Main conveyor;Main conveyor;Inductive sensor;Sensor falla, al ajustar causa problemas en secuencia, se ajusta nuevamente,,,,;no;no
2025-04-30;REA;Actuadores;3140CA029;16:15;16:17;2;Equipment Fault;MAT;St4;Power supply CRIO;Alarma en PS,,,,,,;no;no
2025-04-30;REA;Actuadores;3140CA029;16:10;16:15;5;Equipment Fault;Robots;R75;Gripper/tool adjustments;Se atora repetitivamente, lubricacion,,,,,;no;no
2025-04-30;REA;Actuadores;3140CA029;16:02;16:04;2;Equipment Fault;Robots;R70;Vacuum system;Tomo mal el gear, quedo desfasado al intentar colocarlo,,,,,;no;no
2025-04-30;REA;Actuadores;3140CA029;16:20;16:22;2;Equipment Fault;EOL;St2;Gripper NOK;Overload, se revisa la pieza,,,,,;no;no
2025-04-30;REA;Actuadores;3140CA029;16:24;16:28;4;Equipment Fault;Robots;R75;Gripper/tool adjustments;No toma bien la pieza, causa que se atasque al ensamblar, se coloca lija en el gripper,,,,;no;no
2025-04-30;REA;Actuadores;3140CA029;18:50;19:05;15;Equipment Fault;REA;General;Electrical system;Sin energia en planta, se detiene REA, al volver se espera a restablecer compresor,,,,;no;no
2025-04-30;REA;Actuadores;3140CA029;19:05;19:13;8;Quality;USW;General;NOK material;Body con bushing se atasca en sonotrodo y colisiona con el siguiente. Al retirarlo en la siguiente pieza rechina de forma inusual por lo que se revisa que no tenga daño importante antes de continuar,,,,,,;no;no
2025-04-30;REA;Actuadores;3140CA029;18:06;18:45;39;Quality;Robots;R75;NOK material;Falla al ensamblar debido a rebaba en cover, esto causa que se atore en el pallet y no quede en posicion correcta al ensamblar. Cada vez es necesario mover el robot en manual, desatascar el gripper, entrar a la celda a revisar la pieza. Esto mas tiempo de intervenciones tratando de minimizar el problema, se cambia material,,;no;no
2025-04-30;REA;Actuadores;3140CA029;19:28;19:34;6;Equipment Fault;CAW;CPA;Feeder;Crank atascado, feeder vacio,,,,,;no;no
2025-05-01;REA;Actuadores;3140CS023;04:00;06:00;120;Maintenance;REA;General;Change Over;ser up gm23,,,,,,;no;no
2025-05-01;REA;Actuadores;3140CS023;06:00;07:00;60;Quality;REA;General;Change Over;Esperando liberacion,,,,,,;si;no
2025-05-01;REA;Actuadores;3140CS023;01:50;01:52;2;Equipment Fault;Main conveyor;Main conveyor;Inductive sensor;Deja pasar pallet y se atora,,,,,,;no;no
2025-05-01;REA;Actuadores;3140CS023;01:45;01:50;5;Equipment Fault;MSA;MSA;Driver;no continua ciclo, reiniciar manual, desde pantalla de maquina,,,,;no;no
2025-04-30;REA;Actuadores;3140CS023;23:10;23:15;5;Maintenance;REA;General;Checklist;Checklist,,,,,,;si;no
2025-05-01;REA;Actuadores;3140CS023;00:30;00:34;4;Equipment Fault;Robots;R80;Incorrect pick/place;Sensor no detecta correctamente y gripper atorado,,,,,,;no;no
2025-05-02;REA;Actuadores;3140CS023;15:40;15:45;5;Equipment Fault;REA;General;Pneumatic System;Manguera de alimentacion de aire a manifold fugaba aier, se corta el pedazo y se vuelve a conectar,,,,,;no;no
2025-05-02;REA;Actuadores;3140CS023;15:00;15:20;20;Equipment Fault;CAW;LWS;NOK Condition;Se recibe turno con problemas en caw, se ajusta la posicion de pressor para mejorar la condicion en pin manchado por humo,,,,,;no;no
2025-05-02;REA;Actuadores;3140CA029;16:19;17:03;44;Equipment Fault;MAT;St4;CRIO App;Scrap alto por voltaje de motor, tambien alto scrap en EOL,,,,,;no;no
2025-05-02;REA;Actuadores;3140CA029;17:12;19:33;141;Equipment Fault;EOL;St4;CRIO NOK;Scrap alto del 70-80% por torque. Se revisa la estacion mecanica y electricamente.,,,,,,;no;no
2025-05-02;REA;Actuadores;3140CA029;21:40;22:03;23;Equipment Fault;EOL;St4;Gripper NOK;Continua el scrap alto, de forma menos drastica 10-15%.,,,,,;no;no
2025-05-02;REA;Actuadores;3140CS023;23:05;23:12;7;Equipment Fault;EOL;St4;CRIO NOK;Timeout, reiniciar, restaurar ciclo gripper se queda abajo,,,,;no;no
2025-05-02;REA;Actuadores;3140CS023;23:26;23:29;3;Quality;EOL;General;Scrapbox full;Falla torque average min, scrap constante,,,,,;no;no
2025-05-02;REA;Actuadores;3140CS023;23:36;23:41;5;Quality;CHW;General;Scrapbox full;Scrapbox llena,,,,,,;no;no
2025-05-02;REA;Actuadores;3140CS023;00:40;00:43;3;Equipment Fault;Main conveyor;Main conveyor;Belt;Pallets atorados por pallet chueco por guias,,,,,,;no;no
2025-05-03;REA;Actuadores;3140CS023;00:50;00:52;2;Equipment Fault;Main conveyor;Main conveyor;Belt;Pallets atorados por pallet chueco por guias,,,,,,;no;no
2025-05-03;REA;Actuadores;3140CS023;00:55;00:57;2;Equipment Fault;Robots;R75;Gripper/tool adjustments;Sensor desconectado,,,,,,;no;no
2025-05-03;REA;Actuadores;3140CS023;01:03;01:05;2;Equipment Fault;EOL;General;NOK material;Desviacion de torque implementada torque minimo de 1.80 a 1.75 y average minimo de 1.85 a 1.80,,,,,,;no;no
2025-05-03;REA;Actuadores;3140CS023;01:55;02:03;8;Equipment Fault;730;General;PLC ;perdio secuencia,,,,,,;no;no
2025-05-03;REA;Actuadores;3140CS023;04:15;04:16;1;Quality;EOL;General;Scrapbox full;,,,,,,;no;no
2025-05-03;REA;Actuadores;3140CS023;04:40;05:00;20;Equipment Fault;MSA;MSA;Driver;Constantemente avanza y se regresa en home, No se puede restablecer, se borra ciclo despues de reiniciar equipo,,,,;no;no
2025-05-03;REA;Actuadores;3140CS023;05:00;07:00;120;Maintenance;REA;General;Change Over;Set up Ford 29,,,,,,;no;no
2025-05-02;REA;Actuadores;3140CS023;22:46;22:50;4;Quality;EOL;General;Scrapbox full;Scrapbox,,,,,,;no;no
2025-05-02;REA;Actuadores;3140CS023;07:00;12:03;303;Quality;REA;General;Change Over;en espera de liberacion GM023,,,,,,;no;no
2025-05-02;REA;Actuadores;3140CS023;12:03;14:06;123;Maintenance;EOL;St5;Vision system;En espera de soporte de Italia,,,,,,;no;no
2025-05-02;REA;Actuadores;3140CS023;14:40;15:00;20;Maintenance;CAW;CPA;Feeder;Ajuste de Ckrank,,,,,,;no;no
2025-05-02;REA;Actuadores;3140CS023;11:35;11:37;2;Maintenance;Robots;R70;Vacuum system;vacuum off se reinicia robot,,,,,,;no;no
2025-05-02;REA;Actuadores;3140CS023;11:49;11:50;1;Maintenance;Robots;R70;Vacuum system;vacuum off se reinicia robot,,,,,,;no;no
2025-05-03;REA;Actuadores;3140CA029;07:00;10:14;194;Quality;REA;General;Change Over;Liberacion,,,,,,;no;no
2025-05-03;REA;Actuadores;3140CA029;10:23;10:27;4;Equipment Fault;730;730;Bowl/Lineal feeder;Pin atorado en piston de salida en feeder hacia manguera a la prensa,,,,,,;no;no
2025-05-03;REA;Actuadores;3140CA029;10:41;10:45;4;Production;CAW;CPA;Vision system;Crank assy incorrecto,,,,,,;no;no
2025-05-03;REA;Actuadores;3140CA029;10:56;10:59;3;Equipment Fault;Main conveyor;Main conveyor;RFID Reader;No detecta pallet en st731,,,,,,;no;no
2025-05-03;REA;Actuadores;3140CA029;11:38;11:41;3;Equipment Fault;MAT;St3;Feeder;No le llega tornillo,,,,,,;no;no
2025-05-03;REA;Actuadores;3140CA029;12:15;12:18;3;Equipment Fault;EOL;St3;Axial play NOK;St.3 timeout,,,,,,;no;no
2025-05-03;REA;Actuadores;3140CA029;12:24;12:25;1;Equipment Fault;Robots;R75;Motion supervision/Joint collision;Se alarma por motion supervision al ensamblar,,,,,,;no;no
2025-05-03;REA;Actuadores;3140CA029;12:28;12:29;1;Maintenance;EOL;St3;Gripper NOK;falla en St3 timeout (REPETIR PRUEBA),,,,,,;no;no
2025-05-03;REA;Actuadores;3140CA029;12:36;12:38;2;Maintenance;Robots;R75;Gripper/tool adjustments;NO ABRE GRIPPE 3,,,,,,;no;no
2025-05-03;REA;Actuadores;3140CA029;12:50;12:54;4;Maintenance;CAW;Jig/Index;Presence sensor;se limpian jigs,,,,,,;no;no
2025-05-03;REA;Actuadores;3140CA029;13:15;13:17;2;Maintenance;Robots;R75;Gripper/tool adjustments;no abre gripper 3,,,,,,;no;no
2025-05-03;REA;Actuadores;3140CA029;13:27;13:28;1;Maintenance;Robots;R70;Vacuum system;vacuum off se reinicia R70,,,,,,;no;no
2025-05-03;REA;Actuadores;3140CA029;13:39;13:40;1;Maintenance;Robots;R75;Gripper/tool adjustments;no abre gripper 3,,,,,,;no;no
2025-05-03;REA;Actuadores;3140CA029;13:54;13:57;3;Maintenance;EOL;St2;Gripper NOK;actuador bloqueado,,,,,,;no;no
2025-05-03;REA;Actuadores;3140CA029;14:27;14:28;1;Maintenance;Robots;R70;Vacuum system;vacuum off R70 se reinicia,,,,,,;no;no
2025-05-03;REA;Actuadores;3140CA029;14:47;14:48;1;Maintenance;Robots;R70;Vacuum system;vacuum off,,,,,,;no;no
2025-05-03;REA;Actuadores;3140CA029;15:00;15:07;7;Maintenance;REA;General;Checklist;Checklist,,,,,,;si;no
2025-05-03;REA;Actuadores;3140CA029;15:07;15:16;9;Equipment Fault;CAW;Jig/Index;Blade orienter actuator;Blade orientes no llega a posicion final dos veces consecutivas, se ajusta la carrera del actruador y el sensor,,,,,;no;no
2025-05-03;REA;Actuadores;3140CA029;15:21;15:22;1;Equipment Fault;Main conveyor;Main conveyor;RFID Reader;Pallet reparado reintroducido a linea no es leido correctamente, se retira,,,,,;no;no
2025-05-03;REA;Actuadores;3140CA029;15:45;15:47;2;Equipment Fault;Main conveyor;Main conveyor;Lock NOK;Pallet 112 (retrabajado, reintroducido) se atasca repetidamente, se retira,,,,;no;no
2025-05-03;REA;Actuadores;3140CA029;15:54;15:59;5;Maintenance;CHW;Consumables;Chip reel;Se reemplaza chip reel,,,,,,;no;no
2025-05-03;REA;Actuadores;3140CA029;15:32;15:35;3;Equipment Fault;EOL;St3;Gripper NOK;Falla la St3, se ajustan los coples,,,,,;no;no
2025-05-03;REA;Actuadores;3140CA029;17:41;17:47;6;Equipment Fault;CAW;CPA;Feeder;Crank atascado,,,,,,;no;no
2025-05-03;REA;Actuadores;3140CA029;17:52;17:57;5;Equipment Fault;CAW;CPA;Feeder;Crnk invertido,,,,,,;no;no
2025-05-03;REA;Actuadores;3140CA029;17:58;17:59;1;Equipment Fault;Robots;R70;Vacuum system;Se reemplazan ventosas por falla repetitiva al tomar gear,,,,,,;no;no
2025-05-03;REA;Actuadores;3140CA029;17:16;17:18;2;Equipment Fault;EOL;General;Electrical system;Modulo i/o alarmado, se le da reset nomas,,,,,;no;no
2025-05-03;REA;Actuadores;3140CA029;18:20;18:25;5;Equipment Fault;CAW;General;Software/PC;No continua secuencia, se restablece,,,,,;no;no
2025-05-03;REA;Actuadores;3140CA029;20:01;20:05;4;Equipment Fault;CAW;CPA;Feeder;Crank invertido,,,,,,;no;no
2025-05-03;REA;Actuadores;3140CA029;20:08;20:10;2;Equipment Fault;MAT;General;TBD;Cilindro jig 4 atascado, se desatasca y lubrica,,,,,;no;no
2025-05-03;REA;Actuadores;3140CA029;16:11;16:21;10;Equipment Fault;Main conveyor;Main conveyor;Lock NOK;Lock atora pallets,,,,,,;no;no
2025-05-03;REA;Actuadores;3140CA029;20:14;20:20;6;Maintenance;REA;General;Checklist;Checklist,,,,,,;si;no
2025-05-03;REA;Actuadores;3140CA029;20:35;20:45;10;Equipment Fault;731;731;Bowl/Lineal feeder;Piston lineal se atoraba con pin, en repetidas ocasiones,,,,,;no;no
2025-05-03;REA;Actuadores;3140CA029;20:48;20:51;3;Equipment Fault;Main conveyor;Main conveyor;Lock NOK;Pallets atorados en repetidas ocasiones,,,,,,;no;no
2025-05-03;REA;Actuadores;3140CA029;21:02;21:04;2;Equipment Fault;Conveyors;C36;Guides ;Blister atorado,,,,,,;no;no
2025-05-03;REA;Actuadores;3140CA029;20:23;21:25;62;Equipment Fault;Robots;R75;Gripper/tool adjustments;No abre correctamente,,,,,,;no;no
2025-05-04;REA;Actuadores;3140CA029;08:17;08:20;3;Maintenance;Robots;R75;Gripper/tool adjustments;no abre gripper,,,,,,;no;no
2025-05-04;REA;Actuadores;3140CA029;08:31;08:32;1;Maintenance;Robots;R70;Vacuum system;vacuum off,,,,,,;no;no
2025-05-04;REA;Actuadores;3140CA029;08:37;08:38;1;Maintenance;Robots;R75;Gripper/tool adjustments;no abre gripper,,,,,,;no;no
2025-05-04;REA;Actuadores;3140CA029;08:42;08:43;1;Maintenance;Robots;R75;Gripper/tool adjustments;no abre gripper,,,,,,;no;no
2025-05-04;REA;Actuadores;3140CA029;08:54;08:55;1;Maintenance;Robots;R70;Vacuum system;vacuum off,,,,,,;no;no
2025-05-04;REA;Actuadores;3140CA029;09:02;09:03;1;Maintenance;Robots;R75;Gripper/tool adjustments;no abre gripper,,,,,,;no;no
2025-05-04;REA;Actuadores;3140CA029;09:25;09:35;10;Maintenance;Robots;R75;Motion supervision/Joint collision;ajuste en gripper ( cambio de sinta doble cara ),,,,,,;no;no
2025-05-04;REA;Actuadores;3140CA029;09:56;09:58;2;Equipment Fault;EOL;General;PLC ;se pierde comunicacion i/o,,,,,,;no;no
2025-05-04;REA;Actuadores;3140CA029;10:08;10:10;2;Equipment Fault;EOL;General;PLC ;se pierde comunicacion i/o,,,,,,;no;no
2025-05-04;REA;Actuadores;3140CA029;10:21;10:22;1;Equipment Fault;EOL;General;PLC ;se pierde comunicacion i/o,,,,,,;no;no
2025-05-04;REA;Actuadores;3140CA029;10:48;11:22;34;Maintenance;EOL;Jigs;Pogopins;reparacion de pogopins,,,,,,;no;no
2025-05-04;REA;Actuadores;3140CA029;11:22;11:31;9;Maintenance;CHW;St4;Pressor;cambio de puntas,,,,,,;no;no
2025-05-04;REA;Actuadores;3140CA029;11:53;11:56;3;Maintenance;EOL;St2;CRIO NOK;reset crio,,,,,,;no;no
2025-05-04;REA;Actuadores;3140CA029;12:18;12:23;5;Equipment Fault;EOL;General;PLC ;Se revisa conexiones por falla de modulo I/O,,,,,,;no;no
2025-05-04;REA;Actuadores;3140CA029;12:26;12:30;4;Equipment Fault;Robots;R80;Gripper/tool adjustments;Sensor de gripper 3 desconectado,,,,,,;no;no
2025-05-04;REA;Actuadores;3140CA029;13:05;13:09;4;Equipment Fault;Main conveyor;Main conveyor;Singulator NOK;Singulator atoraba el pallet,,,,,,;no;no
2025-05-04;REA;Actuadores;3140CA029;12:13;12:16;3;Maintenance;EOL;St2;CRIO NOK;reset a crio,,,,,,;no;no
2025-05-04;REA;Actuadores;3140CA029;13:12;13:14;2;Maintenance;Conveyors;C85;Presence sensor;no abrio piston y blister ae atoro,,,,,,;no;no
2025-05-04;REA;Actuadores;3140CA029;13:44;13:46;2;Maintenance;731;731;Feed piston;pin doble,,,,,,;no;no
2025-05-04;REA;Actuadores;3140CA029;13:51;13:52;1;Maintenance;Conveyors;C85;Presence sensor;piston no abrio y blister se atoro,,,,,,;no;no
2025-05-04;REA;Actuadores;3140CA029;14:12;14:13;1;Maintenance;Robots;R70;Vacuum system;reste a R70,,,,,,;no;no
2025-05-04;REA;Actuadores;3140CA029;14:27;14:29;2;Maintenance;CHW;Consumables;Argon;cambio de tanque,,,,,,;no;no
2025-05-04;REA;Actuadores;3140CA029;15:03;15:06;3;Equipment Fault;Main conveyor;Main conveyor;Singulator NOK;Pallet atorado,,,,,,;no;no
2025-05-04;REA;Actuadores;3140CA029;15:44;15:47;3;Equipment Fault;EOL;St3;Gripper NOK;Time out st 3,,,,,,;no;no
2025-05-04;REA;Actuadores;3140CA029;15:49;15:52;3;Equipment Fault;Main conveyor;Main conveyor;Singulator NOK;Palett atorado,,,,,,;no;no
2025-05-04;REA;Actuadores;3140CA029;15:54;15:56;2;Quality;MAT;General;Scrapbox full;scrapbox full,,,,,,;no;no
2025-05-05;REA;Actuadores;3140CA029;07:00;07:28;28;Quality;REA;General;SOP;Liberación calidad,,,,,,;no;no
2025-05-05;REA;Actuadores;3140CA029;07:28;07:48;20;Maintenance;CAW;General;Scheduled maintenance;Mantenimiento a CAW,,,,,,;no;no
2025-05-05;REA;Actuadores;3140CA029;07:48;07:59;11;Maintenance;EOL;General;Scheduled maintenance;Mantenimiento a EOL,,,,,,;no;no
2025-05-05;REA;Actuadores;3140CA029;08:00;08:10;10;Maintenance;CHW;General;Scheduled maintenance;Mantenimiento a CHW,,,,,,;no;no
2025-05-05;REA;Actuadores;3140CA029;08:10;08:15;5;Maintenance;731;General;Scheduled maintenance;Mantenimiento a prensa 731,,,,,,;no;no
2025-05-05;REA;Actuadores;3140CA029;08:15;08:20;5;Maintenance;730;General;Scheduled maintenance;Mantenimiento a prensa 730,,,,,,;no;no
2025-05-05;REA;Actuadores;3140CA029;08:20;08:25;5;Maintenance;750;General;Scheduled maintenance;Mantenimiento a prensa 750,,,,,,;no;no
2025-05-05;REA;Actuadores;3140CA029;08:25;08:28;3;Maintenance;620;General;Scheduled maintenance;Mantenimiento a prensa 620,,,,,,;no;no
2025-05-05;REA;Actuadores;3140CA029;09:00;09:02;2;Equipment Fault;Robots;R70;Incorrect pick/place;No termina de ensamblar gear en actuador, se coloca manualmente.,,,,,;no;no
2025-05-05;REA;Actuadores;3140CA029;09:04;09:07;3;Equipment Fault;CAW;CPA;Vision system;Crank invertido,,,,,,;no;no
2025-05-05;REA;Actuadores;3140CA029;09:49;09:52;3;Maintenance;Robots;R70;Vacuum system;cambio de ventosas,,,,,,;no;no
2025-05-05;REA;Actuadores;3140CA029;10:36;10:42;6;Maintenance;CAW;LSW;Pressor;limpieza,,,,,,;no;no
2025-05-05;REA;Actuadores;3140CA029;10:42;10:46;4;Quality;CAW;General;Scrapbox full;se retiro el scrap ( CRANK A Y ACTUADOR ),,,,,,;no;no
2025-05-04;REA;Actuadores;3140CA029;07:08;07:18;10;Equipment Fault;Main conveyor;Main conveyor;RFID Reader;Pallet no avanzaba porque traia body completo y en pallet page no tenia informacion,,,,,,;no;no
2025-05-04;REA;Actuadores;3140CA029;07:20;07:50;30;Quality;REA;General;Change Over;Liberacion,,,,,,;no;no
2025-05-05;REA;Actuadores;3140CA029;11:08;11:09;1;Maintenance;Robots;R75;Gripper/tool adjustments;NO ABRE GRIPPER AL PONER COVER,,,,,,;no;no
2025-05-05;REA;Actuadores;3140CA029;11:18;11:20;2;Maintenance;Robots;R65;Vacuum system;NO AGARRA GEAR,,,,,,;no;no
2025-05-05;REA;Actuadores;3140CA029;11:25;11:26;1;Maintenance;Robots;R65;Vacuum system;NO AGARRA GEAR,,,,,,;no;no
2025-05-05;REA;Actuadores;3140CA029;11:33;11:36;3;Maintenance;Robots;R75;Gripper/tool adjustments;R75 NO AGARRA ACTUADOR, SE QUEDO ABIRTO, SE ENSAMBLO MANUAL.,,,,;no;no
2025-05-05;REA;Actuadores;3140CA029;12:10;12:14;4;Maintenance;CHW;Consumables;Chip reel;cambio de carrete,,,,,,;no;no
2025-05-05;REA;Actuadores;3140CA029;12:24;12:27;3;Maintenance;Main conveyor;Main conveyor;Inductive sensor;sensor no detecta pallet y se queda en espera,,,,,,;no;no
2025-05-05;REA;Actuadores;3140CA029;13:06;13:14;8;Maintenance;CHW;St3;Thermodo;revicion de St3,,,,,,;no;no
2025-05-05;REA;Actuadores;3140CA029;13:16;13:19;3;Maintenance;CAW;Consumables;Nitrogen;cambio de tanque,,,,,,;no;no
2025-05-05;REA;Actuadores;3140CA029;13:48;13:50;2;Maintenance;Main conveyor;Main conveyor;Singulator NOK;sing. no respondian (reset en controlador),,,,,,;no;no
2025-05-05;REA;Actuadores;3140CA029;14:40;14:42;2;Maintenance;CHW;St2;Vacuum system;chip atorado,,,,,,;no;no
2025-05-05;REA;Actuadores;3140CA029;16:15;16:17;2;Equipment Fault;CHW;St2;Vacuum system;Vacuum error,,,,,,;no;no
2025-05-05;REA;Actuadores;3140CA029;15:00;15:08;8;Equipment Fault;REA;General;Checklist;Checklist,,,,,,;si;no
2025-05-05;REA;Actuadores;3140CA029;15:15;15:20;5;Equipment Fault;Main conveyor;Main conveyor;Inductive sensor;Pallets acumulados atorados en zona 1,,,,,,;no;no
2025-05-05;REA;Actuadores;3140CA029;15:26;15:28;2;Equipment Fault;731;731;Bowl/Lineal feeder;Pin atorado en piston,,,,,,;no;no
2025-05-05;REA;Actuadores;3140CA029;15:52;16:25;33;Equipment Fault;EOL;St2;Gripper NOK;st 2 overload,,,,,,;no;no
2025-05-05;REA;Actuadores;3140CA029;16:06;16:08;2;Equipment Fault;EOL;St3;Gripper NOK;st 3 time out,,,,,,;no;no
2025-05-05;REA;Actuadores;3140CA029;15:36;15:38;2;Equipment Fault;CHW;St0;Prescense sensor;sensor no detecta chip,,,,,,;no;no
2025-05-05;REA;Actuadores;3140CA029;15:41;15:43;2;Equipment Fault;CHW;St0;Prescense sensor;Se limpia sensor de fibra porque no detectaba luz suficiente,,,,,,;no;no
2025-05-05;REA;Actuadores;3140CA029;17:07;17:11;4;Equipment Fault;EOL;St4;CRIO NOK;Reinicio crio, app no responde,,,,,;no;no
2025-05-05;REA;Actuadores;3140CA029;17:21;17:23;2;Maintenance;CHW;Consumables;Argon;Cambio de argon,,,,,,;no;no
2025-05-05;REA;Actuadores;3140CA029;18:12;18:33;21;Equipment Fault;730;730;Presence sensor;10 Scraps consecutivos, sensor siempre en 1,,,,,;no;no
2025-05-05;REA;Actuadores;3140CA029;20:43;20:46;3;Production;MAT;General;Empty conveyor/feeder;Sin tornillos,,,,,,;no;no
2025-05-05;REA;Actuadores;3140CA029;20:36;20:43;7;Production;MAT;General;Empty conveyor/feeder;Sin tornillo,,,,,,;no;no
2025-05-05;REA;Actuadores;3140CA029;22:03;22:07;4;Production;Conveyors;General;Blister NOK/Wrong PN;Motor mal colocado, se vacia linea,,,,,;no;no
2025-05-05;REA;Actuadores;3140CA029;22:58;23:01;3;Equipment Fault;EOL;St3;Gripper NOK;No continua ciclo, home a gripper,,,,,;no;no
2025-05-05;REA;Actuadores;3140CA029;22:30;22:33;3;Equipment Fault;EOL;St4;CRIO NOK;Reiniciar crio,,,,,,;no;no
2025-05-05;REA;Actuadores;3140CA029;23:33;23:47;14;Equipment Fault;EOL;St3;Gripper NOK;Scraps continuos, no continua ciclo, se recalibra,,,,;no;no
2025-05-06;REA;Actuadores;3140CA029;00:17;00:20;3;Equipment Fault;EOL;St3;Axial play NOK;time out st3,,,,,,;no;no
2025-05-06;REA;Actuadores;3140CA029;00:35;00:50;15;Equipment Fault;Robots;R80;Electrical system;cable de tablilla de sensores a sensor falla, (sensor OK),,,,,;no;no
2025-05-06;REA;Actuadores;3140CA029;00:50;00:55;5;Quality;REA;General;TBD;Muestras de calidad por marca en cover desde moldeo (solicita Juan),,,,,,;no;no
2025-05-06;REA;Actuadores;3140CA029;01:12;01:15;3;Equipment Fault;EOL;St3;Axial play NOK;Timeout, no hace prueba, parece bajar de mas gripper,,,,;no;no
2025-05-06;REA;Actuadores;3140CA029;01:00;01:05;5;Equipment Fault;MSA;MSA;Sensor de presencia;No continua ciclo, limpiar sensor, acomodar magnet,,,,;no;no
2025-05-06;REA;Actuadores;3140CA029;02:00;03:40;100;Equipment Fault;Robots;R80;Electrical system;Falla sensor de gripper al cerrar, cable negro de señal previamente reparado, se rutea y repara hasta la mitad por falta de cable de la longitud necesaria,,,,;no;no
2025-05-06;REA;Actuadores;3140CA029;03:53;03:54;1;Equipment Fault;915;915;Missing ogive;Se cae ojiva,,,,,,;no;no
2025-05-06;REA;Actuadores;3140CA029;06:05;06:12;7;Equipment Fault;EOL;St3;Axial play NOK;Ajustar parametros y pasar masters, torque stop value up y axis torque set up,,,,,;no;no
2025-05-06;REA;Actuadores;3140CS023;06:15;06:17;2;Equipment Fault;REA;General;Electrical system;Fallas en suministro de energia, se apaga compresor, se alarma USW,,,,;no;no
2025-05-06;REA;Actuadores;3140CA029;07:00;07:10;10;Maintenance;915;915;Vision system;pallet incompleto,,,,,,;no;no
2025-05-06;REA;Actuadores;3140CA029;07:10;08:00;50;Maintenance;EOL;St3;Gripper NOK;St3 falla (cople flojo),,,,,,;no;no
2025-05-06;REA;Actuadores;3140CA029;08:58;09:00;2;Maintenance;Robots;R75;Motion supervision/Joint collision;motion sup, al ensamblar,,,,,;no;no
2025-05-06;REA;Actuadores;3140CA029;09:24;09:25;1;Maintenance;Robots;R75;Motion supervision/Joint collision;motion suo, al ensamblar,,,,,;no;no
2025-05-06;REA;Actuadores;3140CA029;09:47;09:48;1;Maintenance;Robots;R70;Vacuum system;no agarra gear,,,,,,;no;no
2025-05-06;REA;Actuadores;3140CA029;10:15;10:20;5;Maintenance;CHW;Consumables;Chip reel;cambio de carrete,,,,,,;no;no
2025-05-06;REA;Actuadores;3140CA029;11:48;11:50;2;Maintenance;CHW;Consumables;Argon;cambio de tanque,,,,,,;no;no
2025-05-06;REA;Actuadores;3140CA029;00:13;00:15;2;Quality;EOL;General;Scrapbox full;Scrapboxx full,,,,,,;no;no
2025-05-06;REA;Actuadores;3140CA029;12:15;12:20;5;Maintenance;CAW;General;Scheduled maintenance;checklist,,,,,,;si;no
2025-05-06;REA;Actuadores;3140CA029;11:41;11:45;4;Maintenance;CHW;General;Scheduled maintenance;checklist,,,,,,;si;no
2025-05-06;REA;Actuadores;3140CA029;12:44;12:46;2;Maintenance;Main conveyor;Main conveyor;Lift;no responde lift, (reset),,,,,;no;no
2025-05-06;REA;Actuadores;3140CA029;13:34;13:38;4;Maintenance;EOL;St4;CRIO NOK;reset de crio,,,,,,;no;no
2025-05-06;REA;Actuadores;3140CA029;14:08;14:12;4;Maintenance;CAW;Jig/Index;Presence sensor;Ajuste de sensor,,,,,,;no;no
2025-05-06;REA;Actuadores;3140CA029;14:30;14:40;10;Maintenance;730;730;Bowl/Lineal feeder;pin atorado (entro al alimentador un pin fuera de dimencion),,,,,,;no;no
2025-05-06;REA;Actuadores;3140CA029;23:40;23:46;6;Equipment Fault;730;730;Alphamatic Module;Pasa body sin pin y termina en actuador bloqueado, se revisa prensa,,,,,;no;no
2025-05-06;REA;Actuadores;3140CA029;23:30;23:34;4;Equipment Fault;EOL;General;NOK material;falla 731 Pasa body sin pin y termina en actuador bloqueado, se revisa prensa,,,,,;no;no
2025-05-06;REA;Actuadores;3140CA029;22:45;22:50;5;Equipment Fault;Robots;R75;Gripper/tool adjustments;falla en esamble de cover repetidas veces y se cambia grip,,,,,,;no;no
2025-05-07;REA;Actuadores;3140CA029;00:55;01:00;5;Equipment Fault;CAW;CPA;Feeder;cranck atorado en riel,,,,,,;no;no
2025-05-07;REA;Actuadores;3140CA029;01:20;01:24;4;Equipment Fault;CAW;CPA;Feeder;crank atorado en riel,,,,,,;no;no
2025-05-06;REA;Actuadores;3140CA029;01:37;01:39;2;Quality;CCC;General;Scrapbox full;Scrapbox,,,,,,;no;no
2025-05-07;REA;Actuadores;3140CA029;04:36;04:37;1;Equipment Fault;Robots;R65;Vacuum system;,,,,,,;no;no
2025-05-07;REA;Actuadores;3140CA029;04:41;04:43;2;Equipment Fault;620;620;Alphamatic Module;Se queda en posicion de pick,,,,,,;no;no
2025-05-07;REA;Actuadores;3140CA029;05:09;05:13;4;Maintenance;CHW;Consumables;Chip reel;cambio de chip,,,,,,;no;no
2025-05-07;REA;Actuadores;3140CA029;02:00;02:06;6;Maintenance;REA;General;Checklist;Checklist,,,,,,;si;no
2025-05-07;REA;Actuadores;3140CA029;07:10;07:14;4;Maintenance;CAW;General;Scheduled maintenance;Checklist mtto,,,,,,;si;no
2025-05-07;REA;Actuadores;3140CA029;07:14;07:18;4;Maintenance;CHW;General;Scheduled maintenance;Checklist mtto,,,,,,;si;no
2025-05-07;REA;Actuadores;3140CA029;07:30;07:34;4;Maintenance;REA;General;Pneumatic System;Compresor alarmado,,,,,,;no;no
2025-05-07;REA;Actuadores;3140CA029;07:37;07:46;9;Maintenance;CCC;St6;Thermocamara;No avanza mesa por baja presión de aire por el compresor alarmado y no toma la imagen,,,,,,;no;no
2025-05-07;REA;Actuadores;3140CA029;08:03;08:08;5;Equipment Fault;750;750;Tool ;Se atora body y se sube con la herramienta de la prensa y se atora cuando va a tomar otro bearing, además ocasiona se pare st915 por falta de body y sus componentes.,,,,,;no;no
2025-05-07;REA;Actuadores;3140CA029;08:10;08:12;2;Equipment Fault;731;731;Bowl/Lineal feeder;Doble pin,,,,,,;no;no
2025-05-07;REA;Actuadores;3140CA029;08:59;09:01;2;Equipment Fault;Robots;R80;Electrical system;Conector de cable para sensor desconectado.,,,,,,;no;no
2025-05-07;REA;Actuadores;3140CA029;09:29;09:31;2;Equipment Fault;CAW;CPA;Feeder;Timeout por crank assy atorado en el riel,,,,,,;no;no
2025-05-07;REA;Actuadores;3140CA029;10:43;10:45;2;Maintenance;EOL;St2;Gripper NOK;Cranck bloqueado,,,,,,;no;no
2025-05-07;REA;Actuadores;3140CA029;10:46;10:48;2;Maintenance;Main conveyor;Main conveyor;Singulator NOK;sing. 25 no abre,,,,,,;no;no
2025-05-07;REA;Actuadores;3140CA029;10:51;10:53;2;Maintenance;CHW;Consumables;;cambio de tanque,,,,,,;no;no
2025-05-07;REA;Actuadores;3140CA029;10:54;10:56;2;Maintenance;Main conveyor;Main conveyor;Lock NOK;se atora pallet con locking,,,,,,;no;no
2025-05-07;REA;Actuadores;3140CA029;11:17;11:20;3;Maintenance;MAT;Consumables;Grease;cambio de grasa,,,,,,;no;no
2025-05-07;REA;Actuadores;3140CA029;12:08;12:10;2;Maintenance;Main conveyor;Main conveyor;Lock NOK;pallet atorado,,,,,,;no;no
2025-05-07;REA;Actuadores;3140CA029;12:42;12:44;2;Maintenance;Robots;R75;Gripper/tool adjustments;no abre gripper,,,,,,;no;no
2025-05-07;REA;Actuadores;3140CA029;13:08;13:12;4;Quality;CHW;General;Scrapbox full;Scrap box full,,,,,,;no;no
2025-05-07;REA;Actuadores;3140CA029;13:12;13:16;4;Maintenance;EOL;St2;CRIO NOK;Reset crio,,,,,,;no;no
2025-05-07;REA;Actuadores;3140CA029;13:21;13:25;4;Maintenance;CHW;St4;Pressor;limpieza de pines,,,,,,;no;no
2025-05-07;REA;Actuadores;3140CA029;13:29;13:33;4;Maintenance;CHW;St4;Pressor;cambio de pines,,,,,,;no;no
2025-05-07;REA;Actuadores;3140CA029;14:22;14:22;0;Maintenance;Robots;R75;Gripper/tool adjustments;no abre gripper,,,,,,;no;no
2025-05-07;REA;Actuadores;3140CA029;14:57;15:00;3;Maintenance;CAW;CPA;Vision system;Crank atorado,,,,,,;no;no
2025-05-06;REA;Actuadores;3140CA029;15:00;15:12;12;Maintenance;REA;General;Checklist;Checklist,,,,,,;si;no
2025-05-06;REA;Actuadores;3140CA029;15:12;15:16;4;Maintenance;CCC;Consumables;Resin;Cambio de resina, sin resina en el area,,,,,;no;no
2025-05-06;REA;Actuadores;3140CA029;15:51;17:02;71;Equipment Fault;730;General;TBD;Se detecta pieza bloqueada en EOL, al abrirse se encuentra que no tiene el shaft de la prensa 730. ,,,,,;no;no
2025-05-06;REA;Actuadores;3140CA029;17:12;17:22;10;Equipment Fault;CCC;General;TBD;Falla al girar la index.,,,,,,;no;no
2025-05-06;REA;Actuadores;3140CA029;17:22;17:26;4;Quality;CCC;General;Scrapbox full;Esperando calidad,,,,,,;no;no
2025-05-06;REA;Actuadores;3140CA029;17:47;17:51;4;Equipment Fault;CAW;General;Software/PC;No continua ciclo,,,,,,;no;no
2025-05-06;REA;Actuadores;3140CA029;19:14;19:18;4;Equipment Fault;CAW;General;Software/PC;No continua secuencia,,,,,,;no;no
2025-05-06;REA;Actuadores;3140CA029;21:26;21:32;6;Equipment Fault;CAW;CPA;Feeder;Crank atascado, feeder vacio,,,,,;no;no
2025-05-06;REA;Actuadores;3140CA029;20:44;20:50;6;Equipment Fault;USW;St14;Lower Jig;Scrap alto, goma,,,,,;no;no
2025-05-07;REA;Actuadores;3140CA029;18:37;18:41;4;Equipment Fault;620;620;Bowl/Lineal feeder;Prensa no agarro bearing,,,,,,;no;no
2025-05-07;REA;Actuadores;3140CA029;19:00;19:06;6;Maintenance;REA;General;Checklist;Checklist 500 pz,,,,,,;si;no
2025-05-07;REA;Actuadores;3140CA029;15:00;15:09;9;Maintenance;REA;General;Checklist;Checkjlist,,,,,,;no;no
2025-05-07;REA;Actuadores;3140CA029;16:10;16:28;18;Equipment Fault;Main conveyor;Main conveyor;RFID Reader;Se alinea rfdi ya que no detectaba los pallets,,,,,,;no;no
2025-05-07;REA;Actuadores;3140CA029;18:32;18:40;8;Equipment Fault;730;730;Bowl/Lineal feeder;Se limpia fibra ya que detectaba sin pieza en bowl,,,,,,;no;no
2025-05-07;REA;Actuadores;3140CA029;15:19;15:21;2;Equipment Fault;Robots;R75;Gripper/tool adjustments;R75 no abre gripper correctamente,,,,,,;no;no
2025-05-07;REA;Actuadores;3140CA029;18:55;18:58;3;Equipment Fault;Robots;R80;Gripper/tool adjustments;Robot para por sensor desconectado en gripper 1,,,,,,;no;no
2025-05-07;REA;Actuadores;3140CA029;15:38;15:42;4;Equipment Fault;Main conveyor;Main conveyor;RFID Reader;Se sacan pallets de la linea por no detecr rfd,,,,,,;no;no
2025-05-07;REA;Actuadores;3140CA029;19:25;19:33;8;Equipment Fault;CAW;CPA;Feeder;Feeder desalineado, se atora el crank antes de llegar al nicho,,,,,;no;no
2025-05-07;REA;Actuadores;3140CA029;20:02;20:06;4;Equipment Fault;MAT;St4;CRIO App;Reinicio de crio, no responde,,,,,;no;no
2025-05-07;REA;Actuadores;3140CA029;20:50;21:01;11;Equipment Fault;915;915;SMC module;Sensor de piston de smc no detectaba, se ajusta aposicion,,,,,;no;no
2025-05-07;REA;Actuadores;3140CA029;22:09;22:13;4;Equipment Fault;915;General;TBD;Falla sensor en gripper de SMC,,,,,,;no;no
2025-05-07;REA;Actuadores;3140CA029;20:48;20:52;4;Equipment Fault;CCC;General;Software/PC;Crash termocamara,,,,,,;no;no
2025-05-07;REA;Actuadores;3140CA029;22:15;22:18;3;Maintenance;CHW;Consumables;Chip reel;Cambio chip,,,,,,;no;no
2025-05-07;REA;Actuadores;3140CA029;22:15;22:19;4;Production;CHW;Consumables;Chip reel;Cambio de chip,,,,,,;no;no
2025-05-07;REA;Actuadores;3140CA029;23:50;23:51;1;Equipment Fault;Robots;R70;Vacuum system;cambio de ventosas,,,,,,;no;no
2025-05-08;REA;Actuadores;3140CA029;10:44;10:45;1;Equipment Fault;Robots;R70;Vacuum system;Pierde gear,,,,,,;no;no
2025-05-08;REA;Actuadores;3140CA029;02:00;02:15;15;Equipment Fault;915;915;SMC module;Nocontinua ciclo, Sensor al cerrar no detecta, ajustar,,,,;no;no
2025-05-08;REA;Actuadores;3140CA029;02:15;02:20;5;Maintenance;CHW;Consumables;Argon;Cambio de argon, se alarma por flujo no ok, falla de regulador,,,,;no;no
2025-05-08;REA;Actuadores;3140CA029;04:00;04:05;5;Equipment Fault;EOL;St4;CRIO NOK;reinicio de crio,,,,,,;no;no
2025-05-08;REA;Actuadores;3140CA029;04:30;04:33;3;Equipment Fault;USW;St14;Lower Jig;Rebaba,,,,,,;no;no
2025-05-08;REA;Actuadores;3140CS045;05:00;07:00;120;Maintenance;REA;General;Change Over;Mitsubishi set up M45,,,,,,;no;no
2025-05-08;REA;Actuadores;3140CS045;15:00;22:30;450;Maintenance;REA;General;Scheduled production stop;Ajustes y adaptaciones para corrida de prueba de Mitsubishi 45,,,,,,;no;no
2025-05-09;REA;Actuadores;3140CS045;15:00;17:00;120;Maintenance;REA;General;Change Over;Setup, masters, ajustes SV CAW,,,,;si;no
2025-05-09;REA;Actuadores;3140CS045;17:00;18:50;110;Quality;REA;General;Change Over;Liberacion,,,,,,;no;no
2025-05-09;REA;Actuadores;3140CS045;21:37;21:42;5;Equipment Fault;EOL;General;Electrical system;Profinet NOK,,,,,,;no;no
2025-05-09;REA;Actuadores;3140CS045;21:45;21:49;4;Equipment Fault;750;750;Bowl/Lineal feeder;Tornillos flojos en linear feeder, causan que el cilindro no llegue a fin de carrera,,,,,;no;no
2025-05-11;REA;Actuadores;3140CA029;10:40;10:42;2;Maintenance;Conveyors;C31;Presence sensor;blister no avanza, se atorra con piston,,,,,;no;no
2025-05-11;REA;Actuadores;3140CA029;11:07;11:09;2;Maintenance;731;731;Presence sensor;doble pin,,,,,,;no;no
2025-05-11;REA;Actuadores;3140CA029;11:28;11:30;2;Maintenance;731;731;Presence sensor;no pone pin se resetea 731,,,,,,;no;no
2025-05-11;REA;Actuadores;3140CA029;11:47;11:48;1;Maintenance;Robots;R75;Gripper/tool adjustments;no abre gripper,,,,,,;no;no
2025-05-11;REA;Actuadores;3140CA029;11:59;12:00;1;Maintenance;Robots;R75;Motion supervision/Joint collision;deja cover abierto y robot no abanza,,,,,,;no;no
2025-05-11;REA;Actuadores;3140CA029;13:30;13:32;2;Equipment Fault;731;731;Feed piston;pin inclinado,,,,,,;no;no
2025-05-11;REA;Actuadores;3140CA029;10:31;10:37;6;Equipment Fault;Robots;R80;Incorrect pick/place;incorrect pick,,,,,,;no;no
2025-05-11;REA;Actuadores;3140CA029;09:41;09:43;2;Maintenance;731;731;Feed piston;pin atorado,,,,,,;no;no
2025-05-11;REA;Actuadores;3140CA029;07:00;07:35;35;Quality;REA;General;SOP;entrega de muestras y liberacion,,,,,,;no;no
2025-05-11;REA;Actuadores;3140CA029;09:24;09:30;6;Maintenance;Conveyors;C85;Presence sensor;Ajuste de guia de blister,,,,,,;no;no
2025-05-11;REA;Actuadores;3140CA029;09:12;09:15;3;Maintenance;Conveyors;C85;Presence sensor;blister atorado,,,,,,;no;no
2025-05-11;REA;Actuadores;3140CA029;09:08;09:09;1;Equipment Fault;731;731;Feed piston;pin inclinado,,,,,,;no;no
2025-05-11;REA;Actuadores;3140CA029;07:55;08:36;41;Quality;CAW;General;Scrapbox full;no continuo ciclo por scrap crank assy,,,,,,;no;no
2025-05-11;REA;Actuadores;3140CA029;07:40;07:50;10;Equipment Fault;EOL;Jigs;Jig actuator;manguera de aire doblada por jig ingun,,,,,,;no;no
2025-05-11;REA;Actuadores;3140CA029;12:25;12:30;5;Maintenance;CAW;Jig/Index;Presence sensor;Ajuste,,,,,,;no;no
2025-05-11;REA;Actuadores;3140CA029;13:30;13:33;3;Equipment Fault;731;731;Feed piston;PIN INCLINADO,,,,,,;no;no
2025-05-11;REA;Actuadores;3140CA029;13:46;13:50;4;Maintenance;CCC;Consumables;Resin;cambio de resina,,,,,,;no;no
2025-05-11;REA;Actuadores;3140CA029;13:15;13:17;2;Maintenance;731;731;Feed piston;pin caido,,,,,,;no;no
2025-05-11;REA;Actuadores;3140CA029;14:14;14:15;1;Equipment Fault;731;731;Feed piston;pin inclinado,,,,,,;no;no
2025-05-11;REA;Actuadores;3140CA029;13:38;13:39;1;Maintenance;731;731;Feed piston;reset a prueba 731,,,,,,;no;no
2025-05-11;REA;Actuadores;3140CA029;13:49;13:50;1;Maintenance;Conveyors;C85;Presence sensor;blister atorado,,,,,,;no;no
2025-05-11;REA;Actuadores;3140CA029;14:02;14:04;2;Maintenance;Robots;R75;Gripper/tool adjustments;no pone ogiva,,,,,,;no;no
2025-05-11;REA;Actuadores;3140CA029;14:28;14:30;2;Quality;CAW;General;Scrapbox full;scrap crank assy,,,,,,;no;no
2025-05-11;REA;Actuadores;3140CA029;14:45;14:50;5;Maintenance;CHW;Consumables;Chip reel;cambio de carrete de chip/ limpieza de pines,,,,,,;no;no
2025-05-11;REA;Actuadores;3140CA029;15:18;15:20;2;Maintenance;Main conveyor;Main conveyor;Inductive sensor;no abanza pallet, limpieza de sensor.,,,,,;no;no
2025-05-11;REA;Actuadores;3140CA029;15:50;15:55;5;Equipment Fault;CAW;General;Software/PC;no continuo ciclo,,,,,,;no;no
2025-05-11;REA;Actuadores;3140CA029;16:28;16:29;1;Equipment Fault;Robots;R70;Vacuum system;mal vacio pick gear,,,,,,;no;no
2025-05-08;REA;Actuadores;3140CS045;07:00;15:00;480;Maintenance;REA;General;Scheduled production stop;Ajustes y adaptaciones para corrida de prueba de Mitsubishi 045,,,,,,;no;no
2025-05-08;REA;Actuadores;3140CS045;22:30;23:59;89;Maintenance;REA;General;Scheduled production stop;Ajustes y adaptaciones para corrida de prueba de Mitsubishi 045,,,,,,;no;no
2025-05-09;REA;Actuadores;3140CS045;00:00;07:00;420;Maintenance;REA;General;Scheduled production stop;Ajustes y adaptaciones para corrida de prueba de Mitsubishi 045,,,,,,;no;no
2025-05-09;REA;Actuadores;3140CS045;07:00;12:00;300;Maintenance;REA;General;Scheduled production stop;Ajustes y adaptaciones para corrida de prueba de Mitsubishi 045,,,,,,;no;no
2025-05-12;REA;Actuadores;3140CA029;07:00;08:06;66;Quality;REA;General;SOP;Liberación REA,,,,,,;no;no
2025-05-12;REA;Actuadores;3140CA029;08:08;08:34;26;Maintenance;REA;General;Scheduled maintenance;Mantenimiento programado de Lunes a linea REA,,,,,,;no;no
2025-05-12;REA;Actuadores;3140CA029;08:38;08:40;2;Maintenance;730;730;Alphamatic Module;Ajuste de parametros debido a rechazo por minima fuerza no superada,,,,,,;no;no
2025-05-12;REA;Actuadores;3140CA029;08:40;08:43;3;Maintenance;CAW;CPA;Vision system;Crank invertido,,,,,,;no;no
2025-05-12;REA;Actuadores;3140CA029;08:52;08:59;7;Maintenance;730;730;Alphamatic Module;Ajuste de parámetros debido a rechazo por fuerza excedida,,,,,,;no;no
2025-05-12;REA;Actuadores;3140CA029;09:32;09:34;2;Maintenance;730;730;Alphamatic Module;Ajuste de parámetros debido a rechazo por fuerza excedida,,,,,,;no;no
2025-05-12;REA;Actuadores;3140CA029;09:46;09:48;2;Maintenance;Robots;R70;Gripper/tool adjustments;No abre gripper,,,,,,;no;no
2025-05-12;REA;Actuadores;3140CA029;10:18;10:20;2;Maintenance;731;731;Bowl/Lineal feeder;Pin chueco,,,,,,;no;no
2025-05-12;REA;Actuadores;3140CA029;10:26;10:28;2;Maintenance;731;731;Bowl/Lineal feeder;Doble pin,,,,,,;no;no
2025-05-12;REA;Actuadores;3140CA029;10:32;10:34;2;Maintenance;750;750;Tool ;No hace inserción,,,,,,;no;no
2025-05-12;REA;Actuadores;3140CA029;11:00;11:03;3;Maintenance;CAW;General;TBD;Mesa no gira después de R80 colocar pieza, no presenta ninguna alarma.,,,,,;no;no
2025-05-12;REA;Actuadores;3140CA029;11:03;11:05;2;Maintenance;731;731;Bowl/Lineal feeder;Pin chueco,,,,,,;no;no
2025-05-12;REA;Actuadores;3140CA029;11:06;11:08;2;Maintenance;750;750;Tool ;Se atora bearing,,,,,,;no;no
2025-05-12;REA;Actuadores;3140CA029;11:12;11:14;2;Maintenance;Conveyors;C85;TBD;Blister atorado y no avanza,,,,,,;no;no
2025-05-12;REA;Actuadores;3140CA029;11:25;11:27;2;Maintenance;731;731;Bowl/Lineal feeder;Pin chueco,,,,,,;no;no
2025-05-12;REA;Actuadores;3140CA029;11:52;11:56;4;Quality;CAW;General;Scrapbox full;Scrap box full Crank,,,,,,;no;no
2025-05-12;REA;Actuadores;3140CA029;11:56;12:01;5;Maintenance;CAW;General;Scheduled maintenance;Checklist,,,,,,;si;no
2025-05-12;REA;Actuadores;3140CA029;12:01;12:05;4;Maintenance;CHW;General;Scheduled maintenance;Checklist,,,,,,;si;no
2025-05-12;REA;Actuadores;3140CA029;12:18;12:20;2;Maintenance;731;731;Bowl/Lineal feeder;Pin chueco,,,,,,;no;no
2025-05-12;REA;Actuadores;3140CA029;12:20;12:23;3;Maintenance;CCC;General;TBD;Mesa fuera de posición, se reestablece,,,,,;no;no
2025-05-12;REA;Actuadores;3140CA029;13:08;13:10;2;Maintenance;731;731;Bowl/Lineal feeder;Pin chueco,,,,,,;no;no
2025-05-12;REA;Actuadores;3140CA029;13:57;14:00;3;Maintenance;CHW;St3;Thermodo;Alto scrap por exceso de plastico adherido a heat stake,,,,,,;no;no
2025-05-12;REA;Actuadores;3140CA029;14:10;14:12;2;Maintenance;USW;St14;Lower Jig;Limpieza alto scrap,,,,,,;no;no
2025-05-12;REA;Actuadores;3140CA029;15:00;15:05;5;Maintenance;REA;General;Checklist;Checklist,,,,,,;si;no
2025-05-12;REA;Actuadores;3140CA029;15:05;15:17;12;Equipment Fault;CAW;General;TBD;Bin de scrap de crank asy lleno, no manda alarma,,,,,;no;no
2025-05-12;REA;Actuadores;3140CA029;15:51;15:54;3;Equipment Fault;Robots;R75;Motion supervision/Joint collision;Robot colisiona al ensamblar cover , no lo agarra correctamente,,,,,;no;no
2025-05-12;REA;Actuadores;3140CA029;16:03;16:06;3;Equipment Fault;Robots;R75;Motion supervision/Joint collision;Robot no agarra corectamente la pieza y colisiona al ensamblar cover,,,,,,;no;no
2025-05-12;REA;Actuadores;3140CA029;16:38;16:46;8;Maintenance;Robots;R38;TBD;Orlando, conexión remota a robot. Proceso pausado,,,,,;no;no
2025-05-12;REA;Actuadores;3140CA029;16:46;16:50;4;Equipment Fault;Robots;R75;Gripper/tool adjustments;Falla al ensamblar pieza. Compensacion del gripper con cinta,,,,,,;no;no
2025-05-12;REA;Actuadores;3140CA029;19:32;19:33;1;Equipment Fault;Robots;R80;Gripper/tool adjustments;Se desconecto un conector rapido del gripper 3,,,,,,;no;no
2025-05-12;REA;Actuadores;3140CA029;19:52;20:10;18;Equipment Fault;MAT;St4;CRIO App;St4 time out, crio no responde, se reincia crio desde NI, se reinician las fuentes, se reinicia el modulo de NI, ninguno funciona. Se hace un hard reset con lo cual se restablece,;no;no
2025-05-12;REA;Actuadores;3140CA029;21:11;21:14;3;Production;CHW;Consumables;Argon;Cambio de argon,,,,,,;no;no
2025-05-12;REA;Actuadores;3140CA029;21:23;21:25;2;Equipment Fault;Robots;R80;Gripper/tool adjustments;Sensor de gripper suelto,,,,,,;no;no
2025-05-12;REA;Actuadores;3140CA029;22:39;22:40;1;Equipment Fault;731;731;Feed piston;pin inclinado,,,,,,;no;no
2025-05-12;REA;Actuadores;3140CA029;22:57;22:58;1;Equipment Fault;731;731;Feed piston;pin inclinado,,,,,,;no;no
2025-05-12;REA;Actuadores;3140CA029;23:27;23:30;3;Maintenance;CHW;Consumables;Chip reel;cambio de chip,,,,,,;no;no
2025-05-12;REA;Actuadores;3140CA029;23:19;23:23;4;Quality;CAW;General;Scrapbox full;Esperando vaciado, se requirió restablecer,,,,,;no;no
2025-05-09;REA;Actuadores;3140CA029;12:00;15:00;180;Maintenance;REA;General;Change Over;Setup a Ford 029,,,,,,;si;no
2025-05-13;REA;Actuadores;3140CA029;01:00;01:03;3;Equipment Fault;MSA;MSA;Sensor de presencia;falla, no continua ciclo, limpieza,,,,;no;no
2025-05-13;REA;Actuadores;3140CA029;02:07;02:11;4;Maintenance;REA;General;Checklist;Checklist,,,,,,;si;no
2025-05-13;REA;Actuadores;3140CA029;02:45;02:47;2;Equipment Fault;Robots;R80;Electrical system;sensor desconectado de gripper 3,,,,,,;no;no
2025-05-13;REA;Actuadores;3140CA029;02:55;02:56;1;Equipment Fault;731;731;Feed piston;pin inclinado,,,,,,;no;no
2025-05-13;REA;Actuadores;3140CA029;04:40;04:41;1;Equipment Fault;750;750;Alphamatic Module;se quedo en posicion de pick y no continuo,,,,,,;no;no
2025-05-13;REA;Actuadores;3140CA029;05:40;05:42;2;Equipment Fault;620;620;Alphamatic Module;no continuo ciclo,,,,,,;no;no
2025-05-13;REA;Actuadores;3140CA029;05:48;05:50;2;Equipment Fault;750;750;Alphamatic Module;no continuo ciclo,,,,,,;no;no
2025-05-13;REA;Actuadores;3140CA029;06:19;06:23;4;Equipment Fault;Robots;R80;Gripper/tool adjustments;no abrio gripper,,,,,,;no;no
2025-05-13;REA;Actuadores;3140CA029;05:50;05:55;5;Maintenance;REA;General;Checklist;Checklist , pendiente CAW,,,,,;si;no
2025-05-13;REA;Actuadores;3140CA029;05:55;05:58;3;Equipment Fault;CAW;Jig/Index;Blade orienter actuator;Vastago flojo, no llega a final de carrera,,,,,;no;no
2025-05-13;REA;Actuadores;3140CA029;06:30;06:32;2;Equipment Fault;USW;St11;Weld NOK;Scraps continuos, revisar jig,,,,,;no;no
2025-05-13;REA;Actuadores;3140CA029;06:41;06:42;1;Equipment Fault;Robots;R80;Incorrect pick/place;Falla place en 974, no abre gripper,,,,,;no;no
2025-05-13;REA;Actuadores;3140CA029;07:12;07:13;1;Maintenance;Robots;R80;Gripper/tool adjustments;no agarra pieza,,,,,,;no;no
2025-05-13;REA;Actuadores;3140CA029;07:14;07:15;1;Maintenance;Robots;R75;Gripper/tool adjustments;gripper no abre,,,,,,;no;no
2025-05-13;REA;Actuadores;3140CA029;07:26;07:27;1;Maintenance;Robots;R75;Gripper/tool adjustments;gripper no abre,,,,,,;no;no
2025-05-13;REA;Actuadores;3140CA029;07:31;07:34;3;Maintenance;730;730;Feed piston;pin atorado,,,,,,;no;no
2025-05-13;REA;Actuadores;3140CA029;07:37;07:39;2;Maintenance;CCC;Consumables;Resin;cambio de resina,,,,,,;no;no
2025-05-13;REA;Actuadores;3140CA029;07:48;07:50;2;Maintenance;Robots;R80;Motion supervision/Joint collision;se le cae pieza al llegar a EOL,,,,,,;no;no
2025-05-13;REA;Actuadores;3140CA029;08:02;08:04;2;Maintenance;Robots;R75;Gripper/tool adjustments;Griper no abre,,,,,,;no;no
2025-05-13;REA;Actuadores;3140CA029;08:06;08:08;2;Maintenance;Main conveyor;Main conveyor;Lift;lift z4 no sube,,,,,,;no;no
2025-05-13;REA;Actuadores;3140CA029;09:27;09:28;1;Maintenance;Robots;R75;Gripper/tool adjustments;griper no abre,,,,,,;no;no
2025-05-13;REA;Actuadores;3140CA029;10:06;10:09;3;Maintenance;915;915;Missing ogive;ogiva caida,,,,,,;no;no
2025-05-13;REA;Actuadores;3140CA029;09:26;09:27;1;Maintenance;Robots;R75;Gripper/tool adjustments;gripper no abre,,,,,,;no;no
2025-05-13;REA;Actuadores;3140CA029;10:43;10:48;5;Maintenance;REA;General;Scheduled maintenance;Checklist (CAW,EOL,CHW,USW),,,;si;no
2025-05-13;REA;Actuadores;3140CA029;12:38;12:40;2;Maintenance;750;750;Bowl/Lineal feeder;Se atora bearing con prensa,,,,,,;no;no
2025-05-13;REA;Actuadores;3140CA029;13:09;13:12;3;Maintenance;Robots;R75;Motion supervision/Joint collision;No ensambla,,,,,,;no;no
2025-05-13;REA;Actuadores;3140CA029;13:30;13:33;3;Maintenance;Robots;R75;Motion supervision/Joint collision;No ensambla,,,,,,;no;no
2025-05-13;REA;Actuadores;3140CA029;13:57;14:00;3;Maintenance;Robots;R80;Electrical system;Cable de sensor desconectado,,,,,,;no;no
2025-05-13;REA;Actuadores;3140CA029;15:00;15:13;13;Equipment Fault;MAT;St6;Grease sensor;Tubo de grasa vacio, sensor no lo detecto correctamente y continuo. Totalidad de los pallets completos sin grasa, se pone grasa manualmente. Sin grasa en el area de REA,,,,;no;no
2025-05-13;REA;Actuadores;3140CA029;16:10;16:13;3;Equipment Fault;750;750;Bowl/Lineal feeder;Cilindro que libera el bearing atascado, no avanza,,,,,;no;no
2025-05-13;REA;Actuadores;3140CA029;16:01;16:06;5;Equipment Fault;Conveyors;C36;Presence sensor;Conveyor de body no avanzo, se vacia la linea,,,,,;no;no
2025-05-13;REA;Actuadores;3140CA029;15:33;15:34;1;Equipment Fault;Robots;R75;Gripper/tool adjustments;Gripper se atasca,,,,,,;no;no
2025-05-13;REA;Actuadores;3140CA029;15:40;15:41;1;Equipment Fault;Robots;R75;Gripper/tool adjustments;Gripper se atasca,,,,,,;no;no
2025-05-13;REA;Actuadores;3140CA029;16:23;16:26;3;Equipment Fault;Robots;R75;Gripper/tool adjustments;Se engrasa gripper por atascamiento repetitivo,,,,,,;no;no
2025-05-13;REA;Actuadores;3140CA029;16:35;16:37;2;Maintenance;750;General;TBD;Se para para tomar unas fotos, Orlando,,,,,;no;no
2025-05-13;REA;Actuadores;3140CA029;16:37;16:39;2;Equipment Fault;Robots;R75;Gripper/tool adjustments;Se reemplaza la cinta para compensar el mal agarre, debido a fallos repetitivos,,,,,;no;no
2025-05-13;REA;Actuadores;3140CA029;16:41;16:48;7;Equipment Fault;MAT;St4;CRIO App;No responde crio, inspeccion St4 ToBeDone despues de timeout, unica solucion reiniciar el equipo,,,,;no;no
2025-05-13;REA;Actuadores;3140CA029;16:52;16:53;1;Equipment Fault;EOL;St1;Presence sensor;Sensor falseo, discrepancia. Se limpia y ajusta sensor, se retira pieza,,,,;no;no
2025-05-13;REA;Actuadores;3140CA029;20:28;20:30;2;Equipment Fault;USW;St14;Lower Jig;Scrap consecutivo por suciedad en jig,,,,,,;no;no
2025-05-13;REA;Actuadores;3140CA029;21:25;21:27;2;Production;Conveyors;C56;TBD;Blister de magnet shaft roto de atora,,,,,,;no;no
2025-05-13;REA;Actuadores;3140CA029;21:08;21:11;3;Equipment Fault;750;750;Bowl/Lineal feeder;Prensa se atora en piston y no deja que detecte el sensor de carrera,,,,,,;no;no
2025-05-13;REA;Actuadores;3140CA029;22:33;22:34;1;Equipment Fault;USW;St14;Lower Jig;limpieza de jig,,,,,,;no;no
2025-05-13;REA;Actuadores;3140CA029;22:45;22:46;1;Equipment Fault;CHW;St4;Pressor;limpieza de pines,,,,,,;no;no
2025-05-14;REA;Actuadores;3140CA029;02:25;02:27;2;Equipment Fault;750;750;Alphamatic Module;no continuo ciclo se quedo en posicion pick,,,,,,;no;no
2025-05-14;REA;Actuadores;3140CA029;02:42;02:50;8;Maintenance;MAT;General;Software/PC;actualizacion de windows,,,,,,;no;no
2025-05-14;REA;Actuadores;3140CA029;00:00;01:34;94;Equipment Fault;REA;General;PLC ;Para sin alarmas, PLC error, falla comunicación a módulos de bus de campo, Italia da soporte para encontrarlos,,,;no;no
2025-05-14;REA;Actuadores;3140CA029;03:10;03:11;1;Equipment Fault;Robots;R80;Gripper/tool adjustments;gripper 1 no abrio,,,,,,;no;no
2025-05-14;REA;Actuadores;3140CA029;04:05;04:10;5;Equipment Fault;EOL;St4;CRIO NOK;reinicio de crio,,,,,,;no;no
2025-05-14;REA;Actuadores;3140CA029;05:25;05:30;5;Equipment Fault;CAW;General;Scrapbox full;No continua ciclo por scrapbox de crank,,,,,,;no;no
2025-05-14;REA;Actuadores;3140CA029;04:47;05:00;13;Equipment Fault;CCC;General;PLC ;Mesa girada,,,,,,;no;no
2025-05-14;REA;Actuadores;3140CA029;04:50;04:55;5;Maintenance;REA;General;Checklist;Checklist,,,,,,;si;no
2025-05-14;REA;Actuadores;3140CA029;05:42;05:45;3;Maintenance;CCC;Consumables;Resin;cambio de resina,,,,,,;no;no
2025-05-14;REA;Actuadores;3140CA029;06:55;07:00;5;Equipment Fault;CAW;General;Software/PC;No continua ciclo,,,,,,;no;no
2025-05-14;REA;Actuadores;3140CA029;07:00;07:05;5;Maintenance;CAW;General;Scheduled maintenance;checklist,,,,,,;si;no
2025-05-14;REA;Actuadores;3140CA029;07:05;07:08;3;Maintenance;EOL;General;Scheduled maintenance;Checklist,,,,,,;si;no
2025-05-14;REA;Actuadores;3140CA029;07:08;07:11;3;Maintenance;CHW;General;Scheduled maintenance;Checklist,,,,,,;si;no
2025-05-14;REA;Actuadores;3140CA029;07:14;07:16;2;Maintenance;EOL;St4;Gripper NOK;falla st4,,,,,,;no;no
2025-05-14;REA;Actuadores;3140CA029;07:34;07:36;2;Maintenance;Robots;R80;Gripper/tool adjustments;Gripper 1 no abre,,,,,,;no;no
2025-05-14;REA;Actuadores;3140CA029;08:46;08:50;4;Maintenance;CHW;St4;Pressor;cambio de pines,,,,,,;no;no
2025-05-14;REA;Actuadores;3140CA029;09:03;09:05;2;Maintenance;EOL;St2;CRIO NOK;st2,st4 alarma crio,,,,,;no;no
2025-05-14;REA;Actuadores;3140CA029;09:11;09:13;2;Maintenance;Robots;R80;Gripper/tool adjustments;Gripper 1 choca con scrapbox,,,,,,;no;no
2025-05-14;REA;Actuadores;3140CA029;09:43;09:48;5;Maintenance;CHW;Consumables;Chip reel;cambio de carrete de chip,,,,,,;no;no
2025-05-14;REA;Actuadores;3140CA029;09:56;10:00;4;Maintenance;CAW;Jig/Index;Index not in home;Mesa desalineada,,,,,,;no;no
2025-05-14;REA;Actuadores;3140CA029;10:07;10:10;3;Maintenance;Robots;R75;Gripper/tool adjustments;gripper no abre,,,,,,;no;no
2025-05-14;REA;Actuadores;3140CA029;10:30;10:33;3;Maintenance;CHW;General;Scheduled maintenance;Checklist mtto 500 pz,,,,,,;si;no
2025-05-14;REA;Actuadores;3140CA029;10:33;10:38;5;Maintenance;CAW;General;Scheduled maintenance;Checklist mtto 500 pz,,,,,,;si;no
2025-05-14;REA;Actuadores;3140CA029;10:39;10:41;2;Maintenance;915;915;Vision system;Falso rechazo pallet mal acomodado,,,,,,;no;no
2025-05-14;REA;Actuadores;3140CA029;10:43;10:45;2;Maintenance;Robots;R75;Motion supervision/Joint collision;Alarma al intentar ensamblar actuador,,,,,,;no;no
2025-05-14;REA;Actuadores;3140CA029;10:39;10:41;2;Maintenance;915;915;Vision system;foto rechazada falso rechazo,,,,,,;no;no
2025-05-14;REA;Actuadores;3140CA029;10:43;10:45;2;Maintenance;Robots;R75;Gripper/tool adjustments;no ensambla y no abre gripper,,,,,,;no;no
2025-05-14;REA;Actuadores;3140CA029;11:25;11:28;3;Maintenance;Robots;R80;Gripper/tool adjustments;se atora bearing,,,,,,;no;no
2025-05-14;REA;Actuadores;3140CA029;11:31;11:33;2;Maintenance;Robots;R75;Gripper/tool adjustments;no ensambla,,,,,,;no;no
2025-05-14;REA;Actuadores;3140CA029;11:40;11:44;4;Production;Robots;R70;Vacuum system;gear atorado vacuum falla,,,,,,;no;no
2025-05-14;REA;Actuadores;3140CA029;12:21;12:23;2;Maintenance;Robots;R75;Motion supervision/Joint collision;No abre gripper,,,,,,;no;no
2025-05-14;REA;Actuadores;3140CA029;13:03;13:05;2;Maintenance;Robots;R75;Gripper/tool adjustments;No abre gripper,,,,,,;no;no
2025-05-14;REA;Actuadores;3140CA029;13:07;13:10;3;Quality;CAW;General;Scrapbox full;Scrap box full de crank assy,,,,,,;no;no
2025-05-14;REA;Actuadores;3140CA029;13:40;14:00;20;Maintenance;MSA;MSA;Driver;Magnetshaft atascado adentro. y ocaciona se rompa el riel plastico.,,,,,,;no;no
2025-05-14;REA;Actuadores;3140CA029;15:47;15:50;3;Production;CAW;Consumables;Nitrogen;Cambio de nitrogeno,,,,,,;no;no
2025-05-14;REA;Actuadores;3140CA029;15:58;16:00;2;Equipment Fault;Robots;R75;Gripper/tool adjustments;Gripper no abre correctamente despues de ensamblar cover,,,,,,;no;no
2025-05-14;REA;Actuadores;3140CA029;16:03;16:05;2;Equipment Fault;Robots;R75;Gripper/tool adjustments;Gripper no abre correctamente al ensamblar cover,,,,,,;no;no
2025-05-14;REA;Actuadores;3140CA029;16:09;16:13;4;Equipment Fault;Robots;R75;Gripper/tool adjustments;Se cambia cinta de gripper de robot por constante fallo,,,,,,;no;no
2025-05-14;REA;Actuadores;3140CA029;15:00;15:09;9;Maintenance;REA;General;Checklist;Se realiza checklist,,,,,,;si;no
2025-05-14;REA;Actuadores;3140CA029;15:23;15:32;9;Equipment Fault;MSA;MSA;Sensor de presencia;Sensor de presencia no detectaba por base suelta,,,,,,;no;no
2025-05-14;REA;Actuadores;3140CA029;16:22;16:24;2;Production;CHW;Consumables;Argon;Cambio de argon,,,,,,;no;no
2025-05-14;REA;Actuadores;3140CA029;17:43;17:47;4;Equipment Fault;USW;St15;Presence sensor;Sensor falseo, Robot 80 quedo esperando, al activarlo fue necesario saltar la instruccion del robot para que continuara desde el pendant,,,,;no;no
2025-05-14;REA;Actuadores;3140CA029;18:58;19:01;3;Equipment Fault;CAW;General;Software/PC;No continua secuencia,,,,,,;no;no
2025-05-14;REA;Actuadores;3140CA029;19:01;19:06;5;Maintenance;REA;General;Checklist;Checklist 500 pz,,,,,,;si;no
2025-05-14;REA;Actuadores;3140CA029;19:48;19:52;4;Equipment Fault;CAW;Jig/Index;Index not in home;Se mueve index y causa fallas en la insercion de crank. Se ajusta mesa, se revisa que el centrado de la soldadura siga OK (Se da home basandose en que la pieza quede centrada en la region de inspeccion existnte),,,,,;no;no
2025-05-14;REA;Actuadores;3140CA029;19:15;19:17;2;Maintenance;CHW;St4;Pressor;Se realiza checklist por alto scrap en chw,,,,,,;si;no
2025-05-14;REA;Actuadores;3140CA029;20:04;20:22;18;Equipment Fault;CAW;CPA;Vision system;Sistema de vision con falso rechazo, proceso lento por rechazo consecutivo. Scrap se llena y para maquina sin alarmas, dias con esta condicion.,,,,;no;no
2025-05-14;REA;Actuadores;3140CA029;23:25;23:27;2;Equipment Fault;750;750;Alphamatic Module;no continuo ciclo se quedo en posicion de pick,,,,,,;no;no
2025-05-15;REA;Actuadores;3140CA029;01:00;03:12;132;Equipment Fault;Aux;710;Electrical system;Sensores falla intermitente, cable  dañado y sensor dañado, sensor encendía ademas funcionaba intermitente pero fallaba la señal lo que dificulto el debugeo, toma tiempo reemplazo de componentes,,,;no;no
2025-05-15;REA;Actuadores;3140CA029;03:12;03:15;3;Equipment Fault;750;750;Feed piston;Se atora prensa o no continua ciclo en posicion de pick,,,,,,;no;no
2025-05-15;REA;Actuadores;3140CA029;00:45;00:50;5;Production;REA;General;TBD;Blisters volteados(2) y conveyor se vacia (2),,,,,,;no;no
2025-05-15;REA;Actuadores;3140CA029;05:05;05:07;2;Maintenance;CHW;Consumables;Chip reel;cambio de chip,,,,,,;no;no
2025-05-15;REA;Actuadores;3140CA029;06:50;07:00;10;Equipment Fault;731;731;Presence sensor;Falla fibra, sin spare part, reparacion, intento de uso de alternativo,,,;no;no
2025-05-15;REA;Actuadores;3140CA029;07:00;07:05;5;Maintenance;CAW;General;Scheduled maintenance;checklist,,,,,,;si;no
2025-05-15;REA;Actuadores;3140CA029;07:05;07:08;3;Maintenance;CHW;General;Scheduled maintenance;checklist,,,,,,;si;no
2025-05-15;REA;Actuadores;3140CA029;07:08;07:10;2;Quality;REA;General;SOP;liberacion,,,,,,;no;no
2025-05-15;REA;Actuadores;3140CA029;08:44;08:48;4;Maintenance;731;731;Vacuum;falla en vacuum del piston,,,,,,;no;no
2025-05-15;REA;Actuadores;3140CA029;09:08;09:11;3;Maintenance;EOL;St2;CRIO NOK;reset crio,,,,,,;no;no
2025-05-15;REA;Actuadores;3140CA029;10:40;10:43;3;Quality;915;General;Scrapbox full;scrapbox full,,,,,,;no;no
2025-05-15;REA;Actuadores;3140CA029;10:54;10:57;3;Maintenance;CAW;General;TBD;Checklist de 500 pzs.,,,,,,;si;no
2025-05-15;REA;Actuadores;3140CA029;10:57;11:00;3;Maintenance;CHW;General;Scheduled maintenance;checklist de 500 pzs.,,,,,,;si;no
2025-05-15;REA;Actuadores;3140CA029;11:00;11:05;5;Maintenance;731;731;Feed piston;ajuste de alineacion de piston,,,,,,;no;no
2025-05-15;REA;Actuadores;3140CA029;11:12;11:17;5;Maintenance;731;731;Feed piston;no pasa el pin a sensor,,,,,,;no;no
2025-05-15;REA;Actuadores;3140CA029;11:21;11:23;2;Maintenance;731;731;Presence sensor;pin atorado,,,,,,;no;no
2025-05-15;REA;Actuadores;3140CA029;11:29;11:49;20;Maintenance;CAW;LSW;Pressor;ajuste a pressor por alineacion en crank assy,,,,,,;no;no
2025-05-15;REA;Actuadores;3140CA029;13:58;14:02;4;Maintenance;CAW;General;Scheduled maintenance;limpieza de preso,,,,,,;no;no
2025-05-15;REA;Actuadores;3140CA029;14:07;14:09;2;Maintenance;Robots;R65;Vacuum system;no agarraba gear se bricaba de pieza, se cambia de blister,,,,,;no;no
2025-05-15;REA;Actuadores;3140CA029;22:50;22:53;3;Equipment Fault;Robots;R75;Gripper/tool adjustments;cambio de cinta a gripper,,,,,,;no;no
2025-05-16;REA;Actuadores;3140CA029;01:10;01:15;5;Equipment Fault;CAW;General;Software/PC;no continuo ciclo / check list,,,,,,;no;no
2025-05-16;REA;Actuadores;3140CA029;02:44;02:45;1;Equipment Fault;731;731;Feed piston;pin inclinado,,,,,,;no;no
2025-05-16;REA;Actuadores;3140CA029;03:05;03:08;3;Equipment Fault;CAW;CPA;SCARA;no continuo ciclo,,,,,,;no;no
2025-05-16;REA;Actuadores;3140CA029;03:39;03:41;2;Equipment Fault;Main conveyor;Main conveyor;Singulator NOK;pallet atorado por singulator,,,,,,;no;no
2025-05-16;REA;Actuadores;3140CA029;04:20;04:23;3;Equipment Fault;CHW;St2;Vacuum system;Falla al tomar chip repetidas veces en un periodo de tiempo corto,,,,,,;no;no
2025-05-16;REA;Actuadores;3140CA029;04:30;04:33;3;Quality;CHW;General;Scrapbox full;Se llena scrapbox,,,,,,;no;no
2025-05-16;REA;Actuadores;3140CA029;04:35;04:42;7;Maintenance;CCC;Consumables;Resin;Cambio de resina, se rellena con sobrante anterior, se deja nueva acondicionandose,,,,;no;no
2025-05-16;REA;Actuadores;3140CA029;02:25;02:30;5;Equipment Fault;CAW;Jig/Index;Blade orienter actuator;Blades no cierran correctamente, limpieza y ajustar regulador por crank chueco ya que un blade cerraba muy rapido,,,,,;no;no
2025-05-16;REA;Actuadores;3140CA029;06:04;06:06;2;Equipment Fault;MSA;MSA;Sensor de presencia;falla sensor de presencia, se limpia,,,,,;no;no
2025-05-16;REA;Actuadores;3140CA029;07:00;07:10;10;Maintenance;REA;General;Checklist;Checklist, SOP,,,,,;si;no
2025-05-16;REA;Actuadores;3140CA029;07:15;07:30;15;Equipment Fault;USW;St11;Weld NOK;Scrap alto, se revisa goma, se abre pieza, se hace jig test, bubble test. Se cambia la goma de la base del jig de branson por una azul (provisional) no funciona, se encuentra otra goma blanca y se reemplaza,;no;no
2025-05-16;REA;Actuadores;3140CA029;07:41;07:42;1;Equipment Fault;CHW;St2;Vacuum system;Falla dos veces consecutivas, el chip estaba atorado en el reel,,,,,;no;no
2025-05-16;REA;Actuadores;3140CA029;07:44;07:46;2;Equipment Fault;CHW;St4;IPG/Samlight;Scrap, terminal quemada, se ve pr el punto que esta a la orilla de la terminal. Se mueve el punto de 3.45 a 3.5,,,,;no;no
2025-05-16;REA;Actuadores;3140CA029;07:50;07:52;2;Equipment Fault;EOL;Jigs;Ingun actuator;No etntra el ingun en jig 3, se ajusta mangueras y fitting,,,,,;no;no
2025-05-16;REA;Actuadores;3140CA029;08:28;08:59;31;Quality;CAW;General;NOK material;Crank con defecto, se vacia la linea, se espera a que se sortee el material (unico existente),,,,;no;no
2025-05-15;REA;Actuadores;3140CA029;15:00;15:11;11;Maintenance;REA;General;Checklist;Checklist,,,,,,;si;no
2025-05-15;REA;Actuadores;3140CA029;17:55;18:01;6;Maintenance;REA;General;Checklist;Checklist 500pz,,,,,,;si;no
2025-05-15;REA;Actuadores;3140CA029;22:07;22:10;3;Maintenance;REA;General;Checklist;Checklist,,,,,,;si;no
2025-05-15;REA;Actuadores;3140CA029;21:14;21:17;3;Equipment Fault;USW;St14;Lower Jig;Scrap alto, cambio de goma,,,,,;no;no
2025-05-15;REA;Actuadores;3140CA029;17:33;17:36;3;Maintenance;CHW;Consumables;Chip reel;Cambio de chip,,,,,,;no;no
2025-05-15;REA;Actuadores;3140CA029;17:12;17:15;3;Maintenance;MAT;Consumables;Grease;Cambio grasa,,,,,,;no;no
2025-05-15;REA;Actuadores;3140CA029;17:44;17:48;4;Equipment Fault;731;731;Presence sensor;Scrap por piezas sin shaft, se desarma para limpiar por donde pasa la fibra,,,,,;no;no
2025-05-15;REA;Actuadores;3140CA029;17:51;17:52;1;Equipment Fault;Robots;R33;Motion supervision/Joint collision;Choca con jig CHW,,,,,,;no;no
2025-05-15;REA;Actuadores;3140CA029;18:23;18:25;2;Equipment Fault;CHW;St2;Vacuum system;No toma correctamente el chip,,,,,,;no;no
2025-05-15;REA;Actuadores;3140CA029;18:36;18:38;2;Production;Conveyors;General;Blister NOK/Wrong PN;Blister con etiqueta incorrecta que se habia retirado previamente se vuelve a introducir,,,,,,;no;no
2025-05-15;REA;Actuadores;3140CA029;17:02;17:07;5;Production;Conveyors;General;TBD;Falla el robot al tomar blisters con DM incorrecto, esto se repite. Se retiran todos los blister y se reemplazan,,,,,;no;no
2025-05-16;REA;Actuadores;3140CA029;10:31;10:33;2;Equipment Fault;EOL;St4;CRIO NOK;Reinicio,,,,,,;no;no
2025-05-16;REA;Actuadores;3140CA029;12:51;12:55;4;Equipment Fault;EOL;St4;CRIO NOK;Reinicio crio,,,,,,;no;no
2025-05-16;REA;Actuadores;3140CA029;13:33;13:49;16;Equipment Fault;CCC;General;Software/PC;Crash app termocamara,,,,,,;no;no
2025-05-16;REA;Actuadores;3140CA029;14:20;14:25;5;Maintenance;CHW;Consumables;Chip reel;Cambio de chip,,,,,,;no;no
2025-05-16;REA;Actuadores;3140CA029;15:27;15:37;10;Equipment Fault;CCC;General;Software/PC;Se traba aplicacion, no se reiniciaba,,,,,;no;no
2025-05-16;REA;Actuadores;3140CA029;15:49;16:00;11;Equipment Fault;CCC;General;Software/PC;Error en aplicacion de termo camara,,,,,,;no;no
2025-05-16;REA;Actuadores;3140CA029;18:05;18:07;2;Maintenance;Robots;R70;Vacuum system;Gear atorado y vacuum no es suficiente para levantarlo,,,,,,;no;no
2025-05-16;REA;Actuadores;3140CA029;18:10;18:13;3;Maintenance;Robots;R75;Motion supervision/Joint collision;Se alarma al ensamblar y se cae ogiva al conveyor, se recupera y se coloca.,,,,,;no;no
2025-05-16;REA;Actuadores;3140CA029;19:15;19:17;2;Maintenance;731;731;Bowl/Lineal feeder;Pin chueco,,,,,,;no;no
2025-05-16;REA;Actuadores;3140CA029;19:17;19:19;2;Maintenance;Robots;R80;Gripper/tool adjustments;Gripper 1 no abre,,,,,,;no;no
2025-05-16;REA;Actuadores;3140CA029;15:15;15:25;10;Maintenance;REA;General;Checklist;Checklist,,,,,,;si;no
2025-05-16;REA;Actuadores;3140CA029;23:00;23:01;1;Equipment Fault;Robots;R75;Gripper/tool adjustments;gripper no abrio,,,,,,;no;no
2025-05-16;REA;Actuadores;3140CA029;23:33;23:34;1;Equipment Fault;Robots;R80;Gripper/tool adjustments;no abrio gripper,,,,,,;no;no
2025-05-17;REA;Actuadores;3140CA029;00:58;01:00;2;Equipment Fault;Robots;R80;Incorrect pick/place;falla place, actudor desfasado, no cierra gripper 974,,,,;no;no
2025-05-17;REA;Actuadores;3140CA029;01:03;01:05;2;Equipment Fault;Conveyors;C36;Presence sensor;blister atorado,,,,,,;no;no
2025-05-17;REA;Actuadores;3140CA029;01:31;01:35;4;Equipment Fault;EOL;St4;Gripper NOK;gipper en error, queda abajo cerrado con el crank, al rehacer falla la prueba,,,,;no;no
2025-05-17;REA;Actuadores;3140CA029;01:50;01:51;1;Maintenance;CHW;Consumables;Argon;cambio de argon,,,,,,;no;no
2025-05-17;REA;Actuadores;3140CA029;02:55;02:57;2;Quality;CHW;General;Scrapbox full;scrapbox full,,,,,,;no;no
2025-05-17;REA;Actuadores;3140CA029;03:03;03:04;1;Equipment Fault;Robots;R70;Vacuum system;cambio de ventosas,,,,,,;no;no
2025-05-17;REA;Actuadores;3140CA029;02:44;02:47;3;Quality;CAW;General;Scrapbox full; scrapbox full,,,,,,;no;no
2025-05-17;REA;Actuadores;3140CA029;03:27;03:30;3;Quality;CHW;General;Scrapbox full;Vaciado de scrapbox,,,,,,;no;no
2025-05-17;REA;Actuadores;3140CA029;04:00;04:06;6;Equipment Fault;CAW;CPA;SCARA;No continua ciclo, robot en media secuencia, se hace checklist,,,,;si;no
2025-05-17;REA;Actuadores;3140CA029;05:34;05:35;1;Equipment Fault;731;731;Feed piston;pin inclinado,,,,,,;no;no
2025-05-17;REA;Actuadores;3140CA029;06:42;06:45;3;Maintenance;CCC;Consumables;Resin;Cambio de resina, se coloca resina nueva,,,,,;no;no
2025-05-17;REA;Actuadores;3140CA029;06:30;06:35;5;Maintenance;CHW;Consumables;Chip reel;cambio de chip,,,,,,;no;no
2025-05-17;REA;Actuadores;3140CA029;06:52;06:53;1;Equipment Fault;Robots;R75;Gripper/tool adjustments;no abrio gripper,,,,,,;no;no
2025-05-17;REA;Actuadores;3140CA029;07:00;07:05;5;Maintenance;CAW;General;Scheduled maintenance;Checklist,,,,,,;si;no
2025-05-17;REA;Actuadores;3140CA029;07:06;07:09;3;Maintenance;CHW;General;TBD;Checklist,,,,,,;si;no
2025-05-17;REA;Actuadores;3140CA029;07:30;07:45;15;Maintenance;Aux;710;Electrical system;Sensor dañado,,,,,,;no;no
2025-05-17;REA;Actuadores;3140CA029;07:45;08:30;45;Maintenance;Aux;710;Pneumatic System;Electroválvula no se activa,,,,,,;no;no
2025-05-17;REA;Actuadores;3140CA029;10:20;10:22;2;Maintenance;Robots;R75;Gripper/tool adjustments;No abre gripper,,,,,,;no;no
2025-05-17;REA;Actuadores;3140CA029;10:43;10:45;2;Maintenance;Robots;R75;Incorrect pick/place;No abre gripper,,,,,,;no;no
2025-05-17;REA;Actuadores;3140CA029;10:57;11:02;5;Maintenance;CAW;LSW;Pressor;Ajuste de pressor por no planicidad en soldadura de crank,,,,,,;no;no
2025-05-17;REA;Actuadores;3140CA029;11:07;11:10;3;Maintenance;EOL;St4;CRIO NOK;Reset CRIO,,,,,,;no;no
2025-05-17;REA;Actuadores;3140CA029;11:11;11:12;1;Maintenance;Main conveyor;Main conveyor;RFID Reader;No abre sing 25,,,,,,;no;no
2025-05-17;REA;Actuadores;3140CA029;11:16;11:18;2;Maintenance;Robots;R80;Gripper/tool adjustments;Gripper flojo se cae pieza,,,,,,;no;no
2025-05-17;REA;Actuadores;3140CA029;11:28;11:30;2;Maintenance;Robots;R75;Incorrect pick/place;No abre gripper,,,,,,;no;no
2025-05-17;REA;Actuadores;3140CA029;11:31;11:33;2;Maintenance;Robots;R80;Motion supervision/Joint collision;Robot choca con scrapbox de USW,,,,,,;no;no
2025-05-17;REA;Actuadores;3140CA029;11:33;11:37;4;Maintenance;CAW;General;Scheduled maintenance;Checklist 500pz,,,,,,;si;no
2025-05-17;REA;Actuadores;3140CA029;11:37;11:40;3;Maintenance;CHW;General;Scheduled maintenance;Checklist 500pz,,,,,,;si;no
2025-05-17;REA;Actuadores;3140CA029;11:47;11:48;1;Maintenance;Conveyors;C36;Presence sensor;Sensor bloqueado por blister vacio atorado,,,,,,;no;no
2025-05-17;REA;Actuadores;3140CA029;11:51;11:53;2;Maintenance;USW;St11;Presence sensor;Sensor obstruido por esponja de jig levantada,,,,,,;no;no
2025-05-17;REA;Actuadores;3140CA029;12:05;12:07;2;Maintenance;USW;St11;Presence sensor;Sensor obstruido por esponja de jig levantada,,,,,,;no;no
2025-05-17;REA;Actuadores;3140CA029;12:09;12:11;2;Maintenance;USW;St11;Branson;Pieza atorada en sonotrodo,,,,,,;no;no
2025-05-17;REA;Actuadores;3140CA029;12:22;12:24;2;Maintenance;USW;St11;Branson;Pieza atorada en sonotrodo,,,,,,;no;no
2025-05-17;REA;Actuadores;3140CA029;12:30;12:32;2;Maintenance;USW;St11;Branson;Pieza atorada en sonotrodo,,,,,,;no;no
2025-05-17;REA;Actuadores;3140CA029;12:32;12:36;4;Maintenance;CAW;Jig/Index;Index not in home;Mesa desalineada,,,,,,;no;no
2025-05-17;REA;Actuadores;3140CA029;13:23;13:25;2;Maintenance;Robots;R75;Incorrect pick/place;No abre gripper,,,,,,;no;no
2025-05-17;REA;Actuadores;3140CA029;13:35;13:40;5;Maintenance;CAW;General;Scheduled maintenance;Cambio de lente por horas de servicio,,,,,,;no;no
2025-05-17;REA;Actuadores;3140CA029;15:00;15:09;9;Maintenance;REA;General;Checklist;Checklist,,,,,,;si;no
2025-05-17;REA;Actuadores;3140CA029;16:08;16:10;2;Equipment Fault;EOL;St4;CRIO NOK;Reinicio crio no responde,,,,,,;no;no
2025-05-17;REA;Actuadores;3140CA029;16:47;16:50;3;Maintenance;CHW;Consumables;Argon;Cambio argon,,,,,,;no;no
2025-05-17;REA;Actuadores;3140CA029;16:38;16:42;4;Equipment Fault;Robots;R40;Gripper/tool adjustments;Robot no agarra correctamente el body y choca,,,,,,;no;no
2025-05-17;REA;Actuadores;3140CA029;16:47;16:49;2;Equipment Fault;Robots;R75;Gripper/tool adjustments;Robot no abre correctamente el gripper,,,,,,;no;no
2025-05-17;REA;Actuadores;3140CA029;18:25;18:27;2;Maintenance;CHW;St4;Pressor;Limpieza de pressor,,,,,,;no;no
2025-05-17;REA;Actuadores;3140CA029;18:41;18:43;2;Quality;USW;General;NOK material;Bushing salido atorado en USW,,,,,,;no;no
2025-05-17;REA;Actuadores;3140CA029;18:53;18:56;3;Equipment Fault;CHW;St4;Pressor;Scrap alto,,,,,,;no;no
2025-05-17;REA;Actuadores;3140CA029;19:04;19:17;13;Equipment Fault;730;General;TBD;Scrap consecutivo, baja sin shaft, tambien se encunetran piezas con el shaft sobre el body (no insertado), scrap alto por fuerza minima nok tambien detectado en el monitoreo,,,;no;no
2025-05-17;REA;Actuadores;3140CA029;19:25;19:28;3;Equipment Fault;USW;St14;Lower Jig;Scrap alto, cambio d goma,,,,,;no;no
2025-05-17;REA;Actuadores;3140CA029;19:33;19:40;7;Quality;Robots;R80;NOK material;Bushing salido causa que pieza no entre en jigde caw, causando colision en el joint del robot,,,,,;no;no
2025-05-17;REA;Actuadores;3140CA029;20:46;20:50;4;Equipment Fault;730;730;Alphamatic Module;Scrap por fuerza max,,,,,,;no;no
2025-05-17;REA;Actuadores;3140CA029;21:38;21:41;3;Equipment Fault;USW;St11;Weld NOK;Se agrega un pedazo de cinta en jig por scrap consecutivo en usw,,,,,,;no;no
2025-05-17;REA;Actuadores;3140CA029;21:53;21:55;2;Equipment Fault;Robots;R75;Gripper/tool adjustments;Robot no abre correctamente gripper,,,,,,;no;no
2025-05-18;REA;Actuadores;3140CA029;07:00;07:05;5;Maintenance;CAW;General;Scheduled maintenance;checklist,,,,,,;si;no
2025-05-18;REA;Actuadores;3140CA029;07:05;07:10;5;Production;CHW;General;Scheduled maintenance;checklist,,,,,,;si;no
2025-05-18;REA;Actuadores;3140CA029;07:10;07:15;5;Maintenance;EOL;General;Scheduled maintenance;checklist,,,,,,;si;no
2025-05-18;REA;Actuadores;3140CA029;07:15;07:45;30;Quality;REA;General;SOP;SOP,,,,,,;no;no
2025-05-18;REA;Actuadores;3140CA029;07:45;08:10;25;Maintenance;USW;General;Scheduled maintenance;ajustes y reparacion de jog,,,,,,;no;no
2025-05-18;REA;Actuadores;3140CA029;08:25;08:27;2;Maintenance;Robots;R75;Gripper/tool adjustments;no abre gripper,,,,,,;no;no
2025-05-18;REA;Actuadores;3140CA029;08:32;08:34;2;Maintenance;Robots;R80;Gripper/tool adjustments;gripper 1 se queda en EOL,,,,,,;no;no
2025-05-18;REA;Actuadores;3140CA029;08:51;08:52;1;Maintenance;Robots;R75;Gripper/tool adjustments;no ensambla cover,,,,,,;no;no
2025-05-18;REA;Actuadores;3140CA029;09:12;09:14;2;Maintenance;731;731;Presence sensor;pin caido,,,,,,;no;no
2025-05-18;REA;Actuadores;3140CA029;09:26;09:29;3;Production;Conveyors;C31;Presence sensor;blister de cover al reves,,,,,,;no;no
2025-05-18;REA;Actuadores;3140CA029;09:47;09:49;2;Maintenance;Robots;R80;Motion supervision/Joint collision;ajuste al soporte del R80,,,,,,;no;no
2025-05-18;REA;Actuadores;3140CA029;10:03;10:08;5;Maintenance;CHW;Consumables;Chip reel;cambio de carrete de chip,,,,,,;no;no
2025-05-18;REA;Actuadores;3140CA029;10:24;10:25;1;Maintenance;Robots;R75;Gripper/tool adjustments;no abre gripper,,,,,,;no;no
2025-05-18;REA;Actuadores;3140CA029;12:52;12:58;6;Equipment Fault;CAW;CPA;Feeder;Crank invertido, aplicacion no se podiarestablecer,,,,,;no;no
2025-05-18;REA;Actuadores;3140CA029;11:14;11:39;25;Production;REA;General;NOK material;Se acabo material de cover,,,,,,;no;no
2025-05-18;REA;Actuadores;3140CA029;11:39;11:50;11;Equipment Fault;CAW;General;Software/PC;Aplicacion no respondia,,,,,,;no;no
2025-05-18;REA;Actuadores;3140CA029;15:47;16:47;60;Equipment Fault;USW;St14;Lower Jig;Rosca de jig barrida, se barrena y se hace rosca nueva,,,,,;no;no
2025-05-19;REA;Actuadores;3140CA029;15:00;15:08;8;Maintenance;REA;General;Checklist;Checklist,,,,,,;si;no
2025-05-19;REA;Actuadores;3140CA029;15:08;15:12;4;Equipment Fault;CAW;General;Software/PC;Aplicacion no iniciaba en automatico,,,,,,;no;no
2025-05-19;REA;Actuadores;3140CA029;15:46;15:50;4;Equipment Fault;USW;St14;Lower Jig;Se revisa jig de leak test por scrap,,,,,,;no;no
2025-05-19;REA;Actuadores;3140CA029;15:50;15:54;4;Equipment Fault;CAW;Jig/Index;Index not in home;Se ajusta posicion de mesa, ya que falla el robot al poner crank en actuador,,,,,;no;no
2025-05-19;REA;Actuadores;3140CA029;16:03;16:07;4;Equipment Fault;730;730;Alphamatic Module;Scrap, se monitorea y se encuentra que excede la fuerza maxima. Se reduce la distancia de 149 a 148.5, al monitorear se encuentra que falla entonces por fuerza minima, se modifica a 148.8,,,;no;no
2025-05-19;REA;Actuadores;3140CA029;16:50;16:53;3;Equipment Fault;USW;St14;Lower Jig;Cambio de goma por scrap alto,,,,,,;no;no
2025-05-19;REA;Actuadores;3140CA029;16:20;16:36;16;Equipment Fault;USW;St11;Weld NOK;Scrap alto, se revisa leak test, se pasa master, se abren piezas, se cambia goma blanca de jig branson, se retira la parte plastica mvil para limpiar y lubricarla, se revisa la correcta alineacion del sonotrodo;no;no
2025-05-19;REA;Actuadores;3140CA029;17:04;17:06;2;Equipment Fault;USW;St11;Jig;Se agrega un pedazo de cinta en jig por alto scrap, quema la pieza,,,,,;no;no
2025-05-19;REA;Actuadores;3140CA029;17:13;17:15;2;Equipment Fault;USW;St11;Branson;Se da el horn scan por peak power alto, si hubo un ligero desfase en la frecuencia. El impacto no fue el esperado, se reduce el peak power pero se mantiene por encima de lo ideal, posible desgaste de sonotrodo,,,;no;no
2025-05-19;REA;Actuadores;3140CA029;19:46;19:48;2;Production;Robots;R38;NOK material;Robot no continuaba secuencia porque motor estaba al reves,,,,,,;no;no
2025-05-19;REA;Actuadores;3140CA029;19:56;19:58;2;Equipment Fault;731;731;Bowl/Lineal feeder;Pin atorado en piston lineal,,,,,,;no;no
2025-05-19;REA;Actuadores;3140CA029;19:58;20:01;3;Equipment Fault;MAT;St5;Axis not in home;Mat no continuaba, axis de st 6 no estaba en home,,,,,;no;no
2025-05-19;REA;Actuadores;3140CA029;20:04;20:06;2;Equipment Fault;Robots;R70;Pneumatic System;Vacuum off,,,,,,;no;no
2025-05-19;REA;Actuadores;3140CA029;21:17;21:28;11;Maintenance;REA;General;Checklist;Checklist,,,,,,;si;no
2025-05-19;REA;Actuadores;3140CA029;22:19;22:21;2;Equipment Fault;Robots;R75;Gripper/tool adjustments;Gripper no abre correctamente,,,,,,;no;no
2025-05-19;REA;Actuadores;3140CA029;22:50;22:55;5;Equipment Fault;CAW;General;Software/PC;no continuo ciclo,,,,,,;no;no
2025-05-19;REA;Actuadores;3140CA029;23:06;23:10;4;Quality;CHW;General;Scrapbox full;scrap box full,,,,,,;no;no
2025-05-19;REA;Actuadores;3140CA029;23:27;23:30;3;Equipment Fault;Robots;R70;Vacuum system;vacuum failed,,,,,,;no;no
2025-05-19;REA;Actuadores;3140CA029;23:40;23:41;1;Equipment Fault;Robots;R75;Gripper/tool adjustments;no abrio gripper,,,,,,;no;no
2025-05-19;REA;Actuadores;3140CA029;23:50;23:54;4;Maintenance;CHW;Consumables;Chip reel;cambio de chip,,,,,,;no;no
2025-05-20;REA;Actuadores;3140CA029;03:07;03:10;3;Maintenance;CCC;Consumables;Resin;cambio de resina,,,,,,;no;no
2025-05-20;REA;Actuadores;3140CA029;03:26;03:27;1;Equipment Fault;Conveyors;C36;Presence sensor;no abrio locking,,,,,,;no;no
2025-05-20;REA;Actuadores;3140CA029;03:45;03:50;5;Equipment Fault;EOL;St4;CRIO NOK;reinicio de crio,,,,,,;no;no
2025-05-20;REA;Actuadores;3140CA029;04:15;04:17;2;Equipment Fault;Robots;R70;Vacuum system;vacuum fail,,,,,,;no;no
2025-05-20;REA;Actuadores;3140CA029;05:24;05:26;2;Equipment Fault;Robots;R70;Vacuum system;cambio de ventosas,,,,,,;no;no
2025-05-20;REA;Actuadores;3140CA029;05:39;05:40;1;Equipment Fault;Robots;R75;Gripper/tool adjustments;no abrio gripper,,,,,,;no;no
2025-05-20;REA;Actuadores;3140CA029;06:37;06:40;3;Equipment Fault;Robots;R75;Gripper/tool adjustments;cambio de cinta a gripper,,,,,,;no;no
2025-05-20;REA;Actuadores;3140CA029;07:00;07:12;12;Maintenance;REA;General;Checklist;Checklist, SOP,,,,,;si;no
2025-05-20;REA;Actuadores;3140CA029;07:13;07:16;3;Maintenance;USW;St14;Lower Jig;Cambio de goma,,,,,,;no;no
2025-05-20;REA;Actuadores;3140CA029;07:24;07:26;2;Maintenance;USW;St14;Lower Jig;Se ajusta tornillos de jig a con piston,,,,,,;no;no
2025-05-20;REA;Actuadores;3140CA029;07:33;07:36;3;Maintenance;USW;St14;Lower Jig;Cambio de goma blanca de jig,,,,,,;no;no
2025-05-20;REA;Actuadores;3140CA029;08:12;08:19;7;Maintenance;CHW;St5;Vision system;Ajuste sistema de vision,,,,,,;no;no
2025-05-20;REA;Actuadores;3140CA029;08:27;08:28;1;Maintenance;USW;St14;Lower Jig;Limpieza de jig,,,,,,;no;no
2025-05-20;REA;Actuadores;3140CA029;08:56;09:06;10;Quality;CAW;LWS;NOK Condition;Ajuste angulo crank,,,,,,;no;no
2025-05-20;REA;Actuadores;3140CA029;09:07;09:10;3;Equipment Fault;EOL;St3;Gripper NOK;Falla st3,,,,,,;no;no
2025-05-20;REA;Actuadores;3140CA029;09:20;09:22;2;Equipment Fault;USW;St11;Branson;Ajustes a sonotrodo,,,,,,;no;no
2025-05-20;REA;Actuadores;3140CA029;09:31;09:35;4;Equipment Fault;EOL;St3;Gripper NOK;Falla gripper st3,,,,,,;no;no
2025-05-20;REA;Actuadores;3140CA029;09:45;09:49;4;Equipment Fault;EOL;St4;Gripper NOK;Falla st4 CRIO,,,,,,;no;no
2025-05-20;REA;Actuadores;3140CA029;10:05;10:07;2;Equipment Fault;CHW;St4;Pressor;Limpieza a puntas de pressor por alto scrap,,,,,,;no;no
2025-05-20;REA;Actuadores;3140CA029;10:55;11:00;5;Equipment Fault;CHW;St4;Pressor;Cambio de pines por alto scrap,,,,,,;no;no
2025-05-20;REA;Actuadores;3140CA029;11:45;11:50;5;Maintenance;REA;General;Checklist;Checklist 500pz,,,,,,;si;no
2025-05-20;REA;Actuadores;3140CA029;12:52;12:53;1;Equipment Fault;Robots;R70;Vacuum system;Vacuum off,,,,,,;no;no
2025-05-20;REA;Actuadores;3140CA029;13:02;13:05;3;Equipment Fault;Robots;R80;Gripper/tool adjustments;No abre gripper 1,,,,,,;no;no
2025-05-19;REA;Actuadores;3140CA029;07:00;07:59;59;Quality;REA;General;SOP;Liberacion calidad,,,,,,;si;no
2025-05-19;REA;Actuadores;3140CA029;07:59;08:20;21;Maintenance;USW;St14;Lower Jig;Reparacion jig dañado de una rosca,,,,,,;no;no
2025-05-19;REA;Actuadores;3140CA029;08:20;08:29;9;Maintenance;Robots;R80;Scheduled maintenance;Reparación de manguera y cables,,,,,,;no;no
2025-05-19;REA;Actuadores;3140CA029;09:40;14:00;260;Quality;CAW;LWS;NOK Condition;Angulo incorrecto en crank soldado, liberacion de calidad,,,,,;no;no
2025-05-20;REA;Actuadores;3140CA029;13:15;13:17;2;Equipment Fault;Robots;R70;Vacuum system;Se cae ventosa,,,,,,;no;no
2025-05-20;REA;Actuadores;3140CA029;13:27;13:29;2;Equipment Fault;Robots;R75;Gripper/tool adjustments;No abre gripper,,,,,,;no;no
2025-05-20;REA;Actuadores;3140CA029;15:00;15:11;11;Maintenance;REA;General;Checklist;Checklist,,,,,,;si;no
2025-05-20;REA;Actuadores;3140CA029;15:15;15:17;2;Production;Conveyors;C31;Lift;Lift no subia por blister lleno abajo,,,,,,;no;no
2025-05-20;REA;Actuadores;3140CA029;16:18;16:38;20;Equipment Fault;USW;St14;Upper Jig;Se revisa leak test por alto scrap, se encuentra conector neumatico con fuga,,,,,;no;no
2025-05-20;REA;Actuadores;3140CA029;16:53;16:58;5;Production;CHW;Consumables;Chip reel;Cambio de chip,,,,,,;no;no
2025-05-20;REA;Actuadores;3140CA029;17:03;17:07;4;Production;CAW;Consumables;Nitrogen;Cambio de nitrogeno,,,,,,;no;no
2025-05-20;REA;Actuadores;3140CA029;17:40;17:44;4;Equipment Fault;CAW;General;Software/PC;No responde, se reestablece,,,,,;no;no
2025-05-20;REA;Actuadores;3140CA029;18:31;18:35;4;Equipment Fault;EOL;St3;Gripper NOK;Gripper error signal,,,,,,;no;no
2025-05-20;REA;Actuadores;3140CA029;18:42;18:48;6;Equipment Fault;USW;St11;Weld NOK;Spikes de scrap, proceso inestable. Se revisa USW y branson,,,,,;no;no
2025-05-20;REA;Actuadores;3140CA029;19:10;19:14;4;Equipment Fault;EOL;St4;CRIO NOK;Crio reset,,,,,,;no;no
2025-05-20;REA;Actuadores;3140CA029;19:05;19:08;3;Quality;Robots;R65;NOK material;Gear con exceso de plastico por dentro y se atorado,,,,,,;no;no
2025-05-20;REA;Actuadores;3140CA029;19:22;19:27;5;Equipment Fault;CHW;St4;Pressor;Scrap, soldadura inestable, ajuste pos de pressor,,,,;no;no
2025-05-20;REA;Actuadores;3140CA029;19:28;19:30;2;Production;Conveyors;General;Blister NOK/Wrong PN;Motor invertido,,,,,,;no;no
2025-05-20;REA;Actuadores;3140CA029;19:52;19:55;3;Equipment Fault;731;731;Bowl/Lineal feeder;Atascado, no alimenta, para secuencia,,,,;no;no
2025-05-20;REA;Actuadores;3140CA029;20:11;20:14;3;Equipment Fault;EOL;St3;Gripper NOK;Gripper signal error,,,,,,;no;no
2025-05-20;REA;Actuadores;3140CA029;21:44;21:46;2;Equipment Fault;Robots;R33;Motion supervision/Joint collision;Toma mal cover y colisiona al tratar de ponerlo en CHW,,,,,,;no;no
2025-05-20;REA;Actuadores;3140CA029;21:28;21:33;5;Equipment Fault;Robots;R80;Gripper/tool adjustments;Fallas continuas al colocar en 974, ajuste gripper,,,,,;no;no
2025-05-20;REA;Actuadores;3140CA029;21:32;21:34;2;Equipment Fault;USW;St11;Branson;Alarma energy limit, pieza mal colocada,,,,,;no;no
2025-05-20;REA;Actuadores;3140CA029;21:12;21:14;2;Equipment Fault;Main conveyor;Main conveyor;Lift;Pallet quedo debajo del lift, otros problemas relacionados a la secuencia del locking despues de eso,,,,,;no;no
2025-05-20;REA;Actuadores;3140CA029;22:12;22:15;3;Equipment Fault;USW;General;NOK material;Pieza atascada en sonotrodo, bushing nok,,,,,;no;no
2025-05-20;REA;Actuadores;3140CA029;22:15;22:18;3;Equipment Fault;Robots;R65;NOK material;Gear diametro NOK atascado en 815,,,,,,;no;no
2025-05-20;REA;Actuadores;3140CA029;23:20;23:25;5;Equipment Fault;EOL;St4;CRIO NOK;reinicio de crio,,,,,,;no;no
2025-05-20;REA;Actuadores;3140CA029;23:45;23:50;5;Maintenance;CAW;LSW;Pressor;checklist,,,,,,;si;no
2025-05-21;REA;Actuadores;3140CA029;00:50;00:55;5;Equipment Fault;USW;St11;Branson;body atorado por bushing en sonotrodo,,,,,,;no;no
2025-05-21;REA;Actuadores;3140CA029;01:17;01:18;1;Maintenance;CHW;St4;Pressor;limpieza de pines,,,,,,;no;no
2025-05-21;REA;Actuadores;3140CA029;02:00;02:03;3;Equipment Fault;Robots;R33;TBD;Falla en place de CHW, a la larga sucede pero el robtarget parece estar OK en general,,,,,;no;no
2025-05-21;REA;Actuadores;3140CA029;02:45;02:50;5;Equipment Fault;USW;St11;Weld NOK;Scraps continuos, revision, limpieza y monitoreo,,,,;no;no
2025-05-21;REA;Actuadores;3140CA029;04:00;04:05;5;Equipment Fault;Robots;R80;Gripper/tool adjustments;no abrio gripper,,,,,,;no;no
2025-05-21;REA;Actuadores;3140CA029;04:05;04:11;6;Maintenance;Robots;R80;Electrical system;cables de sensores sueltos, se rutearon,,,,,;no;no
2025-05-21;REA;Actuadores;3140CA029;03:35;03:40;5;Equipment Fault;Robots;R80;Incorrect pick/place;Cilindro no abre al tomar pieza en CAW, ademas aseguran sensores suelotos,,,,,;no;no
2025-05-21;REA;Actuadores;3140CA029;06:10;06:12;2;Equipment Fault;USW;St11;Branson;Vibraciones sacan retenedor de actuador y se queda atorado en sonotrodo,,,,,,;no;no
2025-05-21;REA;Actuadores;3140CA029;06:45;06:46;1;Equipment Fault;Robots;R80;Gripper/tool adjustments;gripper atorado al tomar pieza en CAW,,,,,,;no;no
2025-05-21;REA;Actuadores;3140CA029;06:27;06:30;3;Maintenance;REA;General;Checklist;Checklist,,,,,,;si;no
2025-05-21;REA;Actuadores;3140CA029;07:00;07:12;12;Maintenance;REA;General;Checklist;Checklist,,,,,,;si;no
2025-05-21;REA;Actuadores;3140CA029;07:15;07:17;2;Maintenance;MAT;Consumables;Grease;Cambio de grasera,,,,,,;no;no
2025-05-21;REA;Actuadores;3140CA029;08:58;09:02;4;Maintenance;CHW;Consumables;Chip reel;Cambio de rollo chip,,,,,,;no;no
2025-05-21;REA;Actuadores;3140CA029;09:40;09:44;4;Maintenance;CCC;Consumables;Resin;Cambio de contenedor de resina,,,,,,;no;no
2025-05-21;REA;Actuadores;3140CA029;09:44;09:45;1;Maintenance;CHW;Consumables;Argon;Cambio de tanque Argon,,,,,,;no;no
2025-05-21;REA;Actuadores;3140CA029;10:45;10:53;8;Maintenance;REA;General;Checklist;Checklist general por 500pz,,,,,,;si;no
2025-05-21;REA;Actuadores;3140CA029;10:54;10:56;2;Equipment Fault;731;731;Bowl/Lineal feeder;Doble pin,,,,,,;no;no
2025-05-21;REA;Actuadores;3140CA029;12:06;12:10;4;Equipment Fault;MAT;St3;Feeder;St.3 falla se atora un tornillo con otras dimenciones en feeder,,,,,,;no;no
2025-05-21;REA;Actuadores;3140CA029;12:58;13:03;5;Maintenance;Robots;R80;Electrical system;Falla en gripper, se ajusta sensor de posicion,,,,,;no;no
2025-05-21;REA;Actuadores;3140CA029;13:27;13:29;2;Maintenance;915;915;Missing ogive;Ogiva caida,,,,,,;no;no
2025-05-21;REA;Actuadores;3140CA029;13:39;13:43;4;Maintenance;Robots;R80;Electrical system;Sensor no detecta posicion de gripper y se detiene secuencia, no hay ninguna alarma,,,,,;no;no
2025-05-21;REA;Actuadores;3140CA029;13:51;13:53;2;Maintenance;Robots;R80;Electrical system;Conector de sensor con falso se desconectaba al no estar bien sujeto,,,,,,;no;no
2025-05-21;REA;Actuadores;3140CA029;13:59;14:01;2;Maintenance;Robots;R80;Motion supervision/Joint collision;Colisiona con scrapbox de USW,,,,,,;no;no
2025-05-21;REA;Actuadores;3140CA029;15:00;15:10;10;Maintenance;REA;General;Checklist;Checklist,,,,,,;si;no
2025-05-21;REA;Actuadores;3140CA029;18:50;18:51;1;Production;EOL;General;TBD;Pieza con codigo en RW,,,,,,;no;no
2025-05-21;REA;Actuadores;3140CA029;18:48;18:49;1;Production;EOL;General;TBD;Pieza con codigo en RW,,,,,,;no;no
2025-05-21;REA;Actuadores;3140CA029;18:41;18:44;3;Production;REA;General;No staff;Sin operador,,,,,,;no;no
2025-05-21;REA;Actuadores;3140CA029;18:35;18:37;2;Quality;EOL;General;Scrapbox full;Scrapbox lleno,,,,,,;no;no
2025-05-21;REA;Actuadores;3140CA029;18:03;18:06;3;Equipment Fault;Robots;R80;Motion supervision/Joint collision;Deja mal pieza en EOL,,,,,,;no;no
2025-05-21;REA;Actuadores;3140CA029;16:40;17:02;22;Quality;REA;General;TBD;Esperando material RW,,,,,,;no;no
2025-05-21;REA;Actuadores;3140CA029;17:21;17:28;7;Equipment Fault;Robots;R75;Gripper/tool adjustments;No toma correctamente de 980, pieza queda mal colocada a diferente altura del robot,,,,,;no;no
2025-05-21;REA;Actuadores;3140CA029;17:47;17:52;5;Equipment Fault;EOL;St3;Gripper NOK;Scrap por st3, se revisa la calibracion con master, se encuentra una pequeñavariacion en el angulo entre las piezas rechazadas y la master por lo que se permite seguir scrapeando si es necesario. Se notifica a calidad la situacion para esperar indicaciones sobre un posible ajuste (REWORK),,,,;no;no
2025-05-22;REA;Actuadores;3140CA029;02:15;02:18;3;Equipment Fault;USW;St14;Lower Jig;Suciedad, limpieza,,,,,;no;no
2025-05-22;REA;Actuadores;3140CS022;04:30;07:00;150;Maintenance;REA;General;Change Over;Change over a GM22,,,,,,;si;no
2025-05-22;REA;Actuadores;3140CA029;15:48;15:59;11;Equipment Fault;CAW;Jig/Index;Ingun actuator;Ingun mueve pieza al entrar, falla continua de insercion de crank solo en jig 1, se ajusta,,,,;no;no
2025-05-22;REA;Actuadores;3140CA029;15:23;15:27;4;Equipment Fault;CHW;St4;Pressor;Soldadura inestable, ajuste pressor,,,,,;no;no
2025-05-22;REA;Actuadores;3140CA029;15:02;15:07;5;Equipment Fault;CHW;St4;Pressor;Soldadura inestable, ajuste pressor,,,,,;no;no
2025-05-22;REA;Actuadores;3140CA029;15:11;15:15;4;Equipment Fault;Robots;R80;Gripper/tool adjustments;Fallas continuas al colocar en 974, pieza se desliza en el gripper y queda en posicion incorrecta. Se ajusta el gripper mecanicamente,,,,,;no;no
2025-05-22;REA;Actuadores;3140CA029;17:11;17:18;7;Equipment Fault;CAW;Jig/Index;Blade orienter actuator;Sensor al de presencia el blade retraido en el limite, a veces enciende y a veces no, se ajusta, se comprueban todos los sensores,,,;no;no
2025-05-22;REA;Actuadores;3140CA029;17:51;17:57;6;Equipment Fault;CHW;General;Software/PC;Se reinicia PC por actualiziacion pepndiente,,,,,,;no;no
2025-05-22;REA;Actuadores;3140CA029;18:15;18:55;40;Equipment Fault;CHW;St4;Pressor;Soldadura NOK, alto scrap. Se cambia goma, se ajusta pressor y presion, se revisa flujo de gas, se revisa samlight, se ajusta heatstake (estaba inclinando el chip), limpieza de lente;no;no
2025-05-22;REA;Actuadores;3140CA029;19:51;19:55;4;Equipment Fault;915;915;Missing ogive;Ogiva perdida, se busca, se verifica que no este en un actuador completo,se sustituye,,,;no;no
2025-05-22;REA;Actuadores;3140CA029;19:40;19:51;11;Quality;REA;General;NOK material;1.Scrap alto en MSA por material mezclado 2.MAgnet shaft sin punta 3.Magnetshaft entra a la linea con un tornillo pegado por la magnetizacion causando falla , blister con magnet shaft con y sin tratamiento,,,,,;no;no
2025-05-22;REA;Actuadores;3140CA029;19:34;19:39;5;Equipment Fault;Robots;R80;Gripper/tool adjustments;Falla al colocar en EOL y tras restablecer falla al colocar en CAW. Ajuste de gripper,,,,,,;no;no
2025-05-22;REA;Actuadores;3140CA029;20:16;20:20;4;Equipment Fault;CHW;St3;Thermodo;Gap temperatura,,,,,,;no;no
2025-05-22;REA;Actuadores;3140CA029;20:23;20:24;1;Equipment Fault;620;620;Alphamatic Module;No temrina la secuencia,,,,,,;no;no
2025-05-22;REA;Actuadores;3140CA029;20:25;20:26;1;Equipment Fault;Robots;R80;Gripper/tool adjustments;Atascado,,,,,,;no;no
2025-05-22;REA;Actuadores;3140CA029;20:02;20:04;2;Equipment Fault;Robots;R80;Gripper/tool adjustments;Gripper atascado. Tecnico atendiendo en moldeo, ingeniero cubriendo operador por falta de personal,,,,,;no;no
2025-05-22;REA;Actuadores;3140CA029;21:18;21:20;2;Maintenance;CHW;Consumables;Argon;Cambio argon,,,,,,;no;no
2025-05-22;REA;Actuadores;3140CA029;22:01;22:08;7;Equipment Fault;Robots;R80;Gripper/tool adjustments;Robot suelta la pieza Ajuste de gripper, ya ha pasado en el turno despues de ajuste dura horas corriendo sin problema hasta que vuelve a ocurrir. Base del gripper necesita cambio,,,,,;no;no
2025-05-22;REA;Actuadores;3140CA029;22:20;22:23;3;Equipment Fault;750;750;Feed piston;No se extiende correctamente hasta final de carrera,,,,,,;no;no
2025-05-23;REA;Actuadores;3140CS022;01:14;01:15;1;Equipment Fault;Conveyors;C31;Belt;blister atorado por locking,,,,,,;no;no
2025-05-23;REA;Actuadores;3140CS022;00:50;00:51;1;Equipment Fault;731;731;Feed piston;pin inclinado,,,,,,;no;no
2025-05-22;REA;Actuadores;3140CS022;22:30;22:37;7;Equipment Fault;CHW;St3;Thermodo;gap de temperatura, se limpia termodo con rebaba, continua gap pero sin alarmarse, pendiente revision cables de termopar, se esta usando termodo reparado,,;no;no
2025-05-23;REA;Actuadores;3140CS022;01:26;01:28;2;Equipment Fault;750;750;Alphamatic Module;no continuo ciclo (se quedo en posicion de pick),,,,,,;no;no
2025-05-23;REA;Actuadores;3140CS022;01:55;02:48;53;Equipment Fault;CHW;St3;Thermodo;Termodo reparado falla, scraps por gap de temperatura, cables de termopar pegados se separan, se cambio el termodo y se dio mantenimiento a electrodos,,,;no;no
2025-05-23;REA;Actuadores;3140CS022;03:15;03:18;3;Equipment Fault;CHW;St3;Thermodo;Demasiado colapse causaba mala soldadura, de redujo collapse,,,,,;no;no
2025-05-23;REA;Actuadores;3140CS022;03:30;03:35;5;Maintenance;REA;General;Checklist;Checklist,,,,,,;si;no
2025-05-23;REA;Actuadores;3140CS022;03:53;03:55;2;Equipment Fault;750;750;Alphamatic Module;no continuo ciclo,,,,,,;no;no
2025-05-23;REA;Actuadores;3140CS022;04:00;04:05;5;Maintenance;CHW;Consumables;Chip reel;cambio de chip,,,,,,;no;no
2025-05-23;REA;Actuadores;3140CS022;06:10;06:14;4;Equipment Fault;CAW;CPA;Feeder;crank assy mal horientado,,,,,,;no;no
2025-05-23;REA;Actuadores;3140CS022;06:20;06:23;3;Equipment Fault;CAW;General;Software/PC;No continua ciclo, restaurar,,,,,;no;no
2025-05-23;REA;Actuadores;3140CS022;06:40;06:43;3;Equipment Fault;USW;St14;Lower Jig;Scraps causados por rebaba, suciedad, se limpia,,,,;no;no
2025-05-23;REA;Actuadores;3140CS022;07:00;7:42;42;Quality;REA;General;SOP;liberacion,,,,,,;no;no
2025-05-23;REA;Actuadores;3140CS022;12:01;12:05;4;Maintenance;MAT;St4;CRIO App;Ajuste,,,,,,;no;no
2025-05-23;REA;Actuadores;3140CS022;12:10;12:12;2;Maintenance;EOL;Jigs;Jig actuator;jig 1 scrap alto, ( conector desconectado ),,,,,;no;no
2025-05-23;REA;Actuadores;3140CS022;12:15;12:19;4;Maintenance;EOL;St3;Gripper NOK;calibracion,,,,,,;no;no
2025-05-23;REA;Actuadores;3140CS022;12:21;12:26;5;Maintenance;Robots;R70;Gripper/tool adjustments;actualiza buffer ogiva,,,,,,;no;no
2025-03-10;REA;Actuadores;3140CA029;17:00;17:01;1;Fallo;Robots;R75;Gripper/tool adjustments;no abrio gripper,,,,,,;no;no
2025-05-22;REA;Actuadores;3140CS022;13:24;13:26;2;Maintenance;CHW;St4;Pressor;Ajuste St4, scrap alto,,,,,;no;no
2025-05-22;REA;Actuadores;3140CS022;13:27;13:29;2;Maintenance;CAW;Jig/Index;Blade orienter actuator;ajuste de mesa desalineada,,,,,,;no;no
2025-05-22;REA;Actuadores;3140CS022;13:33;13:36;3;Maintenance;CHW;General;Scheduled maintenance;limpieza pines,,,,,,;no;no
2025-05-22;REA;Actuadores;3140CS022;13:36;13:37;1;Equipment Fault;Robots;R75;Gripper/tool adjustments;no abre gripper,,,,,,;no;no
2025-05-22;REA;Actuadores;3140CS022;13:40;13:42;2;Equipment Fault;Robots;R80;Gripper/tool adjustments;no abre gripper,,,,,,;no;no
2025-05-22;REA;Actuadores;3140CS022;14:14;14:16;2;Maintenance;USW;General;Scheduled maintenance;limpieza de jig,,,,,,;no;no
2025-05-22;REA;Actuadores;3140CS022;14:30;14:41;11;Maintenance;CHW;St4;Pressor;mala soldadura,,,,,,;no;no
2025-05-23;REA;Actuadores;3140CS022;07:00;07:12;12;Maintenance;REA;General;Scheduled maintenance;checklist,,,,,,;si;no
2025-05-23;REA;Actuadores;3140CS022;07:29;07:31;2;Maintenance;Conveyors;C36;Presence sensor;se atora blister,,,,,,;no;no
2025-05-23;REA;Actuadores;3140CS022;07:54;07:57;3;Maintenance;CAW;CPA;Vision system;no responde se reinicia,,,,,,;no;no
2025-05-23;REA;Actuadores;3140CS022;10:12;10:14;2;Maintenance;Robots;R70;Vacuum system;vacuum no agarra gear,,,,,,;no;no
2025-05-23;REA;Actuadores;3140CS022;10:19;10:22;3;Maintenance;Robots;R70;Vacuum system;cambio de ventosas,,,,,,;no;no
2025-05-23;REA;Actuadores;3140CS022;10:33;10:35;2;Maintenance;750;750;Feed piston;actuador se atora,,,,,,;no;no
2025-05-23;REA;Actuadores;3140CS022;11:00;11:08;8;Maintenance;REA;General;Checklist;checklist (CAW,USW cambio de goma,EOL reset crio, CHW),,,;si;no
2025-05-22;REA;Actuadores;3140CA029;21:20;21:29;9;Equipment Fault;750;General;Empty conveyor/feeder;Bowl sobre llenado, doble de capacidad, no permite operacion normal se vacia feeder lineal. Se quita el exceso, se espera a que  avance el material,,,;no;no
2025-05-22;REA;Actuadores;3140CS022;12:30;13:00;30;Quality;REA;General;NOK material;paro por material ford 29 en linea (se esta corriendo GM22),,,,,,;no;no
2025-05-23;REA;Actuadores;3140CS022;11:29;11:31;2;Equipment Fault;Robots;R80;Gripper/tool adjustments;no abre gripper,,,,,,;no;no
2025-05-23;REA;Actuadores;3140CS022;12:27;12:30;3;Maintenance;CAW;CPA;Feeder;crank invertido,,,,,,;no;no
2025-05-23;REA;Actuadores;3140CS022;12:18;12:21;3;Maintenance;CAW;CPA;Feeder;se atora crank eb feeder,,,,,,;no;no
2025-05-23;REA;Actuadores;3140CS022;13:08;13:10;2;Equipment Fault;731;731;Presence sensor;pin chueco,,,,,,;no;no
2025-05-23;REA;Actuadores;3140CS022;13:55;14:00;5;Equipment Fault;EOL;St3;Gripper NOK;calibracion de st3,,,,,,;no;no
2025-05-23;REA;Actuadores;3140CS022;15:00;15:12;12;Maintenance;REA;General;Checklist;Checklist,,,,,,;si;no
2025-05-23;REA;Actuadores;3140CS022;15:12;15:24;12;Equipment Fault;MAT;St6;Dispensation system;Tubo de grasa sin la parte que la va empujando (recuperada, incompleta) no esta dispensando pues no hace presion. Conveyor completo sin grasa.,,,,,;no;no
2025-05-23;REA;Actuadores;3140CS022;15:44;15:52;8;Equipment Fault;REA;General;Electrical system;Para REA sin intervencion humana, marca Air supply como nok. Se reinicia el modulo mur 830 en base a un antecedente de la falla y con ello se logra restablecer.,,,,,;no;no
2025-05-23;REA;Actuadores;3140CS022;16:40;16:48;8;Equipment Fault;USW;SCARA;Motion supervision/Joint collision;Pieza mal colocada en jig branson (soldada, probablemente se atoro en sonotrodo) causa colision en SCARA, al restablecer y dar reset a la estacion en el movimiento del robot este baha y se atasca con el jig (mesa deslizable no en final de carrera por el aire) causando otra colision, se mueve en manual hasta un punto con el jog en rango,,,;no;no
2025-05-23;REA;Actuadores;3140CS022;20:32;20:36;4;Equipment Fault;USW;St14;Lower Jig;Scrap alto, cambio de goma,,,,,;no;no
2025-05-23;REA;Actuadores;3140CS022;20:27;20:30;3;Maintenance;CHW;Consumables;Chip reel;Cambio de reel,,,,,,;no;no
2025-05-23;REA;Actuadores;3140CS022;20:04;20:20;16;Equipment Fault;CAW;General;Software/PC;No responde, no continua, se intenta restablecer varias veces, avanza una o dos piezas y para nuevamente. Se revisa que no se deba a scrap,,,;no;no
2025-05-23;REA;Actuadores;3140CS022;20:41;20:43;2;Equipment Fault;USW;St11;Weld NOK;Se coloca cinta en el jig de branson para compensar overweld,,,,,,;no;no
2025-05-23;REA;Actuadores;3140CS022;21:25;21:28;3;Equipment Fault;CAW;General;Software/PC;No responde,,,,,,;no;no
2025-05-23;REA;Actuadores;3140CS022;22:04;22:06;2;Equipment Fault;EOL;St4;CRIO NOK;Reinicio falla crio,,,,,,;no;no
2025-05-23;REA;Actuadores;3140CS022;22:37;22:43;6;Equipment Fault;REA;General;Pneumatic System;compresor alarmado,,,,,,;no;no
2025-05-23;REA;Actuadores;3140CS022;23:10;23:14;4;Quality;CAW;General;Scrapbox full;scrap box full,,,,,,;no;no
2025-05-23;REA;Actuadores;3140CS022;11:40;11:59;19;Equipment Fault;Robots;R80;Incorrect pick/place;Se atora en 974, posiciones de Pick970 y Place974 OK al mover lento, en auto se desliza el actuador, se ajusta posicion mecanica de gripper para evitar el deslizamiento,,,;no;no
2025-05-24;REA;Actuadores;3140CS022;01:50;01:51;1;Production;Conveyors;C37;Motor;motor mala posicion,,,,,,;no;no
2025-05-24;REA;Actuadores;3140CS022;02:40;02:42;2;Maintenance;CHW;Consumables;Argon;cambio de argon,,,,,,;no;no
2025-05-24;REA;Actuadores;3140CS022;03:25;03:30;5;Equipment Fault;CAW;Jig/Index;Index not in home;Falla insercion crank, alinear mesa,,,,,;no;no
2025-05-24;REA;Actuadores;3140CS022;00:49;00:58;9;Equipment Fault;Robots;R80;Electrical system;Sensores se jalonean por colision con caja de scrap, se mueven de posicion y no detectan gripper 1cerrar o abierto, se requirio entrar 2 veces,,,,;no;no
2025-05-24;REA;Actuadores;3140CS023;05:15;06:15;60;Maintenance;REA;General;Change Over;Set up GM23,,,,,,;no;no
2025-05-24;REA;Actuadores;3140CS023;06:15;07:00;45;Quality;REA;General;Change Over;Esperando liberacion, sin personal disponible de Calidad,,,,,;si;no
2025-05-24;REA;Actuadores;3140CS023;07:00;11:54;294;Quality;REA;General;Change Over;liberacion GM23,,,,,,;no;no
2025-05-24;REA;Actuadores;3140CS023;13:22;13:25;3;Equipment Fault;CAW;Jig/Index;Blade orienter actuator;falla insercion,,,,,,;no;no
2025-05-24;REA;Actuadores;3140CS023;01:30;13:33;723;Equipment Fault;CAW;Jig/Index;Blade orienter actuator;falla incercion,,,,,,;no;no
2025-05-24;REA;Actuadores;3140CS023;14:19;14:22;3;Equipment Fault;CAW;Jig/Index;Blade orienter actuator;falla insercion alarma,,,,,,;no;no
2025-05-24;REA;Actuadores;3140CS023;14:24;14:27;3;Equipment Fault;CAW;Jig/Index;Blade orienter actuator;falla insercion,,,,,,;no;no
2025-05-24;REA;Actuadores;3140CS023;14:33;14:36;3;Maintenance;CHW;St4;Pressor;limpieza  de pines,,,,,,;no;no
2025-05-24;REA;Actuadores;3140CS022;15:00;15:10;10;Maintenance;REA;General;Checklist;Checklist,,,,,,;si;no
2025-05-24;REA;Actuadores;3140CS022;21:10;21:21;11;Equipment Fault;CAW;CPA;SCARA;Falla continuamente a colocar crank en jig 2, ingun nok,,,,,;no;no
2025-05-24;REA;Actuadores;3140CS022;22:00;22:30;30;Maintenance;REA;General;Scheduled production stop;Change over,,,,,,;si;no
2025-05-24;REA;Actuadores;3140CS022;16:15;17:00;45;Equipment Fault;CAW;General;Software/PC;Paros constantes CAW no responde, en una ocasion se cierra la app sola con linea en auto, en otra no responde, no actualiza señales de sensores, no entra modo manual se reinicia la maquina,,;no;no
2025-05-24;REA;Actuadores;3140CS023;18:00;18:30;30;Production;REA;General;TBD;Paros relacionados a cambios por falta de material, falta de personal de calidad, falta de respuesta sobre altenativas,,,,;no;no
2025-05-26;REA;Actuadores;3140CS023;07:00;09:15;135;Maintenance;REA;General;Scheduled production stop;Change over, cambio setup, masters, llenado de linea, SOP,,;si;no
2025-05-26;REA;Actuadores;3140CA029;09:14;12:52;218;Quality;REA;General;Change Over;Liberación calidad CHO,,,,,,;no;no
2025-05-26;REA;Actuadores;3140CA029;14:09;14:11;2;Equipment Fault;USW;St11;Weld NOK;Scrap, se aumenta el colapso de 0.96(valor que quedo de la corrida de gm) a 1 (valor corrida anterior ford), se monitorea con buen resultado,,,,;no;no
2025-05-26;REA;Actuadores;3140CA029;12:58;13:06;8;Equipment Fault;CHW;St4;Pressor;Proceso soldadura inestable, ajustes pressor, samlight,,,,;no;no
2025-05-24;REA;Actuadores;3140CS023;13:23;13:35;12;Equipment Fault;CHW;St4;Pressor;Se ajusta y alinea pressor por scrap, se hacen pruebas antes de arracar,,,,,;no;no
2025-05-24;REA;Actuadores;3140CS023;13:49;13:51;2;Equipment Fault;CHW;St3;Thermodo;time out st 3,,,,,,;no;no
2025-05-24;REA;Actuadores;3140CS023;14:45;14:48;3;Equipment Fault;EOL;St4;CRIO NOK;Se reinicia crio,,,,,,;no;no
2025-05-26;REA;Actuadores;3140CA029;15:05;15:06;1;Maintenance;CHW;St4;Pressor;limpieza de pines,,,,,,;no;no
2025-05-26;REA;Actuadores;3140CA029;15:02;15:07;5;Equipment Fault;EOL;St4;CRIO NOK;Falla CRIO y Reiniciar NI app, rehacer pruebas st2 y st4,,,,,;no;no
2025-05-26;REA;Actuadores;3140CA029;15:10;15:11;1;Equipment Fault;Robots;R65;Incorrect pick/place;gear mal colocado en blister,,,,,,;no;no
2025-05-26;REA;Actuadores;3140CA029;15:12;15:13;1;Maintenance;Robots;R65;Vacuum system;cable de sensor de vacio suelto,,,,,,;no;no
2025-05-26;REA;Actuadores;3140CA029;15:30;15:36;6;Equipment Fault;CAW;CPA;Feeder;crank mal horientacion,,,,,,;no;no
2025-05-26;REA;Actuadores;3140CA029;15:50;15:52;2;Maintenance;Robots;R75;Gripper/tool adjustments;cambio de cinta a gripper,,,,,,;no;no
2025-05-26;REA;Actuadores;3140CA029;16:55;16:57;2;Quality;CCC;General;Scrapbox full;,,,,,,;no;no
2025-05-26;REA;Actuadores;3140CA029;16:05;16:11;6;Equipment Fault;CAW;CPA;Feeder;Sensor de feeder lineal falla, acomodar y enroscar correctamente,,,,,;no;no
2025-05-26;REA;Actuadores;3140CA029;17:25;17:27;2;Equipment Fault;620;620;Alphamatic Module;se quedo en posicion de pick,,,,,,;no;no
2025-05-26;REA;Actuadores;3140CA029;18:25;18:29;4;Equipment Fault;CAW;Jig/Index;Index not in home;falla insercion de crank, alinear mesa,,,,,;no;no
2025-05-26;REA;Actuadores;3140CA029;18:38;18:43;5;Equipment Fault;EOL;St3;Axial play NOK;Scraps continuos 170 (justo en el limite) revisar scrap,,,,,,;no;no
2025-05-26;REA;Actuadores;3140CA029;21:36;21:41;5;Production;730;General;NOK material;material mezclado por operador,,,,,,;no;no
2025-05-26;REA;Actuadores;3140CA029;18:49;18:51;2;Equipment Fault;731;731;Alphamatic Module;Scraps continuos, revisar prueba NOK,,,,,;no;no
2025-05-26;REA;Actuadores;3140CA029;23:13;23:15;2;Maintenance;CHW;Consumables;Argon;cambio de tanque argon,,,,,,;no;no
2025-05-26;REA;Actuadores;3140CA029;23:16;23:18;2;Equipment Fault;Conveyors;C36;Presence sensor;pallet no abanza (piston no suelta),,,,,,;no;no
2025-05-26;REA;Actuadores;3140CA029;23:19;23:21;2;Equipment Fault;Robots;R75;Gripper/tool adjustments;gripper no ensambnla cover,,,,,,;no;no
2025-05-26;REA;Actuadores;3140CA029;23:22;23:27;5;Quality;CHW;General;Scrapbox full;scrapbox full,,,,,,;no;no
2025-05-26;REA;Actuadores;3140CA029;23:30;23:35;5;Maintenance;CHW;Consumables;Chip reel;cambio de carrete de chip,,,,,,;no;no
2025-05-26;REA;Actuadores;3140CA029;23:42;23:44;2;Equipment Fault;Conveyors;C36;Presence sensor;pallet no abanza( piston no suelta ),,,,,,;no;no
2025-05-27;REA;Actuadores;3140CA029;00:04;00:06;2;Equipment Fault;Conveyors;C31;Presence sensor;no abrre piston,,,,,,;no;no
2025-05-27;REA;Actuadores;3140CA029;00:12;00:15;3;Equipment Fault;Conveyors;C31;Presence sensor;no abre piston,,,,,,;no;no
2025-05-27;REA;Actuadores;3140CA029;00:17;00:21;4;Maintenance;USW;St14;Lower Jig;cambio de goma,,,,,,;no;no
2025-05-27;REA;Actuadores;3140CA029;00:44;00:46;2;Equipment Fault;Conveyors;C31;Presence sensor;no abre piston,,,,,,;no;no
2025-05-27;REA;Actuadores;3140CA029;01:32;01:34;2;Maintenance;731;731;Presence sensor;pin chueco,,,,,,;no;no
2025-05-27;REA;Actuadores;3140CA029;01:38;01:42;4;Quality;CHW;General;Scrapbox full;scrapbox full,,,,,,;no;no
2025-05-27;REA;Actuadores;3140CA029;01:45;01:47;2;Maintenance;CHW;St4;Pressor;limpieza de pines,,,,,,;no;no
2025-05-27;REA;Actuadores;3140CA029;02:15;02:18;3;Maintenance;USW;St14;Lower Jig;limpieza,,,,,,;no;no
2025-05-27;REA;Actuadores;3140CA029;02:49;02:54;5;Maintenance;MAT;Consumables;Grease;cambio de grasa (jeringa),,,,,,;no;no
2025-05-27;REA;Actuadores;3140CA029;03:03;03:08;5;Maintenance;REA;General;Checklist;checklist (CAW, EOL, ),,,,;si;no
2025-05-27;REA;Actuadores;3140CA029;03:22;03:25;3;Equipment Fault;915;915;Dart sensor;pallet atorado,,,,,,;no;no
2025-05-27;REA;Actuadores;3140CA029;03:47;03:49;2;Equipment Fault;Conveyors;C31;Presence sensor;blister atorado (no subia elebador ),,,,,,;no;no
2025-05-27;REA;Actuadores;3140CA029;04:06;04:09;3;Maintenance;USW;St14;Lower Jig;limpieza,,,,,,;no;no
2025-05-27;REA;Actuadores;3140CA029;04:29;04:31;2;Equipment Fault;EOL;General;Safety system;alarma,,,,,,;no;no
2025-05-27;REA;Actuadores;3140CA029;05:35;05:40;5;Maintenance;EOL;St4;CRIO NOK;reset crio,,,,,,;no;no
2025-05-27;REA;Actuadores;3140CA029;05:53;05:55;2;Equipment Fault;750;750;Feed piston;no baja piston,,,,,,;no;no
2025-05-27;REA;Actuadores;3140CA029;07:10;07:47;37;Equipment Fault;USW;St14;Lower Jig;Se recibe con scrap del primer turno. Pruebas, ajustes,,,,,;no;no
2025-05-27;REA;Actuadores;3140CA029;07:00;07:10;10;Maintenance;REA;General;Checklist;Checklist,,,,,,;si;no
2025-05-27;REA;Actuadores;3140CA029;10:13;10:17;4;Equipment Fault;CAW;Jig/Index;Ingun actuator;Ingun no entra en conector y tira time out,,,,,,;no;no
2025-05-27;REA;Actuadores;3140CA029;08:04;08:13;9;Equipment Fault;731;General;TBD;Falla en prensas 730 y 731, se revisan en multiples ocasiones, al final se encuentran que repiten pallets 90 y 73, dañados por golpe el body no entra bien y causa diferencias en el punto de contacto,,,;no;no
2025-05-27;REA;Actuadores;3140CA029;10:48;10:50;2;Equipment Fault;EOL;General;NOK material;Pieza bushing salido no queda bien en jig causa falla,,,,,,;no;no
2025-05-27;REA;Actuadores;3140CA029;10:52;10:53;1;Quality;USW;General;NOK material;Pieza bushing salido se atasca en sonotrodo,,,,,,;no;no
2025-05-27;REA;Actuadores;3140CA029;10:55;11:02;7;Quality;CAW;General;NOK material;Pieza con ushing salido no permite que cierre correctamente jig en CAW, robot queda con la pieza atascada por la posicion. Se pone manual CAW;no;no
2025-05-27;REA;Actuadores;3140CA029;11:31;11:33;2;Quality;USW;General;NOK material;Pieza bushing NOK atascada sonotrodo,,,,,,;no;no
2025-05-27;REA;Actuadores;3140CA029;13:32;13:48;16;Quality;MAT;General;Blister NOK/Wrong PN;Se metio motor incorrecto a linea,,,,,,;no;no
2025-05-27;REA;Actuadores;3140CA029;13:20;13:23;3;Equipment Fault;CHW;St4;Pressor;Se realiza limpiza a pressor por scrap consecutivo,,,,,,;no;no
2025-05-27;REA;Actuadores;3140CA029;14:11;14:14;3;Quality;EOL;General;NOK material;Actuador con bushing defectuoso,,,,,,;no;no
2025-05-27;REA;Actuadores;3140CA029;13:28;13:30;2;Equipment Fault;USW;St14;Lower Jig;Se realiza limpieza de jig por rebaba,,,,,,;no;no
2025-05-27;REA;Actuadores;3140CA029;15:00;15:05;5;Maintenance;REA;General;Checklist;,,,,,,;no;no
2025-05-27;REA;Actuadores;3140CA029;15:23;15:25;2;Quality;915;General;Scrapbox full;,,,,,,;no;no
2025-05-27;REA;Actuadores;3140CA029;15:39;15:40;1;Equipment Fault;Robots;R75;Gripper/tool adjustments;no abrio gripper,,,,,,;no;no
2025-05-27;REA;Actuadores;3140CA029;16:00;16:05;5;Equipment Fault;EOL;St4;CRIO NOK;reinicio de crio,,,,,,;no;no
2025-05-27;REA;Actuadores;3140CA029;17:09;17:12;3;Equipment Fault;731;731;Alphamatic Module;ajuste de parametros,,,,,,;no;no
2025-05-27;REA;Actuadores;3140CA029;17:29;17:35;6;Maintenance;CHW;Consumables;Chip reel;cambio de chip (materiales no dejo rollo nuevo),,,,,,;no;no
2025-05-27;REA;Actuadores;3140CA029;19:18;19:20;2;Quality;CHW;General;Scrapbox full;Espera de vaciado de scrapbox,,,,,,;no;no
2025-05-27;REA;Actuadores;3140CA029;22:20;22:21;1;Equipment Fault;USW;St11;Weld NOK;body atorado en branson por bushing,,,,,,;no;no
2025-05-27;REA;Actuadores;3140CA029;22:01;22:04;3;Equipment Fault;CAW;General;NOK material;Retainer salido evita que entre ingun,,,,,,;no;no
2025-05-27;REA;Actuadores;3140CA029;21:40;21:44;4;Equipment Fault;CAW;General;NOK material;retainer fuera, se atora, no puede entrar ingun,,,,;no;no
2025-05-27;REA;Actuadores;3140CA029;22:32;22:36;4;Quality;CHW;General;Scrapbox full;scrap full,,,,,,;no;no
2025-05-27;REA;Actuadores;3140CA029;22:50;22:52;2;Maintenance;750;750;Feed piston;piston atorado,,,,,,;no;no
2025-05-27;REA;Actuadores;3140CA029;22:52;22:54;2;Maintenance;CHW;St4;Pressor;limpieza pines,,,,,,;no;no
2025-05-27;REA;Actuadores;3140CA029;22:54;22:56;2;Maintenance;731;731;Presence sensor;pin doble,,,,,,;no;no
2025-05-27;REA;Actuadores;3140CA029;23:10;23:12;2;Equipment Fault;Conveyors;C36;Presence sensor;no abre piston (pallet atorado),,,,,,;no;no
2025-05-27;REA;Actuadores;3140CA029;23:30;23:32;2;Maintenance;CHW;Consumables;Argon;cambio de tanque argon,,,,,,;no;no
2025-05-27;REA;Actuadores;3140CA029;23:40;23:44;4;Maintenance;USW;St11;Branson;pza. atorada en sonotrodo,,,,,,;no;no
2025-05-27;REA;Actuadores;3140CA029;23:51;23:54;3;Maintenance;USW;St11;Branson;pza. atorada en sonotrodo,,,,,,;no;no
2025-05-28;REA;Actuadores;3140CA029;00:14;00:17;3;Maintenance;USW;St11;Branson;pza. atorada en sonotrodo,,,,,,;no;no
2025-05-28;REA;Actuadores;3140CA029;00:28;00:31;3;Maintenance;CHW;St3;Thermodo;ajuste en st3,,,,,,;no;no
2025-05-28;REA;Actuadores;3140CA029;00:38;00:41;3;Maintenance;CHW;St4;Pressor;limpieza,,,,,,;no;no
2025-05-28;REA;Actuadores;3140CA029;00:47;00:50;3;Quality;EOL;St3;Gripper NOK;st3 alarma gripper,,,,,,;no;no
2025-05-28;REA;Actuadores;3140CA029;01:08;01:10;2;Maintenance;750;750;Feed piston;piston atorado,,,,,,;no;no
2025-05-28;REA;Actuadores;3140CA029;01:35;01:40;5;Quality;CAW;General;Scrapbox full;scrapbox full,,,,,,;no;no
2025-05-28;REA;Actuadores;3140CA029;02:10;02:13;3;Maintenance;USW;St11;Branson;pza. atorada en sonotrodo,,,,,,;no;no
2025-05-28;REA;Actuadores;3140CA029;02:32;02:33;1;Equipment Fault;Robots;R75;Gripper/tool adjustments;gripper no abre,,,,,,;no;no
2025-05-28;REA;Actuadores;3140CA029;02:48;02:53;5;Maintenance;REA;General;Checklist;checklist,,,,,,;si;no
2025-05-28;REA;Actuadores;3140CA029;03:13;03:15;2;Maintenance;CHW;St4;Pressor;cambio de pines,,,,,,;no;no
2025-05-28;REA;Actuadores;3140CA029;03:20;03:25;5;Quality;CHW;General;Scrapbox full;scrapbox full,,,,,,;no;no
2025-05-28;REA;Actuadores;3140CA029;03:29;03:31;2;Maintenance;USW;St11;Branson;pza. atorada en sonotrodo,,,,,,;no;no
2025-05-28;REA;Actuadores;3140CA029;03:34;03:35;1;Equipment Fault;Robots;R75;Gripper/tool adjustments;gripper no abre,,,,,,;no;no
2025-05-28;REA;Actuadores;3140CA029;03:58;04:00;2;Quality;Robots;R75;Gripper/tool adjustments;no abre gripper,,,,,,;no;no
2025-05-28;REA;Actuadores;3140CA029;04:10;04:12;2;Equipment Fault;Robots;R75;Gripper/tool adjustments;gripper no abre,,,,,,;no;no
2025-05-28;REA;Actuadores;3140CA029;04:27;04:29;2;Quality;Robots;R70;Gripper/tool adjustments;gripper no abre,,,,,,;no;no
2025-05-28;REA;Actuadores;3140CA029;04:27;04:29;2;Equipment Fault;Robots;R75;Gripper/tool adjustments;no abre gripper,,,,,,;no;no
2025-05-28;REA;Actuadores;3140CA029;05:20;05:24;4;Maintenance;EOL;St3;Gripper NOK;ajuste st3,,,,,,;no;no
2025-05-28;REA;Actuadores;3140CA029;05:30;05:31;1;Equipment Fault;Robots;R75;Gripper/tool adjustments;no abre gripper,,,,,,;no;no
2025-05-28;REA;Actuadores;3140CA029;05:53;05:58;5;Equipment Fault;Robots;R40;Motion supervision/Joint collision;Colision con motor en blister,,,,,,;no;no
2025-05-28;REA;Actuadores;3140CA029;06:13;06:14;1;Equipment Fault;Robots;R75;Gripper/tool adjustments;no abre gripper,,,,,,;no;no
2025-05-28;REA;Actuadores;3140CA029;06:50;06:51;1;Equipment Fault;Robots;R70;Gripper/tool adjustments;gripper no abre,,,,,,;no;no
2025-05-28;REA;Actuadores;3140CA029;07:00;07:10;10;Maintenance;REA;General;Checklist;Checklist,,,,,,;si;no
2025-05-28;REA;Actuadores;3140CA029;07:11;07:12;1;Equipment Fault;731;731;Bowl/Lineal feeder;Pin se queda atorado en balero lineal,,,,,,;no;no
2025-05-28;REA;Actuadores;3140CA029;07:28;7:31;3;Equipment Fault;Robots;R75;Gripper/tool adjustments;Falla repetitiva al ensamblar la pieza, se coloca cinta para compensar el desgaste del ripper,,,,,;no;no
2025-05-28;REA;Actuadores;3140CA029;08:15;08:17;2;Quality;USW;General;NOK material;Pieza bushing NOK se atasca en sonotrodo, visible golpe,,,,,;no;no
2025-05-28;REA;Actuadores;3140CA029;08:24;08:26;2;Quality;USW;General;NOK material;Pieza bushing NOK se atasca en sonotrodo,,,,,,;no;no
2025-05-28;REA;Actuadores;3140CA029;09:19;09:25;6;Production;CHW;Consumables;Chip reel;Cambio de chip,,,,,,;no;no
2025-05-28;REA;Actuadores;3140CA029;09:28;09:31;3;Quality;USW;General;NOK material;Bushin salido en actuador,,,,,,;no;no
2025-05-28;REA;Actuadores;3140CA029;09:34;09:38;4;Quality;CAW;General;NOK material;Ingun atorado por bushing salido,,,,,,;no;no
2025-05-28;REA;Actuadores;3140CA029;09:40;09:42;2;Quality;CAW;General;NOK material;ingun atorado por bushing salido,,,,,,;no;no
2025-05-28;REA;Actuadores;3140CA029;10:18;10:20;2;Quality;USW;General;NOK material;Pieza bushing NOK atascada sonotrodo,,,,,,;no;no
2025-05-28;REA;Actuadores;3140CA029;11:38;11:40;2;Equipment Fault;731;731;Bowl/Lineal feeder;Pin inclinado por piston lienal,,,,,,;no;no
2025-05-28;REA;Actuadores;3140CA029;12:21;12:26;5;Quality;CAW;General;NOK material;ingun atorado por bushing salido en caw,,,,,,;no;no
2025-05-28;REA;Actuadores;3140CA029;22:36;22:39;3;Quality;USW;General;NOK material;Bushing atorado en branson,,,,,,;no;no
2025-05-28;REA;Actuadores;3140CA029;12:38;12:42;4;Quality;USW;General;NOK material;Bushing salido en varios actuadores de las estaciones, se retablece,,,,,;no;no
2025-05-28;REA;Actuadores;3140CA029;12:57;13:00;3;Quality;USW;General;NOK material;ieza nok en sonotrodo, bushing,,,,,;no;no
2025-05-28;REA;Actuadores;3140CA029;13:10;13:12;2;Quality;USW;General;NOK material;Bushing NOK,,,,,,;no;no
2025-05-28;REA;Actuadores;3140CA029;22:12;22:15;3;Equipment Fault;Robots;R75;Gripper/tool adjustments;Falla al tomar la pieza, ajuste,,,,,;no;no
2025-05-28;REA;Actuadores;3140CA029;13:15;13:16;1;Equipment Fault;731;731;Feed piston;No llego correctamente el pin,,,,,,;no;no
2025-05-28;REA;Actuadores;3140CA029;13:16;13:17;1;Equipment Fault;Robots;R70;Vacuum system;Ventosas,,,,,,;no;no
2025-05-28;REA;Actuadores;3140CA029;13:17;13:19;2;Maintenance;CHW;Consumables;Argon;Cambio argon,,,,,,;no;no
2025-05-28;REA;Actuadores;3140CA029;13:20;13:22;2;Quality;USW;General;NOK material;Bushing,,,,,,;no;no
2025-05-28;REA;Actuadores;3140CA029;13:26;13:28;2;Quality;CAW;General;NOK material;Ingun atorado por bushing salido de actuador,,,,,,;no;no
2025-05-28;REA;Actuadores;3140CA029;13:32;13:37;5;Quality;MAT;General;Scrapbox full;Scrap por numero de parte incorrecto,,,,,,;no;no
2025-05-28;REA;Actuadores;3140CA029;14:01;14:06;5;Maintenance;REA;General;Checklist;Checklist,,,,,,;si;no
2025-05-28;REA;Actuadores;3140CA029;13:03;13:06;3;Quality;MAT;General;Blister NOK/Wrong PN;Material motor mitsubishi mezclado en blisters de motor recuperado,,,,,,;no;no
2025-05-28;REA;Actuadores;3140CA029;14:27;14:31;4;Equipment Fault;EOL;St4;CRIO NOK;Reinicio,,,,,,;no;no
2025-05-28;REA;Actuadores;3140CA029;14:25;14:27;2;Quality;CAW;General;NOK material;Ingun atorado por bushing salido,,,,,,;no;no
2025-05-28;REA;Actuadores;3140CA029;15:00;15:03;3;Maintenance;CHW;St4;Pressor;limpieza de estacion,,,,,,;no;no
2025-05-28;REA;Actuadores;3140CA029;15:10;15:11;1;Equipment Fault;731;731;Feed piston;pin inclinado,,,,,,;no;no
2025-05-28;REA;Actuadores;3140CA029;15:25;15:26;1;Equipment Fault;Robots;R70;Vacuum system;cambio de ventosas,,,,,,;no;no
2025-05-28;REA;Actuadores;3140CA029;15:50;15:52;2;Production;Conveyors;C65;DM Reader;blister mal orientado,,,,,,;no;no
2025-05-28;REA;Actuadores;3140CA029;15:03;15:06;3;Maintenance;CCC;Consumables;Resin;cambio de resina,,,,,,;no;no
2025-05-28;REA;Actuadores;3140CA029;16:15;16:16;1;Equipment Fault;USW;St11;Branson;body atorado por bushing,,,,,,;no;no
2025-05-28;REA;Actuadores;3140CA029;16:14;16:15;1;Equipment Fault;731;731;Bowl/Lineal feeder;sin pin en cilindro lineal,,,,,,;no;no
2025-05-28;REA;Actuadores;3140CA029;16:25;16:30;5;Equipment Fault;EOL;St3;Axial play NOK;Juego Axial de piezas OK en valores entre 170-200, valor de master NOK 219-226, se incrementa limite a 205 por scraps constantes durante los ultimos dias,,,,;no;no
2025-05-28;REA;Actuadores;3140CA029;18:37;18:47;10;Equipment Fault;EOL;St3;Axial play NOK;Scraps, calibracion de gripper, pieza OK marcada como NOK por gripper atorado por hardstop al hacer prueba,,,,;no;no
2025-05-28;REA;Actuadores;3140CA029;19:18;19:20;2;Equipment Fault;620;620;Alphamatic Module;No continua ciclo se queda en pick,,,,,,;no;no
2025-05-28;REA;Actuadores;3140CA029;22:08;22:13;5;Maintenance;EOL;St4;CRIO NOK;reinicio de crio,,,,,,;no;no
2025-05-28;REA;Actuadores;3140CA029;21:30;21:35;5;Equipment Fault;CAW;General;NOK material;Rea gripper no cierra por bushing, restablecer maquina,,,,,;no;no
2025-05-29;REA;Actuadores;3140CA029;23:35;23:38;3;Maintenance;CHW;St4;Pressor;limpieza de pines,,,,,,;no;no
2025-05-29;REA;Actuadores;3140CA029;23:38;23:41;3;Equipment Fault;Robots;R75;Gripper/tool adjustments;no ensambla bien cover,,,,,,;no;no
2025-05-29;REA;Actuadores;3140CA029;23:49;23:51;2;Maintenance;750;750;Feed piston;se atora pick de prensa,,,,,,;no;no
2025-05-29;REA;Actuadores;3140CA029;00:23;00:27;4;Equipment Fault;EOL;St3;Gripper NOK;st3 alarma gripper,,,,,,;no;no
2025-05-29;REA;Actuadores;3140CA029;00:48;00:51;3;Equipment Fault;CAW;LSW;Vision system;se detiene y no avanza,,,,,,;no;no
2025-05-29;REA;Actuadores;3140CA029;01:06;01:08;2;Equipment Fault;Conveyors;C36;Presence sensor;no abre piston y no avanza pallet,,,,,,;no;no
2025-05-29;REA;Actuadores;3140CA029;01:15;01:17;2;Equipment Fault;Robots;R75;Gripper/tool adjustments;no pone bien cover,,,,,,;no;no
2025-05-29;REA;Actuadores;3140CA029;01:24;01:26;2;Equipment Fault;Robots;R70;Vacuum system;vacuum (reset),,,,,,;no;no
2025-05-29;REA;Actuadores;3140CA029;01:31;01:36;5;Equipment Fault;MSA;MSA;Sensor de presencia;se queda adentro carrito,,,,,,;no;no
2025-05-29;REA;Actuadores;3140CA029;01:40;01:44;4;Maintenance;915;915;Missing ogive;falta de ogiva,,,,,,;no;no
2025-05-29;REA;Actuadores;3140CA029;01:55;01:57;2;Equipment Fault;Robots;R75;Gripper/tool adjustments;no abre gripper (cover a la mitad),,,,,,;no;no
2025-05-29;REA;Actuadores;3140CA029;02:37;02:42;5;Maintenance;CHW;Consumables;Chip reel;cambio carrete de chip,,,,,,;no;no
2025-05-29;REA;Actuadores;3140CA029;02:45;02:47;2;Maintenance;731;731;Presence sensor;pin caido,,,,,,;no;no
2025-05-29;REA;Actuadores;3140CA029;03:04;03:10;6;Production;REA;General;Checklist;checklist,,,,,,;si;no
2025-05-29;REA;Actuadores;3140CA029;03:17;03:20;3;Equipment Fault;CAW;Jig/Index;Blade orienter actuator;no avanza,,,,,,;no;no
2025-05-29;REA;Actuadores;3140CA029;03:20;03:21;1;Equipment Fault;Conveyors;C36;Presence sensor;no abre piston,,,,,,;no;no
2025-05-29;REA;Actuadores;3140CA029;04:14;04:18;4;Equipment Fault;750;750;Feed piston;se queda atorado,,,,,,;no;no
2025-05-29;REA;Actuadores;3140CA029;04:20;04:21;1;Equipment Fault;Robots;R75;Gripper/tool adjustments;no abre gripper,,,,,,;no;no
2025-05-29;REA;Actuadores;3140CA029;05:39;05:44;5;Maintenance;REA;General;Pneumatic System;compresor alarmado,,,,,,;no;no
2025-05-29;REA;Actuadores;3140CA029;23:54;23:59;5;Equipment Fault;CAW;Jig/Index;Index not in home;falla insersion (index),,,,,,;no;no
2025-05-29;REA;Actuadores;3140CA029;04:36;04:38;2;Equipment Fault;Conveyors;C36;Presence sensor;pallet atorado piston no abre,,,,,,;no;no
2025-05-29;REA;Actuadores;3140CA029;05:00;05:05;5;Equipment Fault;Robots;R75;Gripper/tool adjustments;no abre gripper y no ensambla cover,,,,,,;no;no
2025-05-29;REA;Actuadores;3140CA029;05:09;05:11;2;Equipment Fault;Conveyors;C36;Presence sensor;no abre piston,,,,,,;no;no
2025-05-29;REA;Actuadores;3140CA029;05:21;05:23;2;Quality;Robots;R70;Vacuum system;no agarra gear,,,,,,;no;no
2025-05-29;REA;Actuadores;3140CA029;06:21;06:23;2;Maintenance;750;750;Feed piston;punta atorada en pza.,,,,,,;no;no
2025-05-29;REA;Actuadores;3140CA029;07:00;07:08;8;Maintenance;REA;General;Checklist;Checklist,,,,,,;si;no
2025-05-29;REA;Actuadores;3140CA029;07:00;07:12;12;Maintenance;REA;General;Checklist;Checklist, sop,,,,,;si;no
2025-05-29;REA;Actuadores;3140CA029;07:15;07:17;2;Quality;CAW;General;NOK material;REA gripper no cierra por pieza bushing NOK,,,,,,;no;no
2025-05-29;REA;Actuadores;3140CA029;07:20;07:22;2;Quality;CAW;General;NOK material;Ingun no entra por pieza bushing NOK,,,,,,;no;no
2025-05-29;REA;Actuadores;3140CA029;07:24;07:26;2;Equipment Fault;Robots;R80;Gripper/tool adjustments;Sensor no se activo como cerrado al tomar de st15 USW,,,,,,;no;no
2025-05-29;REA;Actuadores;3140CA029;07:27;07:28;1;Equipment Fault;Main conveyor;Main conveyor;Singulator NOK;Pallet atascado en sing,,,,,,;no;no
2025-05-29;REA;Actuadores;3140CA029;07:44;07:47;3;Production;CAW;Consumables;Nitrogen;Cambio de nitrogeno,,,,,,;no;no
2025-05-29;REA;Actuadores;3140CA029;07:57;08:00;3;Equipment Fault;750;750;Bowl/Lineal feeder;Piston no continua secuencia,,,,,,;no;no
2025-05-29;REA;Actuadores;3140CA029;08:02;08:05;3;Quality;USW;General;NOK material;Acutador atorado en sonotrodo por bushing salido,,,,,,;no;no
2025-05-29;REA;Actuadores;3140CA029;08:52;08:53;1;Equipment Fault;731;731;Feed piston;Cae mal el pin, no es detectado,,,,,;no;no
2025-05-29;REA;Actuadores;3140CA029;08:55;09:04;9;Equipment Fault;CAW;General;Software/PC;No responde, se pone en manual para vaciarlo, al reiniciar la maquina comienza a trabajar sin antes dar el force stop (reiniciar el grafcet), hace un par de piezas sin antes hacer el restore y cargar receta, no muestra logs durante esto. Se para para reiniciar, al volver a manual aparecen los logs de las piezas anteriores,;no;no
2025-05-29;REA;Actuadores;3140CA029;09:08;09:10;2;Equipment Fault;Robots;R75;Gripper/tool adjustments;No abre correctamente,,,,,,;no;no
2025-05-29;REA;Actuadores;3140CA029;09:12;09:14;2;Equipment Fault;Robots;R70;Vacuum system;Vacuum off,,,,,,;no;no
2025-05-29;REA;Actuadores;3140CA029;09:25;09:27;2;Equipment Fault;USW;St14;Lower Jig;Se limpia jig por rebaba,,,,,,;no;no
2025-05-29;REA;Actuadores;3140CA029;09:32;09:34;2;Quality;USW;General;NOK material;aCTUADOR ATORADO EN SONOTRODO POR BUSHING SALIDO,,,,,,;no;no
2025-05-29;REA;Actuadores;3140CA029;09:52;09:56;4;Equipment Fault;EOL;St4;CRIO NOK;CRIO no responde,,,,,,;no;no
2025-05-29;REA;Actuadores;3140CA029;10:02;10:11;9;Quality;CAW;General;NOK material;Dos paros consecutivos por body con bushing NOK,,,,,,;no;no
2025-05-29;REA;Actuadores;3140CA029;10:17;10:20;3;Quality;EOL;General;NOK material;Falla jig con pieza de body con bushing NOK,,,,,,;no;no
2025-05-29;REA;Actuadores;3140CA029;10:52;10:56;4;Equipment Fault;EOL;St4;CRIO NOK;Se reinica crio por falla time out en st 2 y st4,,,,,,;no;no
2025-05-29;REA;Actuadores;3140CA029;11:24;11:27;3;Equipment Fault;Robots;R70;Vacuum system;Se hace cambio de ventosas,,,,,,;no;no
2025-05-29;REA;Actuadores;3140CA029;13:15;13:17;2;Quality;CAW;General;NOK material;Bushing NOK,,,,,,;no;no
2025-05-29;REA;Actuadores;3140CA029;13:02;13:03;1;Quality;USW;General;NOK material;Bushing NOK,,,,,,;no;no
2025-05-29;REA;Actuadores;3140CA029;14:04;14:07;3;Quality;EOL;General;NOK material;Bushing NOK causa falla en gripper, al sacarlo comienza PTC error consecutivo, se reinicia app,,,,;no;no
2025-05-29;REA;Actuadores;3140CA029;15:22;15:23;1;Equipment Fault;730;General;NOK material;pin material nok,,,,,,;no;no
2025-05-29;REA;Actuadores;3140CA029;15:24;15:28;4;Maintenance;CAW;LSW;Pressor;checklist,,,,,,;si;no
2025-05-29;REA;Actuadores;3140CA029;16:04;16:05;1;Equipment Fault;750;750;Feed piston;se quedo en posicion de pick,,,,,,;no;no
2025-05-29;REA;Actuadores;3140CA029;16:33;16:36;3;Maintenance;MAT;Consumables;Grease;cambio de grasa,,,,,,;no;no
2025-05-29;REA;Actuadores;3140CA029;16:38;16:40;2;Equipment Fault;MSA;MSA;Driver;home nok,,,,,,;no;no
2025-05-29;REA;Actuadores;3140CA029;17:35;17:40;5;Maintenance;EOL;St4;CRIO NOK;reinicio de crio,,,,,,;no;no
2025-05-29;REA;Actuadores;3140CA029;19:15;19:16;1;Maintenance;CHW;Consumables;Argon;cambio de argon,,,,,,;no;no
2025-05-29;REA;Actuadores;3140CA029;19:35;19:36;1;Equipment Fault;731;731;Feed piston;pin inclinado,,,,,,;no;no
2025-05-29;REA;Actuadores;3140CA029;19:37;19:39;2;Maintenance;CHW;Consumables;Chip reel;cambio de chip,,,,,,;no;no
2025-05-29;REA;Actuadores;3140CA029;21:40;21:42;2;Maintenance;CCC;Consumables;Resin;cambio de resina,,,,,,;no;no
2025-05-29;REA;Actuadores;3140CA029;22:23;22:24;1;Equipment Fault;731;731;Feed piston;pin inclinado,,,,,,;no;no
2025-05-29;REA;Actuadores;3140CA029;23:03;23:04;1;Equipment Fault;Robots;R75;Gripper/tool adjustments;no abre gripper,,,,,,;no;no
2025-05-29;REA;Actuadores;3140CA029;23:21;23:24;3;Maintenance;731;731;Presence sensor;pin caido,,,,,,;no;no
2025-05-29;REA;Actuadores;3140CA029;11:29;11:31;2;Equipment Fault;Conveyors;C36;Presence sensor;no abre piston,,,,,,;no;no
2025-05-30;REA;Actuadores;3140CA029;00:08;00:10;2;Production;MAT;St3;Feeder;falta de tornillos,,,,,,;no;no
2025-05-30;REA;Actuadores;3140CA029;00:31;00:32;1;Quality;Robots;R75;Gripper/tool adjustments;no abre gripper,,,,,,;no;no
2025-05-30;REA;Actuadores;3140CA029;01:24;01:26;2;Equipment Fault;Robots;R75;Gripper/tool adjustments;no abre gripper,,,,,,;no;no
2025-05-30;REA;Actuadores;3140CA029;01:31;01:35;4;Maintenance;USW;St11;Branson;pieza atorada en sonotrodo,,,,,,;no;no
2025-05-30;REA;Actuadores;3140CA029;01:47;01:57;10;Maintenance;REA;General;Checklist;checklist,,,,,,;si;no
2025-05-30;REA;Actuadores;3140CA029;02:04;02:07;3;Maintenance;USW;St11;Branson;pieza atorada en sonotrodo,,,,,,;no;no
2025-05-30;REA;Actuadores;3140CA029;02:09;02:10;1;Equipment Fault;Conveyors;C36;Presence sensor;c36 no avanza,,,,,,;no;no
2025-05-30;REA;Actuadores;3140CA029;02:12;02:14;2;Maintenance;731;731;Presence sensor;pin caido,,,,,,;no;no
2025-05-30;REA;Actuadores;3140CA029;02:17;02:19;2;Quality;Conveyors;C36;Presence sensor;c36 no abre piston,,,,,,;no;no
2025-05-30;REA;Actuadores;3140CA029;02:33;02:36;3;Equipment Fault;CAW;Jig/Index;Blade orienter actuator;no avanza,,,,,,;no;no
2025-05-30;REA;Actuadores;3140CA029;03:17;03:19;2;Equipment Fault;Conveyors;C36;Presence sensor;c36 no abre piston,,,,,,;no;no
2025-05-30;REA;Actuadores;3140CA029;03:53;03:56;3;Equipment Fault;CAW;Jig/Index;Blade orienter actuator;no avanza,,,,,,;no;no
2025-05-30;REA;Actuadores;3140CA029;03:34;03:34;0;Equipment Fault;CAW;Jig/Index;Blade orienter actuator;no avanza,,,,,,;no;no
2025-05-30;REA;Actuadores;3140CA029;04:03;04:04;1;Equipment Fault;Robots;R75;Gripper/tool adjustments;no abre gripper,,,,,,;no;no
2025-05-30;REA;Actuadores;3140CA029;04:40;04:42;2;Equipment Fault;Robots;R75;Gripper/tool adjustments;no abre gripper,,,,,,;no;no
2025-05-30;REA;Actuadores;3140CA029;05:34;05:35;1;Equipment Fault;Robots;R70;Vacuum system;no agarrea gear,,,,,,;no;no
2025-05-30;REA;Actuadores;3140CA029;06:01;06:03;2;Quality;CHW;General;Scrapbox full;Scrap,,,,,,;no;no
2025-05-30;REA;Actuadores;3140CA029;06:04;06:06;2;Maintenance;CHW;Consumables;Argon;cambio tanque de argon,,,,,,;no;no
2025-05-30;REA;Actuadores;3140CA029;06:43;06:47;4;Maintenance;USW;St11;Branson;pieza atorada en sonotrodo,,,,,,;no;no
2025-05-30;REA;Actuadores;3140CA029;06:52;06:53;1;Equipment Fault;Robots;R75;Gripper/tool adjustments;no abre gripper,,,,,,;no;no
2025-05-30;REA;Actuadores;3140CA029;07:00;07:11;11;Maintenance;REA;General;Checklist;Checklist, SOP,,,,,;si;no
2025-05-30;REA;Actuadores;3140CA029;07:16;07:18;2;Equipment Fault;731;731;Bowl/Lineal feeder;Pin inclinado se atora,,,,,,;no;no
2025-05-30;REA;Actuadores;3140CA029;07:32;07:37;5;Equipment Fault;CAW;LSW;Pressor;Manguera de nitrogeno de pressor rota, se repone por una nueva,,,,,;no;no
2025-05-30;REA;Actuadores;3140CA029;08:14;08:17;3;Quality;USW;General;NOK material;Acutador atorado por bushimg salido,,,,,,;no;no
2025-05-30;REA;Actuadores;3140CA029;09:15;09:38;23;Equipment Fault;CAW;LWS;NOK Condition;Calidad reporta (del SOP) soldadura descentrada y profundidad efectiva NOK. Ajustes,,,,,,;no;no
2025-05-30;REA;Actuadores;3140CA029;09:38;11:18;100;Quality;REA;General;Test approval;Liberacion tras ajuste de soldadura CAW,,,,,,;no;no
2025-05-30;REA;Actuadores;3140CA029;13:50;14:05;15;Material/Logistics;CHW;Consumables;Chip reel;Se necesitaba cambio de chip y no habia material en el area, se solicito con anticipacion sin embargo no se surtio hasta que paro chw,,,,,;no;no
2025-05-30;REA;Actuadores;3140CA029;15:50;15:52;2;Equipment Fault;USW;St11;Branson;actuador con bushing de fuera por branson,,,,,,;no;no
2025-05-30;REA;Actuadores;3140CA029;15:15;15:17;2;Equipment Fault;620;620;Alphamatic Module;No continua ciclo,,,,,,;no;no
2025-05-30;REA;Actuadores;3140CA029;15:19;15:21;2;Equipment Fault;750;750;Alphamatic Module;No continua ciclo,,,,,,;no;no
2025-05-30;REA;Actuadores;3140CA029;15:40;15:44;4;Equipment Fault;USW;St11;Branson;actuador cae por retainer fuera,,,,,,;no;no
2025-05-27;REA;Actuadores;3140CA029;10:41;10:46;5;Quality;CAW;General;NOK material;Bushing salido deja mal pieza en jig y causa falla en ingun,,,,,,;no;no
2025-03-14;REA;Actuadores;3140CA029;22:30;23:59;89;Mantenimiento;USW;St14;;Alto scrap. ajuste de parametros,,,,,,;si;no
2025-05-28;REA;Actuadores;3140CA029;11:44;11:46;2;Quality;CAW;General;NOK material;Ingun atorado por bushing salido,,,,,,;no;no
2025-04-14;REA;Actuadores;3140CA029;19:28;19:30;2;Equipment Fault;Robots;R80;Waiting for spare part;no abre gripper,,,,,,;no;no
2025-05-24;REA;Actuadores;3140CS022;04:27;04:37;10;Equipment Fault;EOL;St2;Gripper NOK;se descalibro gripper por actuador defetuoso,,,,,,;no;no
2025-05-23;REA;Actuadores;3140CS022;19:14;19:19;5;Equipment Fault;CAW;CPA;Feeder;Cranks invertidos, se aprovecha para dar checklist,,,,,;si;no
2025-04-26;REA;Actuadores;3140CA029;18:48;18:50;2;Equipment Fault;Conveyors;C36;Presence sensor;reset,,,,,,;no;no
2025-05-30;REA;Actuadores;3140CA029;16:45;17:15;30;Production;REA;General;Scheduled production stop;Convivio mensual,,,,,,;no;no
2025-05-30;REA;Actuadores;3140CA029;18:05;18:08;3;Quality;915;915;Vision system;Scraps continuos, ajustar area de inspeccion Tool01,,,,,;no;no
2025-05-30;REA;Actuadores;3140CA029;19:50;19:55;5;Equipment Fault;EOL;St4;CRIO NOK;reinicio de crio,,,,,,;no;no
2025-05-30;REA;Actuadores;3140CA029;22:48;22:55;7;Maintenance;620;620;Presence sensor;pallet atorado,,,,,,;no;no
2025-05-30;REA;Actuadores;3140CA029;23:09;23:12;3;Equipment Fault;Robots;R75;Gripper/tool adjustments;no abre gripper,,,,,,;no;no
2025-05-30;REA;Actuadores;3140CA029;23:24;23:26;2;Equipment Fault;Robots;R65;Vacuum system;no agarra gear,,,,,,;no;no
2025-05-30;REA;Actuadores;3140CA029;23:37;23:39;2;Equipment Fault;Conveyors;C36;Presence sensor;blister atorado,,,,,,;no;no
2025-05-30;REA;Actuadores;3140CA029;23:44;23:48;4;Equipment Fault;CAW;Jig/Index;Blade orienter actuator;no avanza,,,,,,;no;no
2025-05-30;REA;Actuadores;3140CA029;23:56;23:58;2;Production;MAT;St3;Feeder;falta de material,,,,,,;no;no
2025-05-31;REA;Actuadores;3140CA029;00:18;00:20;2;Maintenance;731;731;Presence sensor;pin caido,,,,,,;no;no
2025-05-31;REA;Actuadores;3140CA029;00:49;00:50;1;Equipment Fault;Robots;R75;Gripper/tool adjustments;no abre gripper,,,,,,;no;no
2025-05-31;REA;Actuadores;3140CA029;01:24;01:26;2;Equipment Fault;Conveyors;C36;Presence sensor;no abre piston,,,,,,;no;no
2025-05-31;REA;Actuadores;3140CA029;01:47;01:49;2;Production;Robots;R38;NOK material;motor invertido,,,,,,;no;no
2025-05-31;REA;Actuadores;3140CA029;02:14;02:16;2;Equipment Fault;Robots;R70;Vacuum system;no agarra gear,,,,,,;no;no
2025-05-31;REA;Actuadores;3140CA029;02:41;02:43;2;Equipment Fault;EOL;General;Pneumatic System;se alarma,,,,,,;no;no
2025-05-31;REA;Actuadores;3140CA029;03:20;03:25;5;Maintenance;REA;General;Checklist;checklist (CAW,EOL,CHW),,,,;si;no
2025-05-31;REA;Actuadores;3140CA029;03:43;03:44;1;Equipment Fault;Conveyors;C36;Presence sensor;No abre piston,,,,,,;no;no
2025-05-31;REA;Actuadores;3140CA029;03:54;03:55;1;Equipment Fault;Conveyors;C36;Presence sensor;piston no abre,,,,,,;no;no
2025-05-31;REA;Actuadores;3140CA029;04:26;04:29;3;Equipment Fault;EOL;St2;Gripper NOK;falla st2 alarma,,,,,,;no;no
2025-05-31;REA;Actuadores;3140CA029;04:30;04:32;2;Equipment Fault;EOL;St6;Laser module/Samlight;alarma,,,,,,;no;no
2025-05-31;REA;Actuadores;3140CA029;05:12;05:14;2;Quality;Conveyors;C36;Presence sensor;no abre piston,,,,,,;no;no
2025-05-31;REA;Actuadores;3140CA029;05:26;05:28;2;Quality;Robots;R70;Gripper/tool adjustments;no pone cover,,,,,,;no;no
2025-05-31;REA;Actuadores;3140CA029;06:22;06:25;3;Equipment Fault;CAW;Jig/Index;Blade orienter actuator;no avanza, alarma,,,,,;no;no
2025-05-31;REA;Actuadores;3140CA029;07:00;07:08;8;Equipment Fault;MSA;MSA;Driver;Se recibe paro del turno anterior, comentan que fallaba al llegar a home y que se apago el equipo. Se manda a home reiniciando el driver (multiples intentos) al arrancar fue necesario retirar la pieza presente y reiniciar desde grafcet,,,,,;no;no
2025-05-31;REA;Actuadores;3140CA029;08:49;08:53;4;Maintenance;CHW;Consumables;Chip reel;Cambio chip,,,,,,;no;no
2025-05-31;REA;Actuadores;3140CA029;09:43;09:44;1;Equipment Fault;Robots;R75;Gripper/tool adjustments;Gripper no abre correctamente,,,,,,;no;no
2025-05-31;REA;Actuadores;3140CA029;09:46;09:51;5;Equipment Fault;MAT;St4;CRIO App;Crio no responde, se reinician fuentes, app de crio desde NI sin resultados. Se da hard reset a la maquina (unica solucion en paros similares anteriores),,,,;no;no
2025-05-31;REA;Actuadores;3140CA029;10:05;10:30;25;Maintenance;USW;General;Scheduled maintenance;Se revisa gripper de robot scara, se cambia y ajusta tornilleria. ,,,,,;no;no
2025-05-31;REA;Actuadores;3140CA029;10:57;11:01;4;Equipment Fault;Robots;R33;Motion supervision/Joint collision;Robot colisiona por agarrar mal la pieza,,,,,,;no;no
2025-05-31;REA;Actuadores;3140CA029;11:10;11:15;5;Equipment Fault;Robots;R75;Gripper/tool adjustments;Se cambia cinta de gripper ya que se atoraba al abrir,,,,,,;no;no
2025-05-31;REA;Actuadores;3140CA029;14:31;14:35;4;Equipment Fault;CAW;CPA;SCARA;SCARA no llega a posicion,,,,,,;no;no
2025-05-31;REA;Actuadores;3140CA029;14:40;14:48;8;Maintenance;REA;General;Checklist;Checkñlist,,,,,,;no;no
2025-05-31;REA;Actuadores;3140CA029;14:50;14:51;1;Equipment Fault;915;915;Vision system;SV no ve la ogiva al estar manchada de grasa,,,,,,;no;no
2025-05-31;REA;Actuadores;3140CA029;14:15;14:17;2;Equipment Fault;730;730;Tool ;Prensa levanto body,,,,,,;no;no
2025-05-31;REA;Actuadores;3140CA029;15:09;15:10;1;Equipment Fault;USW;St11;Branson;body atorado por bushing en sonotrodo,,,,,,;no;no
2025-05-31;REA;Actuadores;3140CA029;16:30;16:59;29;Equipment Fault;Robots;R80;Electrical system;Cable de sensor dañado, ruteo NOK, se repara temporalmente por falta de sensores, se rutea de para que funcione el sensor,,,;no;no
2025-05-31;REA;Actuadores;3140CA029;18:45;18:46;1;Maintenance;MAT;Consumables;Grease;cambio de grasa,,,,,,;no;no
2025-05-31;REA;Actuadores;3140CA029;18:48;18:53;5;Maintenance;CAW;CPA;SCARA;no inserta crank correctamente,,,,,,;no;no
2025-05-31;REA;Actuadores;3140CA029;20:21;20:25;4;Equipment Fault;CAW;General;Software/PC;No continua ciclo, no inserta crank, pressor en area de actuador,,,,;no;no
2025-05-31;REA;Actuadores;3140CA029;21:02;21:04;2;Equipment Fault;750;750;Alphamatic Module;Prensa se queda en posicion de pick,,,,,,;no;no
2025-05-31;REA;Actuadores;3140CA029;16:10;16:20;10;Equipment Fault;Robots;R80l;Electrical system;Falla sensor de R80, revisar cableado y ruteo,,,,,;no;no
2025-05-31;REA;Actuadores;3140CA029;07:08;07:15;7;Maintenance;REA;General;Checklist;Checklist,,,,,,;si;no
2025-05-31;REA;Actuadores;3140CA029;21:34;21:35;1;Equipment Fault;Robots;R70;Vacuum system;cambio de ventosas,,,,,,;no;no
2025-06-02;REA;Actuadores;3140CA029;07:00;07:46;46;Quality;REA;General;SOP;Esperand liberacion calidad,,,,,,;si;no
2025-06-02;REA;Actuadores;3140CA029;07:50;07:54;4;Equipment Fault;915;General;TBD;Causa problema en secuencia error al borrar pallet incorrecto a la hora de tomar pieza para burst test,,,,,,;no;no
2025-06-02;REA;Actuadores;3140CA029;09:55;09:59;4;Quality;REA;General;TBD;Esperando calidad vacie bins para iniciar RW,,,,,,;no;no
2025-06-02;REA;Actuadores;3140CA029;09:50;09:55;5;Production;REA;General;TBD;Vaciar parcialmente, cambio a RW,,,,,;no;no
2025-06-02;REA;Actuadores;3140CA029;10:33;10:36;3;Quality;USW;General;Scrapbox full;Scrapbox lleno, se para para vaciar,,,,,;no;no
2025-06-02;REA;Actuadores;3140CA029;11:07;11:11;4;Quality;USW;General;Scrapbox full;Scrapbox lleno, se para para vaciar,,,,,;no;no
2025-06-02;REA;Actuadores;3140CA029;11:28;12:30;62;Equipment Fault;Robots;R80;Electrical system;Cable dañado no llega señal del sensor. Sin conectores ni cable de 3 para hacer el cambio, se hace un empate.,,,,,;no;no
2025-06-02;REA;Actuadores;3140CA029;13:35;13:39;4;Quality;USW;General;Scrapbox full;Scrapbox full,,,,,,;no;no
2025-06-02;REA;Actuadores;3140CA029;14:37;14:40;3;Quality;USW;General;Scrapbox full;Scrapboxfull,,,,,,;no;no
2025-06-02;REA;Actuadores;3140CA029;15:50;15:55;5;Quality;USW;General;Scheduled maintenance;Esperando vaciado de scrap por retrabajo,,,,,,;no;no
2025-06-02;REA;Actuadores;3140CA029;16:20;16:27;7;Quality;USW;General;Scrapbox full;Esperando vaciado de scrap por retrabajo,,,,,,;no;no
2025-06-02;REA;Actuadores;3140CA029;19:07;19:12;5;Quality;USW;General;Scrapbox full;Esperando vaciado de material NOK retrabajo,,,,,,;no;no
2025-06-03;REA;Actuadores;3140CA029;07:28;07:43;15;Equipment Fault;CAW;General;Software/PC;App crashea,,,,,,;no;no
2025-06-03;REA;Actuadores;3140CA029;07:46;08:11;25;Quality;REA;General;Test approval;Se espera liberacion de soldadura de crank assy tras falla en software.,,,,,,;no;no
2025-06-03;REA;Actuadores;3140CA029;09:32;09:35;3;Maintenance;CHW;Consumables;Chip reel;Chip reel,,,,,,;no;no
2025-06-03;REA;Actuadores;3140CA029;10:01;10:04;3;Equipment Fault;MAT;St3;Feeder;Tornillo atorado,,,,,,;no;no
2025-06-03;REA;Actuadores;3140CA029;10:25;10:27;2;Equipment Fault;USW;St14;Lower Jig;Limpieza de jig por rebaba acumulada,,,,,,;no;no
2025-06-03;REA;Actuadores;3140CA029;10:32;10:36;4;Equipment Fault;USW;St11;Weld NOK;Se agrega cinta a jig por alto scrap consecutivo,,,,,,;no;no
2025-06-03;REA;Actuadores;3140CA029;10:46;10:50;4;Maintenance;CHW;St4;Pressor;checklist de limpieza,,,,,,;si;no
2025-06-03;REA;Actuadores;3140CA029;11:02;11:05;3;Equipment Fault;MAT;St3;Feeder;Tornillo atorado en feeder,,,,,,;no;no
2025-06-03;REA;Actuadores;3140CA029;11:07;11:09;2;Equipment Fault;Conveyors;C85;Guides ;Blister atorado en guias,,,,,,;no;no
2025-06-03;REA;Actuadores;3140CA029;13:38;14:15;37;Equipment Fault;Main conveyor;Main conveyor;Lift;se atora pallet en lift y daña sensor de presencia,,,,,,;no;no
2025-06-03;REA;Actuadores;3140CA029;15:07;15:08;1;Equipment Fault;731;731;Feed piston;sin pin,,,,,,;no;no
2025-06-03;REA;Actuadores;3140CA029;15:11;15:12;1;Equipment Fault;Robots;R75;Motion supervision/Joint collision;Gripper Nok falta de grip, cover chueco al ensamblar,,,,,;no;no
2025-06-03;REA;Actuadores;3140CA029;15:35;15:40;5;Equipment Fault;EOL;St4;CRIO NOK;reinicio de crio,,,,,,;no;no
2025-06-03;REA;Actuadores;3140CA029;17:38;17:39;1;Equipment Fault;Robots;R70;Vacuum system;ventosa caida,,,,,,;no;no
2025-06-03;REA;Actuadores;3140CA029;19:24;19:25;1;Equipment Fault;Robots;R70;Vacuum system;no agarro gear de blister,,,,,,;no;no
2025-06-03;REA;Actuadores;3140CA029;23:15;23:18;3;Quality;731;731;Presence sensor;sensor no detecta pin,,,,,,;no;no
2025-06-03;REA;Actuadores;3140CA029;23:25;23:28;3;Maintenance;730;730;Presence sensor;pin chueco,,,,,,;no;no
2025-06-03;REA;Actuadores;3140CA029;23:32;23:34;2;Maintenance;CHW;Consumables;Argon;cambio de tambo de argon,,,,,,;no;no
2025-06-04;REA;Actuadores;3140CA029;00:06;00:08;2;Maintenance;731;731;Presence sensor;pin caido,,,,,,;no;no
2025-06-04;REA;Actuadores;3140CA029;00:19;00:20;1;Quality;Conveyors;C36;Presence sensor;no abre piston,,,,,,;no;no
2025-06-04;REA;Actuadores;3140CA029;00:29;00:30;1;Equipment Fault;Robots;R75;Gripper/tool adjustments;no abre gripper 3,,,,,,;no;no
2025-06-04;REA;Actuadores;3140CA029;00:47;00:49;2;Production;Conveyors;C31;Presence sensor;blistre full en conveyo,,,,,,;no;no
2025-06-04;REA;Actuadores;3140CA029;01:09;01:11;2;Equipment Fault;731;731;Presence sensor;pin chueco,,,,,,;no;no
2025-06-04;REA;Actuadores;3140CA029;01:24;01:26;2;Production;MAT;St3;Feeder;falta de material,,,,,,;no;no
2025-06-04;REA;Actuadores;3140CA029;01:54;01:55;1;Equipment Fault;Robots;R75;Gripper/tool adjustments;no abre gripper3,,,,,,;no;no
2025-06-04;REA;Actuadores;3140CA029;02:10;02:12;2;Equipment Fault;731;731;Presence sensor;pin chueco,,,,,,;no;no
2025-06-04;REA;Actuadores;3140CA029;02:19;02:21;2;Quality;Conveyors;C36;Presence sensor;no abre piston,,,,,,;no;no
2025-06-04;REA;Actuadores;3140CA029;02:34;02:39;5;Maintenance;CHW;Consumables;Chip reel;cambio de chip,,,,,,;no;no
2025-06-04;REA;Actuadores;3140CA029;02:45;02:58;13;Maintenance;Robots;R80;Gripper/tool adjustments;ajuste a senso de gripper,,,,,,;no;no
2025-06-04;REA;Actuadores;3140CA029;03:20;03:25;5;Maintenance;REA;General;Checklist;checklist,,,,,,;si;no
2025-06-04;REA;Actuadores;3140CA029;03:31;03:32;1;Equipment Fault;Robots;R75;Gripper/tool adjustments;no abre gripper,,,,,,;no;no
2025-06-04;REA;Actuadores;3140CA029;03:43;03:46;3;Equipment Fault;MAT;St3;Feeder;se atora tornillo en feeder,,,,,,;no;no
2025-06-04;REA;Actuadores;3140CA029;04:07;04:09;2;Maintenance;USW;St14;Lower Jig;limpieza,,,,,,;no;no
2025-06-04;REA;Actuadores;3140CA029;04:21;04:23;2;Equipment Fault;Robots;R75;Gripper/tool adjustments;no abre gripper,,,,,,;no;no
2025-06-04;REA;Actuadores;3140CA029;04:36;04:38;2;Maintenance;CHW;St4;Pressor;limpieza de pines,,,,,,;no;no
2025-06-04;REA;Actuadores;3140CA029;04:38;04:40;2;Equipment Fault;Robots;R75;Gripper/tool adjustments;no abre gripper,,,,,,;no;no
2025-06-04;REA;Actuadores;3140CA029;04:51;04:54;3;Quality;Robots;R75;Gripper/tool adjustments;no abre gripper,,,,,,;no;no
2025-06-04;REA;Actuadores;3140CA029;04:57;05:00;3;Equipment Fault;Robots;R70;Vacuum system;no abre gripper,,,,,,;no;no
2025-06-03;REA;Actuadores;3140CA029;05:00;07:00;120;Maintenance;REA;General;Scheduled maintenance;MTTO programado,,,,,,;no;no
2025-06-04;REA;Actuadores;3140CA029;07:00;07:10;10;Maintenance;REA;General;Checklist;Checklist, entrega SOP,,,,,;si;no
2025-06-04;REA;Actuadores;3140CA029;07:11;07:14;3;Equipment Fault;730;730;Alphamatic Module;Scrap demasiado alto en turno pasado.Se modifica el checkpoint de 139 a 138.5, se monitorea prensa se encuentra que hay una pequeña variacion en la lectura de punto de contacto lo que causa falla por limite superior en la fuerza el checkpoint.,,,,,;no;no
2025-06-04;REA;Actuadores;3140CA029;07:20;07:24;4;Equipment Fault;CCC;General;TBD;Falla el giro de la mesa queda en posicion intermedia, al restablecer gira quedando una estacion adelante. Se scrapean todas las piezas de la mesa en automatico,,,,,;no;no
2025-06-04;REA;Actuadores;3140CA029;07:21;07:25;4;Production;Robots;R65;Motion supervision/Joint collision;Robot choca al tomar magnet shaft porque estaba mal puesta la pieza,,,,,,;no;no
2025-06-04;REA;Actuadores;3140CA029;07:37;07:39;2;Equipment Fault;Robots;R75;Gripper/tool adjustments;Gripper no abre correctamente,,,,,,;no;no
2025-06-04;REA;Actuadores;3140CA029;08:11;08:15;4;Equipment Fault;Robots;R75;Gripper/tool adjustments;Gripper no agarra correctamente la pieza y colisiona al ensamblar,,,,,,;no;no
2025-06-04;REA;Actuadores;3140CA029;10:40;10:47;7;Equipment Fault;Robots;R75;Gripper/tool adjustments;Falla constantemente al ensambalr, ajustede gripper,,,,,;no;no
2025-06-04;REA;Actuadores;3140CA029;11:14;11:17;3;Equipment Fault;EOL;St4;CRIO NOK;Crio reset,,,,,,;no;no
2025-06-04;REA;Actuadores;3140CA029;13:36;13:38;2;Equipment Fault;731;731;Bowl/Lineal feeder;pin inclinado atorado,,,,,,;no;no
2025-06-04;REA;Actuadores;3140CA029;14:22;14:24;2;Equipment Fault;731;731;Bowl/Lineal feeder;no le llegaba señal, se reinicia ciclo,,,,,;no;no
2025-06-04;REA;Actuadores;3140CA029;14:29;14:32;3;Production;MAT;St3;Feeder;st3 time out por tornillo atorado, exceso de material en feeder,,,,,;no;no
2025-06-04;REA;Actuadores;3140CA029;16:16;16:20;4;Equipment Fault;EOL;St2;Gripper NOK;Recalibrar grippers,,,,,,;no;no
2025-06-04;REA;Actuadores;3140CA029;16:22;16:25;3;Equipment Fault;EOL;General;Software/PC;Error on jig number,,,,,,;no;no
2025-06-04;REA;Actuadores;3140CA029;16:25;16:30;5;Quality;EOL;General;Scrapbox full;Scrapbox llena, esperando calidad,,,,,;no;no
2025-06-04;REA;Actuadores;3140CA029;19:51;19:54;3;Maintenance;CHW;Consumables;Chip reel;cambio de chip,,,,,,;no;no
2025-06-04;REA;Actuadores;3140CA029;17:50;17:56;6;Maintenance;CCC;Consumables;Resin;Cambio de resina, no continua ciclo camara,,,,,;no;no
2025-06-04;REA;Actuadores;3140CA029;20:28;20:30;2;Equipment Fault;Robots;R80;Electrical system;sensor gripper 3 desconectado,,,,,,;no;no
2025-06-04;REA;Actuadores;3140CA029;22:00;22:02;2;Equipment Fault;Robots;R33;Motion supervision/Joint collision;cover mal colocado en ST1 de CHW,,,,,,;no;no
2025-06-04;REA;Actuadores;3140CA029;22:12;22:13;1;Equipment Fault;Conveyors;C36;Presence sensor;no detecto charola de body,,,,,,;no;no
2025-06-04;REA;Actuadores;3140CA029;23:12;23:15;3;Maintenance;USW;St11;Branson;actuador sin cover,,,,,,;no;no
2025-06-04;REA;Actuadores;3140CA029;23:20;23:55;35;Maintenance;Main conveyor;Main conveyor;Lift;lift no sube,,,,,,;no;no
2025-06-05;REA;Actuadores;3140CA029;00:17;00:20;3;Quality;CHW;General;Scrapbox full;scrap,,,,,,;no;no
2025-06-05;REA;Actuadores;3140CA029;00:20;00:25;5;Maintenance;CHW;St4;Pressor;cambio de pines,,,,,,;no;no
2025-06-05;REA;Actuadores;3140CA029;00:20;00:25;5;Maintenance;CHW;St4;Pressor;cambio de pines,,,,,,;no;no
2025-06-05;REA;Actuadores;3140CA029;00:30;00:32;2;Maintenance;CHW;Consumables;Argon;cambio de tambo,,,,,,;no;no
2025-06-05;REA;Actuadores;3140CA029;00:33;00:36;3;Quality;MAT;St4;CRIO App;falla crio st4,,,,,,;no;no
2025-06-05;REA;Actuadores;3140CA029;00:36;00:38;2;Maintenance;MAT;St5;Axis not in home;fuera de home,,,,,,;no;no
2025-06-05;REA;Actuadores;3140CA029;00:38;00:40;2;Equipment Fault;Conveyors;C36;Presence sensor;blister atorado,,,,,,;no;no
2025-06-05;REA;Actuadores;3140CA029;01:12;01:14;2;Equipment Fault;Robots;R70;Gripper/tool adjustments;no abre gripper,,,,,,;no;no
2025-06-05;REA;Actuadores;3140CA029;01:44;01:46;2;Maintenance;731;731;Presence sensor;pin chueco,,,,,,;no;no
2025-06-05;REA;Actuadores;3140CA029;02:27;02:29;2;Quality;Conveyors;C36;Presence sensor;piston no abre,,,,,,;no;no
2025-06-05;REA;Actuadores;3140CA029;02:51;02:54;3;Production;CAW;CPA;Feeder;se queda sin crank assy,,,,,,;no;no
2025-06-05;REA;Actuadores;3140CA029;03:37;03:39;2;Production;Conveyors;C36;Presence sensor;blister volteado,,,,,,;no;no
2025-06-05;REA;Actuadores;3140CA029;03:48;03:50;2;Maintenance;731;731;Presence sensor;pin caido,,,,,,;no;no
2025-06-05;REA;Actuadores;3140CA029;04:06;04:08;2;Maintenance;MAT;St3;Feeder;tornillo atorado,,,,,,;no;no
2025-06-05;REA;Actuadores;3140CA029;04:26;04:31;5;Maintenance;REA;General;Checklist;checklist,,,,,,;si;no
2025-06-05;REA;Actuadores;3140CA029;05:12;05:14;2;Quality;Robots;R75;Gripper/tool adjustments;no abre gripper,,,,,,;no;no
2025-06-05;REA;Actuadores;3140CA029;05:46;05:48;2;Quality;Conveyors;C36;Presence sensor;no abre piston,,,,,,;no;no
2025-06-05;REA;Actuadores;3140CA029;07:14;07:18;4;Quality;CAW;General;NOK material;Actuador atorado, no cierra ingun. se restablece CAW,,,,,;no;no
2025-06-05;REA;Actuadores;3140CA029;07:14;07:18;4;Quality;CAW;General;NOK material;Actuador atorado, no cierra ingun. se restablece CAW,,,,,;no;no
2025-06-05;REA;Actuadores;3140CA029;09:05;09:10;5;Equipment Fault;CAW;Jig/Index;Index not in home;Ajuste, revision de SV para asegurar el centrado de soldadura despues de ajuste,,,,,;no;no
2025-06-05;REA;Actuadores;3140CA029;08:47;08:50;3;Maintenance;CHW;Consumables;Argon;cambio,,,,,,;no;no
2025-06-05;REA;Actuadores;3140CA029;09:02;09:04;2;Equipment Fault;MAT;General;Electrical system;tablilla alarmada,,,,,,;no;no
2025-06-05;REA;Actuadores;3140CA029;11:12;11:16;4;Equipment Fault;EOL;St4;CRIO NOK;Se reinicia crio,,,,,,;no;no
2025-06-05;REA;Actuadores;3140CA029;13:17;13:23;6;Production;CHW;Consumables;Chip reel;Cambio de chip,,,,,,;no;no
2025-06-05;REA;Actuadores;3140CA029;13:29;13:32;3;Equipment Fault;USW;St14;Lower Jig;Se hace limpieza a jig por rebaba acumulada,,,,,,;no;no
2025-06-05;REA;Actuadores;3140CA029;13:39;13:43;4;Equipment Fault;USW;St11;Weld NOK;Se cambia cinta de jig por scrap consecutivo,,,,,,;no;no
2025-06-05;REA;Actuadores;3140CA029;15:42;15:44;2;Equipment Fault;MAT;St3;Feeder;tornillos atorados,,,,,,;no;no
2025-06-05;REA;Actuadores;3140CA029;15:58;16:00;2;Equipment Fault;Robots;R75;Motion supervision/Joint collision;Falla place de cover, gripper no abre,,,,,;no;no
2025-06-05;REA;Actuadores;3140CA029;17:50;17:52;2;Equipment Fault;Robots;R70;Vacuum system;falla vacio de robot,,,,,,;no;no
2025-06-05;REA;Actuadores;3140CA029;18:27;18:29;2;Production;Conveyors;C65;Belt;blister mal colocado en banda,,,,,,;no;no
2025-06-05;REA;Actuadores;3140CA029;18:32;18:33;1;Equipment Fault;Robots;R75;Gripper/tool adjustments;no abrio gripper,,,,,,;no;no
2025-06-05;REA;Actuadores;3140CA029;20:05;20:06;1;Equipment Fault;Conveyors;C36;Actuator NOK;loking no cerro correctamente,,,,,,;no;no
2025-06-05;REA;Actuadores;3140CA029;20:09;20:11;2;Equipment Fault;MSA;MSA;Driver;fuera de posicion home,,,,,,;no;no
2025-06-05;REA;Actuadores;3140CA029;23:02;23:04;2;Quality;Conveyors;C36;Presence sensor;piston no abre y pallet se queda atorado,,,,,,;no;no
2025-06-05;REA;Actuadores;3140CA029;23:08;23:09;1;Maintenance;Conveyors;C36;Guides ;pallet atorado en guias del riel,,,,,,;no;no
2025-06-05;REA;Actuadores;3140CA029;23:15;23:16;1;Equipment Fault;Conveyors;C36;Presence sensor;no abre piston y pallet no avanza,,,,,,;no;no
2025-06-05;REA;Actuadores;3140CA029;23:24;23:29;5;Maintenance;CAW;Jig/Index;Presence sensor;ajuste de sensor desconectado,,,,,,;no;no
2025-06-05;REA;Actuadores;3140CA029;23:33;23:43;10;Material/Logistics;CAW;CPA;Vision system;no avanza y sequeda en espera,,,,,,;no;no
2025-06-05;REA;Actuadores;3140CA029;23:52;23:53;1;Quality;Robots;R75;Gripper/tool adjustments;no abre gripper,,,,,,;no;no
2025-06-06;REA;Actuadores;3140CA029;00:29;00:30;1;Equipment Fault;Robots;R75;Gripper/tool adjustments;no abre gripper,,,,,,;no;no
2025-06-06;REA;Actuadores;3140CA029;01:12;01:14;2;Equipment Fault;Conveyors;C36;Presence sensor;no abre piston,,,,,,;no;no
2025-06-06;REA;Actuadores;3140CA029;01:29;01:31;2;Equipment Fault;Conveyors;C36;Presence sensor;no abre gripper,,,,,,;no;no
2025-06-06;REA;Actuadores;3140CA029;01:44;01:46;2;Equipment Fault;Robots;R70;Module error;no abre gripper,,,,,,;no;no
2025-06-06;REA;Actuadores;3140CA029;01:55;01:56;1;Production;Conveyors;C36;Presence sensor;piston no abre,,,,,,;no;no
2025-06-06;REA;Actuadores;3140CA029;02:08;02:09;1;Maintenance;731;731;Presence sensor;pin chueco,,,,,,;no;no
2025-06-06;REA;Actuadores;3140CA029;02:15;02:17;2;Quality;Robots;R75;Gripper/tool adjustments;gripper no abre,,,,,,;no;no
2025-06-06;REA;Actuadores;3140CA029;02:20;02:25;5;Maintenance;REA;General;Checklist;checklist,,,,,,;si;no
2025-06-06;REA;Actuadores;3140CA029;02:39;02:44;5;Quality;CAW;LSW;Vision system;no avanza se queda en espera,,,,,,;no;no
2025-06-06;REA;Actuadores;3140CA029;02:51;02:53;2;Equipment Fault;Conveyors;C36;Presence sensor;pallet atorado,,,,,,;no;no
2025-06-06;REA;Actuadores;3140CA029;03:09;03:11;2;Production;Conveyors;C31;Presence sensor;blister atorado, riel lleno de blister,,,,,;no;no
2025-06-06;REA;Actuadores;3140CA029;03:46;03:47;1;Quality;CHW;General;Scrapbox full;scrapbox full,,,,,,;no;no
2025-06-06;REA;Actuadores;3140CA029;03:51;03:52;1;Equipment Fault;Conveyors;C36;Presence sensor;piston no abre,,,,,,;no;no
2025-06-06;REA;Actuadores;3140CA029;03:59;04:02;3;Maintenance;CCC;Consumables;Resin;cambio de resina,,,,,,;no;no
2025-06-06;REA;Actuadores;3140CA029;04:10;04:11;1;Equipment Fault;Robots;R75;Gripper/tool adjustments;no abre gripper,,,,,,;no;no
2025-06-06;REA;Actuadores;3140CA029;04:19;04:20;1;Maintenance;731;731;Presence sensor;pin chueco,,,,,,;no;no
2025-06-06;REA;Actuadores;3140CA029;04:30;04:33;3;Equipment Fault;CAW;LSW;Vision system;no avanza,,,,,,;no;no
2025-06-06;REA;Actuadores;3140CA029;04:56;04:57;1;Equipment Fault;Robots;R75;Gripper/tool adjustments;no abre gripper,,,,,,;no;no
2025-06-06;REA;Actuadores;3140CA029;05:07;05:11;4;Quality;EOL;General;Scrapbox full;scrap box full,,,,,,;no;no
2025-06-06;REA;Actuadores;3140CA029;05:20;05:25;5;Maintenance;CHW;Consumables;Chip reel;cambio de carrete de chip,,,,,,;no;no
2025-06-06;REA;Actuadores;3140CA029;05:39;05:41;2;Production;Robots;R38;Gripper/tool adjustments;motro al reves,,,,,,;no;no
2025-06-06;REA;Actuadores;3140CA029;03:22;03:24;2;Production;Robots;R38;Vacuum system;motor al reves,,,,,,;no;no
2025-06-06;REA;Actuadores;3140CA029;07:00;07:11;11;Maintenance;REA;General;Checklist;Checklist,,,,,,;si;no
2025-06-06;REA;Actuadores;3140CA029;09:15;10:00;45;Material/Logistics;REA;General;Empty rack;Sin gear 3 en planta,,,,,,;no;no
2025-06-06;REA;Actuadores;3140CA029;12:00;15:00;180;Material/Logistics;REA;General;Empty rack;Sin gear 3 en area,,,,,,;no;no
2025-06-06;REA;Actuadores;3140CA029;22:54;22:57;3;Maintenance;Robots;R80;Gripper/tool adjustments;sensor de gripper desconectado,,,,,,;no;no
2025-06-06;REA;Actuadores;3140CA029;23:21;23:23;2;Equipment Fault;Robots;R75;Gripper/tool adjustments;no abre gripper,,,,,,;no;no
2025-06-06;REA;Actuadores;3140CA029;23:36;23:38;2;Equipment Fault;Robots;R75;Gripper/tool adjustments;no pone gripper se cae cover,,,,,,;no;no
2025-06-07;REA;Actuadores;3140CA029;00:24;00:26;2;Maintenance;731;731;Presence sensor;pin chueco,,,,,,;no;no
2025-06-07;REA;Actuadores;3140CA029;00:51;00:52;1;Maintenance;MAT;St3;Feeder;tornillo atorado,,,,,,;no;no
2025-06-07;REA;Actuadores;3140CA029;01:12;01:14;2;Quality;Conveyors;C36;Presence sensor;pallet atorado no abre piston,,,,,,;no;no
2025-06-07;REA;Actuadores;3140CA029;01:41;01:42;1;Equipment Fault;Robots;R75;Gripper/tool adjustments;no abre gripper,,,,,,;no;no
2025-06-07;REA;Actuadores;3140CA029;01:54;01:55;1;Quality;Robots;R75;Module error;no abre gripper,,,,,,;no;no
2025-06-07;REA;Actuadores;3140CA029;02:00;02:05;5;Maintenance;REA;General;Checklist;checklist,,,,,,;si;no
2025-06-07;REA;Actuadores;3140CA029;02:06;02:07;1;Equipment Fault;Robots;R75;Gripper/tool adjustments;no abre gripper,,,,,,;no;no
2025-06-07;REA;Actuadores;3140CA029;02:11;02:13;2;Maintenance;CHW;St1;Presence sensor;ajuste ST1,,,,,,;no;no
2025-06-07;REA;Actuadores;3140CA029;02:23;02:24;1;Quality;Robots;R75;Gripper/tool adjustments;no abre gripper,,,,,,;no;no
2025-06-07;REA;Actuadores;3140CA029;03:18;03:20;2;Equipment Fault;Conveyors;C36;Presence sensor;piston no abre,,,,,,;no;no
2025-06-07;REA;Actuadores;3140CA029;03:47;03:49;2;Maintenance;CHW;St4;Pressor;limpieza de pines,,,,,,;no;no
2025-06-07;REA;Actuadores;3140CA029;04:09;04:10;1;Quality;Robots;R80;Gripper/tool adjustments;no abanza,,,,,,;no;no
2025-06-07;REA;Actuadores;3140CA029;04:26;04:28;2;Production;Conveyors;C31;Presence sensor;riel lleno de blister,,,,,,;no;no
2025-06-07;REA;Actuadores;3140CA029;04:37;04:39;2;Equipment Fault;Robots;R75;Gripper/tool adjustments;no abre gripper,,,,,,;no;no
2025-06-07;REA;Actuadores;3140CA029;04:52;04:53;1;Quality;Robots;R75;Gripper/tool adjustments;gripper no abre,,,,,,;no;no
2025-06-07;REA;Actuadores;3140CA029;05:02;05:04;2;Maintenance;731;731;Presence sensor;pin chueco,,,,,,;no;no
2025-06-07;REA;Actuadores;3140CA029;05:16;05:18;2;Quality;Robots;R70;Gripper/tool adjustments;no abre gripper,,,,,,;no;no
2025-06-07;REA;Actuadores;3140CA029;07:12;07:15;3;Equipment Fault;Main conveyor;Main conveyor;Lock NOK;Pallet atorado por locking,,,,,,;no;no
2025-06-07;REA;Actuadores;3140CA029;07:00;07:10;10;Maintenance;REA;General;Checklist;Checklist,,,,,,;si;no
2025-06-07;REA;Actuadores;3140CA029;07:25;07:31;6;Production;CHW;Consumables;Chip reel;Cambio de chip,,,,,,;no;no
2025-06-07;REA;Actuadores;3140CA029;07:38;07:40;2;Equipment Fault;Robots;R75;Gripper/tool adjustments;Gripper  no abre correctamente,,,,,,;no;no
2025-06-07;REA;Actuadores;3140CA029;12:14;12:16;2;Equipment Fault;Robots;R75;Gripper/tool adjustments;No abre correctamente,,,,,,;no;no
2025-06-07;REA;Actuadores;3140CA029;12:16;12:21;5;Equipment Fault;Robots;R70;Vacuum system;Cambio de ventosas,,,,,,;no;no
2025-06-07;REA;Actuadores;3140CA029;12:48;12:50;2;Equipment Fault;Main conveyor;Main conveyor;Inductive sensor;sensor no detecta pallet,,,,,,;no;no
2025-06-07;REA;Actuadores;3140CA029;12:56;12:58;2;Equipment Fault;Robots;R75;Gripper/tool adjustments;No abre correctamente,,,,,,;no;no
2025-06-07;REA;Actuadores;3140CA029;13:55;13:57;2;Maintenance;CHW;St4;Pressor;Se hace checklist a pressor,,,,,,;si;no
2025-06-07;REA;Actuadores;3140CA029;16:13;16:16;3;Maintenance;CCC;Consumables;Resin;cambio de resina,,,,,,;no;no
2025-06-07;REA;Actuadores;3140CA029;16:40;16:50;10;Production;Conveyors;C55;DM Reader;material incorrecto en conveyor, se trabjo material de almacen,,,,,;no;no
2025-06-07;REA;Actuadores;3140CA029;19:45;19:50;5;Maintenance;Robots;R75;Gripper/tool adjustments;cambio de cinta a gripper 3,,,,,,;no;no
2025-06-09;REA;Actuadores;3140CA029;07:00;07:45;45;Quality;REA;General;SOP;En espera de liberacion,,,,,,;no;no
2025-06-09;REA;Actuadores;3140CA029;07:51;07:55;4;Equipment Fault;CAW;General;Software/PC;No continua secuencia,,,,,,;no;no
2025-06-09;REA;Actuadores;3140CA029;08:22;08:26;4;Production;CAW;Consumables;Nitrogen;Cambio de tanque de nitrogeno,,,,,,;no;no
2025-06-09;REA;Actuadores;3140CA029;10:30;10:38;8;Equipment Fault;Main conveyor;Main conveyor;Singulator NOK;Se ajusta tornilleria de singulator ya que se atoraban los pallets,,,,,,;no;no
2025-06-09;REA;Actuadores;3140CA029;12:49;12:51;2;Equipment Fault;CHW;St4;Pressor;Se hace limpieza a pressor por scrap consecutivo,,,,,,;no;no
2025-06-09;REA;Actuadores;3140CA029;14:42;15:00;18;Material/Logistics;REA;General;Empty rack;Sin grasa uniflor para MAT,,,,,,;no;no
2025-06-11;REA;Actuadores;3140CA029;22:30;22:55;25;Quality;REA;General;SOP;liberacion,,,,,,;no;no
2025-06-11;REA;Actuadores;3140CA029;22:58;23:01;3;Maintenance;CHW;St4;Pressor;limpieza st4 pines,,,,,,;no;no
2025-06-11;REA;Actuadores;3140CA029;23:05;23:07;2;Equipment Fault;Robots;R75;Gripper/tool adjustments;gripper no abre,,,,,,;no;no
2025-06-11;REA;Actuadores;3140CA029;23:09;23:11;2;Equipment Fault;Robots;R75;Gripper/tool adjustments;gripper no abre,,,,,,;no;no
2025-06-11;REA;Actuadores;3140CA029;23:17;23:20;3;Maintenance;Robots;R70;Vacuum system;se cae ventosa,,,,,,;no;no
2025-06-11;REA;Actuadores;3140CA029;23:25;23:28;3;Maintenance;Robots;R70;Vacuum system;cambio de ventosas,,,,,,;no;no
2025-06-11;REA;Actuadores;3140CA029;23:30;23:32;2;Production;Conveyors;C37;Presence sensor;motor invertido,,,,,,;no;no
2025-06-11;REA;Actuadores;3140CA029;23:33;23:35;2;Equipment Fault;Robots;R75;Gripper/tool adjustments;gripper no abre,,,,,,;no;no
2025-06-11;REA;Actuadores;3140CA029;23:35;23:36;1;Equipment Fault;Robots;R75;Gripper/tool adjustments;gripper no abre,,,,,,;no;no
2025-06-12;REA;Actuadores;3140CA029;00:02;00:06;4;Production;CAW;CPA;Feeder;se vacia feeder cranck,,,,,,;no;no
2025-06-12;REA;Actuadores;3140CA029;00:59;01:08;9;Maintenance;CAW;CPA;Vision system;ajuste a SV caw soldadura,,,,,,;no;no
2025-06-12;REA;Actuadores;3140CA029;01:20;01:30;10;Maintenance;CAW;LSW;Pressor;limpieza a pressor,,,,,,;no;no
2025-06-12;REA;Actuadores;3140CA029;02:11;02:26;15;Maintenance;CAW;Jig/Index;Blade orienter actuator;ajuste a jig 2,,,,,,;no;no
2025-06-12;REA;Actuadores;3140CA029;02:33;02:48;15;Maintenance;CAW;Jig/Index;Presence sensor;limpieza jig 2,,,,,,;no;no
2025-06-12;REA;Actuadores;3140CA029;02:50;03:00;10;Maintenance;CAW;Jig/Index;Index not in home;ajuste a mesa desalineada,,,,,,;no;no
2025-06-12;REA;Actuadores;3140CA029;03:08;03:10;2;Maintenance;MAT;St6;Grease sensor;se bota tapa de grasera,,,,,,;no;no
2025-06-12;REA;Actuadores;3140CA029;03:39;03:42;3;Equipment Fault;Conveyors;C36;Presence sensor;no abre piston,,,,,,;no;no
2025-06-12;REA;Actuadores;3140CA029;04:14;04:15;1;Equipment Fault;Robots;R75;Gripper/tool adjustments;gripper no abre,,,,,,;no;no
2025-06-12;REA;Actuadores;3140CA029;04:25;04:26;1;Equipment Fault;Robots;R75;Gripper/tool adjustments;gripper no abre,,,,,,;no;no
2025-06-12;REA;Actuadores;3140CA029;04:38;04:48;10;Maintenance;CAW;LSW;Pressor;ajuste de pressor,,,,,,;no;no
2025-06-12;REA;Actuadores;3140CA029;05:34;05:36;2;Equipment Fault;MAT;St4;CRIO App;crio,,,,,,;no;no
2025-06-12;REA;Actuadores;3140CA029;06:18;06:20;2;Maintenance;731;731;Presence sensor;pin chueco,,,,,,;no;no
2025-06-12;REA;Actuadores;3140CA029;06:28;06:31;3;Quality;CHW;General;Scrapbox full;scrap full,,,,,,;no;no
2025-06-12;REA;Actuadores;3140CA029;06:38;06:40;2;Maintenance;731;731;Presence sensor;pin chueco,,,,,,;no;no
2025-06-12;REA;Actuadores;3140CA029;09:20;09:22;2;Equipment Fault;Robots;R65;Gripper/tool adjustments;Sensor de gripper desconectado,,,,,,;no;no
2025-06-12;REA;Actuadores;3140CA029;11:05;11:11;6;Equipment Fault;CAW;Jig/Index;Index not in home;Robot no podia insertar crank en jig 2.,,,,,,;no;no
2025-06-12;REA;Actuadores;3140CA029;07:00;07:10;10;Maintenance;REA;General;Checklist;Checklist,,,,,,;si;no
2025-06-12;REA;Actuadores;3140CA029;09:41;09:52;11;Material/Logistics;CHW;General;TBD;Sin chip reel en el area,,,,,,;no;no
2025-06-12;REA;Actuadores;3140CA029;09:52;09:55;3;Maintenance;CHW;Consumables;Chip reel;Cambio chip reel,,,,,,;no;no
2025-06-12;REA;Actuadores;3140CA029;13:04;13:11;7;Equipment Fault;CHW;St4;Argon dispensatio;Manguera tapada despues de cambio de tanque de argon,,,,,,;no;no
2025-06-12;REA;Actuadores;3140CA029;14:14;14:21;7;Production;CHW;Consumables;Argon;Cambio de gas argon,,,,,,;no;no
2025-06-12;REA;Actuadores;3140CA029;14:12;14:15;3;Equipment Fault;CHW;St4;Pressor;Se hace limpieza de pressor por scrap,,,,,,;no;no
2025-06-12;REA;Actuadores;3140CA029;21:05;21:20;15;Production;REA;General;No staff;Falta de personal, atendiendo moldeo y REA,,,,,;no;no
2025-06-12;REA;Actuadores;3140CA029;21:25;21:29;4;Quality;CAW;General;Scrapbox full;Scrapbox lleno,,,,,,;no;no
2025-06-12;REA;Actuadores;3140CA029;21:35;21:49;14;Equipment Fault;CAW;General;Software/PC;Computadora trabada no continua ciclo, falla app,,,,,;no;no
2025-06-09;REA;Actuadores;3140CA029;15:00;22:30;450;Material/Logistics;REA;General;NOK material;sin grasa,,,,,,;no;no
2025-06-10;REA;Actuadores;3140CA029;15:00;22:30;450;Material/Logistics;REA;General;NOK material;sin grasa,,,,,,;no;no
2025-06-11;REA;Actuadores;3140CA029;15:00;22:30;450;Material/Logistics;REA;General;NOK material;sin grasa,,,,,,;no;no
2025-06-12;REA;Actuadores;3140CA029;22:07;22:11;4;Equipment Fault;CAW;General;Software/PC;Computadora trabada no continua ciclo, falla app,,,,,;no;no
2025-06-12;REA;Actuadores;3140CA029;22:38;22:42;4;Equipment Fault;CAW;CPA;Vision system;no avanza,,,,,,;no;no
2025-06-12;REA;Actuadores;3140CA029;22:46;22:48;2;Equipment Fault;Conveyors;C36;Presence sensor;piston no abre,,,,,,;no;no
2025-06-12;REA;Actuadores;3140CA029;22:53;22:56;3;Equipment Fault;EOL;St4;CRIO NOK;reset,,,,,,;no;no
2025-06-13;REA;Actuadores;3140CA029;00:06;00:08;2;Maintenance;731;731;Presence sensor;pin chueco,,,,,,;no;no
2025-06-13;REA;Actuadores;3140CA029;00:58;01:13;15;Equipment Fault;MSA;MSA;Driver;falla, se le dio reset,,,,,;no;no
2025-06-13;REA;Actuadores;3140CA029;01:14;01:17;3;Maintenance;CCC;Consumables;Resin;cambio de resina,,,,,,;no;no
2025-06-13;REA;Actuadores;3140CA029;02:02;02:05;3;Maintenance;Main conveyor;Main conveyor;RFID Reader;se reset,,,,,,;no;no
2025-06-12;REA;Actuadores;3140CA029;23:03;23:06;3;Maintenance;CAW;CPA;Feeder;cranck invertido,,,,,,;no;no
2025-06-12;REA;Actuadores;3140CA029;23:13;23:20;7;Equipment Fault;EOL;St4;CRIO NOK;se alarmo por crio,,,,,,;no;no
2025-06-13;REA;Actuadores;3140CA029;03:16;03:18;2;Maintenance;MAT;St3;Feeder;tornillo atorado,,,,,,;no;no
2025-06-13;REA;Actuadores;3140CA029;03:29;03:31;2;Equipment Fault;Robots;R75;Gripper/tool adjustments;no abre gripper,,,,,,;no;no
2025-06-13;REA;Actuadores;3140CA029;03:47;03:49;2;Maintenance;731;731;Presence sensor;pin chueco,,,,,,;no;no
2025-06-13;REA;Actuadores;3140CA029;03:50;03:55;5;Maintenance;CHW;Consumables;Chip reel;cambnio de chip,,,,,,;no;no
2025-06-13;REA;Actuadores;3140CA029;03:58;03:59;1;Equipment Fault;Robots;R75;Gripper/tool adjustments;no abre gripper,,,,,,;no;no
2025-06-13;REA;Actuadores;3140CA029;04:03;04:05;2;Maintenance;731;731;Presence sensor;pin chueco,,,,,,;no;no
2025-06-13;REA;Actuadores;3140CA029;04:17;04:27;10;Maintenance;915;915;Vision system;ajuste a SV,,,,,,;no;no
2025-06-13;REA;Actuadores;3140CA029;04:30;04:40;10;Maintenance;REA;General;Checklist;CHECKLIST,,,,,,;si;no
2025-06-13;REA;Actuadores;3140CA029;05:16;05:18;2;Equipment Fault;Conveyors;C37;Presence sensor;piston no sube,,,,,,;no;no
2025-06-13;REA;Actuadores;3140CA029;05:20;05:24;4;Equipment Fault;CAW;General;Software/PC;se detiene app,,,,,,;no;no
2025-06-13;REA;Actuadores;3140CA029;05:30;05:35;5;Equipment Fault;CAW;General;Software/PC;se traba y falla,,,,,,;no;no
2025-06-13;REA;Actuadores;3140CA029;07:00;07:11;11;Maintenance;REA;General;Checklist;Checklist, SOP,,,,,;si;no
2025-06-13;REA;Actuadores;3140CA029;07:17;07:19;2;Equipment Fault;Main conveyor;Main conveyor;Lift;Pallet atorado porque baja doble en lift,,,,,,;no;no
2025-06-13;REA;Actuadores;3140CA029;07:24;07:26;2;Equipment Fault;Main conveyor;Main conveyor;Lift;Pallet atorado porque baja doble palet en lift,,,,,,;no;no
2025-06-13;REA;Actuadores;3140CA029;07:37;07:39;2;Production;MAT;Consumables;Grease;alarma por falta de grasa,,,,,,;no;no
2025-06-13;REA;Actuadores;3140CA029;12:24;12:29;5;Equipment Fault;CAW;CPA;Feeder;Crank invertido, se reinicia,,,,,;no;no
2025-06-13;REA;Actuadores;3140CA029;13:29;13:32;3;Equipment Fault;MAT;St3;Feeder;Tornillo atorado time out,,,,,,;no;no
2025-06-13;REA;Actuadores;3140CA029;14:05;14:07;2;Equipment Fault;USW;St14;Lower Jig;Se limpia gomas de leak test por rebaba de actuador,,,,,,;no;no
2025-06-13;REA;Actuadores;3140CA029;15:00;15:05;5;Maintenance;REA;General;Checklist;checklist en CAW Y CHW,,,,,,;si;no
2025-06-13;REA;Actuadores;3140CA029;15:44;15:45;1;Production;Aux;710;NOK material;motor en mala horientacion,,,,,,;no;no
2025-06-13;REA;Actuadores;3140CA029;16:25;16:30;5;Equipment Fault;CAW;General;Software/PC;Computadora trabada no continua ciclo, falla app,,,,,;no;no
2025-06-13;REA;Actuadores;3140CA029;16:47;16:49;2;Equipment Fault;731;731;Feed piston;pin inclinado,,,,,,;no;no
2025-06-13;REA;Actuadores;3140CA029;17:01;17:04;3;Equipment Fault;CAW;Jig/Index;Blade orienter actuator;no detecto sensor de orientador,,,,,,;no;no
2025-06-13;REA;Actuadores;3140CA029;17:25;17:30;5;Equipment Fault;CAW;General;Software/PC;Computadora trabada no continua ciclo, falla app,,,,,;no;no
2025-06-13;REA;Actuadores;3140CA029;17:38;17:42;4;Equipment Fault;CAW;General;Software/PC;Computadora trabada no continua ciclo, falla app,,,,,;no;no
2025-06-13;REA;Actuadores;3140CA029;17:32;17:37;5;Quality;CAW;General;Scrapbox full;esperando vaciado,,,,,,;no;no
2025-06-13;REA;Actuadores;3140CA029;18:00;18:04;4;Equipment Fault;CAW;General;Software/PC;Computadora trabada no continua ciclo, falla app,,,,,;no;no
2025-06-13;REA;Actuadores;3140CA029;19:54;19:59;5;Equipment Fault;CAW;General;Software/PC;Computadora trabada no continua ciclo, falla app,,,,,;no;no
2025-06-13;REA;Actuadores;3140CA029;20:02;20:07;5;Equipment Fault;CAW;General;Software/PC;no continua ciclo, falla app,,,,,;no;no
2025-06-13;REA;Actuadores;3140CA029;20:39;20:43;4;Maintenance;CHW;Consumables;Chip reel;cambio de chip,,,,,,;no;no
2025-06-13;REA;Actuadores;3140CA029;21:00;21:30;30;Quality;CHW;St5;Vision system;Sistema de vision nok, area de inspeccion pin 2 jedgedd with shading muy amplia detecta cover, pasa pieza NOK como OK,,,,;no;no
2025-06-13;REA;Actuadores;3140CA029;22:00;22:17;17;Equipment Fault;Robots;R80;Motion supervision/Joint collision;coliciono al colorar actuador en caw, cilindro atorado, sensor de gripper 1 no detecta y perdio comunicacion con EOL se mando a main,,,,;no;no
2025-06-13;REA;Actuadores;3140CA029;21:30;21:50;20;Equipment Fault;CHW;St4;Pressor;Soldadura NOK ajuste en pressor por pin central (pin 2) sin soldar continuo,,,,,,;no;no
2025-06-13;REA;Actuadores;3140CA029;23:03;23:04;1;Equipment Fault;Conveyors;C36;Presence sensor;no abre piston,,,,,,;no;no
2025-06-13;REA;Actuadores;3140CA029;23:10;23:12;2;Production;Robots;R38;NOK material;motor al revez,,,,,,;no;no
2025-06-13;REA;Actuadores;3140CA029;23:19;23:21;2;Production;Robots;R38;NOK material;motor al reves,,,,,,;no;no
2025-06-13;REA;Actuadores;3140CA029;23:24;23:28;4;Production;USW;St14;Lower Jig;limpieza,,,,,,;no;no
2025-06-13;REA;Actuadores;3140CA029;23:30;23:32;2;Production;MAT;St3;Feeder;sin tornillo,,,,,,;no;no
2025-06-13;REA;Actuadores;3140CA029;23:39;23:46;7;Quality;MAT;General;Scrapbox full;scrap full,,,,,,;no;no
2025-06-13;REA;Actuadores;3140CA029;23:54;00:01;-1433;Maintenance;CCC;Consumables;Resin;combio de resina,,,,,,;no;no
2025-06-14;REA;Actuadores;3140CA029;00:09;00:12;3;Quality;CHW;General;Scrapbox full;scrap full,,,,,,;no;no
2025-06-14;REA;Actuadores;3140CA029;00:24;00:26;2;Equipment Fault;Robots;R75;Gripper/tool adjustments;no abre gripper,,,,,,;no;no
2025-06-14;REA;Actuadores;3140CA029;00:47;00:52;5;Equipment Fault;Conveyors;C36;Presence sensor;no abre piston,,,,,,;no;no
2025-06-14;REA;Actuadores;3140CA029;01:04;01:06;2;Equipment Fault;Robots;R70;Vacuum system;suelta gear,,,,,,;no;no
2025-06-14;REA;Actuadores;3140CA029;01:35;01:40;5;Equipment Fault;CAW;CPA;Vision system;no avanza,,,,,,;no;no
2025-06-14;REA;Actuadores;3140CA029;01:52;01:54;2;Equipment Fault;Robots;R75;Gripper/tool adjustments;no abre gripper,,,,,,;no;no
2025-06-14;REA;Actuadores;3140CA029;02:23;02:25;2;Equipment Fault;Conveyors;C36;Presence sensor;piston no abre,,,,,,;no;no
2025-06-14;REA;Actuadores;3140CA029;02:55;03:00;5;Maintenance;REA;General;Checklist;Checklist,,,,,,;si;no
2025-06-14;REA;Actuadores;3140CA029;03:18;03:20;2;Maintenance;CHW;St4;Pressor;cambio de pines,,,,,,;no;no
2025-06-14;REA;Actuadores;3140CA029;03:27;03:29;2;Equipment Fault;Robots;R75;Gripper/tool adjustments;gropper no abre,,,,,,;no;no
2025-06-14;REA;Actuadores;3140CA029;03:49;03:54;5;Maintenance;CAW;CPA;Vision system;no avanza,,,,,,;no;no
2025-06-14;REA;Actuadores;3140CA029;04:15;04:17;2;Maintenance;730;730;Feed piston;doble pin,,,,,,;no;no
2025-06-14;REA;Actuadores;3140CA029;04:20;04:22;2;Quality;Conveyors;C36;Presence sensor;no abre piston,,,,,,;no;no
2025-06-14;REA;Actuadores;3140CA029;04:35;04:40;5;Maintenance;CAW;Jig/Index;Blade orienter actuator;ajuste de alineacion de mesa,,,,,,;no;no
2025-06-14;REA;Actuadores;3140CA029;05:03;05:05;2;Equipment Fault;Robots;R80;Gripper/tool adjustments;R80 no avanza,,,,,,;no;no
2025-06-14;REA;Actuadores;3140CA029;05:17;05:18;1;Equipment Fault;Robots;R75;Gripper/tool adjustments;gripper no abre,,,,,,;no;no
2025-06-14;REA;Actuadores;3140CA029;06:12;06:13;1;Equipment Fault;Robots;R75;Gripper/tool adjustments;gripper no abre,,,,,,;no;no
2025-06-14;REA;Actuadores;3140CA029;06:39;06:41;2;Equipment Fault;730;730;Feed piston;falla no pone pin,,,,,,;no;no
2025-06-14;REA;Actuadores;3140CA029;07:00;07:11;11;Maintenance;REA;General;Checklist;Checklist,,,,,,;si;no
2025-06-14;REA;Actuadores;3140CA029;07:14;07:16;2;Equipment Fault;Robots;R33;Motion supervision/Joint collision;Colision con st1 de CHW,,,,,,;no;no
2025-06-14;REA;Actuadores;3140CA029;07:28;07:29;1;Equipment Fault;Robots;R75;Gripper/tool adjustments;falla al abrir,,,,,,;no;no
2025-06-14;REA;Actuadores;3140CA029;08:30;08:32;2;Maintenance;MAT;Consumables;Grease;Cambio grasa, singrasa en area,,,,,;no;no
2025-06-14;REA;Actuadores;3140CA029;08:35;08:47;12;Quality;MAT;General;Scrapbox full;Esperando calidad,,,,,,;no;no
2025-06-14;REA;Actuadores;3140CA029;08:51;09:04;13;Equipment Fault;MAT;General;Software/PC;Equipo muestra todas las alarmas en lista, al dar reset se comportade forma erratica (repite alguna estacion, gira la mesa, etc),,,;no;no
2025-06-14;REA;Actuadores;3140CA029;09:14;09:21;7;Equipment Fault;MAT;St4;CRIO App;CRIO no responde incluso despues de reiniciar app en NI y reiniciar fuentes. Se reinicia la PC (opcion probada en casos anteriores),,,,,,;no;no
2025-06-14;REA;Actuadores;3140CA029;09:48;09:59;11;Equipment Fault;Main conveyor;Main conveyor;Lock NOK;Lock falla al cerrar debajo de prensa 730, queda desalineado con el pallet. Se encuentran tornillos flojos como causa del movimiento, se ajusta,,,,;no;no
2025-06-14;REA;Actuadores;3140CA029;10:23;10:25;2;Equipment Fault;USW;St14;Lower Jig;Scrap consecutivo jig sucio,,,,,,;no;no
2025-06-14;REA;Actuadores;3140CA029;12:00;12:17;17;Production;REA;General;TBD;Paro para comer. Sin tecnico en el area, maquina para,,,,,;no;no
2025-06-14;REA;Actuadores;3140CA029;12:30;12:41;11;Equipment Fault;CAW;CPA;SCARA;No responde, se inteta restablecer varias veces, SCARA no llega a home incluso despues de moverlo de forma manual,,,,;no;no
2025-06-14;REA;Actuadores;3140CA029;16:30;16:33;3;Maintenance;CCC;Consumables;Resin;cambio de resina,,,,,,;no;no
2025-06-14;REA;Actuadores;3140CA029;17:09;17:10;1;Equipment Fault;731;731;Feed piston;pin inclinado,,,,,,;no;no
2025-06-14;REA;Actuadores;3140CA029;19:40;19:43;3;Equipment Fault;Robots;R75;Motion supervision/Joint collision;gripper atorado al dejar pieza en CAW,,,,,,;no;no
2025-06-14;REA;Actuadores;3140CA029;20:20;20:22;2;Equipment Fault;USW;St14;Upper Jig;limpieza de jig,,,,,,;no;no
2025-06-14;REA;Actuadores;3140CA029;20:22;20:24;2;Equipment Fault;Robots;R70;Vacuum system;cambio de ventosas,,,,,,;no;no
2025-06-14;REA;Actuadores;3140CA029;20:56;20:57;1;Equipment Fault;731;731;Feed piston;pin inclinado,,,,,,;no;no
2025-06-14;REA;Actuadores;3140CA029;21:00;21:07;7;Equipment Fault;CCC;General;Software/PC;fallo en rotacion de la mesa,,,,,,;no;no
2025-06-16;REA;Actuadores;3140CA029;07:04;08:08;64;Quality;REA;General;SOP;Esperando liberacion SOP,,,,,,;si;no
2025-06-16;REA;Actuadores;3140CA029;08:20;08:28;8;Equipment Fault;MSA;MSA;Driver;No encuentra home, no continua el ciclo,,,,,;no;no
2025-06-16;REA;Actuadores;3140CA029;09:25;09:30;5;Equipment Fault;CCC;St6;Thermocamara;Termo camara Time out,,,,,,;no;no
2025-06-16;REA;Actuadores;3140CA029;09:33;09:38;5;Equipment Fault;Robots;R33;Gripper/tool adjustments;robot se queda dentro de ccc por fallo de sensor, estaba flojo y se ajusta la posicion,,,,,;no;no
2025-06-16;REA;Actuadores;3140CA029;09:40;09:43;3;Equipment Fault;Robots;R70;Vacuum system;robot no toma gear 2,,,,,,;no;no
2025-06-16;REA;Actuadores;3140CA029;09:58;10:02;4;Equipment Fault;CCC;St6;Thermocamara;Termo camara time out,,,,,,;no;no
2025-06-16;REA;Actuadores;3140CA029;10:02;10:06;4;Quality;CCC;General;Scrapbox full;scrab box full,,,,,,;no;no
2025-06-16;REA;Actuadores;3140CA029;10:28;10:40;12;Equipment Fault;CCC;General;Software/PC;PC crashea, se reinicia,,,,,;no;no
2025-06-16;REA;Actuadores;3140CA029;11:20;11:28;8;Equipment Fault;CCC;General;Software/PC;Crash PC,,,,,,;no;no
2025-06-16;REA;Actuadores;3140CA029;12:02;12:10;8;Quality;CAW;General;Scrapbox full;Scrab box full de crank asy,,,,,,;no;no
2025-06-16;REA;Actuadores;3140CA029;14:00;14:10;10;Equipment Fault;Robots;R75;Motion supervision/Joint collision;Robot al ensamblar el actuador dobla una terminal de motor, dicha terminal no tenia grasa,,,,,;no;no
2025-06-16;REA;Actuadores;3140CA029;14:35;14:38;3;Maintenance;CHW;General;Scheduled maintenance;Se detiene linea para tomar medidas de cableado de sonotrodo,,,,,,;no;no
2025-06-16;REA;Actuadores;3140CA029;15:17;15:19;2;Equipment Fault;MSA;MSA;Sensor de presencia;no detecta magnet shaft,,,,,,;no;no
2025-06-16;REA;Actuadores;3140CA029;16:20;16:22;2;Equipment Fault;Robots;R65;Vacuum system;gear mal colocado en blister,,,,,,;no;no
2025-06-16;REA;Actuadores;3140CA029;16:58;17:03;5;Maintenance;CAW;LSW;Pressor;checklist,,,,,,;si;no
2025-06-16;REA;Actuadores;3140CA029;17:10;17:12;2;Maintenance;CHW;Consumables;Chip reel;cambio de chip,,,,,,;no;no
2025-06-16;REA;Actuadores;3140CA029;18:00;18:04;4;Equipment Fault;CAW;General;Software/PC;no continuo ciclo,,,,,,;no;no
2025-06-16;REA;Actuadores;3140CA029;18:10;18:14;4;Quality;CAW;General;Scrapbox full;scrap box full,,,,,,;no;no
2025-06-16;REA;Actuadores;3140CA029;19:50;19:51;1;Equipment Fault;731;731;Feed piston;pin inclinado,,,,,,;no;no
2025-06-16;REA;Actuadores;3140CA029;21:48;21:50;2;Equipment Fault;MSA;MSA;Driver;driver fuera de home,,,,,,;no;no
2025-06-16;REA;Actuadores;3140CA029;21:55;21:57;2;Equipment Fault;Robots;R70;Vacuum system;vacuum off,,,,,,;no;no
2025-06-16;REA;Actuadores;3140CA029;23:28;23:30;2;Equipment Fault;Robots;R75;Gripper/tool adjustments;gripper no abre,,,,,,;no;no
2025-06-16;REA;Actuadores;3140CA029;23:35;23:37;2;Maintenance;731;731;Presence sensor;pin chueco,,,,,,;no;no
2025-06-16;REA;Actuadores;3140CA029;23:41;23:42;1;Quality;Conveyors;C36;Presence sensor;no abre piston,,,,,,;no;no
2025-06-16;REA;Actuadores;3140CA029;23:54;23:56;2;Maintenance;731;731;Presence sensor;pin chueco,,,,,,;no;no
2025-06-17;REA;Actuadores;3140CA029;00:09;00:11;2;Equipment Fault;Robots;R75;Gripper/tool adjustments;gripper no abre,,,,,,;no;no
2025-06-17;REA;Actuadores;3140CA029;00:48;00:50;2;Equipment Fault;Robots;R70;Vacuum system;R70 tira gear,,,,,,;no;no
2025-06-17;REA;Actuadores;3140CA029;00:51;00:56;5;Production;CAW;CPA;Feeder;vibro sin material,,,,,,;no;no
2025-06-17;REA;Actuadores;3140CA029;01:23;01:30;7;Maintenance;Robots;R65;Gripper/tool adjustments;ajuste de sensor del griper 2,,,,,,;no;no
2025-06-17;REA;Actuadores;3140CA029;02:00;02:05;5;Maintenance;EOL;St4;CRIO NOK;resert de crio,,,,,,;no;no
2025-06-17;REA;Actuadores;3140CA029;03:55;04:00;5;Maintenance;Main conveyor;General;Checklist;checklist,,,,,,;si;no
2025-06-17;REA;Actuadores;3140CA029;04:31;04:32;1;Maintenance;MAT;St3;Feeder;tornillo atorado,,,,,,;no;no
2025-06-17;REA;Actuadores;3140CA029;05:07;05:09;2;Maintenance;731;731;Presence sensor;pin chueo,,,,,,;no;no
2025-06-17;REA;Actuadores;3140CA029;05:09;05:10;1;Equipment Fault;Robots;R75;Gripper/tool adjustments;no abre gripper,,,,,,;no;no
2025-06-17;REA;Actuadores;3140CA029;05:52;05:54;2;Equipment Fault;Robots;R75;Gripper/tool adjustments;griper no abre,,,,,,;no;no
2025-06-17;REA;Actuadores;3140CA029;06:05;06:07;2;Equipment Fault;MSA;MSA;Sensor de presencia;gear atorado,,,,,,;no;no
2025-06-17;REA;Actuadores;3140CA029;06:27;06:28;1;Equipment Fault;Robots;R75;Gripper/tool adjustments;no abre gripper,,,,,,;no;no
2025-06-17;REA;Actuadores;3140CA029;06:45;06:50;5;Production;CAW;CPA;Feeder;se quedo sin material,,,,,,;no;no
2025-06-17;REA;Actuadores;3140CA029;06:56;06:58;2;Maintenance;Robots;R70;Vacuum system;tira gear cambio de ventosas,,,,,,;no;no
2025-06-17;REA;Actuadores;3140CA029;07:00;07:10;10;Maintenance;REA;General;Checklist;Se realiza checklist diario,,,,,,;si;no
2025-06-17;REA;Actuadores;3140CA029;07:28;07:30;2;Equipment Fault;750;750;Feed piston;prensa se queda abajo al tomar bearing,,,,,,;no;no
2025-06-17;REA;Actuadores;3140CA029;07:35;07:37;2;Equipment Fault;750;750;Feed piston;Prensa se queda abajo al tomar bearing,,,,,,;no;no
2025-06-17;REA;Actuadores;3140CA029;07:40;07:42;2;Equipment Fault;750;750;Feed piston;Prensa se queda abajo al tomar bearing,,,,,,;no;no
2025-06-17;REA;Actuadores;3140CA029;07:51;07:54;3;Equipment Fault;Robots;R70;Vacuum system;Se revisa estado de ventosas por paro constante de vacuum off,,,,,,;no;no
2025-06-17;REA;Actuadores;3140CA029;07:45;07:47;2;Equipment Fault;Robots;R70;Vacuum system;Vacuum off,,,,,,;no;no
2025-06-17;REA;Actuadores;3140CA029;07:59;08:01;2;Equipment Fault;MAT;General;Scrapbox full;Paro para retirar scrap de MAT,,,,,,;no;no
2025-06-17;REA;Actuadores;3140CA029;08:30;08:34;4;Production;Conveyors;General;Blister NOK/Wrong PN;Se mete blister volteado en conveyor 55,,,,,,;no;no
2025-06-17;REA;Actuadores;3140CA029;09:21;09:24;3;Equipment Fault;CAW;General;Software/PC;Caw no continua secuencia, marca mark in progress y se queda parada,,,,,;no;no
2025-06-17;REA;Actuadores;3140CA029;09:40;09:45;5;Production;CHW;Consumables;Chip reel;Cambio de rollo de chip,,,,,,;no;no
2025-06-17;REA;Actuadores;3140CA029;10:02;10:07;5;Equipment Fault;750;750;Feed piston;Piston queda abajo cuando quiere tomar el bearing,,,,,,;no;no
2025-06-17;REA;Actuadores;3140CA029;10:10;10:35;25;Equipment Fault;CCC;St3;Dosifier;Dispensador no hace la prueba en st 3. se hace dispensacion en manual para que continue ciclo,,,,,,;no;no
2025-06-17;REA;Actuadores;3140CA029;10:38;10:40;2;Equipment Fault;Robots;R70;Vacuum system;Vacuum off,,,,,,;no;no
2025-06-17;REA;Actuadores;3140CA029;10:42;10:44;2;Equipment Fault;Robots;R70;Vacuum system;vacuum off,,,,,,;no;no
2025-06-17;REA;Actuadores;3140CA029;10:46;10:50;4;Equipment Fault;Robots;R70;Vacuum system;Se hace cambio de ventosas por falla constante de vacuum off,,,,,,;no;no
2025-06-17;REA;Actuadores;3140CA029;11:54;11:57;3;Equipment Fault;Robots;R75;Gripper/tool adjustments;Gripper no abre correctamente,,,,,,;no;no
2025-06-17;REA;Actuadores;3140CA029;16:15;16:19;4;Maintenance;REA;General;Checklist;Revision y limpieza, pendiente CAW,,,,,;no;no
2025-06-17;REA;Actuadores;3140CA029;20:45;20:46;1;Equipment Fault;Robots;R75;Motion supervision/Joint collision;gripper atorado,,,,,,;no;no
2025-06-17;REA;Actuadores;3140CA029;22:25;22:26;1;Equipment Fault;Robots;R75;Motion supervision/Joint collision;gripper atorado,,,,,,;no;no
2025-06-17;REA;Actuadores;3140CA029;19:04;19:06;2;Equipment Fault;750;750;Alphamatic Module;No continua ciclo,,,,,,;no;no
2025-06-18;REA;Actuadores;3140CA029;13:35;13:48;13;Production;CAW;General;Empty conveyor/feeder;Sin crank, sin operador,,,,,;no;no
2025-06-18;REA;Actuadores;3140CA029;12:26;13:30;64;Equipment Fault;CCC;General;TBD;Falla en index, se queda sin llegar a posicion y no permite moverse,,,,,;no;no
2025-06-18;REA;Actuadores;3140CA027;09:40;12:26;166;Quality;REA;General;Change Over;Esperando liberacion,,,,,,;si;no
2025-06-18;REA;Actuadores;3140CA027;07:00;09:40;160;Maintenance;REA;General;Change Over;Change over, ajuste, setup, llenado de linea,,,;si;no
2025-06-18;REA;Actuadores;3140CA027;14:03;14:12;9;Equipment Fault;EOL;General;Software/PC;Se reinicia PC por actualizacion de windo,,,,,,;no;no
2025-06-18;REA;Actuadores;3140CA027;13:59;14:03;4;Equipment Fault;EOL;St2;Gripper NOK;Ajuste grip, scrap alto,,,,,;no;no
2025-06-18;REA;Actuadores;3140CA027;13:52;13:59;7;Equipment Fault;Robots;R80;Incorrect pick/place;Robot muy cerca del ingun al entrar, se ajusta posicion para Stellantis,,,,,;no;no
2025-06-18;REA;Actuadores;3140CA027;14:15;14:40;25;Equipment Fault;CHW;St4;Pressor;Soldadura inestable, se revisa poressor, heatstake,,,,;no;no
2025-06-18;REA;Actuadores;3140CA027;18:00;18:02;2;Equipment Fault;750;750;Alphamatic Module;No continua ciclo, prensa se queda abajo,,,,,;no;no
2025-06-18;REA;Actuadores;3140CA027;18:04;18:08;4;Equipment Fault;CAW;Jig/Index;Ingun actuator;No detecta sensor de ingun, timeout,,,,,;no;no
2025-06-18;REA;Actuadores;3140CA027;17:40;17:45;5;Equipment Fault;CAW;CPA;Vision system;sistema de vision falla cranks multiples rechazados,,,,,,;no;no
2025-06-18;REA;Actuadores;3140CA027;17:15;17:20;5;Equipment Fault;CAW;General;Software/PC;Aplicacion falla, no continua ciclo, si hay memoria,,,,;no;no
2025-06-18;REA;Actuadores;3140CA027;15:10;15:45;35;Equipment Fault;CHW;St4;Pressor;Soldadura nok, ajuste de presion, limpieza y se ajusta colapse de st.3,,,,;no;no
2025-06-18;REA;Actuadores;3140CA027;15:45;16:00;15;Quality;REA;General;Test approval;Se pasan masters en CHW por ajuste de sv áreas de inspección,,,,,,;no;no
2025-06-18;REA;Actuadores;3140CA027;16:05;16:10;5;Quality;REA;General;Change Over;Masters prensas,,,,,,;no;no
2025-06-18;REA;Actuadores;3140CA027;18:35;18:40;5;Quality;MAT;General;Scrapbox full;En espera para vaciado,,,,,,;no;no
2025-06-18;REA;Actuadores;3140CA027;18:50;18:53;3;Equipment Fault;CAW;CPA;Feeder;falla insercion, No continua ciclo,,,,,;no;no
2025-06-18;REA;Actuadores;3140CA027;21:07;21:09;2;Equipment Fault;Robots;R70;Vacuum system;Falla al tomar gear,,,,,,;no;no
2025-06-18;REA;Actuadores;3140CA027;21:09;21:17;8;Production;REA;General;No staff;Sin personal para atender paro, por asistir en otras lineas,,,,,;no;no
2025-06-18;REA;Actuadores;3140CA027;21:40;21:46;6;Production;Conveyors;C36;TBD;Conveyor se vacía pierde lógica repetidas veces,,,,,,;no;no
2025-06-18;REA;Actuadores;3140CA027;19:10;19:50;40;Production;REA;General;NOK material;Material mezclado, multiples paros, perdida de logica en maquina, cambio de material,,,;no;no
2025-06-18;REA;Actuadores;3140CA027;22:44;22:46;2;Quality;MAT;General;Scrapbox full;Scrap bull,,,,,,;no;no
2025-06-18;REA;Actuadores;3140CA027;22:49;22:51;2;Equipment Fault;Main conveyor;Main conveyor;Lift;se queda abajo,,,,,,;no;no
2025-06-18;REA;Actuadores;3140CA027;22:54;22:57;3;Maintenance;Robots;R33;Motion supervision/Joint collision;choca con blister mal posicionado,,,,,,;no;no
2025-06-18;REA;Actuadores;3140CA027;23:16;23:19;3;Maintenance;MAT;Consumables;Grease;cambio de grasa,,,,,,;no;no
2025-06-18;REA;Actuadores;3140CA027;23:32;23:19;-13;Equipment Fault;Robots;R75;Gripper/tool adjustments;no abre gripper,,,,,,;no;no
2025-06-18;REA;Actuadores;3140CA027;23:49;23:51;2;Equipment Fault;Conveyors;C36;Presence sensor;no abre piston,,,,,,;no;no
2025-06-19;REA;Actuadores;3140CA027;00:14;00:16;2;Quality;USW;General;Scrapbox full;scrap,,,,,,;no;no
2025-06-19;REA;Actuadores;3140CA027;00:21;00:23;2;Maintenance;620;620;Presence sensor;piston quedo abajo,,,,,,;no;no
2025-06-19;REA;Actuadores;3140CA027;00:45;00:47;2;Maintenance;CHW;St4;Pressor;limpieza de pines,,,,,,;no;no
2025-06-19;REA;Actuadores;3140CA027;00:49;00:50;1;Maintenance;Robots;R75;Gripper/tool adjustments;pone chueco gear,,,,,,;no;no
2025-06-19;REA;Actuadores;3140CA027;01:04;01:08;4;Quality;CHW;General;Scrapbox full;scrap full,,,,,,;no;no
2025-06-19;REA;Actuadores;3140CA027;01:27;01:29;2;Maintenance;Robots;R70;Gripper/tool adjustments;se cae gear,,,,,,;no;no
2025-06-19;REA;Actuadores;3140CA027;02:15;02:18;3;Quality;MAT;General;Scrapbox full;scrAP FULL,,,,,,;no;no
2025-06-19;REA;Actuadores;3140CA027;02:36;02:39;3;Maintenance;Conveyors;C36;Presence sensor;NO ABRE PISTON,,,,,,;no;no
2025-06-19;REA;Actuadores;3140CA027;02:49;02:51;2;Maintenance;Robots;R75;Gripper/tool adjustments;no abre gripper,,,,,,;no;no
2025-06-19;REA;Actuadores;3140CA027;03:00;03:06;6;Maintenance;CHW;St4;Pressor;cambio de pines,,,,,,;no;no
2025-06-19;REA;Actuadores;3140CA027;03:17;03:19;2;Maintenance;731;731;Presence sensor;pin chueco,,,,,,;no;no
2025-06-19;REA;Actuadores;3140CA027;03:23;03:24;1;Maintenance;750;750;Feed piston;piston atorado en pieza,,,,,,;no;no
2025-06-19;REA;Actuadores;3140CA027;03:29;03:30;1;Maintenance;731;731;Presence sensor;pin chueco,,,,,,;no;no
2025-06-19;REA;Actuadores;3140CA027;03:35;03:37;2;Maintenance;CHW;St2;Vacuum system;vacuum,,,,,,;no;no
2025-06-19;REA;Actuadores;3140CA027;03:45;03:47;2;Maintenance;620;620;Feed piston;piston se queda atorado en pieza,,,,,,;no;no
2025-06-19;REA;Actuadores;3140CA027;03:58;04:00;2;Equipment Fault;Robots;R75;Gripper/tool adjustments;no abre gripper,,,,,,;no;no
2025-06-19;REA;Actuadores;3140CA027;04:10;04:13;3;Maintenance;750;750;Feed piston;piston atorado,,,,,,;no;no
2025-06-19;REA;Actuadores;3140CA027;04:21;04:22;1;Quality;CHW;General;Scrapbox full;scrap full,,,,,,;no;no
2025-06-19;REA;Actuadores;3140CA027;04:27;04:30;3;Maintenance;CAW;Consumables;Nitrogen;cambio de tambo de nitro,,,,,,;no;no
2025-06-19;REA;Actuadores;3140CA027;04:49;04:51;2;Maintenance;731;731;Presence sensor;pin chueco,,,,,,;no;no
2025-06-19;REA;Actuadores;3140CA027;05:08;05:10;2;Quality;EOL;General;Scrapbox full;scrap full,,,,,,;no;no
2025-06-19;REA;Actuadores;3140CA027;05:17;05:19;2;Equipment Fault;Robots;R70;Vacuum system;tira gear y no responde,,,,,,;no;no
2025-06-19;REA;Actuadores;3140CA027;05:25;05:26;1;Equipment Fault;Conveyors;C36;Presence sensor;piston no abre,,,,,,;no;no
2025-06-19;REA;Actuadores;3140CA027;05:39;05:44;5;Maintenance;CHW;St3;Gefran module;ajuste,,,,,,;no;no
2025-06-19;REA;Actuadores;3140CA027;06:04;06:14;10;Equipment Fault;MSA;MSA;Sensor de presencia;no responde robot se queda esperando,,,,,,;no;no
2025-06-19;REA;Actuadores;3140CA027;07:00;07:12;12;Maintenance;REA;General;Checklist;Checklist,,,,,,;si;no
2025-06-19;REA;Actuadores;3140CA027;07:14;07:25;11;Quality;CHW;St5;Vision system;Revision y ajuste SV, Orlando,,,,,;no;no
2025-06-19;REA;Actuadores;3140CA027;07:28;07:32;4;Quality;USW;General;Scrapbox full;Vaciar scrap, y otras estaciones de turnos anteriores,,,,,;no;no
2025-06-19;REA;Actuadores;3140CA027;09:47;09:49;2;Equipment Fault;USW;St14;Lower Jig;Se hace limpieza de jig de leak test por scrap consecutivo,,,,,,;no;no
2025-06-19;REA;Actuadores;3140CA027;12:12;12:18;6;Maintenance;CHW;Consumables;Chip reel;Cambio de chip,,,,,,;no;no
2025-06-19;REA;Actuadores;3140CA027;11:51;11:55;4;Quality;MAT;General;Scrapbox full;Scrap box full,,,,,,;no;no
2025-06-19;REA;Actuadores;3140CA027;15:00;15:15;15;Quality;MAT;General;Scrapbox full;En espera de vaciado, equipo calidad informa hay menos personal,,,,,;no;no
2025-06-19;REA;Actuadores;3140CA027;15:55;16:05;10;Equipment Fault;Aux;805;Actuator NOK;cilindro que voltea gear fuera de posición, se ajusta tope mecánico,,,,,;no;no
2025-06-19;REA;Actuadores;3140CA027;16:45;16:48;3;Equipment Fault;Main conveyor;Main conveyor;Lift;Pallet no se desliza sobre lift, dos pallets se empalman,,,,,;no;no
2025-06-19;REA;Actuadores;3140CA027;17:45;17:50;5;Equipment Fault;730;730;Bowl/Lineal feeder;falla sensor de pin en vibrofeeder,,,,,,;no;no
2025-06-19;REA;Actuadores;3140CA027;18:37;18:40;3;Equipment Fault;Main conveyor;Main conveyor;Lift;se empalman pallets,,,,,,;no;no
2025-06-19;REA;Actuadores;3140CA027;18:57;19:05;8;Equipment Fault;MSA;MSA;Sensor de presencia;Falla al detectar magnet shaft 2 veces,,,,,,;no;no
2025-06-19;REA;Actuadores;3140CA027;19:28;19:59;31;Equipment Fault;Aux;805;Actuator NOK;colision, 2 veces, se ajusta el tope mecanico del actuador que voltea gear 3,,,,;no;no
2025-06-19;REA;Actuadores;3140CA027;22:25;22:30;5;Quality;CHW;General;Scrapbox full;esperando vaciado,,,,,,;no;no
2025-06-20;REA;Actuadores;3140CA027;14:03;14:10;7;Equipment Fault;Robots;R75;Motion supervision/Joint collision;Robot no abria correctamente el gripper despues de ensamblar robot,,,,,,;no;no
2025-06-20;REA;Actuadores;3140CA027;14:15;14:20;5;Equipment Fault;Robots;R75;Motion supervision/Joint collision;Se cambia cinta doble cara a robot por falla constante al abrir gripper despues de ensamblar body y cover,,,,,,;no;no
2025-06-20;REA;Actuadores;3140CA027;14:43;14:47;4;Equipment Fault;Main conveyor;Main conveyor;Lift;Lift baja doble pallet y se atora en conveyor,,,,,,;no;no
2025-06-20;REA;Actuadores;3140CA027;14:46;14:49;3;Equipment Fault;Robots;R70;Vacuum system;Se hace cambio de ventosas,,,,,,;no;no
2025-06-20;REA;Actuadores;3140CA027;14:54;14:56;2;Quality;USW;General;NOK material;Actuador bloqueado por bushing salido en branson,,,,,,;no;no
2025-06-20;REA;Actuadores;3140CA029;15:32;15:37;5;Equipment Fault;Main conveyor;General;TBD;Pallet 111 atorado repetidas veces veces,,,,,,;no;no
2025-06-20;REA;Actuadores;3140CA029;15:24;15:28;4;Equipment Fault;Main conveyor;Main conveyor;Lift;Pallets no se deslizan correctamente, se enciman, se ahoran en conveyor,,,,;no;no
2025-06-20;REA;Actuadores;3140CA029;15:02;15:05;3;Maintenance;MAT;Consumables;Grease;Se acaba grasa,,,,,,;no;no
2025-06-20;REA;Actuadores;3140CA029;16:00;16:03;3;Equipment Fault;Robots;R75;Motion supervision/Joint collision;cambio de cinta en gripper,,,,,,;no;no
2025-06-20;REA;Actuadores;3140CA029;19:17;19:20;3;Maintenance;CHW;Consumables;Chip reel;cambio de chip,,,,,,;no;no
2025-06-20;REA;Actuadores;3140CA029;19:56;19:58;2;Equipment Fault;620;620;Alphamatic Module;se quedo en posicion de pick,,,,,,;no;no
2025-06-20;REA;Actuadores;3140CA029;22:41;22:45;4;Equipment Fault;620;620;Feed piston;no baja piston,,,,,,;no;no
2025-06-20;REA;Actuadores;3140CA029;23:31;23:33;2;Equipment Fault;Conveyors;C36;Presence sensor;piston no abre,,,,,,;no;no
2025-06-20;REA;Actuadores;3140CA029;23:39;23:40;1;Equipment Fault;Conveyors;C36;Presence sensor;piston no abre,,,,,,;no;no
2025-06-20;REA;Actuadores;3140CA029;23:48;23:50;2;Maintenance;731;731;Presence sensor;pin chueco,,,,,,;no;no
2025-06-21;REA;Actuadores;3140CA029;00:27;00:29;2;Maintenance;USW;St14;Lower Jig;limpieza,,,,,,;no;no
2025-06-21;REA;Actuadores;3140CA029;00:30;00:33;3;Equipment Fault;CAW;CPA;Vision system;falla se queda en espera,,,,,,;no;no
2025-06-21;REA;Actuadores;3140CA029;01:04;01:07;3;Maintenance;731;731;Feed piston;piston atorado,,,,,,;no;no
2025-06-21;REA;Actuadores;3140CA029;01:10;01:13;3;Maintenance;USW;St11;Branson;se queda atorada pieza en sonotrodo,,,,,,;no;no
2025-06-21;REA;Actuadores;3140CA029;01:17;01:19;2;Maintenance;CHW;St1;DM reader;robot no deja pieza,,,,,,;no;no
2025-06-21;REA;Actuadores;3140CA029;01:36;01:40;4;Maintenance;EOL;General;Scheduled maintenance;limpieza de cortina,,,,,,;no;no
2025-06-21;REA;Actuadores;3140CA029;01:57;02:00;3;Maintenance;MAT;St3;Feeder;tornillo atorado,,,,,,;no;no
2025-06-21;REA;Actuadores;3140CA029;02:09;02:11;2;Equipment Fault;Robots;R65;Vacuum system;no agarra gear,,,,,,;no;no
2025-06-21;REA;Actuadores;3140CA029;02:22;02:24;2;Equipment Fault;Robots;R75;Gripper/tool adjustments;no abre gripper,,,,,,;no;no
2025-06-21;REA;Actuadores;3140CA029;02:47;02:50;3;Maintenance;Robots;R65;Vacuum system;se cae gear,,,,,,;no;no
2025-06-21;REA;Actuadores;3140CA029;03:12;03:14;2;Equipment Fault;Conveyors;C85;Presence sensor;no abre piston y bliser se atora,,,,,,;no;no
2025-06-21;REA;Actuadores;3140CA029;03:31;03:33;2;Equipment Fault;Robots;R70;Vacuum system;tira gear,,,,,,;no;no
2025-06-21;REA;Actuadores;3140CA029;03:48;03:50;2;Maintenance;731;731;Presence sensor;pin chueco,,,,,,;no;no
2025-06-21;REA;Actuadores;3140CA029;04:07;04:09;2;Equipment Fault;750;750;Feed piston;no sube piston,,,,,,;no;no
2025-06-21;REA;Actuadores;3140CA029;04:28;04:30;2;Equipment Fault;Conveyors;C85;Presence sensor;blister se queda atorado,,,,,,;no;no
2025-06-21;REA;Actuadores;3140CA029;04:46;04:49;3;Maintenance;CAW;CPA;Feeder;cranck al reves,,,,,,;no;no
2025-06-21;REA;Actuadores;3140CA029;05:14;05:16;2;Maintenance;MAT;St3;Feeder;tornillo atorado,,,,,,;no;no
2025-06-21;REA;Actuadores;3140CA029;05:27;05:30;3;Equipment Fault;Robots;R65;Vacuum system;no agarra gear,,,,,,;no;no
2025-06-20;REA;Actuadores;3140CA029;07:00;10:02;182;Quality;REA;General;Change Over;Esperando liberacion, corrida de masters, revision de parametros,,,,;si;no
2025-06-20;REA;Actuadores;3140CA029;10:02;13:04;182;Production;REA;General;Scheduled production stop;Esperando que produccion retire del area el material de Stellantis. Se encuentran reempaquetando,,,,,,;no;no
2025-06-21;REA;Actuadores;3140CA029;07:58;08:00;2;Quality;USW;General;NOK material;Pieza mal colocada en jiog de branson tras atascarse y soltarse de sonotrodo por bushing NOK causa colision,,,,,,;no;no
2025-06-21;REA;Actuadores;3140CA029;07:49;07:52;3;Quality;CAW;General;NOK material;Bushing NOK causa falla en REA gripper,,,,,,;no;no
2025-06-21;REA;Actuadores;3140CA029;07:32;07:35;3;Equipment Fault;CAW;CPA;Feeder;Inverted crank,,,,,,;no;no
2025-06-21;REA;Actuadores;3140CA029;07:19;07:20;1;Quality;USW;General;NOK material;Pieza bushing nok atascada en sonotrodo,,,,,,;no;no
2025-06-21;REA;Actuadores;3140CA029;09:05;09:10;5;Equipment Fault;Robots;R70;Vacuum system;Falla constantemente el vacuum, fuga de aire en ftting,,,,,;no;no
2025-06-21;REA;Actuadores;3140CA029;09:25;09:42;17;Equipment Fault;USW;St11;Weld NOK;Scrap se dispara, revision, cambio de goma y base de jig branson, ajuste sonotrodo colapso de 1 a 0.95,,,;no;no
2025-06-21;REA;Actuadores;3140CA029;10:43;10:55;12;Equipment Fault;CAW;LWS;NOK Condition;Calidad reporta que las piezas del SOP tienen gap y profundidad efectiva nok, revision ajuste y se entregan nuevas muestras,,,,,;no;no
2025-06-21;REA;Actuadores;3140CA029;10:30;10:33;3;Quality;CAW;General;NOK material;Bushing salido se atasca al entrar a jig, provoca que el robot lo deje mal y falla la secuencia,,,,,;no;no
2025-06-21;REA;Actuadores;3140CA029;11:02;11:03;1;Maintenance;MAT;Consumables;Grease;Cambio de grasa,,,,,,;no;no
2025-06-21;REA;Actuadores;3140CA029;13:32;13:34;2;Equipment Fault;USW;St14;Lower Jig;Se limpia jig por rebaba acumulada,,,,,,;no;no
2025-06-21;REA;Actuadores;3140CA029;13:49;13:55;6;Maintenance;CHW;Consumables;Chip reel;Cambio de chip,,,,,,;no;no
2025-06-21;REA;Actuadores;3140CA029;11:52;12:04;12;Equipment Fault;CAW;LWS;NOK Condition;Gap, profundidad efectiva NOK,,,,,;no;no
2025-06-21;REA;Actuadores;3140CA029;13:55;13:58;3;Equipment Fault;USW;St14;Lower Jig;Cambio de goma por scrap consecutivo,,,,,,;no;no
2025-06-21;REA;Actuadores;3140CA029;12:09;12:45;36;Quality;REA;General;Test approval;Revision soldadura CRANK CAW,,,,,,;no;no
2025-06-21;REA;Actuadores;3140CA029;14:18;14:23;5;Equipment Fault;CAW;CPA;Feeder;Crank volteado, se restablece caw,,,,,;no;no
2025-06-21;REA;Actuadores;3140CA029;14:47;14:49;2;Quality;Robots;R80;Gripper/tool adjustments;Robot colisiona en jig por bushin salido,,,,,,;no;no
2025-06-21;REA;Actuadores;3140CA029;14:42;14:46;4;Equipment Fault;CAW;CPA;Feeder;Crank se atorado en vibrador y sale crank invertido,,,,,,;no;no
2025-06-21;REA;Actuadores;3140CA029;15:50;15:55;5;Maintenance;REA;General;Checklist;NA,,,,,,;no;no
2025-06-21;REA;Actuadores;3140CA029;16:39;16:43;4;Equipment Fault;EOL;St4;CRIO NOK;reinicio de crio,,,,,,;no;no
2025-06-21;REA;Actuadores;3140CA029;16:49;16:52;3;Equipment Fault;Robots;R80;Gripper/tool adjustments;ajustar posicion de sensor,,,,,,;no;no
2025-06-21;REA;Actuadores;3140CA029;16:30;16:35;5;Equipment Fault;EOL;St2;CRIO NOK;Reiniciar fuente y app,,,,,,;no;no
2025-06-21;REA;Actuadores;3140CA029;17:44;17:46;2;Equipment Fault;Robots;R70;Vacuum system;pierde gear, reponer en estacion,,,,,;no;no
2025-06-21;REA;Actuadores;3140CA029;18:10;18:28;18;Equipment Fault;MSA;MSA;Driver;Falla repetidas veces, se limpia guia,,,,,;no;no
2025-06-21;REA;Actuadores;3140CA029;19:30;19:34;4;Equipment Fault;EOL;St4;CRIO NOK;reinicio de crio,,,,,,;no;no
2025-06-21;REA;Actuadores;3140CA029;19:33;19:35;2;Equipment Fault;CAW;Jig/Index;Ingun actuator;se atora al entrar en actuador, buje de fuera,,,,,;no;no
2025-06-21;REA;Actuadores;3140CA029;20:04;20:06;2;Equipment Fault;CAW;Jig/Index;Ingun actuator;se atora al entrar en actuador, buje de fuera,,,,,;no;no
2025-06-21;REA;Actuadores;3140CA029;21:30;21:35;5;Maintenance;Main conveyor;General;Checklist;Checklist,,,,,,;si;no
2025-06-21;REA;Actuadores;3140CA029;22:01;22:03;2;Equipment Fault;Robots;R75;Motion supervision/Joint collision;se atora gripper al ensamblar, 2 veces,,,,,;no;no
2025-06-21;REA;Actuadores;3140CA029;22:25;22:30;5;Production;REA;General;Scheduled production stop;Paro por fin de semana,,,,,,;no;no
2025-06-23;REA;Actuadores;3140CA029;08:25;09:07;42;Quality;CAW;LWS;NOK Condition;Liberacion despues de profundidad efectiva NOK,,,,,,;no;no
2025-06-23;REA;Actuadores;3140CA029;08:05;08:25;20;Equipment Fault;CAW;LWS;NOK Condition;Centrado NOK, según imágenes de calidad, se centra, se cambia lente de manera preventiva,,,;no;no
2025-06-23;REA;Actuadores;3140CA029;07:00;08:05;65;Quality;REA;General;SOP;Liberacion despues de fin de semana,,,,,,;no;no
2025-06-23;REA;Actuadores;3140CA029;10:23;10:24;1;Production;Aux;710;NOK material;motor de blister en otra posicion,,,,,,;no;no
2025-06-23;REA;Actuadores;3140CA029;14:14;14:15;1;Equipment Fault;730;730;Feed piston;pin inclinado,,,,,,;no;no
2025-06-23;REA;Actuadores;3140CA029;14:16;14:17;1;Equipment Fault;750;750;Alphamatic Module;se quedo en posicion de pick,,,,,,;no;no
2025-06-23;REA;Actuadores;3140CA029;14:45;14:48;3;Equipment Fault;CHW;St2;SCARA Pick/Place;Scraps,  falla multiples veces, se activa receta ford,,,,;no;no
2025-06-23;REA;Actuadores;3140CA029;12:30;12:49;19;Equipment Fault;CAW;General;TBD;Colision de pressor con limpiapipas, pressor cleaner, se quito y repuso,,,,;no;no
2025-06-23;REA;Actuadores;3140CA029;15:27;15:29;2;Quality;CHW;General;Scrapbox full;scrapbox full,,,,,,;no;no
2025-06-23;REA;Actuadores;3140CA029;15:40;15:46;6;Maintenance;REA;General;Checklist;checklist,,,,,,;si;no
2025-06-23;REA;Actuadores;3140CA029;16:24;16:26;2;Equipment Fault;Robots;R75;Motion supervision/Joint collision;falla gripper,,,,,,;no;no
2025-06-23;REA;Actuadores;3140CA029;16:38;16:41;3;Maintenance;CHW;Consumables;Argon;cambio tambo argon,,,,,,;no;no
2025-06-23;REA;Actuadores;3140CA029;16:41;16:43;2;Equipment Fault;Robots;R75;Motion supervision/Joint collision;falla,,,,,,;no;no
2025-06-23;REA;Actuadores;3140CA029;16:49;16:53;4;Maintenance;CHW;Consumables;Chip reel;cambio de carrete de chip,,,,,,;no;no
2025-06-23;REA;Actuadores;3140CA029;16:53;16:55;2;Equipment Fault;Robots;R75;Motion supervision/Joint collision;falla r75,,,,,,;no;no
2025-06-23;REA;Actuadores;3140CA029;17:06;17:12;6;Production;REA;General;Scheduled production stop;falta de operador,,,,,,;no;no
2025-06-23;REA;Actuadores;3140CA029;17:36;17:40;4;Equipment Fault;CAW;CPA;Feeder;crank invertido,,,,,,;no;no
2025-06-23;REA;Actuadores;3140CA029;17:51;17:54;3;Equipment Fault;731;731;Presence sensor;se da ciclo manual,,,,,,;no;no
2025-06-23;REA;Actuadores;3140CA029;17:59;18:01;2;Equipment Fault;731;731;Presence sensor;pin chueco,,,,,,;no;no
2025-06-23;REA;Actuadores;3140CA029;18:13;18:15;2;Equipment Fault;Robots;R65;Motion supervision/Joint collision;no avanza,,,,,,;no;no
2025-06-23;REA;Actuadores;3140CA029;18:35;18:37;2;Equipment Fault;Robots;R75;Motion supervision/Joint collision;falla sensor,,,,,,;no;no
2025-06-23;REA;Actuadores;3140CA029;19:00;19:17;17;Equipment Fault;USW;St11;Branson;join,,,,,,;no;no
2025-06-23;REA;Actuadores;3140CA029;19:23;19:25;2;Equipment Fault;Robots;R75;Motion supervision/Joint collision;falla de R75,,,,,,;no;no
2025-06-23;REA;Actuadores;3140CA029;19:26;19:28;2;Maintenance;CHW;St4;Pressor;limpieza st4,,,,,,;no;no
2025-06-23;REA;Actuadores;3140CA029;19:28;19:30;2;Equipment Fault;Robots;R75;Motion supervision/Joint collision;falla gripper,,,,,,;no;no
2025-06-23;REA;Actuadores;3140CA029;20:08;20:10;2;Quality;731;731;Presence sensor;pin chueco,,,,,,;no;no
2025-06-23;REA;Actuadores;3140CA029;20:26;20:30;4;Maintenance;MAT;Consumables;Grease;cambio de grasa,,,,,,;no;no
2025-06-23;REA;Actuadores;3140CA029;20:49;20:51;2;Maintenance;MAT;St3;Feeder;tornillo atorado,,,,,,;no;no
2025-06-23;REA;Actuadores;3140CA029;21:12;21:14;2;Quality;EOL;General;Scrapbox full;scrap,,,,,,;no;no
2025-06-23;REA;Actuadores;3140CA029;21:28;21:30;2;Equipment Fault;Conveyors;C36;Presence sensor;no abre piston,,,,,,;no;no
2025-06-23;REA;Actuadores;3140CA029;21:38;21:40;2;Equipment Fault;750;750;Feed piston;se quedo abajo,,,,,,;no;no
2025-06-23;REA;Actuadores;3140CA029;22:00;22:05;5;Equipment Fault;Robots;R65;Motion supervision/Joint collision;no deja gear,,,,,,;no;no
2025-06-23;REA;Actuadores;3140CA029;01:48;01:51;3;Equipment Fault;Aux;805;Presence sensor;No detectaba sensor,,,,,,;no;no
2025-06-24;REA;Actuadores;3140CA029;03:01;03:06;5;Maintenance;CCC;Consumables;Resin;Cambio de resina,,,,,,;no;no
2025-06-24;REA;Actuadores;3140CA029;03:06;03:09;3;Equipment Fault;Aux;805;Pneumatic System;vacuum nok,,,,,,;no;no
2025-06-24;REA;Actuadores;3140CA029;03:45;03:48;3;Maintenance;CHW;Consumables;Argon;Cambio de argon,,,,,,;no;no
2025-06-24;REA;Actuadores;3140CA029;03:40;03:45;5;Quality;USW;General;NOK material;Actuador atorado por bushing salido,,,,,,;no;no
2025-06-24;REA;Actuadores;3140CA029;04:18;04:22;4;Equipment Fault;Aux;805;Presence sensor;Se ajusta tope mecanico porque no detectaba sensor correctamente,,,,,,;no;no
2025-06-24;REA;Actuadores;3140CA029;05:08;05:13;5;Equipment Fault;CAW;CPA;Feeder;Crank volteado,,,,,,;no;no
2025-06-24;REA;Actuadores;3140CA029;06:04;06:09;5;Equipment Fault;CAW;CPA;Feeder;Crank atascado,,,,,,;no;no
2025-06-23;REA;Actuadores;3140CA029;22:34;23:41;7;Maintenance;REA;General;Checklist;Checklust,,,,,,;no;no
2025-06-23;REA;Actuadores;3140CA029;23:14;23:17;3;Quality;CAW;General;NOK material;Bushing NOK falla REA gripper,,,,,,;no;no
2025-06-23;REA;Actuadores;3140CA029;23:39;23:43;4;Equipment Fault;CAW;General;NOK material;Bushing NOK hace que la pieza no pueda entrar y causa colision en R80, se atasca gripper del robot por estar haciendo presion,,,,,;no;no
2025-06-24;REA;Actuadores;3140CA029;00:22;00:24;2;Quality;CAW;General;NOK material;Ingun no entra, bushing NOK,,,,,;no;no
2025-06-24;REA;Actuadores;3140CA029;07:00;07:06;6;Maintenance;REA;General;Checklist;checklist CAW y CHW,,,,,,;si;no
2025-06-24;REA;Actuadores;3140CA029;07:31;07:32;1;Equipment Fault;731;731;Feed piston;pin inclinado,,,,,,;no;no
2025-06-24;REA;Actuadores;3140CA029;07:45;07:48;3;Equipment Fault;CAW;CPA;Feeder;crank invertido,,,,,,;no;no
2025-06-24;REA;Actuadores;3140CA029;08:30;08:35;5;Equipment Fault;EOL;St4;CRIO NOK;Timeout, reniciar CRIO, fuente y restaurar estacion,,,,;no;no
2025-06-24;REA;Actuadores;3140CA029;08:05;08:10;5;Equipment Fault;EOL;Jigs;Ingun actuator;Sensor NOK, herramienta dañada retrasa ajuste, restaurar secuencia,,,,;no;no
2025-06-24;REA;Actuadores;3140CA029;01:40;01:43;3;Quality;CAW;General;NOK material;Bushing NOK causa falla,,,,,,;no;no
2025-06-24;REA;Actuadores;3140CA029;10:27;10:29;2;Maintenance;CHW;Consumables;Chip reel;cambio de chip,,,,,,;no;no
2025-06-24;REA;Actuadores;3140CA029;12:02;12:06;4;Equipment Fault;CAW;General;Software/PC;No continua ciclo, timeout con robot,,,,,;no;no
2025-06-24;REA;Actuadores;3140CA029;11:30;11:35;5;Maintenance;REA;General;Checklist;500pcs,,,,,,;no;no
2025-06-24;REA;Actuadores;3140CA029;12:31;12:32;1;Equipment Fault;731;731;Feed piston;Pin inclinado,,,,,,;no;no
2025-06-24;COVER LINE;Line 1;FORD;14:25;14:30;5;Equipment Fault;ST10 Conveyor;ST35;Conveyor;Prueba,,,,,,;no;no
2025-06-24;COVER LINE;Line 1;FORD;12:19;12:23;4;Equipment Fault;Robots;R10;Gripper/tool adjustments;AJUSTE DE POSISIONADOR DE TERMINAL ROSCA DAÑADA,,,,,,;no;no
2025-06-24;REA;Actuadores;3140CA029;15:25;15:27;2;Equipment Fault;Robots;R65;Motion supervision/Joint collision;falla,,,,,,;no;no
2025-06-24;REA;Actuadores;3140CA029;16:20;16:23;3;Equipment Fault;CAW;CPA;Feeder;crank atorado en feeder,,,,,,;no;no
2025-06-24;REA;Actuadores;3140CA029;16:25;16:26;1;Equipment Fault;Robots;R65;Motion supervision/Joint collision;falla el R65,,,,,,;no;no
2025-06-24;REA;Actuadores;3140CA029;16:30;16:33;3;Equipment Fault;731;731;Feed piston;PIN DOBLE,,,,,,;no;no
2025-06-24;REA;Actuadores;3140CA029;17:13;17:15;2;Equipment Fault;Robots;R75;Motion supervision/Joint collision;falla,,,,,,;no;no
2025-06-24;REA;Actuadores;3140CA029;17:40;17:42;2;Equipment Fault;731;731;Presence sensor;no pone pin,,,,,,;no;no
2025-06-24;REA;Actuadores;3140CA029;17:53;17:56;3;Production;MAT;St3;Feeder;sin material feeder,,,,,,;no;no
2025-06-24;REA;Actuadores;3140CA029;18:12;18:14;2;Equipment Fault;731;731;Presence sensor;pin chueco,,,,,,;no;no
2025-06-24;REA;Actuadores;3140CA029;18:22;18:24;2;Maintenance;Main conveyor;Main conveyor;Inductive sensor;se queda sin responder, se le da reset,,,,,;no;no
2025-06-24;REA;Actuadores;3140CA029;18:36;18:38;2;Maintenance;CHW;General;Scheduled maintenance;mtto.,,,,,,;no;no
2025-06-24;REA;Actuadores;3140CA029;18:39;18:44;5;Maintenance;REA;General;Checklist;checklist,,,,,,;si;no
2025-06-24;REA;Actuadores;3140CA029;18:44;18:48;4;Maintenance;CAW;General;Scheduled maintenance;checklist,,,,,,;si;no
2025-06-24;REA;Actuadores;3140CA029;18:50;18:52;2;Quality;731;731;Presence sensor;pin chueco,,,,,,;no;no
2025-06-24;REA;Actuadores;3140CA029;19:30;19:55;25;Maintenance;Robots;R70;Scheduled maintenance;falla electrica conector suelto,,,,,,;no;no
2025-06-24;REA;Actuadores;3140CA029;20:25;20:29;4;Equipment Fault;CAW;CPA;Feeder;crank invertido,,,,,,;no;no
2025-06-24;REA;Actuadores;3140CA029;20:40;20:43;3;Maintenance;USW;St11;Branson;pieza atorada por buchin,,,,,,;no;no
2025-06-24;REA;Actuadores;3140CA029;21:04;21:07;3;Equipment Fault;CAW;CPA;Vision system;sensor falla ingun,,,,,,;no;no
2025-06-24;REA;Actuadores;3140CA029;21:38;21:40;2;Maintenance;MAT;Consumables;Grease;cambio de grasa,,,,,,;no;no
2025-06-24;REA;Actuadores;3140CA029;22:30;22:40;10;Maintenance;REA;General;Checklist;Checklist,,,,,,;si;no
2025-06-24;REA;Actuadores;3140CA029;22:45;22:50;5;Equipment Fault;CAW;General;Electrical system;Scrap alto REA current NOK en un jig, se reemplaza pogo dañao,,,,,;no;no
2025-06-25;REA;Actuadores;3140CA029;00:49;00:53;4;Equipment Fault;EOL;St4;CRIO NOK;CRIO no responde, se reinicia, vuelve a fallar,,,,;no;no
2025-06-25;REA;Actuadores;3140CA029;00:56;01:00;4;Equipment Fault;CHW;St4;Pressor;Scrap alto, soldadura nok pin 1,,,,,;no;no
2025-06-24;REA;Actuadores;3140CA029;23:14;23:17;3;Quality;USW;General;Scrapbox full;Se pide retirar el scrap del turno pasado, tambien CAW y EOL,,,,,;no;no
2025-06-24;REA;Actuadores;3140CA029;23:55;23:57;2;Quality;USW;St14;Lower Jig;Scrap alto, limpieza,,,,,;no;no
2025-06-24;REA;Actuadores;3140CA029;23:33;23:45;12;Equipment Fault;Main conveyor;Main conveyor;Lock NOK;Falla al entrar o salir, o tarda mucho (para cuando sale ya no continua secuencia hay que dar refresh en HMI), paros multiples,,,,;no;no
2025-06-25;REA;Actuadores;3140CA029;01:02;01:06;4;Equipment Fault;CAW;CPA;Feeder;Crank atascado, timeout vacio,,,,,;no;no
2025-06-25;REA;Actuadores;3140CA029;02:35;02:39;4;Equipment Fault;EOL;St4;CRIO NOK;Se reinicia crio,,,,,,;no;no
2025-06-25;REA;Actuadores;3140CA029;03:50;03:55;5;Equipment Fault;CAW;CPA;Feeder;Crank atorado en feeder,,,,,,;no;no
2025-06-25;REA;Actuadores;3140CA029;04:42;04:50;8;Equipment Fault;MAT;St6;Dispensation system;Marcaba alarma de driver al dispensar, se reinicia switch de profinet,,,,,;no;no
2025-06-25;REA;Actuadores;3140CA029;04:50;06:20;90;Equipment Fault;MAT;General;PLC ;MAT en running con linea en stop, sin poder forzar stop, sin poder colocar auto en hmi Q1-2, comportamiento erratico, andon en rojo sin alarmas en hmi. Señales de robot dentro de linea enclavadas,,;no;no
2025-06-25;REA;Actuadores;3140CA029;06:55;06:59;4;Equipment Fault;EOL;St4;CRIO NOK;Reinicio de crio,,,,,,;no;no
2025-06-25;REA;Actuadores;3140CA029;07:02;07:22;20;Equipment Fault;REA;General;Checklist;checklist CAW Y CHW,,,,,,;si;no
2025-06-25;REA;Actuadores;3140CA029;07:23;07:25;2;Equipment Fault;Robots;R70;Vacuum system;cambio de ventosas,,,,,,;no;no
2025-06-25;REA;Actuadores;3140CA029;08:00;08:20;20;Maintenance;REA;General;TBD;Tiempo solicitado para revision de proyecto pressor CHW,,,,,,;no;no
2025-06-25;REA;Actuadores;3140CA029;08:30;08:37;7;Equipment Fault;CAW;General;Software/PC;PC trabada tras back up (se repite),,,,,,;no;no
2025-06-25;REA;Actuadores;3140CA029;09:44;09:45;1;Equipment Fault;731;731;Bowl/Lineal feeder;pin inclinado,,,,,,;no;no
2025-06-25;REA;Actuadores;3140CA029;09:46;09:47;1;Quality;Robots;R75;Gripper/tool adjustments;no abrio gripper,,,,,,;no;no
2025-06-25;REA;Actuadores;3140CA029;09:57;09:58;1;Equipment Fault;USW;St11;Weld NOK;bushing de fuera,,,,,,;no;no
2025-06-25;REA;Actuadores;3140CA029;10:02;10:05;3;Equipment Fault;CAW;CPA;Feeder;Crank invertido,,,,,,;no;no
2025-06-25;REA;Actuadores;3140CA029;10:22;10:25;3;Equipment Fault;Robots;R75;Gripper/tool adjustments;cambio de cinta a gripper,,,,,,;no;no
2025-06-25;REA;Actuadores;3140CA029;14:00;14:48;48;Equipment Fault;USW;St11;Weld NOK;Scraps continuos, mantenimiento en jig branson y en st.14 leak test,,,,,;no;no
2025-06-25;REA;Actuadores;3140CA029;15:05;15:07;2;Maintenance;Main conveyor;Main conveyor;RFID Reader;Pallet no avanza en zona de st.620,,,,,,;no;no
2025-06-25;REA;Actuadores;3140CA029;15:10;15:15;5;Maintenance;CCC;Consumables;Resin;Cambio de resina,,,,,,;no;no
2025-06-25;REA;Actuadores;3140CA029;15:29;15:34;5;Maintenance;REA;General;Checklist;Checklist,,,,,,;si;no
2025-06-25;REA;Actuadores;3140CA029;15:36;15:38;2;Maintenance;Main conveyor;Main conveyor;RFID Reader;Pallet no avanza en zona de st.620,,,,,,;no;no
2025-06-25;REA;Actuadores;3140CA029;15:44;15:47;3;Equipment Fault;Robots;R65;Motion supervision/Joint collision;Se alarma al poner gear en st aux,,,,,,;no;no
2025-06-25;REA;Actuadores;3140CA029;16:42;16:44;2;Equipment Fault;Robots;R65;Motion supervision/Joint collision;Se alarma al poner gear en st aux,,,,,,;no;no
2025-06-25;REA;Actuadores;3140CA029;16:50;16:55;5;Maintenance;CAW;Jig/Index;Ingun actuator;No cierra correctamente cilindro de ingun en jig 3,,,,,,;no;no
2025-06-25;REA;Actuadores;3140CA029;18:24;18:28;4;Maintenance;CAW;LSW;Pressor;Pressor se queda abajo detenido,,,,,,;no;no
2025-06-25;REA;Actuadores;3140CA029;18:36;18:39;3;Maintenance;CAW;Jig/Index;Ingun actuator;No cierra correctamente cilindro de ingun en jig 3,,,,,,;no;no
2025-06-25;REA;Actuadores;3140CA029;18:42;18:44;2;Equipment Fault;Robots;R65;Motion supervision/Joint collision;Se alarma al intentar poner gear en st aux,,,,,,;no;no
2025-06-25;REA;Actuadores;3140CA029;19:11;19:21;10;Maintenance;REA;General;Checklist;Checklist 500pz,,,,,,;si;no
2025-06-25;REA;Actuadores;3140CA029;19:50;19:56;6;Equipment Fault;Robots;R40;Motion supervision/Joint collision;Se alarma al poner gear en st aux,,,,,,;no;no
2025-06-25;REA;Actuadores;3140CA029;20:09;20:12;3;Equipment Fault;Robots;R65;Motion supervision/Joint collision;Se alarma al poner gear en st aux,,,,,,;no;no
2025-06-25;REA;Actuadores;3140CA029;20:25;20:35;10;Maintenance;MAT;Consumables;Grease;Se termina grasa,,,,,,;no;no
2025-06-25;REA;Actuadores;3140CA029;21:34;21:40;6;Equipment Fault;CAW;CPA;Feeder;Se atora crank en feeder,,,,,,;no;no
2025-06-25;REA;Actuadores;3140CA029;21:46;21:50;4;Equipment Fault;Main conveyor;Main conveyor;RFID Reader;NO detecta pallet en st 620,,,,,,;no;no
2025-06-25;REA;Actuadores;3140CA029;21:57;22:00;3;Equipment Fault;Main conveyor;Main conveyor;Lock NOK;Locking NOK en st 620,,,,,,;no;no
2025-06-25;REA;Actuadores;3140CA029;20:42;20:47;5;Equipment Fault;CAW;CPA;SCARA;Crank invertido,,,,,,;no;no
2025-06-25;REA;Actuadores;3140CA029;21:03;21:07;4;Equipment Fault;CAW;CPA;Feeder;Crank atorado en feeder,,,,,,;no;no
2025-06-25;REA;Actuadores;3140CA029;22:17;22:19;2;Equipment Fault;Main conveyor;Main conveyor;RFID Reader;No avanza pallet en st 731,,,,,,;no;no
2025-06-25;REA;Actuadores;3140CA029;19:56;19:58;2;Maintenance;CHW;Consumables;Argon;Cambio tanque Argon,,,,,,;no;no
2025-06-25;REA;Actuadores;3140CA029;22:30;22:38;8;Maintenance;REA;General;Checklist;Checklist,,,,,,;si;no
2025-06-25;REA;Actuadores;3140CA029;23:38;23:46;8;Material/Logistics;CHW;General;TBD;Sin chip reel en area,,,,,,;no;no
2025-06-25;REA;Actuadores;3140CA029;23:46;23:59;13;Maintenance;CHW;Consumables;Chip reel;Cambi chip reel,,,,,,;no;no
2025-06-26;REA;Actuadores;3140CA029;05:25;05:28;3;Equipment Fault;EOL;St4;CRIO NOK;Reinicio crio,,,,,,;no;no
2025-06-26;REA;Actuadores;3140CA029;05:14;05:18;4;Equipment Fault;CAW;CPA;Feeder;Crank atascado, feeder vacio,,,,,;no;no
2025-06-26;REA;Actuadores;3140CA029;01:07;01:09;2;Quality;USW;General;NOK material;Bushing NOK, atascado en sonotrodo,,,,,;no;no
2025-06-26;REA;Actuadores;3140CA029;01:19;01:22;3;Quality;CAW;General;NOK material;Bushing NOK,,,,,,;no;no
2025-06-26;REA;Actuadores;3140CA029;06:09;06:11;2;Equipment Fault;Robots;R65;Gripper/tool adjustments;vacuum off,,,,,,;no;no
2025-06-26;COVER LINE;Line 2;FORD;08:37;08:39;2;Equipment Fault;ST30 Molding;Camera;;terminal mal insertada en core 3A,,,,,,;no;no
2025-06-26;COVER LINE;Line 2;FORD;08:42;08:46;4;Production;Lip seal;ST74;Presence sensor;lip seal invertido,,,,,,;no;no
2025-06-26;COVER LINE;Line 2;FORD;09:20;09:40;26;Maintenance;ST30 Molding;Mold;Cavities;punto de inyección tapado,,,,,,;no;no
2025-06-26;COVER LINE;Line 1;FORD;09:03;09:20;17;Equipment Fault;ST10 Conveyor;ST40;Actuator;falla de cilindro,,,,,,;no;no
2025-06-26;COVER LINE;Line 2;FORD;09:51;09:59;8;Production;Terminal caps;General;Scrapbox full;mal inserción en core,,,,,,;no;no
2025-06-26;COVER LINE;Line 2;FORD;10:06;10:17;11;Production;ST30 Molding;General;TBD;TERMINAL DOBLADA C3,,,,,,;no;no
2025-06-26;COVER LINE;Line 2;FORD;10:28;10:36;8;Production;ST30 Molding;General;TBD;TERMINAL DOBLADA C3,,,,,,;no;no
2025-06-26;COVER LINE;Line 2;FORD;10:49;11:04;15;Production;ST30 Molding;General;TBD;TERMINAL DOBLADA C3,,,,,,;no;no
2025-06-26;COVER LINE;Line 2;FORD;11:05;12:53;108;Maintenance;Terminal caps;General;TBD; paro de línea problemas de inserción de terminal en cavidad 3A y 3B (soporte ocupado),,,,,,;no;no
2025-06-26;COVER LINE;Line 2;FORD;12:53;13:08;15;Maintenance;OMT;General;TBD;FALLO DE ENCODE DE MESA,,,,,,;no;no
2025-06-26;REA;Actuadores;3140CA029;07:00;13:30;390;Equipment Fault;CAW;General;Electrical system;Emergencia activada, no se puede restaurar, verificacion de señales, Modulo de sensores jigs desconectado dentro de CAW, se requirio destapar,,;no;no
2025-06-26;REA;Actuadores;3140CA029;13:30;13:50;20;Production;REA;General;SOP;Liberación por mantenimiento en CAW, despues de paro grande,,,,,;no;no
2025-06-26;REA;Actuadores;3140CA029;13:50;15:00;70;Quality;REA;General;SOP;En espera de liberacion despues de gran paro de CAW,,,,,,;no;no
2025-06-26;REA;Actuadores;3140CA029;15:00;17:00;120;Quality;REA;General;SOP;liberacion,,,,,,;no;no
2025-06-26;REA;Actuadores;3140CA029;17:27;17:29;2;Equipment Fault;731;731;Presence sensor;pin chueco,,,,,,;no;no
2025-06-26;REA;Actuadores;3140CA029;17:42;17:47;5;Equipment Fault;620;620;Feed piston;pick choca con guia,,,,,,;no;no
2025-06-26;REA;Actuadores;3140CA029;18:26;18:28;2;Equipment Fault;Robots;R65;Motion supervision/Joint collision;motion sup.,,,,,,;no;no
2025-06-26;REA;Actuadores;3140CA029;19:15;19:17;2;Equipment Fault;Main conveyor;Main conveyor;Lock NOK;locking nok  st 750,,,,,,;no;no
2025-06-26;REA;Actuadores;3140CA029;19:38;19:40;2;Equipment Fault;Main conveyor;Main conveyor;Lock NOK;locking nok st 620,,,,,,;no;no
2025-06-26;REA;Actuadores;3140CA029;20:00;20:05;5;Maintenance;REA;General;Change Over;compresor alarmado,,,,,,;no;no
2025-06-26;REA;Actuadores;3140CA029;20:25;20:27;2;Equipment Fault;620;620;Feed piston;no baja actuador,,,,,,;no;no
2025-06-26;REA;Actuadores;3140CA029;22:30;22:41;11;Maintenance;REA;General;Checklist;Checklist,,,,,,;si;no
2025-06-26;REA;Actuadores;3140CA029;23:08;23:12;4;Equipment Fault;CAW;CPA;Feeder;Crank atorado en feeder,,,,,,;no;no
2025-06-26;REA;Actuadores;3140CA029;23:14;23:16;2;Equipment Fault;Robots;R70;Vacuum system;Se hace cambio de ventosas,,,,,,;no;no
2025-06-27;REA;Actuadores;3140CA029;07:00;10:45;225;Quality;REA;General;Change Over;Liberacion,,,,,,;no;no
2025-06-27;REA;Actuadores;3140CA029;10:45;13:15;150;Equipment Fault;USW;St11;Weld NOK;Ajustar parametros sonotrodo, mantenimiento y pruebas,,,,,;no;no
2025-06-27;REA;Actuadores;3140CA029;15:00;15:10;10;Maintenance;REA;General;Checklist;checklist,,,,,,;si;no
2025-06-27;REA;Actuadores;3140CA029;15:30;15:32;2;Equipment Fault;Robots;R70;Vacuum system;vacuum off,,,,,,;no;no
2025-06-27;REA;Actuadores;3140CA029;15:40;15:42;2;Production;Conveyors;C36;Presence sensor;motor invertido,,,,,,;no;no
2025-06-27;REA;Actuadores;3140CA029;15:54;15:59;5;Maintenance;CHW;St4;Pressor;cambio de pintas,,,,,,;no;no
2025-06-27;REA;Actuadores;3140CA029;16:00;16:03;3;Equipment Fault;EOL;St4;Gripper NOK;falla St4,,,,,,;no;no
2025-06-27;REA;Actuadores;3140CA029;16:07;16:11;4;Maintenance;MAT;Consumables;Grease;se termina grasa,,,,,,;no;no
2025-06-27;REA;Actuadores;3140CA029;16:15;16:17;2;Maintenance;CAW;CPA;Feeder;crank invertido,,,,,,;no;no
2025-06-27;REA;Actuadores;3140CA029;16:17;16:19;2;Equipment Fault;Robots;R80;Gripper/tool adjustments;gripper no abre,,,,,,;no;no
2025-06-27;REA;Actuadores;3140CA029;16:20;16:22;2;Equipment Fault;Main conveyor;Main conveyor;RFID Reader;nok st750,,,,,,;no;no
2025-06-27;REA;Actuadores;3140CA029;16:27;16:31;4;Maintenance;CHW;Consumables;Chip reel;cambio de chip,,,,,,;no;no
2025-06-27;REA;Actuadores;3140CA029;16:45;16:47;2;Equipment Fault;Main conveyor;Main conveyor;Lock NOK;locking nok,,,,,,;no;no
2025-06-27;REA;Actuadores;3140CA029;16:48;16:51;3;Maintenance;731;731;Presence sensor;pin chueco,,,,,,;no;no
2025-06-27;REA;Actuadores;3140CA029;16:55;17:00;5;Equipment Fault;620;620;Bowl/Lineal feeder;alrama exced fore,,,,,,;no;no
2025-06-27;REA;Actuadores;3140CA029;17:09;17:15;6;Quality;EOL;General;Scrapbox full;scrap full,,,,,,;no;no
2025-06-27;REA;Actuadores;3140CA029;17:15;17:17;2;Maintenance;Conveyors;C37;Presence sensor;blister atorado,,,,,,;no;no
2025-06-27;REA;Actuadores;3140CA029;17:24;17:26;2;Quality;Robots;R75;Gripper/tool adjustments;no cierra gripper,,,,,,;no;no
2025-06-27;REA;Actuadores;3140CA029;18:04;18:07;3;Equipment Fault;Conveyors;C37;Presence sensor;falla sensor no avanza blister,,,,,,;no;no
2025-06-27;REA;Actuadores;3140CA029;18:07;18:19;12;Maintenance;CHW;General;Scheduled maintenance;ajuste sv alto scrap,,,,,,;no;no
2025-06-27;REA;Actuadores;3140CA029;18:42;18:44;2;Maintenance;USW;St14;Lower Jig;limpieza,,,,,,;no;no
2025-06-27;REA;Actuadores;3140CA029;18:48;18:52;4;Maintenance;USW;St14;Lower Jig;cambio de goma,,,,,,;no;no
2025-06-27;REA;Actuadores;3140CA029;18:57;19:00;3;Maintenance;USW;St11;Jig;cambio de cinta,,,,,,;no;no
2025-06-27;REA;Actuadores;3140CA029;19:17;19:20;3;Maintenance;USW;St11;Jig;cambio de cinta,,,,,,;no;no
2025-06-27;REA;Actuadores;3140CA029;19:21;19:23;2;Maintenance;731;731;Presence sensor;pin chueco,,,,,,;no;no
2025-06-27;REA;Actuadores;3140CA029;19:28;19:30;2;Equipment Fault;Robots;R75;Gripper/tool adjustments;gripper no abre,,,,,,;no;no
2025-06-27;REA;Actuadores;3140CA029;19:28;19:30;2;Equipment Fault;Robots;R70;Vacuum system;vacuum off,,,,,,;no;no
2025-06-27;REA;Actuadores;3140CA029;19:33;19:35;2;Maintenance;731;731;Presence sensor;pin chueco,,,,,,;no;no
2025-06-27;REA;Actuadores;3140CA029;20:45;20:48;3;Maintenance;USW;St14;Lower Jig;limpieza,,,,,,;no;no
2025-06-27;REA;Actuadores;3140CA029;20:56;21:00;4;Maintenance;CHW;St4;Pressor;limpieza pines,,,,,,;no;no
2025-06-27;REA;Actuadores;3140CA029;21:20;21:23;3;Equipment Fault;EOL;General;Pneumatic System;mesa mal posicionada,,,,,,;no;no
2025-06-27;REA;Actuadores;3140CA029;21:29;21:30;1;Quality;EOL;General;Scrapbox full;scrap st1 ptc error,,,,,,;no;no
2025-06-27;REA;Actuadores;3140CA029;21:36;21:40;4;Maintenance;CAW;Jig/Index;Blade orienter actuator;st2 blade flujo,,,,,,;no;no
2025-06-27;REA;Actuadores;3140CA029;21:57;22:00;3;Equipment Fault;Robots;R70;Vacuum system;vacuum off,,,,,,;no;no
2025-06-27;REA;Actuadores;3140CA029;22:05;22:07;2;Equipment Fault;Robots;R75;Gripper/tool adjustments;gripper no abre,,,,,,;no;no
2025-06-27;REA;Actuadores;3140CA029;22:21;22:23;2;Equipment Fault;Robots;R65;Vacuum system;no pone gear,,,,,,;no;no
2025-06-27;REA;Actuadores;3140CA029;01:22;01:24;2;Equipment Fault;Robots;R70;Vacuum system;Vacuum off,,,,,,;no;no
2025-06-27;REA;Actuadores;3140CA029;01:43;01:46;3;Equipment Fault;620;620;Feed piston;no continua ciclo, se queda abajo, se reinicia ciclo en hmi,,,,;no;no
2025-06-27;REA;Actuadores;3140CA029;22:30;22:42;12;Maintenance;REA;General;Checklist;Checklist,,,,,,;si;no
2025-06-28;REA;Actuadores;3140CA029;02:20;02:40;20;Equipment Fault;Robots;R33;Gripper/tool adjustments;Sensor tenia opresor capado y estaba suelto, se cambio por uno nuevo,,,,,;no;no
2025-06-27;REA;Actuadores;3140CA029;22:42;22:45;3;Quality;USW;General;Scrapbox full;Se vacia scrap de turno pasado USW, EOL.,CAW,,,,;no;no
2025-06-27;REA;Actuadores;3140CA029;22:48;22:50;2;Equipment Fault;CHW;St4;IPG/Samlight;Se observa cover quemado/perforado por reflejo de soldadura, se ajusta punto pin 3 de -1.63 a -1.58. Posible causa de scrap USW,,,,,;no;no
2025-06-28;REA;Actuadores;3140CA029;02:41;02:43;2;Equipment Fault;Main conveyor;Main conveyor;Inductive sensor;no se detectaba pallet en 620,,,,,,;no;no
2025-06-28;REA;Actuadores;3140CA029;01:25;01:29;4;Equipment Fault;EOL;St2;Gripper NOK;Error de gripper,,,,,,;no;no
2025-06-27;REA;Actuadores;3140CA029;23:35;23:45;10;Equipment Fault;EOL;Jigs;Jig actuator;Scrap repetitivo jig 6 EOL por St3 juego axial alto, un lock no cumple su funcion se levanta la pieza durante inspeccion. Se reemplaza el lock del jig,,,,,;no;no
2025-06-28;REA;Actuadores;3140CA029;00:47;00:54;7;Equipment Fault;CCC;General;Software/PC;PC se crashea, al reiniciar tarda en reaccionar termocamara,,,,,;no;no
2025-06-28;REA;Actuadores;3140CA029;04:15;04:18;3;Equipment Fault;Robots;R65;Vacuum system;Vacuum off,,,,,,;no;no
2025-06-28;REA;Actuadores;3140CA029;04:10;04:14;4;Equipment Fault;Conveyors;C31;Presence sensor;Blister atorado en conveyor,,,,,,;no;no
2025-06-28;REA;Actuadores;3140CA029;04:19;04:21;2;Equipment Fault;Main conveyor;Main conveyor;Singulator NOK;pallet atorado,,,,,,;no;no
2025-06-28;REA;Actuadores;3140CA029;05:05;05:45;40;Equipment Fault;620;General;PLC ;Prensa se queda esperando senal, no tomaba el bearing,,,,,;no;no
2025-06-28;REA;Actuadores;3140CS022;07:40;07:47;7;Quality;EOL;General;Scrapbox full;En espera de vaciado,,,,,,;no;no
2025-06-28;REA;Actuadores;3140CS022;07:54;07:56;2;Equipment Fault;730;730;Feed piston;No hay pin, se reinicia ciclo,,,,,;no;no
2025-06-28;REA;Actuadores;3140CS022;09:40;09:43;3;Quality;EOL;General;Scrapbox full;Esperando vaciado,,,,,,;no;no
2025-06-28;REA;Actuadores;3140CS022;07:30;07:35;5;Equipment Fault;CAW;LSW;Pressor;no continuo ciclo pressor se quedo abajo,,,,,,;no;no
2025-06-28;REA;Actuadores;3140CS022;10:00;10:02;2;Maintenance;CCC;Consumables;Resin;cambio de resina,,,,,,;no;no
2025-06-28;REA;Actuadores;3140CS022;12:13;12:17;4;Equipment Fault;CHW;Consumables;Chip reel;cambio de chip,,,,,,;no;no
2025-06-28;REA;Actuadores;3140CS022;13:30;13:32;2;Equipment Fault;620;620;Alphamatic Module;la prensa se quedo abajo,,,,,,;no;no
2025-06-28;REA;Actuadores;3140CS022;13:58;14:00;2;Equipment Fault;620;620;Alphamatic Module;no continuo ciclo,,,,,,;no;no
2025-06-28;REA;Actuadores;3140CS022;11:14;11:44;30;Equipment Fault;EOL;St3;Axial play NOK;Scraps continuos st.3, jig 6 repite, el actuador tiene mayor juego que en los demas jigs, puntas para bushing se ven ok, ingun y jigs parecen cerrar correctamente, se actualiza repetir receta para mitigar scraps,;no;no
2025-06-28;REA;Actuadores;3140CS022;14:38;14:41;3;Equipment Fault;731;731;Alphamatic Module;Prensa se queda abajo y feed piston sale, colision,,,,,;no;no
2025-06-28;REA;Actuadores;3140CS022;14:48;14:50;2;Equipment Fault;750;750;Alphamatic Module;se quedo en posicion de pick,,,,,,;no;no
2025-06-28;REA;Actuadores;3140CS022;15:03;15:07;4;Equipment Fault;Robots;R65;Motion supervision/Joint collision;falla del sistema,,,,,,;no;no
2025-06-28;REA;Actuadores;3140CS022;15:15;15:21;6;Maintenance;REA;General;Checklist;chacklist,,,,,,;no;no
2025-06-28;REA;Actuadores;3140CS022;15:47;15:49;2;Equipment Fault;Robots;R65;Vacuum system;falla vacuum,,,,,,;no;no
2025-06-28;REA;Actuadores;3140CS022;15:58;16:00;2;Maintenance;MAT;St3;Feeder;tornillo atorado,,,,,,;no;no
2025-06-28;REA;Actuadores;3140CS022;16:06;16:08;2;Equipment Fault;CAW;CPA;Vision system;se reinicio,,,,,,;no;no
2025-06-28;REA;Actuadores;3140CS022;16:25;16:27;2;Equipment Fault;Robots;R65;Vacuum system;no pone gear,,,,,,;no;no
2025-06-28;REA;Actuadores;3140CS022;16:34;16:36;2;Equipment Fault;Robots;R75;Gripper/tool adjustments;no abre gripper,,,,,,;no;no
2025-06-28;REA;Actuadores;3140CS022;16:49;16:50;1;Equipment Fault;Robots;R70;Vacuum system;falla, vacuum off,,,,,;no;no
2025-06-28;REA;Actuadores;3140CS022;17:12;17:14;2;Equipment Fault;Robots;R65;Vacuum system;falla vacuum,,,,,,;no;no
2025-06-28;REA;Actuadores;3140CS022;17:27;17:29;2;Equipment Fault;Conveyors;C36;Presence sensor;blister atorado en sensor,,,,,,;no;no
2025-06-28;REA;Actuadores;3140CS022;17:40;17:45;5;Maintenance;CHW;Consumables;Chip reel;cambio de chip,,,,,,;no;no
2025-06-28;REA;Actuadores;3140CS022;17:54;18:00;6;Maintenance;MAT;Consumables;Grease;cambio de grasa,,,,,,;no;no
2025-06-28;REA;Actuadores;3140CS022;18:17;18:17;0;Equipment Fault;Robots;R70;Vacuum system;falla,,,,,,;no;no
2025-06-28;REA;Actuadores;3140CS022;18:29;18:31;2;Equipment Fault;Conveyors;C85;Presence sensor;blister atorado en piston,,,,,,;no;no
2025-06-28;REA;Actuadores;3140CS022;18:47;18:48;1;Equipment Fault;Robots;R70;Vacuum system;falla vacuum,,,,,,;no;no
2025-06-28;REA;Actuadores;3140CS022;18:53;18:55;2;Equipment Fault;Robots;R65;Vacuum system;no deja gear,,,,,,;no;no
2025-06-28;REA;Actuadores;3140CS022;19:08;19:09;1;Equipment Fault;Robots;R70;Vacuum system;falla vacuum,,,,,,;no;no
2025-06-28;REA;Actuadores;3140CS022;19:24;19:26;2;Equipment Fault;Robots;R70;Vacuum system;fallo vacuum,,,,,,;no;no
2025-06-28;REA;Actuadores;3140CS022;19:39;19:41;2;Quality;Robots;R65;Vacuum system;no deja gear,,,,,,;no;no
2025-06-28;REA;Actuadores;3140CS022;20:45;21:15;30;Maintenance;USW;St14;Lower Jig;ecxeso de scrap,,,,,,;no;no
2025-06-28;REA;Actuadores;3140CS022;21:28;21:30;2;Maintenance;CHW;St4;Pressor;cambio de puntas,,,,,,;no;no
2025-06-28;REA;Actuadores;3140CS022;21:41;21:43;2;Maintenance;731;731;Presence sensor;pin chueco,,,,,,;no;no
2025-06-28;REA;Actuadores;3140CS022;21:55;21:57;2;Equipment Fault;Robots;R65;Vacuum system;no agarra gear,,,,,,;no;no
2025-06-28;REA;Actuadores;3140CS022;22:20;22:30;10;Maintenance;REA;General;Scheduled maintenance;paro programado,,,,,,;no;no
2025-06-30;REA;Actuadores;3140CS022;07:00;07:40;40;Production;REA;General;Scheduled production stop;En espera de instrucciones, se habia comenzado set up, se pausa, set de rework, se tiene que arreglar logica por no haber vaciado y se espera material de calidad,,;no;no
2025-06-30;REA;Actuadores;3140CS022;09:00;09:40;40;Maintenance;REA;General;Scheduled production stop;Mantenimiento programado comenta Orlando de Lunes, CAW, limpieza engrasada de sin fin de SV,,,,;no;no
2025-06-30;REA;Actuadores;3140CA029;15:41;15:45;4;Equipment Fault;CAW;CPA;Feeder;Crank invertido,,,,,,;no;no
2025-06-30;REA;Actuadores;3140CS022;16:29;16:33;4;Equipment Fault;CAW;LSW;Pressor;pressor se queda abajo,,,,,,;no;no
2025-06-30;REA;Actuadores;3140CS022;16:38;16:40;2;Equipment Fault;USW;St11;Branson;pieza atorada,,,,,,;no;no
2025-06-30;REA;Actuadores;3140CS022;16:55;16:57;2;Equipment Fault;USW;St11;Branson;pieza atorada,,,,,,;no;no
2025-06-30;REA;Actuadores;3140CS022;17:20;17:30;10;Equipment Fault;EOL;St4;CRIO NOK;St4 crio,,,,,,;no;no
2025-06-30;REA;Actuadores;3140CS022;17:33;17:35;2;Equipment Fault;Robots;R65;Motion supervision/Joint collision;falla un sensro,,,,,,;no;no
2025-06-30;REA;Actuadores;3140CS022;18:00;18:25;25;Equipment Fault;EOL;St1;Presence sensor;St1 falla jig 1,,,,,,;no;no
2025-06-30;REA;Actuadores;3140CS022;18:25;18:40;15;Equipment Fault;Main conveyor;Main conveyor;Inductive sensor;no avanza MSA,,,,,,;no;no
2025-06-30;REA;Actuadores;3140CS022;19:29;19:31;2;Maintenance;731;731;Presence sensor;PIN cuecho,,,,,,;no;no
2025-06-30;REA;Actuadores;3140CS022;19:44;19:46;2;Maintenance;731;731;Presence sensor;pin chueco,,,,,,;no;no
2025-06-30;REA;Actuadores;3140CS022;19:57;20:00;3;Maintenance;750;750;Presence sensor;blister atorado,,,,,,;no;no
2025-06-30;REA;Actuadores;3140CS022;20:03;20:10;7;Equipment Fault;Robots;R65;Motion supervision/Joint collision;falla del R65,,,,,,;no;no
2025-06-30;REA;Actuadores;3140CS023;23:48;23:55;7;Quality;USW;General;Scrapbox full;Scrapbox lleno, rework,,,,,;no;no
2025-06-30;REA;Actuadores;3140CS023;23:15;23:26;11;Quality;USW;General;Scrapbox full;Scrapbox lleno, rework,,,,,;no;no
2025-07-01;REA;Actuadores;3140CA029;07:00;07:35;35;Equipment Fault;CAW;CPA;SCARA;No continua ciclo, alerta de mantenimiento,,,,,;no;no
2025-07-01;REA;Actuadores;3140CA029;07:35;09:30;115;Quality;REA;General;Change Over;Esperando liberación Ford29,,,,,,;no;no
2025-07-01;REA;Actuadores;3140CA029;09:30;10:00;30;Equipment Fault;CAW;LSW;Pressor;Inclinacion pressor NOK causa gap, se requieren mas muestras,,,,,;no;no
2025-07-01;REA;Actuadores;3140CA029;10:00;10:50;50;Quality;REA;General;Change Over;Liberacion calidad despues de ajuste de gap F29,,,,,,;si;no
2025-06-28;REA;Actuadores;3140CS022;19:30;7:31;NaN;Equipment Fault;Robots;R70;Vacuum system;vacumm fallo,,,,,,;no;no
2025-07-01;REA;Actuadores;3140CA029;12:00;12:01;1;Maintenance;CHW;Consumables;Argon;cambio de gas argon,,,,,,;no;no
2025-07-01;REA;Actuadores;3140CA029;12:12;12:17;5;Equipment Fault;CAW;General;PLC ;no continuo ciclo,,,,,,;no;no
2025-07-01;REA;Actuadores;3140CA029;12:19;12:24;5;Equipment Fault;CAW;CPA;Feeder;cranks atorados,,,,,,;no;no
2025-07-01;REA;Actuadores;3140CA029;12:35;12:40;5;Equipment Fault;CAW;CPA;Feeder;Cranks atorados, causan crank invertido,,,,,;no;no
2025-07-01;REA;Actuadores;3140CA029;15:06;15:10;4;Equipment Fault;CAW;LSW;Pressor;pressor se queda abajo,,,,,,;no;no
2025-07-01;REA;Actuadores;3140CA029;15:17;15:18;1;Equipment Fault;Robots;R75;Gripper/tool adjustments;gripper no abre,,,,,,;no;no
2025-07-01;REA;Actuadores;3140CA029;15:28;15:30;2;Equipment Fault;Main conveyor;Main conveyor;Lock NOK;loking nok, no llega a posision pallet,,,,,;no;no
2025-07-01;REA;Actuadores;3140CA029;15:34;15:50;16;Maintenance;REA;General;Checklist;checklist CAW,EOL,CHW,,,,;si;no
2025-07-01;REA;Actuadores;3140CA029;15:54;15:56;2;Equipment Fault;Robots;R65;Vacuum system;no deja gear en ventosas,,,,,,;no;no
2025-07-01;REA;Actuadores;3140CA029;16:16;16:17;1;Equipment Fault;Main conveyor;Main conveyor;Lock NOK;pallet no llega a posicion,,,,,,;no;no
2025-07-01;REA;Actuadores;3140CA029;16:29;16:30;1;Equipment Fault;Main conveyor;Main conveyor;Lock NOK;pallet no llega a posicion,,,,,,;no;no
2025-07-01;REA;Actuadores;3140CA029;16:39;16:40;1;Equipment Fault;Robots;R75;Gripper/tool adjustments;gripper no abre,,,,,,;no;no
2025-07-01;REA;Actuadores;3140CA029;17:10;17:12;2;Equipment Fault;Robots;R65;Vacuum system;no deja gear,,,,,,;no;no
2025-07-01;REA;Actuadores;3140CA029;17:13;17:15;2;Maintenance;Conveyors;C65;Guides ;blister atorado,,,,,,;no;no
2025-07-01;REA;Actuadores;3140CA029;17:20;17:30;10;Maintenance;CAW;Jig/Index;Blade orienter actuator;ajuste de mesa alineacion,,,,,,;no;no
2025-07-01;REA;Actuadores;3140CA029;18:09;18:12;3;Equipment Fault;Robots;R33;Motion supervision/Joint collision;se queda atorado entre el jig y la pieza al dejarla,,,,,,;no;no
2025-07-01;REA;Actuadores;3140CA029;18:56;18:57;1;Maintenance;Main conveyor;Main conveyor;Lock NOK;se queda fuera de posicion,,,,,,;no;no
2025-07-01;REA;Actuadores;3140CA029;19:21;19:49;28;Maintenance;EOL;St3;Gripper NOK;ajuste de gripper,,,,,,;no;no
2025-07-01;REA;Actuadores;3140CA029;20:13;20:15;2;Equipment Fault;731;731;Presence sensor;pin chueco,,,,,,;no;no
2025-07-01;REA;Actuadores;3140CA029;20:24;20:26;2;Quality;Robots;R75;Gripper/tool adjustments;no abre gripper,,,,,,;no;no
2025-07-01;REA;Actuadores;3140CA029;20:35;20:37;2;Equipment Fault;Main conveyor;Main conveyor;Lock NOK;pallet no llega a posicion,,,,,,;no;no
2025-07-01;REA;Actuadores;3140CA029;20:48;20:55;7;Quality;EOL;General;Scrapbox full;scrapbox full,,,,,,;no;no
2025-07-01;REA;Actuadores;3140CA029;21:05;21:26;21;Equipment Fault;EOL;St3;Gripper NOK;ajuste en gripper por movimiento,,,,,,;no;no
2025-07-01;REA;Actuadores;3140CA029;21:39;21:41;2;Equipment Fault;Main conveyor;Main conveyor;Lock NOK;pallet no llega a posicion,,,,,,;no;no
2025-07-01;REA;Actuadores;3140CA029;21:53;21:55;2;Equipment Fault;Robots;R75;Gripper/tool adjustments;gripper no abre,,,,,,;no;no
2025-07-01;REA;Actuadores;3140CA029;10:30;10:38;8;Equipment Fault;REA;General;Checklist;Checklist,,,,,,;si;no
2025-07-01;REA;Actuadores;3140CA029;10:38;10:45;7;Equipment Fault;EOL;Jigs;Jig actuator;Se ajusta conector de aire por fuga, ya que fallaba al hacer la prueba 3,,,,,;no;no
2025-07-01;REA;Actuadores;3140CA029;10:50;10:56;6;Equipment Fault;EOL;Jigs;Ingun actuator;Ingun alarmado, no detectaba sensor, se revisa cableado, se ajusta posicion de sensor,,,;no;no
2025-07-01;REA;Actuadores;3140CA029;11:11;11:14;3;Maintenance;MAT;Consumables;Grease;Cambio de grasa,,,,,,;no;no
2025-07-01;REA;Actuadores;3140CA029;11:28;11:30;2;Equipment Fault;Robots;R75;Gripper/tool adjustments;Gripper no abre correctamente,,,,,,;no;no
2025-07-01;REA;Actuadores;3140CA029;23:34;23:37;3;Equipment Fault;Robots;R65;Motion supervision/Joint collision;Motion supervision,,,,,,;no;no
2025-07-02;REA;Actuadores;3140CA029;00:25;00:30;5;Equipment Fault;CAW;CPA;Feeder;Crank atorado,,,,,,;no;no
2025-07-02;REA;Actuadores;3140CA029;01:33;01:36;3;Production;Conveyors;C36;Guides ;Blister atorado,,,,,,;no;no
2025-07-02;REA;Actuadores;3140CS023;02:04;02:08;4;Maintenance;CCC;Consumables;Resin;Cambio resina,,,,,,;no;no
2025-07-02;REA;Actuadores;3140CS023;02:11;02:17;6;Equipment Fault;CAW;CPA;Feeder;Crank atascado en bowl, lineal vacio,,,,,;no;no
2025-07-02;REA;Actuadores;3140CA029;02:23;02:27;4;Maintenance;CHW;Consumables;Chip reel;Cambio de chip,,,,,,;no;no
2025-07-02;REA;Actuadores;3140CA029;02:39;02:44;5;Maintenance;CHW;Consumables;Argon;Cambio de argon,,,,,,;no;no
2025-07-02;REA;Actuadores;3140CA029;03:20;03:25;5;Quality;CHW;General;Scrapbox full;Scrapbox full,,,,,,;no;no
2025-07-02;REA;Actuadores;3140CA029;03:34;03:38;4;Equipment Fault;CHW;St4;Pressor;Se realiza limpieza de pressor,,,,,,;no;no
2025-07-02;REA;Actuadores;3140CA029;03:46;03:48;2;Equipment Fault;Robots;R75;Gripper/tool adjustments;Gripper no abre correctamente,,,,,,;no;no
2025-07-02;REA;Actuadores;3140CA029;03:52;03:55;3;Equipment Fault;Robots;R65;Motion supervision/Joint collision;Robot marca colision por manguera,,,,,,;no;no
2025-07-02;REA;Actuadores;3140CA029;06:12;06:17;5;Equipment Fault;USW;St14;Lower Jig;Se hace limpieza de jig,,,,,,;no;no
2025-07-02;REA;Actuadores;3140CA029;04:06;04:10;4;Equipment Fault;USW;St14;Lower Jig;Se hace limpieza de jig,,,,,,;no;no
2025-07-02;REA;Actuadores;3140CA029;04:30;04:34;4;Equipment Fault;Robots;R65;Motion supervision/Joint collision;Robot marca motion supervision por manguera,,,,,,;no;no
2025-07-02;REA;Actuadores;3140CA029;05:23;05:28;5;Maintenance;CHW;St4;Pressor;Limpieza de pressor,,,,,,;no;no
2025-07-02;REA;Actuadores;3140CA029;05:47;05:51;4;Equipment Fault;Robots;R70;Vacuum system;Vacuum off,,,,,,;no;no
2025-07-02;REA;Actuadores;3140CA029;05:53;05:58;5;Equipment Fault;USW;St14;Lower Jig;Se hace limpieza de jig por scrap consecutivo,,,,,,;no;no
2025-07-02;REA;Actuadores;3140CA029;07:35;07:38;3;Equipment Fault;EOL;Jigs;Ingun actuator;tope mecanico de ingun sin ajustar,,,,,,;no;no
2025-07-02;REA;Actuadores;3140CA029;08:05;08:06;1;Equipment Fault;731;731;Feed piston;pin inclinado,,,,,,;no;no
2025-07-02;REA;Actuadores;3140CA029;07:00;07:11;11;Maintenance;REA;General;Checklist;Checklist diario,,,,,,;si;no
2025-07-02;REA;Actuadores;3140CA029;11:38;11:45;7;Quality;CAW;General;Software/PC;No continua ciclo, robot en pick de actuador, se requiere restaurar logica y vaciado,,,,;no;no
2025-07-02;REA;Actuadores;3140CA029;11:06;11:08;2;Equipment Fault;Robots;R65;Motion supervision/Joint collision;Convolute causa montion sup,,,,,,;no;no
2025-07-02;REA;Actuadores;3140CA029;10:45;10:47;2;Equipment Fault;Robots;R65;Motion supervision/Joint collision;Convolute causa montion sup,,,,,,;no;no
2025-07-02;REA;Actuadores;3140CA029;14:52;14:57;5;Equipment Fault;EOL;St4;CRIO NOK;Reiniciar power supply,,,,,,;no;no
2025-07-02;REA;Actuadores;3140CA029;11:57;12:27;30;Equipment Fault;USW;St11;Weld NOK;Soldadura NOK, ajuste de parametros mantenimiento,,,,,;no;no
2025-07-02;REA;Actuadores;3140CA029;11:10;11:28;18;Quality;USW;St11;Weld NOK;Ajuste de parametros por scrap y mantenimiento, adicional se limpia y revisa st14,,,,,;no;no
2025-07-01;REA;Actuadores;3140CA029;11:05;11:11;6;Equipment Fault;CAW;CPA;Feeder;Crank atorado en feeder y hace que llegue volteado y choque robot,,,,,,;no;no
2025-07-02;REA;Actuadores;3140CA029;15:11;15:16;5;Equipment Fault;CAW;LSW;Pressor;Presor abajo y no sube,,,,,,;no;no
2025-07-02;REA;Actuadores;3140CA029;15:16;15:17;1;Equipment Fault;Robots;R75;Motion supervision/Joint collision;No abre gripper correctamente,,,,,,;no;no
2025-07-02;REA;Actuadores;3140CA029;15:32;15:34;2;Equipment Fault;731;731;Bowl/Lineal feeder;Pin chueco,,,,,,;no;no
2025-07-02;REA;Actuadores;3140CA029;15:34;15:36;2;Equipment Fault;Robots;R65;Motion supervision/Joint collision;No pone gear en st805,,,,,,;no;no
2025-07-02;REA;Actuadores;3140CA029;15:45;15:47;2;Equipment Fault;Robots;R75;Motion supervision/Joint collision;No abre gripper correctamente,,,,,,;no;no
2025-07-02;REA;Actuadores;3140CA029;16:10;16:12;2;Equipment Fault;Robots;R70;Vacuum system;vacuum off,,,,,,;no;no
2025-07-02;REA;Actuadores;3140CA029;16:30;16:32;2;Equipment Fault;Robots;R75;Motion supervision/Joint collision;no abre gripper,,,,,,;no;no
2025-07-02;REA;Actuadores;3140CA029;16:35;16:37;2;Equipment Fault;Aux;805;Presence sensor;se cae gear,,,,,,;no;no
2025-07-02;REA;Actuadores;3140CA029;17:25;17:29;4;Maintenance;CCC;Consumables;Resin;cambio de resina,,,,,,;no;no
2025-07-02;REA;Actuadores;3140CA029;17:31;17:33;2;Equipment Fault;Main conveyor;Main conveyor;Lock NOK;pallet no llega a posicion,,,,,,;no;no
2025-07-02;REA;Actuadores;3140CA029;18:26;18:30;4;Equipment Fault;CAW;Jig/Index;Blade orienter actuator;no avanza, se queda esprando pieza,,,,,;no;no
2025-07-02;REA;Actuadores;3140CA029;18:41;18:43;2;Equipment Fault;Robots;R65;Motion supervision/Joint collision;se queda en posicion de dejar gear,,,,,,;no;no
2025-07-02;REA;Actuadores;3140CA029;18:47;18:48;1;Equipment Fault;Robots;R75;Gripper/tool adjustments;no abre gripper,,,,,,;no;no
2025-07-02;REA;Actuadores;3140CA029;19:35;19:40;5;Maintenance;CHW;Consumables;Chip reel;cambio de chip,,,,,,;no;no
2025-07-02;REA;Actuadores;3140CA029;19:55;19:58;3;Equipment Fault;Robots;R65;Vacuum system;no deja gear,,,,,,;no;no
2025-07-02;REA;Actuadores;3140CA029;20:09;20:11;2;Equipment Fault;Main conveyor;Main conveyor;Lock NOK;pallet no llega a posicion,,,,,,;no;no
2025-07-02;REA;Actuadores;3140CA029;20:26;20:28;2;Maintenance;MAT;St3;Feeder;tornillo atorado,,,,,,;no;no
2025-07-02;REA;Actuadores;3140CA029;20:41;20:43;2;Equipment Fault;731;731;Presence sensor;pin chueco,,,,,,;no;no
2025-07-02;REA;Actuadores;3140CA029;20:54;20:55;1;Equipment Fault;Robots;R75;Motion supervision/Joint collision;no abre gripper,,,,,,;no;no
2025-07-02;REA;Actuadores;3140CA029;21:06;21:08;2;Equipment Fault;Conveyors;C55;Presence sensor;piston no abre, blister atordo,,,,,;no;no
2025-07-02;REA;Actuadores;3140CA029;21:48;21:49;1;Equipment Fault;Robots;R75;Motion supervision/Joint collision;no abre gripper,,,,,,;no;no
2025-07-02;REA;Actuadores;3140CA029;21:55;21:59;4;Equipment Fault;CAW;Jig/Index;Index not in home;ingun no cierra bien,,,,,,;no;no
2025-07-02;REA;Actuadores;3140CA029;18:18;18:26;8;Maintenance;REA;General;Checklist;Checklist,,,,,,;si;no
2025-07-02;REA;Actuadores;3140CA029;22:30;22:38;8;Maintenance;REA;General;Checklist;Checklist,,,,,,;si;no
2025-07-02;REA;Actuadores;3140CA029;22:45;22:47;2;Equipment Fault;Robots;R75;Motion supervision/Joint collision;Robot colisiona al ensamblar cover,,,,,,;no;no
2025-07-02;REA;Actuadores;3140CA029;22:50;23:54;64;Equipment Fault;CHW;St4;Pressor;Se revisa pressor por scrap consecutivo, se limpian puntas,,,,,;no;no
2025-07-02;REA;Actuadores;3140CA029;22:55;22:57;2;Equipment Fault;Robots;R65;Motion supervision/Joint collision;Motion supervision,,,,,,;no;no
2025-07-02;REA;Actuadores;3140CA029;23:06;23:11;5;Equipment Fault;Robots;R75;Gripper/tool adjustments;Se cambia cinta doble cara a gripper por falla constante al ensamblar cover,,,,,,;no;no
2025-07-02;REA;Actuadores;3140CA029;23:17;23:20;3;Equipment Fault;Main conveyor;Main conveyor;Lock NOK;Pallet atorado por locking,,,,,,;no;no
2025-07-02;REA;Actuadores;3140CA029;23:14;23:19;5;Equipment Fault;Robots;R65;Vacuum system;Robot no continua ciclo se queda esperando que se 805,,,,,,;no;no
2025-07-02;REA;Actuadores;3140CA029;23:29;23:32;3;Equipment Fault;Robots;R65;Motion supervision/Joint collision;Robot se alarma con motion supervision,,,,,,;no;no
2025-07-02;REA;Actuadores;3140CA029;23:48;23:53;5;Equipment Fault;Aux;805;Pneumatic System;Se cambian ventosas por falla constante de vacio,,,,,,;no;no
2025-07-03;REA;Actuadores;3140CA029;01:02;01:13;11;Production;CAW;General;Empty conveyor/feeder;Sin crank,,,,,,;no;no
2025-07-02;REA;Actuadores;3140CA029;02:29;02:37;8;Equipment Fault;Robots;R65;Vacuum system;Robot tiraba geary salia alarma de vacuum off em repetidas ocasiones,,,,,,;no;no
2025-07-02;REA;Actuadores;3140CA029;02:39;02:43;4;Equipment Fault;730;730;Bowl/Lineal feeder;Shaft pin atorado,,,,,,;no;no
2025-07-02;REA;Actuadores;3140CA029;02:49;02:53;4;Equipment Fault;Main conveyor;Main conveyor;Lock NOK;Pallet atorados,,,,,,;no;no
2025-07-03;REA;Actuadores;3140CA029;07:10;07:20;10;Maintenance;REA;General;Checklist;Diario,,,,,,;no;no
2025-07-03;REA;Actuadores;3140CA029;12:00;12:02;2;Maintenance;CHW;Consumables;Chip reel;cambio de chip,,,,,,;no;no
2025-07-03;REA;Actuadores;3140CA029;13:15;13:16;1;Equipment Fault;EOL;St3;Gripper NOK;alarma en gripper,,,,,,;no;no
2025-07-03;REA;Actuadores;3140CA029;14:29;14:36;7;Equipment Fault;731;731;Bowl/Lineal feeder;Rebaba genera pines se atoren desde feeder,,,,,,;no;no
2025-07-03;REA;Actuadores;3140CA029;15:20;15:22;2;Equipment Fault;Robots;R75;Motion supervision/Joint collision;gripper no abre,,,,,,;no;no
2025-07-03;REA;Actuadores;3140CA029;15:47;15:49;2;Maintenance;731;731;Presence sensor;pin chueco,,,,,,;no;no
2025-07-03;REA;Actuadores;3140CA029;16:09;16:12;3;Maintenance;CHW;Consumables;Argon;cambio de argon,,,,,,;no;no
2025-07-03;REA;Actuadores;3140CA029;16:14;16:18;4;Maintenance;CCC;Consumables;Resin;cambio de resina,,,,,,;no;no
2025-07-03;REA;Actuadores;3140CA029;16:25;16:27;2;Equipment Fault;MSA;MSA;Sensor de presencia;no detecta pieza, se reset la secuencia,,,,,;no;no
2025-07-03;REA;Actuadores;3140CA029;16:38;16:41;3;Equipment Fault;EOL;St4;CRIO NOK;reset crio,,,,,,;no;no
2025-07-03;REA;Actuadores;3140CA029;16:45;16:48;3;Equipment Fault;EOL;St3;Gripper NOK;falla st4,,,,,,;no;no
2025-07-03;REA;Actuadores;3140CA029;16:56;16:59;3;Equipment Fault;Robots;R75;Motion supervision/Joint collision;gripper no abre,,,,,,;no;no
2025-07-03;REA;Actuadores;3140CA029;17:07;17:17;10;Equipment Fault;Robots;R80;Motion supervision/Joint collision;robot se queda esperando senal de USW,,,,,,;no;no
2025-07-03;REA;Actuadores;3140CA029;17:23;17:25;2;Maintenance;731;731;Presence sensor;pin chueco,,,,,,;no;no
2025-07-03;REA;Actuadores;3140CA029;17:38;17:41;3;Maintenance;MAT;Consumables;Grease;cambio de grasa,,,,,,;no;no
2025-07-03;REA;Actuadores;3140CA029;17:57;18:00;3;Quality;MSA;MSA;Sensor de presencia;no detecta pieza, se reset la secuencia,,,,,;no;no
2025-07-03;REA;Actuadores;3140CA029;18:03;18:06;3;Quality;MSA;MSA;Sensor de presencia;no detecta pieza, se reset la secuencia,,,,,;no;no
2025-07-03;REA;Actuadores;3140CA029;18:12;18:13;1;Quality;Robots;R75;Motion supervision/Joint collision;gripper no abre,,,,,,;no;no
2025-07-03;REA;Actuadores;3140CA029;18:21;18:24;3;Equipment Fault;MSA;MSA;Sensor de presencia;no detecta pieza, se reset la secuencia,,,,,;no;no
2025-07-03;REA;Actuadores;3140CA029;18:57;19:02;5;Equipment Fault;EOL;St4;CRIO NOK;reset crio,,,,,,;no;no
2025-07-03;REA;Actuadores;3140CA029;19:02;19:12;10;Equipment Fault;CAW;Jig/Index;Blade orienter actuator;no free area robot,,,,,,;no;no
2025-07-03;REA;Actuadores;3140CA029;19:32;19:33;1;Equipment Fault;Robots;R75;Motion supervision/Joint collision;gripper no abre,,,,,,;no;no
2025-07-03;REA;Actuadores;3140CA029;20:10;20:14;4;Equipment Fault;Main conveyor;Main conveyor;RFID Reader;falla RFID,,,,,,;no;no
2025-07-03;REA;Actuadores;3140CA029;20:14;20:19;5;Maintenance;731;731;Presence sensor;SENSOR SUCIO,,,,,,;no;no
2025-07-03;REA;Actuadores;3140CA029;20:19;20:22;3;Equipment Fault;MAT;St5;Axis not in home;fuera de posicion,,,,,,;no;no
2025-07-03;REA;Actuadores;3140CA029;20:22;20:24;2;Quality;CCC;General;Scheduled maintenance;full scrapbox,,,,,,;no;no
2025-07-03;REA;Actuadores;3140CA029;21:00;21:05;5;Equipment Fault;Robots;R65;Motion supervision/Joint collision;Robot pone chueco el gear o se cae antes de colocarlo en actuador,,,,,,;no;no
2025-07-03;REA;Actuadores;3140CA029;21:10;21:13;3;Equipment Fault;Robots;R75;Motion supervision/Joint collision;Gripper no abre,,,,,,;no;no
2025-07-03;REA;Actuadores;3140CA029;21:25;21:28;3;Equipment Fault;Robots;R65;Motion supervision/Joint collision;Se alarma al colocar mal el gear,,,,,,;no;no
2025-07-03;REA;Actuadores;3140CA029;20:24;20:26;2;Equipment Fault;Robots;R65;Motion supervision/Joint collision;vacuum,,,,,,;no;no
2025-07-03;REA;Actuadores;3140CA029;20:38;20:40;2;Equipment Fault;Conveyors;C37;Presence sensor;blister TORADO,,,,,,;no;no
2025-07-03;REA;Actuadores;3140CA029;20:51;20:53;2;Quality;Conveyors;C36;Presence sensor;blister en mal estado,,,,,,;no;no
2025-07-03;REA;Actuadores;3140CA029;19:35;19:45;10;Maintenance;REA;General;Checklist;checklist,,,,,,;si;no
2025-07-03;REA;Actuadores;3140CA029;22:30;22:38;8;Equipment Fault;REA;General;Checklist;Checklist,,,,,,;si;no
2025-07-03;REA;Actuadores;3140CA029;22:43;22:48;5;Equipment Fault;EOL;St4;CRIO NOK;Se reinicia crio,,,,,,;no;no
2025-07-03;REA;Actuadores;3140CA029;23:26;23:30;4;Equipment Fault;Robots;R65;Motion supervision/Joint collision;Robot colisiona al poner gear en actuador,,,,,,;no;no
2025-07-03;REA;Actuadores;3140CA029;23:45;23:50;5;Equipment Fault;Robots;R65;Motion supervision/Joint collision;Motion supervision, se acomoda manguera para que no colisione robot,,,,,;no;no
2025-07-04;REA;Actuadores;3140CA029;02:14;02:18;4;Equipment Fault;Robots;R65;Motion supervision/Joint collision;Se ajusta mangura principal por motion supervision,,,,,,;no;no
2025-07-04;REA;Actuadores;3140CA029;02:31;02:36;5;Equipment Fault;EOL;St4;CRIO NOK;Se reinicia crio,,,,,,;no;no
2025-07-04;REA;Actuadores;3140CA029;04:46;04:49;3;Equipment Fault;CHW;Consumables;Argon;Cambio de tanque de argon,,,,,,;no;no
2025-07-04;REA;Actuadores;3140CA029;05:04;05:06;2;Equipment Fault;Robots;R75;Motion supervision/Joint collision;Robot se alarma por colision con manguera,,,,,,;no;no
2025-07-04;REA;Actuadores;3140CA029;05:25;05:31;6;Maintenance;CHW;Consumables;Chip reel;Cambio de chip,,,,,,;no;no
2025-07-04;REA;Actuadores;3140CA029;05:49;05:52;3;Equipment Fault;USW;St14;Lower Jig;Se hace limpieza de jig por rebaba acumulada,,,,,,;no;no
2025-07-04;REA;Actuadores;3140CA029;06:03;06:05;2;Equipment Fault;Robots;R65;Motion supervision/Joint collision;motion supervision por manguera,,,,,,;no;no
2025-07-04;REA;Actuadores;3140CA029;06:11;06:21;10;Equipment Fault;CAW;General;Software/PC;Aplicacion se queda sin continuar ciclo, se require mandar robot 80 a main ya que quede adentro en medio ciclo, se restablece caw y se realiza check list,,,,;no;no
2025-07-04;REA;Actuadores;3140CA029;06:45;06:49;4;Equipment Fault;EOL;St4;CRIO NOK;Reinicio cRIO,,,,,,;no;no
2025-07-04;REA;Actuadores;3140CA029;06:50;06:52;2;Quality;EOL;General;Scrapbox full;Scrapbox lleno,,,,,,;no;no
2025-07-04;REA;Actuadores;3140CA029;07:05;07:15;10;Maintenance;REA;General;Checklist;Diario,,,,,,;no;no
2025-07-04;REA;Actuadores;3140CA029;08:11;08:40;29;Equipment Fault;Robots;R65;Motion supervision/Joint collision;Manguera rota, multiples alarmas por joint o motion sup, se repara,,,,;no;no
2025-07-04;REA;Actuadores;3140CA029;07:50;07:56;6;Equipment Fault;Main conveyor;Main conveyor;Lock NOK;Locking flojo causa R60 colisionar o motion sup en place de gear,,,,,,;no;no
2025-07-04;REA;Actuadores;3140CA029;11:03;11:13;10;Equipment Fault;CAW;General;Software/PC;no continuo ciclo / checklist,,,,,,;si;no
2025-07-04;REA;Actuadores;3140CA029;14:04;14:08;4;Maintenance;CCC;Consumables;Resin;cambio de resina,,,,,,;no;no
2025-07-04;REA;Actuadores;3140CA029;14:40;14:42;2;Equipment Fault;Robots;R75;Motion supervision/Joint collision;Motion sup, falta de gripper,,,,,;no;no
2025-07-04;REA;Actuadores;3140CA029;12:50;12:55;5;Equipment Fault;USW;St14;Lower Jig;Rebaba genera scraps, limpieza,,,,,;no;no
2025-07-04;REA;Actuadores;3140CA029;11:40;11:50;10;Equipment Fault;Conveyors;C36;Actuator NOK;Sensores de actuador que frena blister metalicos en falla, conector dañado, se logra reconectar,,,,;no;no
2025-07-04;REA;Actuadores;3140CA029;15:15;15:17;2;Equipment Fault;Robots;R75;Motion supervision/Joint collision;gripper no abre,,,,,,;no;no
2025-07-04;REA;Actuadores;3140CA029;15:24;15:27;3;Production;Conveyors;C31;Presence sensor;blister danado, se atora,,,,,;no;no
2025-07-04;REA;Actuadores;3140CA029;15:43;15:46;3;Production;Conveyors;C31;Presence sensor;blister danado, se atora,,,,,;no;no
2025-07-04;REA;Actuadores;3140CA029;15:55;15:58;3;Equipment Fault;Robots;R75;Motion supervision/Joint collision;gripper no abre,,,,,,;no;no
2025-07-04;REA;Actuadores;3140CA029;16:12;16:17;5;Maintenance;CAW;Jig/Index;Blade orienter actuator;ajuste de alineacion de mesa,,,,,,;no;no
2025-07-04;REA;Actuadores;3140CA029;16:33;16:38;5;Equipment Fault;Robots;R33;Motion supervision/Joint collision;robot colisiono,,,,,,;no;no
2025-07-04;REA;Actuadores;3140CA029;16:45;16:51;6;Equipment Fault;Main conveyor;Main conveyor;Singulator NOK;sing nok,,,,,,;no;no
2025-07-04;REA;Actuadores;3140CA029;18:15;18:17;2;Equipment Fault;Robots;R70;Vacuum system;vacuum off,,,,,,;no;no
2025-07-04;REA;Actuadores;3140CA029;18:19;18:21;2;Equipment Fault;Robots;R75;Motion supervision/Joint collision;gripper no abre,,,,,,;no;no
2025-07-04;REA;Actuadores;3140CA029;18:21;18:25;4;Maintenance;Robots;R75;Gripper/tool adjustments;ajuste de gripper, cambio de cinta,,,,,;no;no
2025-07-04;REA;Actuadores;3140CA029;18:29;18:33;4;Equipment Fault;EOL;St3;Gripper NOK;St3 se alarma,,,,,,;no;no
2025-07-04;REA;Actuadores;3140CA029;18:34;18:43;9;Maintenance;REA;General;Checklist;checklist,,,,,,;si;no
2025-07-04;REA;Actuadores;3140CA029;18:45;18:47;2;Production;Conveyors;C31;Presence sensor;blister danado, se atora y no llega al sensor,,,,,;no;no
2025-07-04;REA;Actuadores;3140CA029;18:51;18:53;2;Equipment Fault;Robots;R70;Vacuum system;no agrra gear,,,,,,;no;no
2025-07-04;REA;Actuadores;3140CA029;19:06;19:09;3;Maintenance;MAT;Consumables;Grease;cambio de grasa,,,,,,;no;no
2025-07-04;REA;Actuadores;3140CA029;19:37;19:39;2;Maintenance;731;731;Presence sensor;pin chueco,,,,,,;no;no
2025-07-04;REA;Actuadores;3140CA029;20:09;20:11;2;Maintenance;CHW;Consumables;Argon;cambio de tambo argon,,,,,,;no;no
2025-07-04;REA;Actuadores;3140CA029;20:27;20:29;2;Equipment Fault;Robots;R80;Gripper/tool adjustments;gripper no responde,,,,,,;no;no
2025-07-04;REA;Actuadores;3140CA029;20:42;20:44;2;Maintenance;MAT;St3;Feeder;tornillo atorado,,,,,,;no;no
2025-07-04;REA;Actuadores;3140CA029;21:05;21:07;2;Equipment Fault;Robots;R80;Gripper/tool adjustments;gripper no responde,,,,,,;no;no
2025-07-04;REA;Actuadores;3140CA029;21:21;21:23;2;Equipment Fault;Robots;R75;Motion supervision/Joint collision;gripper no abre,,,,,,;no;no
2025-07-04;REA;Actuadores;3140CA029;21:25;21:28;3;Production;Conveyors;C31;Presence sensor;blister en mal estado,,,,,,;no;no
2025-07-04;REA;Actuadores;3140CA029;21:30;21:40;10;Maintenance;Robots;R80;Gripper/tool adjustments;cambio de sensor dañado,,,,,,;no;no
2025-07-04;REA;Actuadores;3140CA029;22:30;22:41;11;Maintenance;REA;General;Checklist;Checklist,,,,,,;si;no
2025-07-04;REA;Actuadores;3140CA029;22:55;22:59;4;Maintenance;CHW;Consumables;Chip reel;Cambio chip reel,,,,,,;no;no
2025-07-04;REA;Actuadores;3140CA029;23:14;23:16;2;Quality;CHW;General;Scrapbox full;Scrap lleno,,,,,,;no;no
2025-07-04;REA;Actuadores;3140CA029;23:49;23:51;2;Equipment Fault;731;731;Feed piston;Cae mal el pin en el feeder,,,,,,;no;no
2025-07-05;REA;Actuadores;3140CA029;00:48;00:55;7;Equipment Fault;CHW;St4;Pressor;Scrap alto, soldadura nok, ajuste de pressor,,,,;no;no
2025-07-05;REA;Actuadores;3140CA029;05:24;05:28;4;Equipment Fault;EOL;St4;CRIO NOK;Reinicio de crio,,,,,,;no;no
2025-07-05;REA;Actuadores;3140CA029;02:43;02:46;3;Equipment Fault;EOL;St4;CRIO NOK;Reinicio crio,,,,,,;no;no
2025-07-05;REA;Actuadores;3140CA029;05:27;05:30;3;Maintenance;CHW;Consumables;Argon;Cambio argon,,,,,,;no;no
2025-07-05;REA;Actuadores;3140CA029;04:52;04:54;2;Maintenance;MAT;Consumables;Grease;Cambio grasa,,,,,,;no;no
2025-07-05;REA;Actuadores;3140CA029;05:59;06:03;4;Equipment Fault;CAW;General;Software/PC;No continua ciclo,,,,,,;no;no
2025-07-05;REA;Actuadores;3140CA029;07:00;07:10;10;Maintenance;REA;General;Checklist;checklist / entrega de muestras para liberacion,,,,,,;si;no
2025-07-05;REA;Actuadores;3140CA029;07:30;07:31;1;Equipment Fault;Robots;R70;Vacuum system;se le callo gear,,,,,,;no;no
2025-07-05;REA;Actuadores;3140CA029;07:15;07:16;1;Equipment Fault;CAW;Jig/Index;Blade orienter actuator;orientador no regresa,,,,,,;no;no
2025-07-05;REA;Actuadores;3140CA029;08:07;08:08;1;Equipment Fault;731;731;Feed piston;pin inclinado,,,,,,;no;no
2025-07-05;REA;Actuadores;3140CA029;09:52;09:56;4;Equipment Fault;CAW;General;Software/PC;no continuo ciclo,,,,,,;no;no
2025-07-05;REA;Actuadores;3140CA029;13:18;13:20;2;Equipment Fault;CHW;St2;Vacuum system;vacuum off,,,,,,;no;no
2025-07-05;REA;Actuadores;3140CA029;13:52;13:54;2;Equipment Fault;Robots;R75;Gripper/tool adjustments;cambio de cinta a gripper,,,,,,;no;no
2025-07-05;REA;Actuadores;3140CA029;14:42;14:44;2;Equipment Fault;Robots;R70;Motion supervision/Joint collision;ventosa rota, cambiar,,,,,;no;no
2025-07-05;REA;Actuadores;3140CA029;13:03;13:07;4;Maintenance;REA;General;Checklist;mil pcs, limpieza general,,,,,;no;no
2025-07-05;REA;Actuadores;3140CA029;14:52;14:54;2;Maintenance;CHW;Consumables;Chip reel;cambio de chip,,,,,,;no;no
2025-07-05;REA;Actuadores;3140CA029;15:21;15:23;2;Maintenance;731;731;Presence sensor;pin chueco,,,,,,;no;no
2025-07-05;REA;Actuadores;3140CA029;15:36;15:38;2;Maintenance;EOL;St4;CRIO NOK;reset de crio,,,,,,;no;no
2025-07-05;REA;Actuadores;3140CA029;16:17;16:19;2;Production;Conveyors;C31;Presence sensor;blister dañado,se queda atorado,,,,,;no;no
2025-07-05;REA;Actuadores;3140CA029;16:31;16:33;2;Maintenance;CHW;Consumables;Argon;cambio de argon,,,,,,;no;no
2025-07-05;REA;Actuadores;3140CA029;17:13;17:18;5;Equipment Fault;EOL;St1;PTC;alarma 1/o protinet,,,,,,;no;no
2025-07-05;REA;Actuadores;3140CA029;17:57;18:00;3;Equipment Fault;731;731;Presence sensor;pin chueco,,,,,,;no;no
2025-07-05;REA;Actuadores;3140CA029;18:00;18:02;2;Equipment Fault;Robots;R38;Motion supervision/Joint collision;robot stop,,,,,,;no;no
2025-07-05;REA;Actuadores;3140CA029;18:06;18:08;2;Equipment Fault;731;731;Presence sensor;doble pin,,,,,,;no;no
2025-07-05;REA;Actuadores;3140CA029;18:30;18:36;6;Maintenance;CCC;Consumables;Resin;cambio de resina,,,,,,;no;no
2025-07-05;REA;Actuadores;3140CA029;18:42;18:45;3;Equipment Fault;MAT;St3;Feeder;tornillo atorado,,,,,,;no;no
2025-07-05;REA;Actuadores;3140CA029;18:50;18:55;5;Equipment Fault;Main conveyor;Main conveyor;Lock NOK;lock nok,,,,,,;no;no
2025-07-05;REA;Actuadores;3140CA029;19:22;19:24;2;Maintenance;CHW;St4;Pressor;limpieza de puntas,,,,,,;no;no
2025-07-05;REA;Actuadores;3140CA029;19:48;19:50;2;Equipment Fault;MAT;St3;Feeder;tornillo atorado,,,,,,;no;no
2025-07-05;REA;Actuadores;3140CA029;20:16;20:18;2;Equipment Fault;Robots;R70;Vacuum system;se cae gear,,,,,,;no;no
2025-07-05;REA;Actuadores;3140CA029;20:30;20:40;10;Production;CAW;Jig/Index;Index not in home;pieza con buchin no deja cerrar jig en CAW,,,,,,;no;no
2025-07-05;REA;Actuadores;3140CA029;21:25;21:30;5;Equipment Fault;CAW;CPA;Feeder;crank invertido,,,,,,;no;no
2025-07-05;REA;Actuadores;3140CA029;21:34;21:36;2;Equipment Fault;Robots;R65;Gripper/tool adjustments;Gear caido,,,,,,;no;no
2025-07-05;REA;Actuadores;3140CA029;21:47;21:49;2;Equipment Fault;Robots;R65;Vacuum system;gear caido,,,,,,;no;no
2025-07-05;REA;Actuadores;3140CA029;21:51;21:53;2;Equipment Fault;731;731;Presence sensor;pin chueco,,,,,,;no;no
2025-07-05;REA;Actuadores;3140CA029;21:56;21:58;2;Equipment Fault;Robots;R38;Gripper/tool adjustments;no avanza,,,,,,;no;no
2025-07-05;REA;Actuadores;3140CA029;22:10;22:30;20;Maintenance;REA;General;Pneumatic System;Se solicita por mtto una intervencion para una instalacion antes del cierre de turno,,,,,,;no;no
2025-07-07;REA;Actuadores;3140CA029;11:52;11:59;7;Maintenance;Robots;R80;Incorrect pick/place;Orlando revisa posicion en CAW, desconocido,,,,,;no;no
2025-07-07;REA;Actuadores;3140CA029;12:01;12:05;4;Maintenance;Robots;R70;Gripper/tool adjustments;Orlando solicita revisar pisador,,,,,,;no;no
2025-07-07;REA;Actuadores;3140CA029;12:05;12:06;1;Equipment Fault;Robots;R80;Incorrect pick/place;Gripper no abre correctamente, por pick/place, posible desgaste en cilindro,,,,;no;no
2025-07-07;REA;Actuadores;3140CA029;07:00;08:40;100;Quality;REA;General;SOP;Esperando Liberacion despues de paro por fin de semana, se aprovecha para mantenimiento,,,,,;si;no
2025-07-07;REA;Actuadores;3140CA029;08:40;09:40;60;Maintenance;EOL;General;Scheduled maintenance;Mantenimiento jigs 6,1,2 limpieza del cilindro del jig y cambio de pines de control,,,,;no;no
2025-07-07;REA;Actuadores;3140CA029;14:05;14:06;1;Equipment Fault;Robots;R65;Motion supervision/Joint collision;Motion sup, sospecha de ser por la manguera y ajustes de los ultimos dias,,,,,;no;no
2025-07-07;REA;Actuadores;3140CA029;10:50;10:51;1;Equipment Fault;Robots;R65;Motion supervision/Joint collision;Motion sup, sospecha de ser por la manguera y ajustes de los ultimos dias,,,,,;no;no
2025-07-07;REA;Actuadores;3140CA029;14:02;14:55;53;Equipment Fault;USW;St14;Lower Jig;Rebaba, limpieza,,,,,;no;no
2025-07-07;REA;Actuadores;3140CA029;14:56;14:58;2;Maintenance;CHW;Consumables;Argon;Cambio de argon,,,,,,;no;no
2025-07-07;REA;Actuadores;3140CA029;15:25;15:26;1;Production;Conveyors;C37;Presence sensor;motor invertido,,,,,,;no;no
2025-07-07;REA;Actuadores;3140CA029;16:16;16:18;2;Equipment Fault;Robots;R33;Motion supervision/Joint collision;bloster dañado,,,,,,;no;no
2025-07-07;REA;Actuadores;3140CA029;17:40;17:46;6;Quality;CAW;CPA;Feeder;fallo señal free,,,,,,;no;no
2025-07-07;REA;Actuadores;3140CA029;17:10;17:13;3;Production;Conveyors;C37;Presence sensor;bliste deñado,,,,,,;no;no
2025-07-07;REA;Actuadores;3140CA029;17:23;17:27;4;Production;Conveyors;C37;Presence sensor;blister dañado,,,,,,;no;no
2025-07-07;REA;Actuadores;3140CA029;18:18;18:23;5;Maintenance;MAT;Consumables;Grease;cambio de grasa,,,,,,;no;no
2025-07-07;REA;Actuadores;3140CA029;18:29;18:30;1;Equipment Fault;Robots;R70;Vacuum system;vacuum tira gear,,,,,,;no;no
2025-07-07;REA;Actuadores;3140CA029;18:37;18:38;1;Equipment Fault;Robots;R70;Vacuum system;vacuum tira gear,,,,,,;no;no
2025-07-07;REA;Actuadores;3140CA029;18:40;18:50;10;Maintenance;CHW;Consumables;Chip reel;se cambia chip, se tomo mas del tiepo estimado y que no se contaba con stock en linia y se busco.,,,,,;no;no
2025-07-07;REA;Actuadores;3140CA029;19:08;19:10;2;Production;Conveyors;C31;Presence sensor;blister dañado,,,,,,;no;no
2025-07-07;REA;Actuadores;3140CA029;19:16;19:17;1;Equipment Fault;731;731;Presence sensor;pin chueco,,,,,,;no;no
2025-07-07;REA;Actuadores;3140CA029;19:00;19:05;5;Maintenance;REA;General;Checklist;checklist CAW, EOL,CHW,,,,;si;no
2025-07-07;REA;Actuadores;3140CA029;20:21;20:23;2;Equipment Fault;Robots;R70;Vacuum system;vacuum tira gear,,,,,,;no;no
2025-07-07;REA;Actuadores;3140CA029;20:37;20:39;2;Equipment Fault;Conveyors;C36;Presence sensor;piston no abre y se queda atorado pallet,,,,,,;no;no
2025-07-07;REA;Actuadores;3140CA029;21:15;21:17;2;Equipment Fault;Robots;R70;Vacuum system;tira gear,,,,,,;no;no
2025-07-07;REA;Actuadores;3140CA029;21:21;21:23;2;Equipment Fault;Conveyors;C36;Presence sensor;no abre sensor pallet atorado,,,,,,;no;no
2025-07-07;REA;Actuadores;3140CA029;21:54;21:55;1;Equipment Fault;Robots;R65;Vacuum system;no coloca gear en posicion,,,,,,;no;no
2025-07-07;REA;Actuadores;3140CA029;22:30;22:38;8;Maintenance;REA;General;Checklist;Checklist,,,,,,;si;no
2025-07-07;REA;Actuadores;3140CA029;22:28;22:43;15;Equipment Fault;Main conveyor;Main conveyor;Singulator NOK;Singulator falla al salir,,,,,,;no;no
2025-07-07;REA;Actuadores;3140CA029;23:20;23:26;6;Equipment Fault;CAW;Jig/Index;Index not in home;Fallo de insertar crank, se manda a home,,,,,;no;no
2025-07-08;REA;Actuadores;3140CA029;02:16;02:18;2;Maintenance;CHW;Consumables;Argon;Cambio de argon,,,,,,;no;no
2025-07-08;REA;Actuadores;3140CA029;03:15;03:21;6;Maintenance;CCC;Consumables;Resin;Cambio de resina,,,,,,;no;no
2025-07-08;REA;Actuadores;3140CA029;03:21;03:23;2;Equipment Fault;731;731;Bowl/Lineal feeder;Pim atorado en feeder,,,,,,;no;no
2025-07-08;REA;Actuadores;3140CA029;06:02;06:04;2;Equipment Fault;731;731;Bowl/Lineal feeder;pin atorado,,,,,,;no;no
2025-07-08;REA;Actuadores;3140CA029;06:14;06:18;4;Maintenance;CHW;St4;Pressor;Limpieza de pressor,,,,,,;no;no
2025-07-08;REA;Actuadores;3140CA029;06:20;06:22;2;Equipment Fault;731;731;Bowl/Lineal feeder;Pin atorado,,,,,,;no;no
2025-07-08;REA;Actuadores;3140CA029;06:30;06:32;2;Equipment Fault;USW;St14;Lower Jig;Se limpia jig por scrap consecutivo,,,,,,;no;no
2025-07-07;REA;Actuadores;3140CA029;07:00;07:10;10;Maintenance;REA;General;Checklist;diario,,,,,,;no;no
2025-07-07;REA;Actuadores;3140CA029;07:10;07:35;25;Maintenance;Main conveyor;General;TBD;Orlando/Tadeo prueban cambio de posicion sensor (reducir tiempo?), no impacta en secuencia, pendiente revisar logica,,,,;no;no
2025-07-07;REA;Actuadores;3140CA029;07:37;07:39;2;Quality;REA;General;Test approval;Calidad solicita otro burst test para verificar,,,,,,;no;no
2025-07-08;REA;Actuadores;3140CA029;08:30;08:32;2;Equipment Fault;Robots;R33;Motion supervision/Joint collision;blister encimado no cerro lock de conveyor,,,,,,;no;no
2025-07-08;REA;Actuadores;3140CA029;09:42;09:45;3;Equipment Fault;EOL;St4;CRIO NOK;Crio power supply NOK, reiniciar fuente,,,,,;no;no
2025-07-08;REA;Actuadores;3140CA029;10:30;10:31;1;Equipment Fault;EOL;General;Software/PC;alarma i/o module,,,,,,;no;no
2025-07-08;REA;Actuadores;3140CA029;10:33;10:34;1;Equipment Fault;731;731;Feed piston;pin inclinado,,,,,,;no;no
2025-07-08;REA;Actuadores;3140CA029;10:41;10:47;6;Maintenance;REA;General;Checklist;Estimado 500 por paro CAW, se realiza completo, pendiente cambio chip, NO EOL por paros anteriores,,,;no;no
2025-07-08;REA;Actuadores;3140CA029;11:44;11:46;2;Maintenance;CHW;Consumables;Chip reel;cambio de chip,,,,,,;no;no
2025-07-08;REA;Actuadores;3140CA029;13:20;13:25;5;Equipment Fault;EOL;St3;Gripper NOK;5 scraps aprox, calibrar gripper,,,,,;no;no
2025-07-08;REA;Actuadores;3140CA029;14:31;14:32;1;Equipment Fault;731;731;Feed piston;pin inclinado,,,,,,;no;no
2025-07-08;REA;Actuadores;3140CA029;14:44;14:45;1;Equipment Fault;Main conveyor;Main conveyor;Singulator NOK;pallet atorado por singulator,,,,,,;no;no
2025-07-08;REA;Actuadores;3140CA029;15:27;15:29;2;Equipment Fault;Conveyors;C36;Presence sensor;piston no abre pallet atorado,,,,,,;no;no
2025-07-08;REA;Actuadores;3140CA029;15:50;15:51;1;Equipment Fault;Robots;R70;Vacuum system;vacuum tira gear,,,,,,;no;no
2025-07-08;REA;Actuadores;3140CA029;16:35;16:46;11;Equipment Fault;Aux;805;Presence sensor;se queda en espera y choca con R65,,,,,,;no;no
2025-07-08;REA;Actuadores;3140CA029;16:52;16:56;4;Maintenance;REA;General;Scheduled maintenance;se alarma compresor por bajon de luz,,,,,,;no;no
2025-07-08;REA;Actuadores;3140CA029;17:10;17:12;2;Equipment Fault;750;750;Feed piston;se queda atorada la pieza,,,,,,;no;no
2025-07-08;REA;Actuadores;3140CA029;19:19;19:21;2;Equipment Fault;Robots;R65;Motion supervision/Joint collision;no avanza y se cae gear,,,,,,;no;no
2025-07-08;REA;Actuadores;3140CA029;20:10;20:22;12;Equipment Fault;CCC;General;PLC ;se sale de app y no avanza,,,,,,;no;no
2025-07-08;REA;Actuadores;3140CA029;19:30;19:35;5;Maintenance;REA;General;Checklist;checklist CAW,EOL,CHW,,,,;si;no
2025-07-08;REA;Actuadores;3140CA029;20:31;20:34;3;Maintenance;MAT;Consumables;Grease;cambio de grasa,,,,,,;no;no
2025-07-08;REA;Actuadores;3140CA029;20:46;20:48;2;Equipment Fault;Conveyors;C36;Presence sensor;piston no abre pallet atorado,,,,,,;no;no
2025-07-08;REA;Actuadores;3140CA029;20:52;20:54;2;Production;MAT;St3;Feeder;se queda sin tornillo feeder,,,,,,;no;no
2025-07-08;REA;Actuadores;3140CA029;21:12;21:14;2;Equipment Fault;Conveyors;C65;Presence sensor;blister atorado,,,,,,;no;no
2025-07-08;REA;Actuadores;3140CA029;21:20;21:21;1;Quality;731;731;Presence sensor;pin chueco,,,,,,;no;no
2025-07-08;REA;Actuadores;3140CA029;21:24;21:34;10;Equipment Fault;CAW;CPA;SCARA;falla de señal de area segura robot,,,,,,;no;no
2025-07-08;REA;Actuadores;3140CA029;21:58;22:00;2;Equipment Fault;750;750;Feed piston;se queda abajo atorado en pieza,,,,,,;no;no
2025-07-08;REA;Actuadores;3140CA029;22:00;22:02;2;Quality;Robots;R65;Vacuum system;vacuum, no deja gear,,,,,;no;no
2025-07-08;REA;Actuadores;3140CA029;22:12;22:15;3;Equipment Fault;731;731;Feed piston;pallets atorados,,,,,,;no;no
2025-07-08;REA;Actuadores;3140CA029;22:30;22:35;5;Equipment Fault;731;731;Bowl/Lineal feeder;Piston del feeder salio con la prensa aun abajo, golpeando y dañando la fibra del sensor de presencia,,,,,;no;no
2025-07-08;REA;Actuadores;3140CA029;22:35;22:43;8;Maintenance;REA;General;Checklist;Checklist,,,,,,;si;no
2025-07-08;REA;Actuadores;3140CA029;23:27;23:30;3;Equipment Fault;731;General;PLC ;Nuevamente piston del feeder sale con la prensa aun abajo y golpea,,,,,,;no;no
2025-07-08;REA;Actuadores;3140CA029;23:24;23:29;5;Production;REA;General;No staff;Falla menor (vaccum) en REA. Tecnico atendiendo en actuador, ingeniero atendiendo en moldeo. No se reporta que la linea esta en paro y no se atienda hasta que se regresa de la otra intervencion,,,,,;no;no
2025-07-09;REA;Actuadores;3140CA029;02:26;02:28;2;Equipment Fault;Robots;R65;Motion supervision/Joint collision;Motion supervision,,,,,,;no;no
2025-07-09;REA;Actuadores;3140CA029;02:42;02:44;2;Equipment Fault;USW;St14;Lower Jig;Se limpia jig por acumulacion de rebaba,,,,,,;no;no
2025-07-09;REA;Actuadores;3140CA029;03:03;03:05;2;Equipment Fault;Conveyors;C37;TBD;Blister de motor se regresan,,,,,,;no;no
2025-07-09;REA;Actuadores;3140CA029;03:24;03:28;4;Equipment Fault;USW;St14;Lower Jig;Se revisa jig por scrap consecutivo,,,,,,;no;no
2025-07-09;REA;Actuadores;3140CA029;03:30;03:32;2;Equipment Fault;Robots;R65;Motion supervision/Joint collision;Motion supervision por manguera,,,,,,;no;no
2025-07-09;REA;Actuadores;3140CA029;04:29;04:33;4;Equipment Fault;731;731;Bowl/Lineal feeder;Choca con feed piston,,,,,,;no;no
2025-07-09;REA;Actuadores;3140CA029;04:39;04:46;7;Maintenance;CHW;Consumables;Chip reel;Cambio de chip,,,,,,;no;no
2025-07-09;REA;Actuadores;3140CA029;04:50;04:54;4;Equipment Fault;Conveyors;C37;Presence sensor;Sensor no detectaba blister,,,,,,;no;no
2025-07-09;REA;Actuadores;3140CA029;05:05;05:08;3;Equipment Fault;Conveyors;C37;Presence sensor;Sensor no detecta el blister por quebrado,,,,,,;no;no
2025-07-09;REA;Actuadores;3140CA029;05:19;05:22;3;Equipment Fault;Robots;R70;Vacuum system;Cambio de ventosas,,,,,,;no;no
2025-07-09;REA;Actuadores;3140CA029;06:15;06:18;3;Maintenance;CHW;St4;Pressor;Se hace limpia de pressor,,,,,,;no;no
2025-07-09;REA;Actuadores;3140CA029;06:20;06:23;3;Equipment Fault;Main conveyor;Main conveyor;Inductive sensor;Sensor no detecta pallet, no continua secuencia,,,,,;no;no
2025-07-09;REA;Actuadores;3140CA029;06:24;06:26;2;Equipment Fault;Robots;R65;Motion supervision/Joint collision;Motion supervision por manguera,,,,,,;no;no
2025-07-09;REA;Actuadores;3140CA029;06:53;06:55;2;Equipment Fault;Conveyors;C31;Presence sensor;Sensor no detecta blister porque venia danado,,,,,,;no;no
2025-07-09;REA;Actuadores;3140CA029;07:00;07:20;20;Maintenance;REA;General;Checklist;checklist en estaciones CAW, USW, CHW, servicio extractor de humo antichispas,,,;si;no
2025-07-09;REA;Actuadores;3140CA029;07:25;07:26;1;Equipment Fault;731;731;Feed piston;pin inclinado,,,,,,;no;no
2025-07-09;REA;Actuadores;3140CA029;07:27;07:28;1;Maintenance;731;General;Electrical system;guia de cable suelta, se reparo,,,,,;no;no
2025-07-09;REA;Actuadores;3140CA029;07:40;07:45;5;Equipment Fault;USW;St11;Weld NOK;cambio de cinta en jig por mal soldadura y pruebas de burst test,,,,,,;no;no
2025-07-09;REA;Actuadores;3140CA029;09:44;09:47;3;Production;Conveyors;General;Empty conveyor/feeder;Se vacian conveyors,,,,,,;no;no
2025-07-09;REA;Actuadores;3140CA029;09:50;09:55;5;Quality;Conveyors;General;Blister NOK/Wrong PN;Blister dañado, magnet shafts fuera de posicion,  ms atorado en jig de msa causa colision,,,,;no;no
2025-07-09;REA;Actuadores;3140CA029;13:50;13:52;2;Equipment Fault;Conveyors;C31;Presence sensor;sensor no detecto por blister dañado,,,,,,;no;no
2025-07-09;REA;Actuadores;3140CA029;14:42;14:43;1;Production;Conveyors;C31;TBD;Blisters acumulados rapmpa inferior,,,,,,;no;no
2025-07-09;REA;Actuadores;3140CA029;13:15;13:20;5;Equipment Fault;EOL;St3;Gripper NOK;Scraps, calibracion gripper,,,,,;no;no
2025-07-09;REA;Actuadores;3140CA029;13:23;13:25;2;Equipment Fault;Main conveyor;Main conveyor;Singulator NOK;Pallet atorado con singulator,,,,,,;no;no
2025-07-09;REA;Actuadores;3140CA029;13:25;13:35;10;Equipment Fault;CAW;General;Software/PC;No continua ciclo por falta de memoria, comenzar back ups, pendiente upgrade,,,,;no;no
2025-07-09;REA;Actuadores;3140CA029;11:01;11:05;4;Production;MAT;St3;Feeder;Falta de material,,,,,,;no;no
2025-07-09;REA;Actuadores;3140CA029;11:05;11:15;10;Material/Logistics;CAW;CPA;Feeder;Falta de material, no disponible en area, operador no surte, operador provisional,,,;no;no
2025-07-09;REA;Actuadores;3140CA029;11:15;11:20;5;Maintenance;CCC;Consumables;Resin;Cambio de resina,,,,,,;no;no
2025-07-09;REA;Actuadores;3140CA029;11:20;11:55;35;Quality;CHW;St4;Pressor;FOD, pedazo de plastico cristalino en cover, causa covers soldados sospechozos, se vacian de pallets y CCC, se cambian puntas por residuos,,;no;no
2025-07-08;REA;Actuadores;3140CA029;09:11;09:15;4;Equipment Fault;EOL;St4;CRIO NOK;Falla crio impacta en st2 y st4, anterior a esta falla se confirma ya se habia reiniciado NI app, se volvio a reiniciar para poder restablecer,,,,;no;no
2025-07-08;REA;Actuadores;3140CA029;07:00;07:10;10;Maintenance;REA;General;Checklist;Diario,,,,,,;no;no
2025-07-09;REA;Actuadores;3140CA029;15:17;15:19;2;Equipment Fault;Conveyors;C36;Presence sensor;no abre piston, pallet atorado,,,,,;no;no
2025-07-09;REA;Actuadores;3140CA029;15:25;15:27;2;Equipment Fault;Main conveyor;Main conveyor;Lock NOK;pallet atorado,,,,,,;no;no
2025-07-09;REA;Actuadores;3140CA029;15:48;15:50;2;Production;730;730;Bowl/Lineal feeder;vibro press sin material,,,,,,;no;no
2025-07-09;REA;Actuadores;3140CA029;15:57;16:02;5;Equipment Fault;CAW;CPA;Feeder;crank invertido,,,,,,;no;no
2025-07-09;REA;Actuadores;3140CA029;16:06;16:08;2;Equipment Fault;Robots;R70;Vacuum system;no agarra gear,,,,,,;no;no
2025-07-09;REA;Actuadores;3140CA029;16:14;16:15;1;Equipment Fault;Robots;R65;Vacuum system;se cae gear,,,,,,;no;no
2025-07-09;REA;Actuadores;3140CA029;16:17;16:18;1;Equipment Fault;750;750;Tool ;lock nok,,,,,,;no;no
2025-07-09;REA;Actuadores;3140CA029;16:30;16:35;5;Maintenance;MAT;Consumables;Grease;cambio de grasa,,,,,,;no;no
2025-07-09;REA;Actuadores;3140CA029;16:57;17:00;3;Equipment Fault;Robots;R65;Motion supervision/Joint collision;falla no detecta gear,,,,,,;no;no
2025-07-09;REA;Actuadores;3140CA029;16:40;16:45;5;Maintenance;Robots;R70;Vacuum system;cambio de ventosas,,,,,,;no;no
2025-07-09;REA;Actuadores;3140CA029;17:16;17:20;4;Equipment Fault;Main conveyor;Main conveyor;RFID Reader;falla RFID zona 750,,,,,,;no;no
2025-07-09;REA;Actuadores;3140CA029;17:24;17:27;3;Equipment Fault;Conveyors;C37;Presence sensor;blister atorado,,,,,,;no;no
2025-07-09;REA;Actuadores;3140CA029;17:37;17:40;3;Equipment Fault;Robots;R65;Motion supervision/Joint collision;no avanza no deja gear,,,,,,;no;no
2025-07-09;REA;Actuadores;3140CA029;17:51;17:53;2;Equipment Fault;Robots;R70;Gripper/tool adjustments;vacuum off,,,,,,;no;no
2025-07-09;REA;Actuadores;3140CA029;17:57;18:00;3;Maintenance;CHW;Consumables;Argon;cambio de argon,,,,,,;no;no
2025-07-09;REA;Actuadores;3140CA029;18:00;18:02;2;Equipment Fault;Conveyors;C55;Belt;blister atorado,,,,,,;no;no
2025-07-09;REA;Actuadores;3140CA029;18:03;18:06;3;Equipment Fault;CAW;Jig/Index;Ingun actuator;ingun st3 falla,,,,,,;no;no
2025-07-09;REA;Actuadores;3140CA029;18:07;18:08;1;Equipment Fault;Robots;R80;Gripper/tool adjustments;gripper 1 no abre,,,,,,;no;no
2025-07-09;REA;Actuadores;3140CA029;18:11;18:13;2;Equipment Fault;620;620;Feed piston;press sde. piston,,,,,,;no;no
2025-07-09;REA;Actuadores;3140CA029;18:33;18:35;2;Production;Conveyors;C37;Presence sensor;blister dañado,,,,,,;no;no
2025-07-09;REA;Actuadores;3140CA029;18:42;18:45;3;Equipment Fault;731;731;Presence sensor;pin chueco,,,,,,;no;no
2025-07-09;REA;Actuadores;3140CA029;18:56;18:59;3;Equipment Fault;731;731;Presence sensor;pin chueco,,,,,,;no;no
2025-07-09;REA;Actuadores;3140CA029;19:00;19:10;10;Maintenance;REA;General;Checklist;checklist diario,,,,,,;si;no
2025-07-09;REA;Actuadores;3140CA029;21:00;21:03;3;Equipment Fault;731;731;Presence sensor;pin chueco,,,,,,;no;no
2025-07-09;REA;Actuadores;3140CA029;21:14;21:17;3;Equipment Fault;Robots;R65;Motion supervision/Joint collision;no deje gear,,,,,,;no;no
2025-07-09;REA;Actuadores;3140CA029;21:22;21:25;3;Equipment Fault;Robots;R33;Motion supervision/Joint collision;falla gripper,,,,,,;no;no
2025-07-09;REA;Actuadores;3140CA029;22:30;22:38;8;Maintenance;REA;General;Checklist;Checklist,,,,,,;si;no
2025-07-09;REA;Actuadores;3140CA029;22:42;22:46;4;Production;Robots;R65;Motion supervision/Joint collision;Robot colisiona al tomar gear por mal acomodo de gear,,,,,,;no;no
2025-07-10;REA;Actuadores;3140CA029;00:15;00:19;4;Equipment Fault;EOL;St3;Gripper NOK;Error signal,,,,,,;no;no
2025-07-10;REA;Actuadores;3140CA029;00:34;00:37;3;Equipment Fault;Robots;R65;Motion supervision/Joint collision;Motion supervision,,,,,,;no;no
2025-07-10;REA;Actuadores;3140CA029;02:40;02:42;2;Equipment Fault;Robots;R65;Motion supervision/Joint collision;Motion supervision por manguera,,,,,,;no;no
2025-07-10;REA;Actuadores;3140CA029;02:48;02:50;2;Equipment Fault;Robots;R75;Gripper/tool adjustments;No abre correctamente el gripper,,,,,,;no;no
2025-07-10;REA;Actuadores;3140CA029;03:03;03:10;7;Maintenance;REA;General;Checklist;Checklist,,,,,,;si;no
2025-07-10;REA;Actuadores;3140CA029;03:19;03:21;2;Equipment Fault;Robots;R75;Motion supervision/Joint collision;Robot colisiona al poner cover,,,,,,;no;no
2025-07-10;REA;Actuadores;3140CA029;05:39;07:00;81;Equipment Fault;CAW;General;Software/PC;CAW no continua ciclo y falla de comunicacion entre aplicaciones, se reinicia y se vacia memoria interna,,,,,;no;no
2025-07-10;REA;Actuadores;3140CA029;07:00;13:30;390;Equipment Fault;CAW;General;Software/PC;Aplicaciones dejan de funcionar, archivos de configuración corrompidos, se recibe soporte exagon,,,,;no;no
2025-07-10;REA;Actuadores;3140CA029;13:30;15:00;90;Quality;REA;General;SOP;En espera de liberacion despues de paro mayor por archivos corrompidos en CAW, se actualizan param de offset y sv, camara se cambia de posicion,,,,;no;no
2025-07-10;REA;Actuadores;3140CA029;15:00;16:00;60;Quality;CAW;LWS;NOK Condition;Liberacion calidad,,,,,,;si;no
2025-07-10;REA;Actuadores;3140CA029;16:00;16:03;3;Equipment Fault;Robots;R70;Vacuum system;Se cae gear,,,,,,;no;no
2025-07-10;REA;Actuadores;3140CA029;16:09;16:11;2;Equipment Fault;Robots;R70;Vacuum system;Vacuum off,,,,,,;no;no
2025-07-10;REA;Actuadores;3140CA029;16:13;16:15;2;Equipment Fault;Robots;R70;Vacuum system;Se cae gear,,,,,,;no;no
2025-07-10;REA;Actuadores;3140CA029;16:27;16:37;10;Maintenance;CAW;LSW;Vision system;Alto scrap,,,,,,;no;no
2025-07-10;REA;Actuadores;3140CA029;16:55;16:58;3;Equipment Fault;CAW;LSW;Vision system;Alto scrap,,,,,,;no;no
2025-07-10;REA;Actuadores;3140CA029;16:58;17:00;2;Maintenance;USW;St14;Lower Jig;Cambio de goma,,,,,,;no;no
2025-07-10;REA;Actuadores;3140CA029;17:10;17:20;10;Equipment Fault;CAW;LSW;Vision system;Ajuste SV - Autorizacion Orlando,,,,,,;no;no
2025-07-10;REA;Actuadores;3140CA029;22:30;22:09;-21;Maintenance;REA;General;Checklist;Checklist, cambio goma USW,,,,,;si;no
2025-07-10;REA;Actuadores;3140CA029;00:02;00:04;2;Equipment Fault;Main conveyor;Main conveyor;Inductive sensor;Sensor no detectaba pallet,,,,,,;no;no
2025-07-10;REA;Actuadores;3140CA029;00:31;00:33;2;Equipment Fault;Robots;R70;Vacuum system;Vacuum off,,,,,,;no;no
2025-07-10;REA;Actuadores;3140CA029;00:33;00:36;3;Equipment Fault;USW;St14;Lower Jig;Se limpia jig por rebaba acumulada,,,,,,;no;no
2025-07-10;REA;Actuadores;3140CA029;00:39;00:42;3;Equipment Fault;Robots;R70;Vacuum system;Vacuum off,,,,,,;no;no
2025-07-11;REA;Actuadores;3140CA029;00:39;00:42;3;Equipment Fault;Robots;R70;Vacuum system;Vacuum off,,,,,,;no;no
2025-07-11;REA;Actuadores;3140CA029;00:46;00:50;4;Equipment Fault;Robots;R70;Vacuum system;Se cambian ventosas por falla constante al poner gear,,,,,,;no;no
2025-07-11;REA;Actuadores;3140CA029;00:53;00:55;2;Equipment Fault;Robots;R65;Motion supervision/Joint collision;Motion supervision,,,,,,;no;no
2025-07-11;REA;Actuadores;3140CA029;00:57;00:59;2;Equipment Fault;USW;St14;Lower Jig;Se revisa jig por scrap consecutivo,,,,,,;no;no
2025-07-11;REA;Actuadores;3140CA029;01:42;01:44;2;Equipment Fault;USW;St14;Lower Jig;Limpieza por scrap alto,,,,,,;no;no
2025-07-11;REA;Actuadores;3140CA029;01:04;01:06;2;Equipment Fault;731;731;Vacuum;No alimento correctamente el pin al feed piston,,,,,,;no;no
2025-07-11;REA;Actuadores;3140CA029;01:14;01:16;2;Production;Conveyors;General;TBD;Blister en la parte inferior del conveyor evita que alimente el siguiente blister,,,,,,;no;no
2025-07-11;REA;Actuadores;3140CA029;02:27;02:29;2;Production;730;730;Bowl/Lineal feeder;Falta de material,,,,,,;no;no
2025-07-11;REA;Actuadores;3140CA029;02:31;02:33;2;Equipment Fault;USW;St14;Lower Jig;Se revisa jig por scrap consecutivo,,,,,,;no;no
2025-07-11;REA;Actuadores;3140CA029;02:33;02:35;2;Equipment Fault;731;731;Bowl/Lineal feeder;No llega pin a lineal feeder, se reinicia ciclo en hmi,,,,,;no;no
2025-07-11;REA;Actuadores;3140CA029;02:35;02:37;2;Equipment Fault;Robots;R38;Safety system;Al arrancar linea, robot controlador no enciende motor, se pdrende manual,,,,;no;no
2025-07-11;REA;Actuadores;3140CA029;02:43;02:45;2;Equipment Fault;Robots;R65;Motion supervision/Joint collision;Motion supervision por manguera,,,,,,;no;no
2025-07-11;REA;Actuadores;3140CA029;03:18;03:26;8;Equipment Fault;USW;St11;Weld NOK;Scrap consecutivo,,,,,,;no;no
2025-07-11;REA;Actuadores;3140CA027;04:30;07:00;150;Maintenance;REA;General;Change Over;Vaciado, SETUP, llenar secuencia, SOP,,,;si;no
2025-07-11;REA;Actuadores;3140CA027;03:40;03:55;15;Equipment Fault;USW;St11;Weld NOK;Scrap muy alto,,,,,,;no;no
2025-07-11;COVER LINE;Line 1;FORD;14:43;14:45;2;Maintenance;ST10 Conveyor;General;Test approval;test,,,,,,;no;no
2025-07-10;REA;Actuadores;3140CA027;07:00;14:00;420;Equipment Fault;CAW;LSW;Vision system;Falla offset camara, posicion nok, soldadura descentrada por offset de camara, debugging tardado, multiples muestras, se corrigio al acomodar camara, ajustar mesa y herramientas de sistema de vision;no;no
2025-07-10;REA;Actuadores;3140CA027;14:00;15:00;60;Quality;REA;General;Change Over;Esperando liberacion stellantis 27,,,,,,;si;no
2025-07-11;REA;Actuadores;3140CA029;15:00;17:15;135;Quality;REA;General;SOP;liberacion,,,,,,;no;no
2025-07-11;REA;Actuadores;3140CA029;17:22;17:24;2;Maintenance;EOL;St3;Gripper NOK;ajuste st3,,,,,,;no;no
2025-07-11;REA;Actuadores;3140CA029;17:27;17:30;3;Production;EOL;St3;Gripper NOK;ajuste st3,,,,,,;no;no
2025-07-11;REA;Actuadores;3140CA029;17:57;18:00;3;Equipment Fault;Robots;R70;Motion supervision/Joint collision;se queda insrtando gear,,,,,,;no;no
2025-07-11;REA;Actuadores;3140CA029;18:21;18:23;2;Equipment Fault;Conveyors;C36;Presence sensor;pallet atorado,,,,,,;no;no
2025-07-11;REA;Actuadores;3140CA029;18:38;18:40;2;Quality;731;731;Presence sensor;pin chueco,,,,,,;no;no
2025-07-11;REA;Actuadores;3140CA029;18:51;18:53;2;Maintenance;CHW;St4;Pressor;cambio de pines,,,,,,;no;no
2025-07-11;REA;Actuadores;3140CA029;19:48;19:51;3;Equipment Fault;Main conveyor;Main conveyor;Lock NOK;se queda pallet atorado,,,,,,;no;no
2025-07-11;REA;Actuadores;3140CA029;20:06;20:08;2;Production;Conveyors;C31;Presence sensor;blister en mal estado,,,,,,;no;no
2025-07-11;REA;Actuadores;3140CA029;20:17;20:19;2;Production;Conveyors;C31;Presence sensor;blister dañado y se atora en piston,,,,,,;no;no
2025-07-11;REA;Actuadores;3140CA029;20:55;21:00;5;Maintenance;REA;General;Checklist;checklist diario,,,,,,;si;no
2025-07-11;REA;Actuadores;3140CA029;21:02;21:05;3;Equipment Fault;Robots;R80;Gripper/tool adjustments;gripper 1 NOK,,,,,,;no;no
2025-07-11;REA;Actuadores;3140CA029;21:35;21:40;5;Maintenance;CHW;Consumables;Chip reel;cambio de chip,,,,,,;no;no
2025-07-11;REA;Actuadores;3140CA029;22:30;22:39;9;Equipment Fault;REA;General;Checklist;Checklist,,,,,,;si;no
2025-07-11;REA;Actuadores;3140CA029;22:40;22:42;2;Equipment Fault;Robots;R75;Gripper/tool adjustments;Gripper 1 no abre correctamente,,,,,,;no;no
2025-07-11;REA;Actuadores;3140CA029;23:04;23:09;5;Quality;MAT;General;Scrapbox full;Scrap box full,,,,,,;no;no
2025-07-11;REA;Actuadores;3140CA029;23:11;23:13;2;Equipment Fault;Main conveyor;Main conveyor;Lock NOK;Pallet atorado por locking,,,,,,;no;no
2025-07-11;REA;Actuadores;3140CA029;23:18;23:21;3;Equipment Fault;EOL;St2;Gripper NOK;St 2 overload,,,,,,;no;no
2025-07-11;REA;Actuadores;3140CA029;23:21;23:25;4;Production;CHW;General;NOK material;Material mezclado stellantis con ford,,,,,,;no;no
2025-07-11;REA;Actuadores;3140CA029;00:32;00:35;3;Maintenance;CHW;Consumables;Chip reel;Cambio de argon,,,,,,;no;no
2025-07-12;REA;Actuadores;3140CA027;01:14;01:16;2;Maintenance;MAT;Consumables;Grease;Cambio grasa,,,,,,;no;no
2025-07-12;REA;Actuadores;3140CA029;02:44;02:51;7;Equipment Fault;USW;St14;Lower Jig;Se revisa actuador por altp scrap consecutivo,,,,,,;no;no
2025-07-12;REA;Actuadores;3140CA029;05:02;05:07;5;Quality;MAT;General;Scrapbox full;Scrap full box,,,,,,;no;no
2025-07-12;REA;Actuadores;3140CA029;05:08;05:13;5;Equipment Fault;CAW;CPA;Feeder;Crank atorado,,,,,,;no;no
2025-07-12;REA;Actuadores;3140CA029;04:48;04:51;3;Equipment Fault;Robots;R65;Motion supervision/Joint collision;Robot colisiona con estacion 805 al voltear gear,,,,,,;no;no
2025-07-12;REA;Actuadores;3140CA027;07:00;07:10;10;Maintenance;REA;General;Checklist;diario,,,,,,;no;no
2025-07-12;REA;Actuadores;3140CA027;07:10;07:42;32;Equipment Fault;CHW;St4;Pressor;Soldadura nok, scraps continuos, ajuste y mantenimiento,,,,;no;no
2025-07-12;REA;Actuadores;3140CA027;09:00;09:07;7;Equipment Fault;USW;St14;Lower Jig;Scraps por rebaba, limpieza con aspiradora del area,,,,,;no;no
2025-07-12;REA;Actuadores;3140CA027;10:30;11:10;40;Equipment Fault;MAT;St3;Feeder;Tornillos atorados en feeder de intoco causan se acumulen tornillos en screwdriver, scraps continuos, manguera de tornillos estaba en posicion NOK, se revisa cilindro de alimentador,,,;no;no
2025-07-12;REA;Actuadores;3140CA027;14:10;14:14;4;Production;Conveyors;General;Blister NOK/Wrong PN;Blisters con motor volteado,,,,,,;no;no
2025-07-12;REA;Actuadores;3140CA027;13:30;13:35;5;Maintenance;REA;General;Checklist;mantenimiento,,,,,,;no;no
2025-07-14;REA;Actuadores;3140CA028;07:00;09:10;130;Maintenance;REA;General;Change Over;Set up EOL y CAW de stell 27 a stell 28,,,,,,;no;no
2025-07-14;REA;Actuadores;3140CA028;09:10;11:17;127;Quality;REA;General;Change Over;Esperando liberacion,,,,,,;si;no
2025-07-14;REA;Actuadores;3140CA028;11:40;11:47;7;Equipment Fault;CHW;St4;Pressor;Scraps, mantenimiento, limpieza y ajuste de puntos samlight,,,,;no;no
2025-07-14;REA;Actuadores;3140CA028;12:31;12:34;3;Quality;CHW;General;Scrapbox full;esperando vaciado,,,,,,;no;no
2025-07-14;REA;Actuadores;3140CA028;11:47;11:49;2;Production;Conveyors;General;NOK material;motores mal acomodados,,,,,,;no;no
2025-07-14;REA;Actuadores;3140CA028;12:05;12:10;5;Equipment Fault;EOL;St3;Gripper NOK;Scraps, calibracion, choca con harstop, las marca como bloqueadas cuando no,,,;no;no
2025-07-14;REA;Actuadores;3140CA028;13:00;13:04;4;Equipment Fault;Main conveyor;Main conveyor;Inductive sensor;en prensa 620 no cierra locking, esperando señal,,,,,;no;no
2025-07-14;REA;Actuadores;3140CA028;13:38;13:39;1;Equipment Fault;Main conveyor;Main conveyor;Singulator NOK;pallet atorado por singulator,,,,,,;no;no
2025-07-14;REA;Actuadores;3140CA028;13:40;13:42;2;Equipment Fault;USW;St11;Weld NOK;cambio de cinta a jig y limpieza a st 14,,,,,,;no;no
2025-07-14;REA;Actuadores;3140CA028;13:45;13:46;1;Equipment Fault;731;731;Feed piston;pin inclinado,,,,,,;no;no
2025-07-14;REA;Actuadores;3140CA028;14:35;14:42;7;Equipment Fault;Main conveyor;Main conveyor;Belt;Guias nok, pallet chueco se atora al cerrar locking,,,,,;no;no
2025-07-14;REA;Actuadores;3140CA028;14:22;14:23;1;Equipment Fault;Main conveyor;Main conveyor;Lock NOK;locking no entro en pallet,,,,,,;no;no
2025-07-12;REA;Actuadores;3140CA027;22:20;22:21;1;Equipment Fault;Main conveyor;Main conveyor;Belt;pallet atorado st620,,,,,,;no;no
2025-07-14;REA;Actuadores;3140CA028;15:08;15:10;2;Equipment Fault;Conveyors;C85;Presence sensor;blister atorado piston no sebe.,,,,,,;no;no
2025-07-12;REA;Actuadores;3140CA027;22:15;22:17;2;Quality;Main conveyor;Main conveyor;Lock NOK;pallet atorado,,,,,,;no;no
2025-07-12;REA;Actuadores;3140CA027;22:13;22:15;2;Equipment Fault;Main conveyor;Main conveyor;Lock NOK;pallet atorado lock 620,,,,,,;no;no
2025-07-12;REA;Actuadores;3140CA027;21:55;21:58;3;Maintenance;CHW;St4;Pressor;limpieza pines,,,,,,;no;no
2025-07-12;REA;Actuadores;3140CA027;21:25;21:26;1;Equipment Fault;Robots;R38;Motion supervision/Joint collision;robot off,,,,,,;no;no
2025-07-12;REA;Actuadores;3140CA027;21:22;21:24;2;Maintenance;Main conveyor;Main conveyor;Lock NOK;ajuste locking 620,,,,,,;no;no
2025-07-12;REA;Actuadores;3140CA027;21:16;21:17;1;Equipment Fault;Main conveyor;Main conveyor;Singulator NOK;pallet atorado,,,,,,;no;no
2025-07-12;REA;Actuadores;3140CA027;21:14;21:15;1;Equipment Fault;Main conveyor;Main conveyor;Singulator NOK;pallet atorado,,,,,,;no;no
2025-07-12;REA;Actuadores;3140CA027;21:12;21:13;1;Equipment Fault;Main conveyor;Main conveyor;Singulator NOK;no avanza pallet,,,,,,;no;no
2025-07-12;REA;Actuadores;3140CA027;21:07;21:09;2;Equipment Fault;Main conveyor;Main conveyor;Lock NOK;fallo de lock nok,,,,,,;no;no
2025-07-12;REA;Actuadores;3140CA027;21:00;21:03;3;Maintenance;Main conveyor;Main conveyor;Lock NOK;ajuste locking 620,,,,,,;no;no
2025-07-12;REA;Actuadores;3140CA027;20:56;20:57;1;Equipment Fault;Main conveyor;Main conveyor;Lock NOK;pallet atorado,,,,,,;no;no
2025-07-12;REA;Actuadores;3140CA027;20:53;20:55;2;Equipment Fault;Main conveyor;Main conveyor;Lock NOK;fallo locok pallet no avanza,,,,,,;no;no
2025-07-12;REA;Actuadores;3140CA027;20:51;20:53;2;Equipment Fault;731;731;Presence sensor;doble pin,,,,,,;no;no
2025-07-12;REA;Actuadores;3140CA027;20:49;20:51;2;Equipment Fault;Main conveyor;Main conveyor;Lock NOK;falla lock,,,,,,;no;no
2025-07-12;REA;Actuadores;3140CA027;20:47;20:49;2;Quality;Robots;R80;Gripper/tool adjustments;gipper 1 no abre,,,,,,;no;no
2025-07-12;REA;Actuadores;3140CA027;20:36;20:39;3;Equipment Fault;Robots;R80;Gripper/tool adjustments;gripper 1 no abre,,,,,,;no;no
2025-07-12;REA;Actuadores;3140CA027;20:30;20:33;3;Equipment Fault;Main conveyor;Main conveyor;Lock NOK;pallet atorado,,,,,,;no;no
2025-07-12;REA;Actuadores;3140CA027;20:25;20:27;2;Equipment Fault;Main conveyor;Main conveyor;Lock NOK;pallet atorado,,,,,,;no;no
2025-07-12;REA;Actuadores;3140CA027;20:16;20:18;2;Equipment Fault;Main conveyor;Main conveyor;Lock NOK;pallet atorado,,,,,,;no;no
2025-07-12;REA;Actuadores;3140CA027;20:09;20:15;6;Maintenance;CHW;St4;Pressor;cambio de pines,,,,,,;no;no
2025-07-12;REA;Actuadores;3140CA027;19:49;19:50;1;Equipment Fault;Main conveyor;Main conveyor;Lock NOK;falla no avanza pallet,,,,,,;no;no
2025-07-12;REA;Actuadores;3140CA027;19:45;19:48;3;Equipment Fault;CHW;St2;Vacuum system;st2 falla doblo chip,,,,,,;no;no
2025-07-12;REA;Actuadores;3140CA027;19:40;19:42;2;Equipment Fault;Robots;R38;Motion supervision/Joint collision;robot off,,,,,,;no;no
2025-07-12;REA;Actuadores;3140CA027;19:33;19:36;3;Equipment Fault;Main conveyor;Main conveyor;Singulator NOK;no avanza pallet,,,,,,;no;no
2025-07-12;REA;Actuadores;3140CA027;19:18;19:22;4;Equipment Fault;Robots;R65;Motion supervision/Joint collision; no avanza se queda esperendo señal,,,,,,;no;no
2025-07-12;REA;Actuadores;3140CA027;18:35;18:45;10;Maintenance;REA;General;Checklist;checklist diario CAW,EOL,CHW,,,,;si;no
2025-07-12;REA;Actuadores;3140CA027;18:06;18:08;2;Equipment Fault;Main conveyor;Main conveyor;Singulator NOK;pallet atorado,,,,,,;no;no
2025-07-12;REA;Actuadores;3140CA027;18:04;18:05;1;Equipment Fault;Robots;R65;Vacuum system;no deja gear,,,,,,;no;no
2025-07-12;REA;Actuadores;3140CA027;17:48;17:50;2;Equipment Fault;Main conveyor;Main conveyor;Singulator NOK;pallet atorado,,,,,,;no;no
2025-07-12;REA;Actuadores;3140CA027;17:34;17:36;2;Equipment Fault;Main conveyor;Main conveyor;Lock NOK;fallo de lock nok,,,,,,;no;no
2025-07-12;REA;Actuadores;3140CA027;17:26;17:28;2;Equipment Fault;Main conveyor;Main conveyor;Singulator NOK;pallet atorado,,,,,,;no;no
2025-07-12;REA;Actuadores;3140CA027;17:17;17:22;5;Equipment Fault;Main conveyor;Main conveyor;Lock NOK;falla locking,,,,,,;no;no
2025-07-12;REA;Actuadores;3140CA027;16:57;16:58;1;Equipment Fault;Main conveyor;Main conveyor;Lock NOK;se queda esperando señal,,,,,,;no;no
2025-07-12;REA;Actuadores;3140CA027;16:50;16:51;1;Equipment Fault;Robots;R65;Vacuum system;R65 no deja gear, se queda esperando señal,,,,,;no;no
2025-07-12;REA;Actuadores;3140CA027;16:47;16:49;2;Equipment Fault;Main conveyor;Main conveyor;Lock NOK;locking no abre y pallet no avanza,,,,,,;no;no
2025-07-12;REA;Actuadores;3140CA027;16:40;16:42;2;Equipment Fault;Conveyors;C36;Presence sensor;pallet se atora,,,,,,;no;no
2025-07-12;REA;Actuadores;3140CA027;16:10;16:15;5;Maintenance;CHW;Consumables;Chip reel;cambio de chip,,,,,,;no;no
2025-07-12;REA;Actuadores;3140CA027;15:20;15:22;2;Equipment Fault;620;620;Feed piston;piston se queda abajo,,,,,,;no;no
2025-07-12;REA;Actuadores;3140CA027;15:29;15:31;2;Equipment Fault;Conveyors;C85;Presence sensor;piston no sube queda blister atorado,,,,,,;no;no
2025-07-12;REA;Actuadores;3140CA027;15:47;15:49;2;Equipment Fault;Main conveyor;Main conveyor;Lock NOK;no abre locking y pallet no avanza,,,,,,;no;no
2025-07-12;REA;Actuadores;3140CA027;15:50;15:52;2;Equipment Fault;Robots;R80;Motion supervision/Joint collision;gripper 1 no abre,,,,,,;no;no
2025-06-17;REA;Actuadores;3140CA029;22:50;23:00;10;Production;MAT;St1;Motor DM reader;Motor numero de parte incorrecto introducido a la linea,,,,,,;no;no
2025-06-18;REA;Actuadores;3140CA029;00:00;00:10;10;Equipment Fault;CAW;General;Software/PC;Falla en app CAW con robots, se reinicia app,,,,,;no;no
2025-06-18;REA;Actuadores;3140CA027;05:00;07:00;120;Maintenance;REA;General;Change Over;Change over a Stellantis 027,,,,,,;si;no
2025-07-14;REA;Actuadores;3140CA028;15:08;15:10;2;Equipment Fault;Conveyors;C85;Presence sensor;blister atorado,,,,,,;no;no
2025-06-20;REA;Actuadores;3140CA029;05:08;07:00;112;Maintenance;REA;General;Change Over;Change Over a Ford 029,,,,,,;si;no
2025-07-14;REA;Actuadores;3140CA028;15:20;15:22;2;Equipment Fault;EOL;General;Safety system;alrame de falla de sistema.,,,,,,;no;no
2025-07-14;REA;Actuadores;3140CA028;15:50;15:53;3;Equipment Fault;731;731;Feed piston;pin doble.,,,,,,;no;no
2025-07-14;REA;Actuadores;3140CA028;16:45;16:47;2;Maintenance;CHW;Consumables;Argon;Cambio de tanque con Argon,,,,,,;no;no
2025-07-14;REA;Actuadores;3140CA028;16:21;16:27;6;Maintenance;MAT;Consumables;Grease;Cambio de grasa,,,,,,;no;no
2025-07-14;REA;Actuadores;3140CA028;17:11;17:12;1;Equipment Fault;731;731;Bowl/Lineal feeder;Pin chueco,,,,,,;no;no
2025-07-14;REA;Actuadores;3140CA028;16:56;16:58;2;Equipment Fault;Main conveyor;Main conveyor;RFID Reader;Pallet atorado,,,,,,;no;no
2025-07-14;REA;Actuadores;3140CA028;17:20;17:24;4;Equipment Fault;CHW;St5;Vision system;Falla software Keyence de SV,,,,,,;no;no
2025-07-14;REA;Actuadores;3140CA028;17:28;17:30;2;Equipment Fault;Main conveyor;Main conveyor;RFID Reader;Pallet atorado,,,,,,;no;no
2025-07-14;REA;Actuadores;3140CA028;17:35;17:38;3;Maintenance;CHW;St4;Pressor;Limpieza pressor,,,,,,;no;no
2025-07-14;REA;Actuadores;3140CA028;17:40;17:46;6;Production;MAT;St3;Feeder;Se termina tornillo,,,,,,;no;no
2025-07-14;REA;Actuadores;3140CA028;17:46;17:51;5;Equipment Fault;Main conveyor;Main conveyor;RFID Reader;Pallet atorado,,,,,,;no;no
2025-07-14;REA;Actuadores;3140CA028;18:02;18:12;10;Maintenance;REA;General;Checklist;Checklist mtto,,,,,,;si;no
2025-07-14;REA;Actuadores;3140CA028;18:13;18:15;2;Equipment Fault;Robots;R80;Gripper/tool adjustments;Gripper 1 nok,,,,,,;no;no
2025-07-14;REA;Actuadores;3140CA028;18:44;18:47;3;Production;Robots;R38;Motion supervision/Joint collision;Robot colisiona con blister volteado,,,,,,;no;no
2025-07-14;REA;Actuadores;3140CA028;19:26;19:36;10;Equipment Fault;EOL;St4;CRIO NOK;CRIO reset,,,,,,;no;no
2025-07-14;REA;Actuadores;3140CA028;19:38;19:42;4;Equipment Fault;EOL;St1;PTC;Alto scrap st1 jig 3,,,,,,;no;no
2025-07-14;REA;Actuadores;3140CA028;20:15;20:18;3;Equipment Fault;CAW;CPA;Feeder;Crank invertido,,,,,,;no;no
2025-07-14;REA;Actuadores;3140CA028;20:18;20:19;1;Equipment Fault;Conveyors;C37;Presence sensor;Blister atorado,,,,,,;no;no
2025-07-14;REA;Actuadores;3140CA028;20:19;20:21;2;Equipment Fault;Robots;R80;Gripper/tool adjustments;Gripper 1 nok,,,,,,;no;no
2025-07-14;REA;Actuadores;3140CA028;21:16;21:19;3;Equipment Fault;Conveyors;C36;Presence sensor;BLister atorado,,,,,,;no;no
2025-07-14;REA;Actuadores;3140CA028;21:30;21:33;3;Equipment Fault;Conveyors;C37;Presence sensor;Blister atorado,,,,,,;no;no
2025-07-14;REA;Actuadores;3140CA028;21:43;21:45;2;Equipment Fault;731;731;Bowl/Lineal feeder;No hace trabajo, se reinicia ciclo 731 en HMI,,,,,;no;no
2025-07-14;REA;Actuadores;3140CA028;21:46;21:48;2;Equipment Fault;Conveyors;C85;Actuator NOK;Blister atorado,,,,,,;no;no
2025-07-14;REA;Actuadores;3140CA028;21:52;21:54;2;Equipment Fault;Conveyors;C65;Actuator NOK;Blister atorado,,,,,,;no;no
2025-07-14;REA;Actuadores;3140CA028;22:00;22:02;2;Equipment Fault;731;731;Bowl/Lineal feeder;Pin chueco,,,,,,;no;no
2025-07-14;REA;Actuadores;3140CA028;22:19;22:23;4;Equipment Fault;Main conveyor;Main conveyor;Inductive sensor;Pallet no avanza, se acomoda manualmente,,,,,;no;no
2025-07-14;REA;Actuadores;3140CA028;22:30;22:38;8;Maintenance;REA;General;Checklist;Checklist,,,,,,;si;no
2025-07-14;COVER LINE;Line 2;FORD;23:02;23:13;11;Equipment Fault;TBD;General;TBD;1. No continua ciclo en estacion forkguide. No abre la puerta (esperando terminar ciclo). Se determina por eso que la causa es el robot 96, se confirma al pausar y que abra la puerta. Se da force homming desde HMI y continua.,,,,,;no;no
2025-07-15;REA;Actuadores;3140CA028;00:03;01:05;62;Equipment Fault;CAW;LWS;NOK Condition;Comienza scrap alto en EOL repetiitivo en jigs 1 y 4 en ST2, se revisa la calibracion del gripper, se reinicia crio. Se encuentra el patron 1 NOK, 2 OK lo que levanta sospecha en CAW.,,,;no;no
2025-07-15;REA;Actuadores;3140CA028;01:05;02:37;92;Quality;REA;General;Test approval;Esperando aprobacion angulo ok despues de ajuste en CAW. Calidad no tiene las herramientas para liberar (CMM punta rota), se toman pruebas alternativas (Gionometro), se espera una respuesta definitiva de calidad. Deciden finalmente no liberar ante la incertidumbre de la condicion, se procede a cambio,,,;no;no
2025-07-15;REA;Actuadores;3140CA028;02:44;02:47;3;Maintenance;REA;General;Change Over;Toma de EOP,,,,,,;no;no
2025-07-15;REA;Actuadores;3140CA029;06:44;07:00;16;Quality;REA;General;Change Over;CHO,,,,,,;no;no
2025-07-15;REA;Actuadores;3140CA029;07:00;11:45;285;Quality;REA;General;Change Over;Esperando liberacion calidad de Stellantis 28 a Ford 29,,,,,,;si;no
2025-07-15;REA;Actuadores;3140CA029;11:45;11:55;10;Maintenance;REA;General;Change Over;Restaurar linea,,,,,,;no;no
2025-07-15;REA;Actuadores;3140CA029;03:00;06:44;224;Maintenance;REA;General;Change Over;CHO,,,,,,;no;no
2025-07-15;REA;Actuadores;3140CA029;14:45;14:47;2;Equipment Fault;Robots;R33;Motion supervision/Joint collision;cover en blister mala posicion,,,,,,;no;no
2025-07-15;REA;Actuadores;3140CA029;11:50;11:56;6;Equipment Fault;USW;St11;Weld NOK;Scraps con fuga, ajustar cinta en jig,,,,,;no;no
2025-07-15;REA;Actuadores;3140CA029;12:04;12:18;14;Equipment Fault;CAW;LSW;Vision system;Falla encontrar centro en magnet, descarta proceso de soldadura, se amplia ligeramente el rango superior +10,,,,;no;no
2025-07-15;REA;Actuadores;3140CA029;12:40;12:50;10;Equipment Fault;EOL;St4;Gripper NOK;Gripper mal conectado, se recalibra y restaura,,,,,;no;no
2025-07-15;REA;Actuadores;3140CA029;12:56;13:12;16;Quality;REA;General;Change Over;Revisar parametros prensa,,,,,,;no;no
2025-07-15;REA;Actuadores;3140CA029;13:12;13:15;3;Equipment Fault;CAW;LSW;Vision system;Area de inspeccion fuera de lugar, acomodar, se actualiza imagen de referencia,,,,;no;no
2025-07-15;REA;Actuadores;3140CA029;13:33;13:36;3;Equipment Fault;EOL;St4;CRIO NOK;power supply falla,,,,,,;no;no
2025-07-15;REA;Actuadores;3140CA029;15:49;15:52;3;Equipment Fault;915;915;Vision system;ogiva caida,,,,,,;no;no
2025-07-15;REA;Actuadores;3140CA029;16:26;16:28;2;Quality;Conveyors;C85;Presence sensor;blister atorado en sensor.,,,,,,;no;no
2025-07-15;REA;Actuadores;3140CA029;16:54;16:57;3;Equipment Fault;731;731;Feed piston;pin atorado en feeder,,,,,,;no;no
2025-07-15;REA;Actuadores;3140CA029;16:59;17:00;1;Equipment Fault;Robots;R80;Gripper/tool adjustments;gripper 1 no abre,,,,,,;no;no
2025-07-15;REA;Actuadores;3140CA029;17:09;17:10;1;Maintenance;CHW;Consumables;Argon;cambio de argon,,,,,,;no;no
2025-07-15;REA;Actuadores;3140CA029;17:24;17:26;2;Equipment Fault;Robots;R80;Gripper/tool adjustments;gripper 1 mo abre,,,,,,;no;no
2025-07-15;REA;Actuadores;3140CA029;18:04;18:06;2;Equipment Fault;Conveyors;C36;Presence sensor;piston no abre y se atora blister,,,,,,;no;no
2025-07-15;REA;Actuadores;3140CA029;17:38;17:39;1;Equipment Fault;Robots;R75;Motion supervision/Joint collision;no ensambla cover,,,,,,;no;no
2025-07-15;REA;Actuadores;3140CA029;18:06;18:16;10;Maintenance;REA;General;Checklist;checklist diario,,,,,,;si;no
2025-07-15;REA;Actuadores;3140CA029;18:18;18:20;2;Production;Conveyors;General;Blister NOK/Wrong PN;blister con motor invertido,,,,,,;no;no
2025-07-15;REA;Actuadores;3140CA029;18:49;18:51;2;Equipment Fault;731;731;Presence sensor;pin chueco,,,,,,;no;no
2025-07-15;REA;Actuadores;3140CA029;18:59;19:02;3;Equipment Fault;Conveyors;C36;Presence sensor;blister atorado,,,,,,;no;no
2025-07-15;REA;Actuadores;3140CA029;19:09;19:11;2;Equipment Fault;Conveyors;C36;Presence sensor;blister atorado,,,,,,;no;no
2025-07-15;REA;Actuadores;3140CA029;19:17;19:22;5;Maintenance;CCC;Consumables;Resin;cambio de resina,,,,,,;no;no
2025-07-15;REA;Actuadores;3140CA029;19:24;19:26;2;Quality;Robots;R75;Gripper/tool adjustments;gripper 1 nok,,,,,,;no;no
2025-07-15;REA;Actuadores;3140CA029;19:32;19:34;2;Equipment Fault;Main conveyor;Main conveyor;RFID Reader;fallo RFID,,,,,,;no;no
2025-07-15;REA;Actuadores;3140CA029;19:36;19:38;2;Equipment Fault;Conveyors;C37;Motor;blister vacio no bajo,,,,,,;no;no
2025-07-15;REA;Actuadores;3140CA029;19:44;19:46;2;Equipment Fault;Conveyors;C37;Motor;blister vacio no bajo,,,,,,;no;no
2025-07-15;REA;Actuadores;3140CA029;20:00;21:00;60;Maintenance;Conveyors;C37;Motor;reparacion de motro de C37.,,,,,,;no;no
2025-07-15;REA;Actuadores;3140CA029;22:30;22:38;8;Maintenance;REA;General;Checklist;Checklist,,,,,,;si;no
2025-07-15;REA;Actuadores;3140CA029;22:30;22:36;6;Maintenance;REA;General;Checklist;Checklist,,,,,,;si;no
2025-07-15;REA;Actuadores;3140CA029;22:48;22:50;2;Equipment Fault;Main conveyor;Main conveyor;Inductive sensor;Sensor no detecta pallet,,,,,,;no;no
2025-07-15;REA;Actuadores;3140CA029;23:25;23:31;6;Equipment Fault;CAW;Jig/Index;Index not in home;Se ajusta posicion de mesa ya que fallaba al insertar crank,,,,,,;no;no
2025-07-15;REA;Actuadores;3140CA029;11:35;11:37;2;Equipment Fault;915;915;Missing ogive;Ojiva caida,,,,,,;no;no
2025-07-15;REA;Actuadores;3140CA029;23:40;23:45;5;Equipment Fault;CAW;LWS;NOK Condition;Tiraba scrap por limite de en eje Y,,,,,,;no;no
2025-07-15;REA;Actuadores;3140CA029;23:54;23:57;3;Equipment Fault;Main conveyor;Main conveyor;Inductive sensor;Pallets se atoraban por guia doblada, se ajusta,,,,,;no;no
2025-07-15;REA;Actuadores;3140CA029;03:25;03:31;6;Equipment Fault;CCC;General;TBD;erro de mesa al girar,,,,,,;no;no
2025-07-16;REA;Actuadores;3140CA029;03:33;03:35;2;Equipment Fault;731;731;Bowl/Lineal feeder;Pin atorado,,,,,,;no;no
2025-07-16;REA;Actuadores;3140CA029;03:39;03:42;3;Equipment Fault;Main conveyor;Main conveyor;Inductive sensor;Sensor no detecta pallet,,,,,,;no;no
2025-07-16;REA;Actuadores;3140CA029;03:42;03:45;3;Maintenance;USW;St11;Jig;Se cambia cinta de jig,,,,,,;no;no
2025-07-16;REA;Actuadores;3140CA029;06:46;06:48;2;Equipment Fault;USW;St14;Lower Jig;Se limpia goma de jig por rebaba acumulada,,,,,,;no;no
2025-07-16;REA;Actuadores;3140CA029;04:13;04:19;6;Maintenance;CHW;Consumables;Chip reel;Cambio de chip,,,,,,;no;no
2025-07-16;REA;Actuadores;3140CA029;04:33;04:36;3;Equipment Fault;CHW;St2;Vacuum system;Robot no toma correctamente chip,,,,,,;no;no
2025-07-16;REA;Actuadores;3140CA029;05:46;05:49;3;Equipment Fault;Robots;R70;Gripper/tool adjustments;Gripper no abre correctamente,,,,,,;no;no
2025-07-16;REA;Actuadores;3140CA029;06:55;06:58;3;Equipment Fault;MAT;St3;Feeder;St 3 time out por tornillo atorado,,,,,,;no;no
2025-07-16;REA;Actuadores;3140CA029;07:35;07:38;3;Quality;MAT;General;Scrapbox full;vaciado por la mañana,,,,,,;no;no
2025-07-16;REA;Actuadores;3140CA029;07:02;07:06;4;Equipment Fault;MAT;St3;Feeder;Tornillos atorados,,,,,,;no;no
2025-07-16;REA;Actuadores;3140CA029;09:06;09:08;2;Maintenance;MAT;Consumables;Grease;cambio de grasa,,,,,,;no;no
2025-07-16;REA;Actuadores;3140CA029;07:10;07:15;5;Maintenance;REA;General;Checklist;Checklist parcial,,,,,,;si;no
2025-07-16;REA;Actuadores;3140CA029;08:00;08:05;5;Maintenance;REA;General;Checklist;Checklist parcial,,,,,,;si;no
2025-07-16;REA;Actuadores;3140CA029;09:24;09:26;2;Equipment Fault;Robots;R75;Motion supervision/Joint collision;Falla place de cover, pendinete grip,,,,,;no;no
2025-07-16;REA;Actuadores;3140CA029;10:50;11:10;20;Production;REA;General;Safety system;Revision de seguridad por incidente en MAT, revisar equipo de seguridad para sistema neumatico,,,,,;no;no
2025-07-16;REA;Actuadores;3140CA029;11:40;11:43;3;Equipment Fault;EOL;St2;Gripper NOK;Falla gripper, se reinicia st, todo parece estar en orden,,,,;no;no
2025-07-16;REA;Actuadores;3140CA029;00:32;00:33;1;Quality;Robots;R75;Motion supervision/Joint collision;falla al abrir por gripper atorado,,,,,,;no;no
2025-07-16;REA;Actuadores;3140CA029;12:54;12:59;5;Production;Robots;R65;Incorrect pick/place;magnet shaft mal pick por blister coliciono con MSA para su lectura, se mando robot a main y reinicio de ciclo de MSA,,,,,;no;no
2025-07-16;REA;Actuadores;3140CA029;13:33;13:34;1;Equipment Fault;731;731;Feed piston;pin inclinado,,,,,,;no;no
2025-07-16;REA;Actuadores;3140CA029;13:35;13:36;1;Maintenance;CHW;St4;Pressor;limpieza de pressor,,,,,,;no;no
2025-07-16;REA;Actuadores;3140CA029;15:07;15:09;2;Equipment Fault;731;731;Presence sensor;pin chueco,,,,,,;no;no
2025-07-16;REA;Actuadores;3140CA029;15:10;15:13;3;Maintenance;Robots;R70;Vacuum system;cambio de ventosas,,,,,,;no;no
2025-07-16;REA;Actuadores;3140CA029;16:30;16:32;2;Production;Conveyors;General;Blister NOK/Wrong PN;motro invertido,,,,,,;no;no
2025-07-16;REA;Actuadores;3140CA029;16:07;16:08;1;Equipment Fault;731;731;Presence sensor;pin chueco,,,,,,;no;no
2025-07-16;REA;Actuadores;3140CA029;16:45;16:57;12;Equipment Fault;915;915;Missing ogive;ogiva se cayo,,,,,,;no;no
2025-07-16;REA;Actuadores;3140CA029;16:49;16:50;1;Equipment Fault;Robots;R70;Vacuum system;no avanza fallo de vaccum,,,,,,;no;no
2025-07-16;REA;Actuadores;3140CA029;16:55;16:58;3;Equipment Fault;CHW;St2;SCARA Pick/Place;posicion del chip incorrect,,,,,,;no;no
2025-07-16;REA;Actuadores;3140CA029;17:00;17:01;1;Equipment Fault;Robots;R70;Vacuum system;falla vacuum no avanza,,,,,,;no;no
2025-07-16;REA;Actuadores;3140CA029;17:04;17:07;3;Equipment Fault;CHW;St2;SCARA Pick/Place;posicion incorrecta de chip,,,,,,;no;no
2025-07-16;REA;Actuadores;3140CA029;17:10;17:12;2;Equipment Fault;Robots;R70;Vacuum system;se cae Gear,,,,,,;no;no
2025-07-16;REA;Actuadores;3140CA029;17:27;17:30;3;Equipment Fault;CHW;St2;SCARA Pick/Place;chip en posicion incorrecta,,,,,,;no;no
2025-07-16;REA;Actuadores;3140CA029;17:38;17:45;7;Equipment Fault;750;General;NOK material;balero atorado en feeder,,,,,,;no;no
2025-07-16;REA;Actuadores;3140CA029;17:47;17:50;3;Equipment Fault;Main conveyor;Main conveyor;Lock NOK;pallet atorado en locking,,,,,,;no;no
2025-07-16;REA;Actuadores;3140CA029;18:18;18:25;7;Maintenance;CCC;Consumables;Resin;Cambio de resina, al reestablecer equipo no arranca se hace reset y se manda a scrap piezas de la mesa,,,,,;no;no
2025-07-16;REA;Actuadores;3140CA029;18:28;18:38;10;Maintenance;REA;General;Checklist;Checklist 500pz,,,,,,;si;no
2025-07-16;REA;Actuadores;3140CA029;18:38;18:39;1;Equipment Fault;Robots;R70;Vacuum system;Gear caido,,,,,,;no;no
2025-07-16;REA;Actuadores;3140CA029;18:39;18:40;1;Equipment Fault;Robots;R70;Vacuum system;Gear caido,,,,,,;no;no
2025-07-16;REA;Actuadores;3140CA029;18:52;18:54;2;Equipment Fault;Main conveyor;Main conveyor;Lift;No sube lift,,,,,,;no;no
2025-07-16;REA;Actuadores;3140CA029;19:09;19:10;1;Equipment Fault;Robots;R75;Gripper/tool adjustments;No abre gripper 1,,,,,,;no;no
2025-07-16;REA;Actuadores;3140CA029;19:19;19:20;1;Equipment Fault;731;731;Bowl/Lineal feeder;Pin chueco,,,,,,;no;no
2025-07-16;REA;Actuadores;3140CA029;20:08;20:10;2;Production;Conveyors;General;Blister NOK/Wrong PN;Motor invertido,,,,,,;no;no
2025-07-16;REA;Actuadores;3140CA029;20:22;20:25;3;Production;Conveyors;General;Blister NOK/Wrong PN;Motor invertido,,,,,,;no;no
2025-07-16;REA;Actuadores;3140CA029;20:56;20:58;2;Equipment Fault;731;731;Bowl/Lineal feeder;Pin chueco,,,,,,;no;no
2025-07-16;REA;Actuadores;3140CA029;20:58;21:00;2;Equipment Fault;Robots;R70;Vacuum system;Vacuum off,,,,,,;no;no
2025-07-16;REA;Actuadores;3140CA029;21:05;21:07;2;Equipment Fault;Robots;R75;Gripper/tool adjustments;Gripper 1 nok,,,,,,;no;no
2025-07-16;REA;Actuadores;3140CA029;21:20;21:25;5;Maintenance;CHW;Consumables;Chip reel;Cambio de rollo chip,,,,,,;no;no
2025-07-16;REA;Actuadores;3140CA029;21:33;21:35;2;Equipment Fault;Robots;R75;Gripper/tool adjustments;Gripper 1 nok,,,,,,;no;no
2025-07-16;REA;Actuadores;3140CA029;22:09;22:30;21;Equipment Fault;Aux;905;Presence sensor;Estación rota y robot la aplasta y se pierde secuencia,,,,,,;no;no
2025-07-16;REA;Actuadores;3140CA029;22:30;22:36;6;Equipment Fault;Aux;905;Presence sensor;Se continua falla del turno anterior, se ajusta sensor de presencia lo que afecta la secuencia del robot. Tambien el tiempo de inactividad causa falla en st3 CHW y scrap en CCC,,,,,;no;no
2025-07-16;REA;Actuadores;3140CA029;22:36;22:45;9;Maintenance;REA;General;Checklist;Checklist,,,,,,;si;no
2025-07-17;REA;Actuadores;3140CA029;00:09;00:11;2;Equipment Fault;Robots;R75;Gripper/tool adjustments;Gripper 3 no cierra correctamente por mal ensamble de cover,,,,,,;no;no
2025-07-17;REA;Actuadores;3140CA029;00:11;00:16;5;Equipment Fault;Robots;R75;Gripper/tool adjustments;Se cambia cinta de gripper 4 por mal ensamble de cover recurrente,,,,,,;no;no
2025-07-17;REA;Actuadores;3140CA029;00:20;00:25;5;Equipment Fault;USW;St11;Jig;Se cambia cinta de jig por scrap recurrente,,,,,,;no;no
2025-07-17;REA;Actuadores;3140CA029;00:26;00:29;3;Equipment Fault;Robots;R80;Gripper/tool adjustments;Gripper 1 no abre correctamente,,,,,,;no;no
2025-07-17;REA;Actuadores;3140CA029;00:30;00:32;2;Equipment Fault;USW;SCARA;Pick/Place;Robot no se movia por falta de senal de arranque,se prende el motor manual para arrancar,,,,,;no;no
2025-07-17;REA;Actuadores;3140CA029;00:40;00:45;5;Quality;CHW;General;Scrapbox full;Scrap box full,,,,,,;no;no
2025-07-17;REA;Actuadores;3140CA029;00:48;00:51;3;Equipment Fault;CHW;St4;Pressor;Se limpia pressor por scrap consecutivo,,,,,,;no;no
2025-07-17;REA;Actuadores;3140CA029;04:55;05:01;6;Equipment Fault;EOL;St4;CRIO NOK;CRIO reboot, no responde,,,,,;no;no
2025-07-17;REA;Actuadores;3140CA029;01:14;01:20;6;Equipment Fault;CAW;CPA;Feeder;Crank atascado, reiniciar,,,,,;no;no
2025-07-17;REA;Actuadores;3140CA029;01:32;01:33;1;Production;Conveyors;General;Blister NOK/Wrong PN;Motor invertido,,,,,,;no;no
2025-07-17;REA;Actuadores;3140CA029;01:38;01:40;2;Equipment Fault;Robots;R65;Motion supervision/Joint collision;Motion supervision camino a 805, posiblemente con el convolute,,,,,;no;no
2025-07-17;REA;Actuadores;3140CA029;01:48;01:50;2;Equipment Fault;730;730;Tool ;Levanto body la prensa,,,,,,;no;no
2025-07-17;REA;Actuadores;3140CA029;06:41;06:49;8;Production;CHW;General;Scrapbox full;Scrapbox lleno, sin calidad en el turno, ingenieria y mtto en curso,,,,;no;no
2025-07-17;REA;Actuadores;3140CA029;09:16;09:18;2;Equipment Fault;EOL;St4;Gripper NOK;gripper se alarma,,,,,,;no;no
2025-07-17;REA;Actuadores;3140CA029;09:30;09:33;3;Equipment Fault;REA;General;Pneumatic System;compresor alarmado por bajon de corriente,,,,,,;no;no
2025-07-17;REA;Actuadores;3140CA029;09:58;10:00;2;Equipment Fault;Conveyors;C36;Guides ;Blister atorado,,,,,,;no;no
2025-07-17;REA;Actuadores;3140CA029;07:00;07:35;35;Equipment Fault;Robots;R70;TBD;manguera rota, reparar y movimientos lentos de test para despues ajustar,,,,,;no;no
2025-07-17;REA;Actuadores;3140CA029;07:35;07:40;5;Equipment Fault;915;915;SMC module;cilindro y contratuerca NOK,,,,,,;no;no
2025-07-17;REA;Actuadores;3140CA029;07:40;07:50;10;Equipment Fault;USW;St11;Weld NOK;cinta nok, esponja NOk, y mantenimiento en jig st14,,,,;no;no
2025-07-17;REA;Actuadores;3140CA029;10:22;10:28;6;Production;REA;General;NOK material;Blisters rotos atorados en Conv cover,,,,,,;no;no
2025-07-17;REA;Actuadores;3140CA029;11:15;11:18;3;Equipment Fault;Robots;R70;Vacuum system;ventosa rota,,,,,,;no;no
2025-07-17;REA;Actuadores;3140CA029;12:28;12:30;2;Production;REA;General;NOK material;Blister con motores volteados,,,,,,;no;no
2025-07-17;REA;Actuadores;3140CA029;08:15;08:42;27;Equipment Fault;CAW;LSW;Vision system;scraps, falla centrado de magnet shaft, herramienta 1, imagenes de referencia NOK, se habilita filtro previamente configurado y se actualizan imagenes de referencia,,;no;no
2025-07-17;REA;Actuadores;3140CA029;12:40;12:45;5;Production;REA;General;NOK material;Blisters volteados Cover (2 ocasiones), colision robot,,,,,;no;no
2025-07-09;REA;Actuadores;3140CA029;05:56;06:00;4;Equipment Fault;750;750;Feed piston;Prensa se quedo abajo y no continua ciclo,,,,,,;no;no
2025-07-09;REA;Actuadores;3140CA029;11:55;12:01;6;Maintenance;CHW;Consumables;Chip reel;Cambio de chip,,,,,,;no;no
2025-07-11;REA;Actuadores;3140CA027;07:00;15:00;480;Equipment Fault;CAW;LSW;Vision system;Camara NOK posicion incorrecta, causa offset de sistema de vision desfase soldadura (se notifica a calidad de los turnos ateriores sospechosos),,,,,;no;no
2025-07-17;REA;Actuadores;3140CA029;15:07;15:09;2;Production;Conveyors;General;Blister NOK/Wrong PN;Motor invertido,,,,,,;no;no
2025-07-17;REA;Actuadores;3140CA029;15:14;15:17;3;Quality;Main conveyor;Main conveyor;Lock NOK;Locking NOK,,,,,,;no;no
2025-07-17;REA;Actuadores;3140CA029;15:24;15:26;2;Maintenance;USW;St14;Lower Jig;Limpíeza jig por alto scrap,,,,,,;no;no
2025-07-17;REA;Actuadores;3140CA029;15:29;15:32;3;Maintenance;USW;St14;Lower Jig;Cambio de goma por alto scrap,,,,,,;no;no
2025-07-17;REA;Actuadores;3140CA029;15:40;15:43;3;Maintenance;CHW;Consumables;Chip reel;Cambio de rollo chip,,,,,,;no;no
2025-07-17;REA;Actuadores;3140CA029;15:45;15:47;2;Equipment Fault;Robots;R80;Gripper/tool adjustments;Gripper 1 NOK,,,,,,;no;no
2025-07-17;REA;Actuadores;3140CA029;15:49;15:50;1;Equipment Fault;Robots;R75;Gripper/tool adjustments;Gripper 1 NOK,,,,,,;no;no
2025-07-17;REA;Actuadores;3140CA029;16:12;16:15;3;Maintenance;USW;St11;Jig;cambio de cinta,,,,,,;no;no
2025-07-17;REA;Actuadores;3140CA029;18:24;18:27;3;Equipment Fault;731;731;Presence sensor;pin chueco,,,,,,;no;no
2025-07-17;REA;Actuadores;3140CA029;18:02;18:04;2;Equipment Fault;731;731;Presence sensor;pin chueco,,,,,,;no;no
2025-07-17;REA;Actuadores;3140CA029;18:18;18:25;7;Quality;Aux;980;Actuator NOK;scrap box full,,,,,,;no;no
2025-07-17;REA;Actuadores;3140CA029;18:26;18:29;3;Quality;CHW;General;Scrapbox full;scrap box full,,,,,,;no;no
2025-07-17;REA;Actuadores;3140CA029;18:30;18:31;1;Equipment Fault;Main conveyor;Main conveyor;RFID Reader;pallet RFID,,,,,,;no;no
2025-07-17;REA;Actuadores;3140CA029;18:32;18:33;1;Equipment Fault;Robots;R80;Gripper/tool adjustments;gripper no abre,,,,,,;no;no
2025-07-17;REA;Actuadores;3140CA029;18:49;18:52;3;Equipment Fault;CAW;CPA;SCARA;no responde y no avanza,,,,,,;no;no
2025-07-17;REA;Actuadores;3140CA029;19:01;19:04;3;Equipment Fault;CAW;CPA;SCARA;no avanza,,,,,,;no;no
2025-07-17;REA;Actuadores;3140CA029;19:05;19:07;2;Equipment Fault;Robots;R80;Gripper/tool adjustments;gripper 1 no abre,,,,,,;no;no
2025-07-17;REA;Actuadores;3140CA029;19:48;19:52;4;Maintenance;MAT;Consumables;Grease;cambio de grasa,,,,,,;no;no
2025-07-17;REA;Actuadores;3140CA029;19:58;19:59;1;Equipment Fault;Robots;R70;Vacuum system;vacuum no agarra Gear,,,,,,;no;no
2025-07-17;REA;Actuadores;3140CA029;20:03;20:04;1;Equipment Fault;Robots;R70;Vacuum system;vacuum no agara Gear,,,,,,;no;no
2025-07-17;REA;Actuadores;3140CA029;20:40;20:44;4;Equipment Fault;Robots;R65;Motion supervision/Joint collision;choca con St805,,,,,,;no;no
2025-07-17;REA;Actuadores;3140CA029;21:07;21:09;2;Production;Aux;805;NOK material;motor invertido,,,,,,;no;no
2025-07-17;REA;Actuadores;3140CA029;21:30;21:32;2;Maintenance;CHW;Consumables;Argon;cambio de Argon,,,,,,;no;no
2025-07-17;REA;Actuadores;3140CA029;21:48;21:50;2;Production;Conveyors;General;NOK material;motor invertido,,,,,,;no;no
2025-07-17;REA;Actuadores;3140CA029;22:13;22:15;2;Production;Conveyors;General;NOK material;motor invertido,,,,,,;no;no
2025-07-17;REA;Actuadores;3140CA029;22:15;22:18;3;Equipment Fault;Robots;R75;Gripper/tool adjustments;gripper 3 no abre,,,,,,;no;no
2025-07-17;REA;Actuadores;3140CA029;19:47;19:48;1;Quality;731;731;Presence sensor;pin chueco,,,,,,;no;no
2025-07-17;REA;Actuadores;3140CA029;22:30;22:38;8;Maintenance;REA;General;Checklist;Checklist,,,,,,;si;no
2025-07-17;REA;Actuadores;3140CA029;22:54;22:56;2;Equipment Fault;Robots;R70;Incorrect pick/place;Robot no toma gear y se alarma,,,,,,;no;no
2025-07-17;REA;Actuadores;3140CA029;22:59;23:02;3;Equipment Fault;Robots;R70;Vacuum system;vacuum off,,,,,,;no;no
2025-07-17;REA;Actuadores;3140CA029;23:04;23:07;3;Equipment Fault;Robots;R70;Vacuum system;Vacuum off y se cambian ventosas,,,,,,;no;no
2025-07-18;REA;Actuadores;3140CA029;01:41;01:43;2;Equipment Fault;Main conveyor;Main conveyor;Inductive sensor;Sensor de prensa 731 no detecta pallet,,,,,,;no;no
2025-07-18;REA;Actuadores;3140CA029;01:49;01:53;4;Equipment Fault;CHW;St4;Pressor;Se limpia pressor por scrap consecutivo,,,,,,;no;no
2025-07-18;REA;Actuadores;3140CA029;02:41;02:45;4;Equipment Fault;CHW;St4;Pressor;Se realiza limpieza de pressor por scrap consecutivo,,,,,,;no;no
2025-07-18;REA;Actuadores;3140CA029;02:45;02:49;4;Equipment Fault;Robots;R65;Motion supervision/Joint collision;Robot colisiona con estacion 805 al voltear el gear,,,,,,;no;no
2025-07-18;REA;Actuadores;3140CA029;03:07;03:10;3;Equipment Fault;731;731;Bowl/Lineal feeder;Pin atorado,,,,,,;no;no
2025-07-18;REA;Actuadores;3140CA029;08:00;08:02;2;Maintenance;CHW;Consumables;Chip reel;cambio de chip,,,,,,;no;no
2025-07-18;COVER LINE;Line 1;FORD;00:00;01:45;105;Equipment Fault;ST80;General;TBD;Conveyor no manda los blisters en automatico despues de llenarlos,,,,,,;no;no
2025-07-18;REA;Actuadores;3140CA029;08:02;08:04;2;Equipment Fault;Robots;R70;Vacuum system;falla pick gear repetido, cambio de ventosas,,,,,;no;no
2025-07-18;REA;Actuadores;3140CA029;07:02;07:10;8;Maintenance;REA;General;Checklist;diario,,,,,,;no;no
2025-07-18;REA;Actuadores;3140CA029;08:45;08:47;2;Maintenance;CHW;St6;Pogopins;cambio de puntas de prueba,,,,,,;no;no
2025-07-18;REA;Actuadores;3140CA029;08:48;08:53;5;Equipment Fault;CAW;CPA;Feeder;crank atorados en feeder,,,,,,;no;no
2025-07-18;REA;Actuadores;3140CA029;09:26;09:27;1;Equipment Fault;Conveyors;C31;Presence sensor;blister atorado,,,,,,;no;no
2025-07-18;REA;Actuadores;3140CA029;09:27;09:28;1;Equipment Fault;Conveyors;C36;Presence sensor;blister atorado,,,,,,;no;no
2025-07-18;REA;Actuadores;3140CA029;09:47;09:48;1;Equipment Fault;CHW;St2;Vacuum system;falla de vacio,,,,,,;no;no
2025-07-18;REA;Actuadores;3140CA029;08:40;08:44;4;Equipment Fault;Robots;R65;Motion supervision/Joint collision;colision con 805, falla de logica,,,,,;no;no
2025-07-18;REA;Actuadores;3140CA029;10:39;10:43;4;Equipment Fault;MSA;MSA;Sensor de presencia;no continua ciclo, sensor falla, limpieza y restablecer secuencia,,,,;no;no
2025-07-18;REA;Actuadores;3140CA029;10:32;10:38;6;Equipment Fault;CAW;General;Software/PC;No continua ciclo, robot arriba de  pick crank,,,,,;no;no
2025-07-18;REA;Actuadores;3140CA029;10:20;10:22;2;Equipment Fault;Robots;R65;Motion supervision/Joint collision;motion se sospecha por tension o colision de manguera,,,,,,;no;no
2025-07-18;REA;Actuadores;3140CA029;12:25;12:28;3;Production;Conveyors;General;Empty conveyor/feeder;Falta de material, sin operador,,,,,;no;no
2025-07-18;REA;Actuadores;3140CA029;14:01;14:08;7;Equipment Fault;CAW;Jig/Index;Index not in home;Falla 2 veces, insercion nok por mesa fuera de posicion,,,,,;no;no
2025-07-18;REA;Actuadores;3140CA029;14:08;14:12;4;Equipment Fault;EOL;General;Safety system;cortina sucia, st4 no continua, limpieza y restablecer ciclo,,,,;no;no
2025-07-18;REA;Actuadores;3140CA029;12:41;12:45;4;Equipment Fault;731;731;Tool ;Pin posicion nok, choca con body, locking se veia en posicion correcta,,,,;no;no
2025-07-18;REA;Actuadores;3140CA029;12:34;12:38;4;Equipment Fault;EOL;General;Safety system;Cortina NOK falla, limpieza, revisar pieza st6 no completada se retira,,,,;no;no
2025-07-18;REA;Actuadores;3140CA029;14:40;14:43;3;Production;MAT;General;Empty conveyor/feeder;Sin tornillos,,,,,,;no;no
2025-07-18;REA;Actuadores;3140CA029;14:47;14:50;3;Equipment Fault;Robots;R65;Vacuum system;pierde gear, restablecer secuencia,,,,,;no;no
2025-07-18;REA;Actuadores;3140CA029;12:16;12:21;5;Production;MAT;St3;Feeder;material atorado, demasiado material en feeder,,,,,;no;no
2025-07-18;REA;Actuadores;3140CA029;15:09;15:11;2;Production;Conveyors;C36;Presence sensor;blister atorado,,,,,,;no;no
2025-07-18;REA;Actuadores;3140CA029;15:20;15:29;9;Equipment Fault;Aux;805;Presence sensor;gira st805 antes de tiempo y choca con R65,,,,,,;no;no
2025-07-18;REA;Actuadores;3140CA029;15:31;15:36;5;Maintenance;CCC;Consumables;Resin;cambio de resina,,,,,,;no;no
2025-07-18;REA;Actuadores;3140CA029;15:42;15:45;3;Production;Conveyors;C36;Presence sensor;blister atorado,,,,,,;no;no
2025-07-18;REA;Actuadores;3140CA029;15:47;15:49;2;Quality;731;731;Presence sensor;pin chueco,,,,,,;no;no
2025-07-18;REA;Actuadores;3140CA029;16:23;16:25;2;Equipment Fault;Robots;R65;Motion supervision/Joint collision;no avanza sin señal,,,,,,;no;no
2025-07-18;REA;Actuadores;3140CA029;16:36;16:40;4;Equipment Fault;Aux;805;PLC ;sensor de vacio,,,,,,;no;no
2025-07-18;REA;Actuadores;3140CA029;16:47;16:50;3;Equipment Fault;Main conveyor;Main conveyor;RFID Reader;pallet falla RFID,,,,,,;no;no
2025-07-18;REA;Actuadores;3140CA029;16:58;17:10;12;Equipment Fault;CAW;CPA;Feeder;falla inserccion de crank,,,,,,;no;no
2025-07-18;REA;Actuadores;3140CA029;17:10;17:12;2;Equipment Fault;Aux;805;Presence sensor;sensor de vacio,,,,,,;no;no
2025-07-18;REA;Actuadores;3140CA029;17:30;17:33;3;Maintenance;CHW;St4;Pressor;limpieza st4,,,,,,;no;no
2025-07-18;REA;Actuadores;3140CA029;17:33;17:38;5;Maintenance;EOL;St4;CRIO NOK;falla st4 CRIO,,,,,,;no;no
2025-07-18;REA;Actuadores;3140CA029;17:38;17:40;2;Equipment Fault;Robots;R65;Motion supervision/Joint collision;falla no pone gear,,,,,,;no;no
2025-07-18;REA;Actuadores;3140CA029;17:40;16:34;-66;Quality;CHW;General;Scrapbox full;scrapbox full,,,,,,;no;no
2025-07-18;REA;Actuadores;3140CA029;17:52;17:54;2;Equipment Fault;Aux;805;Presence sensor;sensor de vacio,,,,,,;no;no
2025-07-18;REA;Actuadores;3140CA029;17:56;18:06;10;Maintenance;REA;General;Checklist;checklist diario,,,,,,;si;no
2025-07-18;REA;Actuadores;3140CA029;18:08;18:10;2;Equipment Fault;Robots;R65;Motion supervision/Joint collision;sensor de vacio,,,,,,;no;no
2025-07-18;REA;Actuadores;3140CA029;18:15;18:17;2;Equipment Fault;CAW;CPA;SCARA;mesa desalineada,,,,,,;no;no
2025-07-18;REA;Actuadores;3140CA029;18:20;18:21;1;Production;Conveyors;General;NOK material;motor invertido,,,,,,;no;no
2025-07-18;REA;Actuadores;3140CA029;18:25;18:32;7;Maintenance;USW;St14;Lower Jig;alto scrap,,,,,,;no;no
2025-07-18;REA;Actuadores;3140CA029;18:39;18:41;2;Equipment Fault;Robots;R65;Motion supervision/Joint collision;vacuum off,,,,,,;no;no
2025-07-18;REA;Actuadores;3140CA029;18:43;18:44;1;Equipment Fault;Robots;R65;Motion supervision/Joint collision;vacuum off,,,,,,;no;no
2025-07-18;REA;Actuadores;3140CA029;18:44;18:45;1;Equipment Fault;Robots;R65;Motion supervision/Joint collision;no llega señal,,,,,,;no;no
2025-07-18;REA;Actuadores;3140CA029;18:52;18:54;2;Equipment Fault;Robots;R65;Motion supervision/Joint collision;no avanza,,,,,,;no;no
2025-07-18;REA;Actuadores;3140CA029;19:51;19:54;3;Equipment Fault;Robots;R65;Motion supervision/Joint collision;no deja gear,,,,,,;no;no
2025-07-18;REA;Actuadores;3140CA029;20:13;20:15;2;Production;Conveyors;General;NOK material;motor invertido,,,,,,;no;no
2025-07-18;REA;Actuadores;3140CA029;20:17;20:20;3;Maintenance;Robots;R65;Gripper/tool adjustments;cambio de ventosas,,,,,,;no;no
2025-07-18;REA;Actuadores;3140CA029;20:27;20:29;2;Equipment Fault;Aux;805;Actuator NOK;vacuum off,,,,,,;no;no
2025-07-18;REA;Actuadores;3140CA029;20:34;20:36;2;Equipment Fault;Aux;805;Actuator NOK;vacuum off,,,,,,;no;no
2025-07-18;REA;Actuadores;3140CA029;20:49;20:51;2;Quality;Aux;805;Actuator NOK;vacuum off,,,,,,;no;no
2025-07-18;REA;Actuadores;3140CA029;21:07;21:10;3;Equipment Fault;Aux;805;Actuator NOK;vacuum off,,,,,,;no;no
2025-07-18;REA;Actuadores;3140CA029;21:20;21:24;4;Maintenance;Aux;805;Presence sensor;ajuste,,,,,,;no;no
2025-07-18;REA;Actuadores;3140CA029;21:38;21:40;2;Equipment Fault;Robots;R65;Motion supervision/Joint collision;se atora con st805,,,,,,;no;no
2025-07-18;COVER LINE;Line 2;FORD;22:05;22:50;45;Production;TBD;General;TBD;Receta de RW no concuerda con material ingresado a linea. Causa scrap consecutivo. Se vacia de forma manual todos los pallets, se cambia receta y vuelve a comenzar,,,,,;no;no
2025-07-18;REA;Actuadores;3140CA029;22:30;22:41;11;Maintenance;REA;General;Checklist;Checklist, cambio de goma USW scrap alto fin de turno anterior,,,,,;si;no
2025-07-18;REA;Actuadores;3140CA029;23:03;23:07;4;Equipment Fault;Aux;805;TBD;805 gira y golpea robot, rope mecanico de la posicion de reposo nok, se ajusta tope mecanico,,,,;no;no
2025-07-18;REA;Actuadores;3140CA029;22:44;22:50;6;Equipment Fault;USW;St11;Weld NOK;Se revisa actuador por alto scrap consecutvio, se agrega mas cinta azul, se cambia esponja,,,,;no;no
2025-07-18;COVER LINE;Line 2;FORD;23:20;23:22;2;Equipment Fault;OMT;ST7;Laser;Se alarma laser, se desconecta y reconoecta el USB, problema conocido mas sin raiz indentificada/solucion a largo plazo,,,,;no;no
2025-07-18;REA;Actuadores;3140CA029;23:20;23:26;6;Equipment Fault;Robots;R65;Motion supervision/Joint collision;Motion supervision por manguera y al alarmase baja robot y choca contra st 805,,,,,,;no;no
2025-07-19;COVER LINE;Line 2;FORD;00:00;00:04;4;Equipment Fault;Terminal caps;ST94;Presence sensor;Salio el feeder lineal sin uno de los forkguides, entro en un bucle ya que al tener presencia del segundo volvia a salir y a fallar,,,,,;no;no
2025-07-19;REA;Actuadores;3140CA029;00:00;00:08;8;Equipment Fault;CAW;Jig/Index;Blade orienter actuator;Blade orienter sensor fuera de posicion. 12 a 12:04 en otra falla en moldeo, tenico en otras labores,,,,,;no;no
2025-07-18;REA;Actuadores;3140CA029;23:42;23:48;6;Maintenance;MAT;Consumables;Grease;Sin grasa en el area, sin llave de jaula,,,,,;no;no
2025-07-19;REA;Actuadores;3140CA029;00:46;00:48;2;Equipment Fault;Conveyors;C36;Guides ;Loking atora blister, se pone home para que abra y avance,,,,,;no;no
2025-07-19;REA;Actuadores;3140CA029;01:01;01:05;4;Equipment Fault;CAW;Jig/Index;Index not in home;Robot fallo en repetidas ocasiones en poner el crank,,,,,,;no;no
2025-07-19;REA;Actuadores;3140CA029;01:20;01:26;6;Equipment Fault;CAW;CPA;SCARA;SCARA no regreso a home, no logra volver a home en manual hasta despues de varios intentos,,,,,;no;no
2025-07-19;REA;Actuadores;3140CA029;01:14;01:20;6;Equipment Fault;CAW;Jig/Index;Index not in home;Falla repetitiva al insertar, se ajusta mesa, se comprueba posicion con SV, se marca la posicion,,,;no;no
2025-07-19;REA;Actuadores;3140CA029;01:27;01:29;2;Equipment Fault;Conveyors;C37;Presence sensor;No detecta correctamente, esperando blister que ya esta ahi,,,,,;no;no
2025-07-19;REA;Actuadores;3140CA029;02:14;02:18;4;Maintenance;CHW;Consumables;Chip reel;Cambio chip,,,,,,;no;no
2025-07-19;REA;Actuadores;3140CA029;02:07;02:10;3;Equipment Fault;Robots;R65;Motion supervision/Joint collision;Motion supervision al subir despues de tomar G3 (por convolute), al bajar y querse parado lo golpea 805,,,,,;no;no
2025-07-19;REA;Actuadores;3140CA029;02:21;02:23;2;Equipment Fault;Robots;R65;Motion supervision/Joint collision;Motion supervision al subir despues de tomar G3 (por convolute), al bajar y querse parado lo golpea 805,,,,,;no;no
2025-07-19;REA;Actuadores;3140CA029;03:26;03:29;3;Equipment Fault;750;750;Feed piston;Prensa baja y no continua ciclo,,,,,,;no;no
2025-07-19;REA;Actuadores;3140CA029;03:31;03:36;5;Equipment Fault;CAW;CPA;SCARA;Robot no continua ciclo de poner crank y se alarma,,,,,,;no;no
2025-07-19;REA;Actuadores;3140CA029;04:28;04:30;2;Equipment Fault;Robots;R70;Vacuum system;Ventosas nok, se cambia,,,,,;no;no
2025-07-19;REA;Actuadores;3140CA029;07:00;07:03;3;Quality;REA;General;SOP;muestras para liberacion,,,,,,;no;no
2025-07-19;REA;Actuadores;3140CA029;07:03;07:10;7;Maintenance;REA;General;Checklist;checklist inicio de turno,,,,,,;si;no
2025-07-19;REA;Actuadores;3140CA029;07:44;07:45;1;Equipment Fault;Robots;R75;Gripper/tool adjustments;gripper no abrio,,,,,,;no;no
2025-07-19;REA;Actuadores;3140CA029;08:36;08:40;4;Equipment Fault;EOL;St4;CRIO NOK;reinicio de crio,,,,,,;no;no
2025-07-19;REA;Actuadores;3140CA029;08:42;08:44;2;Equipment Fault;REA;General;Pneumatic System;compresor alarmado,,,,,,;no;no
2025-07-19;REA;Actuadores;3140CA029;09:28;09:29;1;Equipment Fault;Robots;R70;Vacuum system;canbio de ventosas,,,,,,;no;no
2025-07-19;REA;Actuadores;3140CA029;09:47;09:49;2;Equipment Fault;Robots;R33;Motion supervision/Joint collision;cover mal colocado por blister dañado,,,,,,;no;no
2025-07-19;REA;Actuadores;3140CA029;09:56;09:58;2;Production;MAT;St3;Feeder;feeder sin tornillos,,,,,,;no;no
2025-07-19;REA;Actuadores;3140CA029;10:16;10:17;1;Equipment Fault;Robots;R70;Vacuum system;vacuum off,,,,,,;no;no
2025-07-19;REA;Actuadores;3140CA029;10:30;10:32;2;Equipment Fault;915;915;Dart sensor;ogiva caida,,,,,,;no;no
2025-07-19;REA;Actuadores;3140CA029;10:32;10:33;1;Maintenance;USW;St14;Lower Jig;limpieza de jig,,,,,,;no;no
2025-07-19;REA;Actuadores;3140CA029;10:38;10:41;3;Equipment Fault;EOL;St4;CRIO NOK;reinicio de crio,,,,,,;no;no
2025-07-19;REA;Actuadores;3140CA029;10:46;10:48;2;Maintenance;CHW;St4;Pressor;limpieza de pines de pressor,,,,,,;no;no
2025-07-19;REA;Actuadores;3140CA029;11:22;11:24;2;Equipment Fault;Aux;805;Pneumatic System;cambio de ventosas,,,,,,;no;no
2025-07-19;REA;Actuadores;3140CA029;11:40;11:45;5;Equipment Fault;EOL;St4;CRIO NOK;Reinicio de crio y aplicacion EOL,,,,,,;no;no
2025-07-19;REA;Actuadores;3140CA029;12:00;12:30;30;Production;REA;General;No staff;paro por hora de comida,,,,,,;no;no
2025-07-19;REA;Actuadores;3140CA029;14:19;14:22;3;Maintenance;CCC;Consumables;Resin;relleno de resina,,,,,,;no;no
2025-07-19;REA;Actuadores;3140CA029;14:38;14:40;2;Maintenance;USW;St14;Lower Jig;limpieza de jig por scrap consecutivo,,,,,,;no;no
2025-07-19;REA;Actuadores;3140CA029;14:46;14:47;1;Equipment Fault;731;731;Feed piston;pin inclinado,,,,,,;no;no
2025-07-19;REA;Actuadores;3140CA029;15:16;15:18;2;Equipment Fault;Conveyors;C36;Presence sensor;blister atorado,,,,,,;no;no
2025-07-19;REA;Actuadores;3140CA029;15:24;15:26;2;Equipment Fault;731;731;Presence sensor;pin chueco,,,,,,;no;no
2025-07-19;REA;Actuadores;3140CA029;15:31;15:35;4;Equipment Fault;CAW;CPA;Vision system;se detiene robot,,,,,,;no;no
2025-07-19;REA;Actuadores;3140CA029;16:06;16:08;2;Equipment Fault;731;731;Presence sensor;pin chueco,,,,,,;no;no
2025-07-19;REA;Actuadores;3140CA029;17:56;17:56;0;Production;Conveyors;General;NOK material;motor invertido,,,,,,;no;no
2025-07-19;REA;Actuadores;3140CA029;18:12;18:14;2;Quality;731;731;Presence sensor;pin no cae bien en en sensor,,,,,,;no;no
2025-07-19;REA;Actuadores;3140CA029;18:19;18:20;1;Equipment Fault;731;731;Presence sensor;pin caido,,,,,,;no;no
2025-07-19;REA;Actuadores;3140CA029;18:29;18:30;1;Quality;CHW;General;Scrapbox full;scrapbox full,,,,,,;no;no
2025-07-19;REA;Actuadores;3140CA029;18:43;18:48;5;Maintenance;CHW;Consumables;Chip reel;cambio de rollo,,,,,,;no;no
2025-07-19;REA;Actuadores;3140CA029;18:52;18:54;2;Maintenance;CHW;St4;Pressor;cambio de pines,,,,,,;no;no
2025-07-19;REA;Actuadores;3140CA029;18:56;19:02;6;Quality;CHW;General;Scrapbox full;alto scrap,,,,,,;no;no
2025-07-19;REA;Actuadores;3140CA029;19:02;19:04;2;Quality;731;731;Presence sensor;pin chueco,,,,,,;no;no
2025-07-19;REA;Actuadores;3140CA029;19:09;19:11;2;Equipment Fault;Main conveyor;Main conveyor;Lock NOK;pallet de atora en locking,,,,,,;no;no
2025-07-19;REA;Actuadores;3140CA029;20:42;20:44;2;Maintenance;MAT;General;Scrapbox full;alto scrap,,,,,,;no;no
2025-07-19;REA;Actuadores;3140CA029;20:55;20:57;2;Maintenance;USW;St14;Lower Jig;limpieza St14,,,,,,;no;no
2025-07-19;REA;Actuadores;3140CA029;21:10;21:13;3;Maintenance;CHW;General;NOK material;ajuste por alto scrap,,,,,,;no;no
2025-07-19;REA;Actuadores;3140CA029;21:15;21:17;2;Equipment Fault;731;731;Presence sensor;pin chueco,,,,,,;no;no
2025-07-24;REA;Actuadores;3140CA029;15:00;15:09;9;Maintenance;REA;General;Checklist;Checklist,,,,,,;si;no
2025-07-24;REA;Actuadores;3140CA029;15:08;15:11;3;Equipment Fault;Robots;R65;Vacuum system;Vacuum off,,,,,,;no;no
2025-07-24;REA;Actuadores;3140CA029;15:15;15:20;5;Equipment Fault;620;620;Alphamatic Module;Prensa no continua ciclo, GRAFCET esperando señal de alfamatic module, se reinicia el modulo,,,,;no;no
2025-07-24;REA;Actuadores;3140CA029;15:34;15:36;2;Production;Aux;710;TBD;Motor invertido,,,,,,;no;no
2025-07-24;REA;Actuadores;3140CA028;15:45;15:48;3;Equipment Fault;EOL;St4;CRIO NOK;Crio reboot,,,,,,;no;no
2025-07-24;REA;Actuadores;3140CA028;15:54;16:15;21;Equipment Fault;EOL;St2;CRIO NOK;Scrap, sin respuesta del sensor (en unas piezas al segundo intento quedan correctas, otras vuelven a quedar en 0), STX Do nothing repetitivo. Se saca pieza y se hacen pruebas en calidad (OLT, PTC), aun por determinar causa raiz, potencialmente software;no;no
2025-07-24;REA;Actuadores;3140CA028;16:28;16:36;8;Equipment Fault;USW;St11;Branson;Scrap alto, revision,,,,,;no;no
2025-07-24;REA;Actuadores;3140CA028;17:10;17:15;5;Equipment Fault;CCC;St3;Dosifier;Ajuste por parte del equipo de Italia en velocidad de dispensacion de resina, para reducir el shot,,,,,;no;no
2025-07-24;REA;Actuadores;3140CA028;17:26;17:28;2;Equipment Fault;Robots;R65;Vacuum system;vacuum off,,,,,,;no;no
2025-07-24;REA;Actuadores;3140CA028;17:42;17:43;1;Equipment Fault;731;731;Feed piston;Pin mal alimentado,,,,,,;no;no
2025-07-24;REA;Actuadores;3140CA028;17:47;17:49;2;Equipment Fault;USW;St14;Lower Jig;Limpieza por scrap,,,,,,;no;no
2025-07-24;REA;Actuadores;3140CA028;17:56;17:59;3;Equipment Fault;USW;St11;Jig;Se reemplaza esponja de la base,,,,,,;no;no
2025-07-24;REA;Actuadores;3140CA028;18:01;18:02;1;Equipment Fault;731;731;Feed piston;Pin mal alimentado,,,,,,;no;no
2025-07-24;REA;Actuadores;3140CA028;18:02;18:05;3;Equipment Fault;620;620;Alphamatic Module;No manda señal a PLC, se reinicia modulo,,,,,;no;no
2025-07-24;REA;Actuadores;3140CA028;18:06;18:10;4;Equipment Fault;CAW;CPA;Feeder;Crank invertido,,,,,,;no;no
2025-07-24;REA;Actuadores;3140CA028;18:21;18:27;6;Equipment Fault;USW;St11;Weld NOK;Se calibra la bajada del sonotrodo, se revisa la frecuencia de operacion, se revisa alineacion,,,,;no;no
2025-07-21;REA;Actuadores;3140CA028;15:00;22:30;450;Production;REA;General;TBD;PPAP, sin poder continuar en el cambio e inicio de corrida a nuevo PN 038,,,,,;no;no
2025-07-24;REA;Actuadores;3140CA029;18:44;18:46;2;Equipment Fault;620;620;Feed piston;Al prensar queda abajo, y no continua el ciclo,,,,,;no;no
2025-07-24;REA;Actuadores;3140CA029;18:49;18:51;2;Equipment Fault;Robots;R65;Vacuum system;Vacuum off,,,,,,;no;no
2025-07-24;REA;Actuadores;3140CA029;19:22;19:24;2;Equipment Fault;Robots;R80;Gripper/tool adjustments;Gripper no abre correctamente,,,,,,;no;no
2025-07-24;REA;Actuadores;3140CA029;19:34;19:40;6;Equipment Fault;620;620;Bowl/Lineal feeder;Piston queda abajo en repetidas ocasiones,,,,,,;no;no
2025-07-24;REA;Actuadores;3140CA029;19:54;19:57;3;Equipment Fault;620;620;Feed piston;Prensa queda abajo y no continua ciclo,,,,,,;no;no
2025-07-24;REA;Actuadores;3140CA029;19:57;20:01;4;Equipment Fault;620;620;Feed piston;Prensa queda abajo y no continua ciclo,,,,,,;no;no
2025-07-24;REA;Actuadores;3140CA029;20:03;20:05;2;Equipment Fault;EOL;St2;Gripper NOK;Error de gripper,,,,,,;no;no
2025-07-24;REA;Actuadores;3140CA029;20:06;20:09;3;Equipment Fault;Robots;R65;Vacuum system;vacuum off,,,,,,;no;no
2025-07-24;REA;Actuadores;3140CA029;21:40;21:42;2;Equipment Fault;USW;St14;Lower Jig;Limpieza de jig,,,,,,;no;no
2025-07-24;REA;Actuadores;3140CA029;21:43;21:45;2;Equipment Fault;Robots;R38;Incorrect pick/place;Robot no continua por motor volteado en 715,,,,,,;no;no
2025-07-24;REA;Actuadores;3140CA029;22:10;22:16;6;Equipment Fault;Robots;R80;Gripper/tool adjustments;Se ajusta gripper de robot por mal posicionamiento en st 974,,,,,,;no;no
2025-07-24;REA;Actuadores;3140CA028;22:30;22:32;2;Equipment Fault;Robots;R65;Vacuum system;falla de vacio,,,,,,;no;no
2025-07-25;REA;Actuadores;3140CA028;00:48;00:50;2;Quality;EOL;General;Scrapbox full;scrap box full,,,,,,;no;no
2025-07-25;REA;Actuadores;3140CA028;01:39;02:27;48;Equipment Fault;Main conveyor;Main conveyor;Lock NOK;Tornillo que conecta tope mecanico y cilindro dañado (rosca), se requiere reemplazar, se utilizo cilindro no utilizado de 915,,,,;no;no
2025-07-25;REA;Actuadores;3140CA028;02:38;02:51;13;Equipment Fault;Robots;R65;Incorrect pick/place;Previamente hubo ajustes en otro turno solo en la posicion alt, pendiente std, se actualiza pick std de conv 55 (gear), ya que chocaba con borde de gear y perdia todas las piezas,,,;no;no
2025-07-25;REA;Actuadores;3140CA028;03:02;03:05;3;Equipment Fault;USW;St14;Lower Jig;Scraps continuos, rebaba en jig, limpieza general,,,,;no;no
2025-07-25;REA;Actuadores;3140CA028;03:08;03:10;2;Quality;CHW;General;Scrapbox full;Scrapbox full, retirar material,,,,,;no;no
2025-07-25;REA;Actuadores;3140CA028;03:05;03:07;2;Equipment Fault;CHW;St4;Pressor;scraps continuos, ajustar samlight de pin 1, el de derecha en samlight, de 3.55 a 3.5, ademas de limpieza,,;no;no
2025-07-25;REA;Actuadores;3140CA028;01:24;01:28;4;Equipment Fault;CAW;CPA;Feeder;No detecta crank, cranks se inclinan y no avanzan por vibracion baja en feeder lineal, se incrementa de 5 a 5.2,,,,;no;no
2025-07-25;REA;Actuadores;3140CA028;04:00;04:09;9;Equipment Fault;Robots;R80;Gripper/tool adjustments;se agrega mas grip por pieza resbala sobre gripper falla place en 974,,,,,,;no;no
2025-07-25;REA;Actuadores;3140CA028;00:40;00:42;2;Equipment Fault;Robots;R80;Gripper/tool adjustments;pieza resbala sobre gripper falla place en 974,,,,,,;no;no
2025-07-25;REA;Actuadores;3140CA028;00:05;00:08;3;Quality;REA;General;NOK material;Motores recuperados volteados en los blisters,,,,,,;no;no
2025-07-25;REA;Actuadores;3140CA028;03:45;03:59;14;Equipment Fault;Robots;R80;Incorrect pick/place;Fallas constantes en pick 970 and place de 974, se ajustan posiciones,,,,,;no;no
2025-07-25;REA;Actuadores;3140CA028;06:08;06:10;2;Maintenance;CHW;Consumables;Chip reel;cambio de chip,,,,,,;no;no
2025-07-21;REA;Actuadores;3140CA038;07:00;15:00;480;Maintenance;REA;General;TBD;PPAP,,,,,,;no;no
2025-07-21;REA;Actuadores;3140CA038;15:00;22:30;450;Maintenance;REA;General;TBD;PPAP,,,,,,;no;no
2025-07-21;REA;Actuadores;3140CA038;22:30;23:59;89;Maintenance;REA;General;TBD;PPAP,,,,,,;no;no
2025-07-22;REA;Actuadores;3140CA038;00:00;07:00;420;Maintenance;REA;General;TBD;PPAP,,,,,,;no;no
2025-07-23;REA;Actuadores;3140CA028;22:30;23:59;89;Maintenance;REA;General;Scheduled maintenance;Cambio de cinta layout,,,,,,;no;no
2025-07-24;REA;Actuadores;3140CA028;00:00;02:30;150;Maintenance;REA;General;Change Over;Set up stell 28,,,,,,;no;no
2025-07-24;REA;Actuadores;3140CA028;02:30;04:00;90;Quality;REA;General;Change Over;Paro programado, pendiente liberacion, sin personal,,,,;no;no
2025-07-24;REA;Actuadores;3140CA028;04:00;07:00;180;Maintenance;USW;St11;Branson;Cambio de sonotrodo y pruebas iniciales,,,,,,;no;no
2025-07-24;REA;Actuadores;3140CA039;22:30;23:59;89;Maintenance;REA;General;Change Over;Cambio, se necesito soporte Italia en EOL,,,,,;no;no
2025-07-25;REA;Actuadores;3140CA039;00:00;07:00;420;Maintenance;REA;General;Change Over;Cambio, se necesito soporte Italia en EOL,,,,,;no;no
2025-07-25;REA;Actuadores;3140CA028;07:32;07:34;2;Maintenance;CHW;Consumables;Argon;Test,,,,,,;no;no
2025-07-25;REA;Actuadores;3140CA028;07:00;07:10;10;Maintenance;REA;General;Checklist;CHecklist,,,,,,;si;no
2025-07-25;REA;Actuadores;3140CA028;07:40;07:42;2;Equipment Fault;Robots;R65;Motion supervision/Joint collision;Motion supervision,,,,,,;no;no
2025-07-25;REA;Actuadores;3140CA028;08:00;08:02;2;Production;Conveyors;C31;Presence sensor;Se vacia conveyor,,,,,,;no;no
2025-07-25;REA;Actuadores;3140CA028;08:03;08:06;3;Equipment Fault;Robots;R65;Vacuum system;Vacuum off,,,,,,;no;no
2025-07-25;REA;Actuadores;3140CA028;08:15;08:17;2;Equipment Fault;Robots;R65;Vacuum system;Vacuum off,,,,,,;no;no
2025-07-21;REA;Actuadores;3140CA038;07:00;15:00;480;Maintenance;REA;General;Change Over;Empieza cambio de numero de parte por PPAP a Stellantis 038,,,,,,;no;no
2025-07-22;REA;Actuadores;3140CA038;07:00;15:00;480;Maintenance;REA;General;TBD;PPAP,,,,,,;no;no
2025-07-23;REA;Actuadores;3140CA039;07:00;15:00;480;Maintenance;REA;General;TBD;PPAP,,,,,,;no;no
2025-07-24;REA;Actuadores;3140CA028;07:00;07:30;30;Maintenance;Robots;R65;Incorrect pick/place;Ajuste de posicion y locking para area de trabajo de R60 cuando insertar gear,,,,,,;no;no
2025-07-24;REA;Actuadores;3140CA028;07:30;09:30;120;Maintenance;USW;St11;Branson;Alineacion y calibracion de sonotrodo nuevo,,,,,,;no;no
2025-07-24;REA;Actuadores;3140CA028;11:40;12:20;40;Maintenance;CAW;LWS;NOK Condition;Ajuste de parametros en SAMLIGHT,,,,,,;no;no
2025-07-24;REA;Actuadores;3140CA028;12:50;14:30;100;Quality;REA;General;Change Over;Liberación y se pasan master de toda la linea,,,,,,;no;no
2025-07-25;REA;Actuadores;3140CA028;22:35;22:39;4;Quality;EOL;General;Scrapbox full;scrap box full,,,,,,;no;no
2025-07-25;REA;Actuadores;3140CA028;23:20;23:27;7;Equipment Fault;USW;St14;Lower Jig;Scraps continuos, promedio alto, limpieza general,,,,;no;no
2025-07-26;REA;Actuadores;3140CA028;00:21;00:23;2;Equipment Fault;Robots;R65;Incorrect pick/place;place nok en 805,,,,,,;no;no
2025-07-26;REA;Actuadores;3140CA028;00:42;00:43;1;Equipment Fault;Robots;R65;Incorrect pick/place;place nok en 805,,,,,,;no;no
2025-07-26;REA;Actuadores;3140CA028;00:48;00:49;1;Equipment Fault;Robots;R65;Incorrect pick/place;place nok en 805,,,,,,;no;no
2025-07-26;REA;Actuadores;3140CA028;01:50;01:55;5;Equipment Fault;EOL;St2;Gripper NOK;Not connected, reestablecer ciclo despues de desconectar y conectar gripper,,,,,;no;no
2025-07-25;REA;Actuadores;3140CA028;08:32;08:35;3;Quality;730;730;Bowl/Lineal feeder;Pin chueco,,,,,,;no;no
2025-07-25;REA;Actuadores;3140CA028;08:42;08:46;4;Maintenance;CHW;St4;Pressor;Limpieza de pressor,,,,,,;no;no
2025-07-25;REA;Actuadores;3140CA028;08:48;08:51;3;Equipment Fault;CAW;LSW;Vision system;Ajuste de sistema de vision por falso scrap,,,,,,;no;no
2025-07-25;REA;Actuadores;3140CA028;09:08;09:10;2;Equipment Fault;Main conveyor;Main conveyor;Inductive sensor;Pallet atorado,,,,,,;no;no
2025-07-25;REA;Actuadores;3140CA028;09:13;09:15;2;Quality;Main conveyor;Main conveyor;RFID Reader;Pallet RFID no trabaja prensa,,,,,,;no;no
2025-07-25;REA;Actuadores;3140CA028;10:27;10:35;8;Equipment Fault;EOL;St4;CRIO NOK;Falla st4 se reinicia app,,,,,,;no;no
2025-07-25;REA;Actuadores;3140CA028;10:54;11:00;6;Equipment Fault;EOL;St2;CRIO NOK;St2 scrap en todos los jig 6, bug de app, se reinicia app + CRIO,,,,;no;no
2025-07-25;REA;Actuadores;3140CA028;11:10;11:12;2;Equipment Fault;Robots;R65;Vacuum system;Vacuum off,,,,,,;no;no
2025-07-25;REA;Actuadores;3140CA028;11:16;11:21;5;Maintenance;CCC;General;TBD;Pruebas de ingenieria por parte del equipo de Italia,,,,,,;no;no
2025-07-25;REA;Actuadores;3140CA028;11:22;11:24;2;Equipment Fault;Main conveyor;Main conveyor;Singulator NOK;Pallet atorado,,,,,,;no;no
2025-07-25;REA;Actuadores;3140CA028;12:20;12:28;8;Maintenance;Conveyors;C55;Belt;Mesa movida, se ajusta posicion,,,,,;no;no
2025-07-25;REA;Actuadores;3140CA028;12:32;12:40;8;Maintenance;Robots;R65;Incorrect pick/place;Se modifica posicion Alt 805,,,,,,;no;no
2025-07-25;REA;Actuadores;3140CA028;12:45;12:50;5;Maintenance;Robots;R65;Vacuum system;Cambio de ventosas,,,,,,;no;no
2025-07-25;REA;Actuadores;3140CA028;13:30;13:40;10;Maintenance;REA;General;Checklist;Checklist 500pz,,,,,,;si;no
2025-07-25;REA;Actuadores;3140CA028;13:45;13:50;5;Maintenance;CHW;St4;Pressor;Cambio de pines por alto scrap,,,,,,;no;no
2025-07-22;REA;Actuadores;3140CA038;15:00;22:30;450;Maintenance;REA;General;TBD;PPAP,,,,,,;no;no
2025-07-23;REA;Actuadores;3140CA039;15:00;22:30;450;Maintenance;REA;General;TBD;PPAP,,,,,,;no;no
2025-07-22;REA;Actuadores;3140CA038;00:00;07:00;420;Maintenance;REA;General;TBD;PPAP,,,,,,;no;no
2025-07-25;REA;Actuadores;3140CA028;15:00;15:10;10;Equipment Fault;REA;General;Checklist;Checklist,,,,,,;si;no
2025-07-25;REA;Actuadores;3140CA028;15:18;15:21;3;Equipment Fault;CHW;St3;Thermodo;st 3 time out,,,,,,;no;no
2025-07-26;REA;Actuadores;3140CA028;15:45;15:55;10;Maintenance;MAT;Consumables;Grease;Cambio de grasa,,,,,,;no;no
2025-07-26;REA;Actuadores;3140CA028;16:04;16:08;4;Equipment Fault;EOL;St3;Axial play NOK;Se revisa st 3 por scrap consecutivo,,,,,,;no;no
2025-07-26;REA;Actuadores;3140CA028;16:10;16:12;2;Equipment Fault;Aux;710;TBD;Motor volteado, robot no continua seceuncia,,,,,;no;no
2025-07-26;REA;Actuadores;3140CA028;16:16;16:20;4;Equipment Fault;731;731;Bowl/Lineal feeder;prensa no continua ciclo, se reinicia en hmi,,,,,;no;no
2025-07-26;REA;Actuadores;3140CA028;16:27;16:30;3;Equipment Fault;620;620;Alphamatic Module;Piston queda abajo y no continua ciclo,,,,,,;no;no
2025-07-26;REA;Actuadores;3140CA028;16:33;16:36;3;Equipment Fault;CHW;St4;Pressor;Se limpia pressor por scrap,,,,,,;no;no
2025-07-26;REA;Actuadores;3140CA028;16:57;17:20;23;Equipment Fault;CAW;Jig/Index;Blade orienter actuator;Se revisa blade por crank inclinado,,,,,,;no;no
2025-07-26;REA;Actuadores;3140CA028;17:26;17:36;10;Equipment Fault;EOL;St3;Axial play NOK;Se revisa st por scrap, se reinicia app,,,,,;no;no
2025-07-26;REA;Actuadores;3140CA028;17:38;17:40;2;Equipment Fault;Main conveyor;Main conveyor;Lock NOK;Pallet atorado,,,,,,;no;no
2025-07-26;REA;Actuadores;3140CA028;18:04;18:07;3;Equipment Fault;CAW;CPA;SCARA;Robot falla al insertar crank,,,,,,;no;no
2025-07-26;REA;Actuadores;3140CA028;18:07;18:11;4;Maintenance;CCC;Consumables;Resin;Cambio de resina,,,,,,;no;no
2025-07-26;REA;Actuadores;3140CA028;18:05;18:08;3;Equipment Fault;USW;St14;Lower Jig;Limpieza de jig,,,,,,;no;no
2025-07-26;REA;Actuadores;3140CA028;18:15;18:18;3;Equipment Fault;Robots;R65;Vacuum system;Vcuum off,,,,,,;no;no
2025-07-26;REA;Actuadores;3140CA028;20:09;20:40;31;Equipment Fault;REA;General;No staff;Paro por hora de comida,,,,,,;no;no
2025-07-26;REA;Actuadores;3140CA028;21:13;21:18;5;Equipment Fault;EOL;General;Software/PC;Reinicio de app,,,,,,;no;no
2025-07-26;REA;Actuadores;3140CA028;21:52;21:56;4;Equipment Fault;EOL;Jigs;Jig actuator;Se revisa jig por constante scrap en el mismo,,,,,,;no;no
2025-07-26;REA;Actuadores;3140CA028;22:05;22:08;3;Equipment Fault;EOL;St2;Gripper NOK;Gripper error de signal,,,,,,;no;no
2025-07-29;REA;Actuadores;3140CA029;00:02;00:03;1;Equipment Fault;Robots;R75;Gripper/tool adjustments;Gripper atorado por ensamble de cover, falta de grip en gripper,,,,,;no;no
2025-07-29;REA;Actuadores;3140CA029;00:05;00:08;3;Equipment Fault;Robots;R75;Gripper/tool adjustments;Gripper atorado por ensamble de cover, falta de grip en gripper,,,,,;no;no
2025-07-29;REA;Actuadores;3140CA029;00:47;00:50;3;Equipment Fault;620;620;Alphamatic Module;no continua ciclo por scrap (minimum force not reached),,,,,,;no;no
2025-07-29;REA;Actuadores;3140CA029;00:40;00:45;5;Equipment Fault;USW;St14;Lower Jig;scraps continuos, limpieza general, jig test,,,,;no;no
2025-07-29;REA;Actuadores;3140CA029;01:00;01:04;4;Equipment Fault;CAW;CPA;SCARA;No continua ciclo, memoria ok, posible falla de comunicacion,,,,;no;no
2025-07-29;REA;Actuadores;3140CA029;00:30;00:37;7;Equipment Fault;USW;St11;Weld NOK;Scraps continuos, actuador overburned, se reduce amplitud de 85 a 81 porciento,,,,;no;no
2025-07-29;REA;Actuadores;3140CA029;03:30;03:33;3;Equipment Fault;USW;St14;Lower Jig;rebaba, limpieza necesaria,,,,,;no;no
2025-07-29;REA;Actuadores;3140CA029;04:00;04:07;7;Equipment Fault;REA;General;Empty rack;blisters en conveyor inferior,,,,,,;no;no
2025-07-29;REA;Actuadores;3140CA029;03:55;03:57;2;Equipment Fault;USW;St14;Lower Jig;scraps continuos, limpieza general,,,,,;no;no
2025-07-26;REA;Actuadores;3140CA029;04:00;07:00;180;Maintenance;REA;General;Change Over;Cambio a ford 29,,,,,,;no;no
2025-07-29;REA;Actuadores;3140CA028;04:44;04:45;1;Equipment Fault;731;731;Feed piston;pin inclinado,,,,,,;no;no
2025-07-29;REA;Actuadores;3140CA029;05:42;05:44;2;Maintenance;MAT;Consumables;Grease;cambio de grasa,,,,,,;no;no
2025-07-28;REA;Actuadores;3140CA029;23:10;23:15;5;Equipment Fault;730;730;Alphamatic Module;No continua ciclo, prensa se queda en pick, pallet anterior avanza como si locking estuviera vacio, se requiere reiniciar 730,,,;no;no
2025-07-28;REA;Actuadores;3140CA029;10:34;10:39;5;Maintenance;REA;General;Scheduled maintenance;diario,,,,,,;no;no
2025-07-29;REA;Actuadores;3140CA028;06:30;06:31;1;Equipment Fault;731;731;Feed piston;pin inclinado,,,,,,;no;no
2025-07-28;REA;Actuadores;3140CA028;12:58;13:03;5;Equipment Fault;EOL;St3;Axial play NOK;falla, se traba app,,,,,;no;no
2025-07-28;REA;Actuadores;3140CA028;13:04;13:07;3;Equipment Fault;EOL;St4;CRIO NOK;falla crio,,,,,,;no;no
2025-07-28;REA;Actuadores;3140CA028;13:14;13:16;2;Equipment Fault;Conveyors;C36;Presence sensor;pallet atorado,,,,,,;no;no
2025-07-28;REA;Actuadores;3140CA028;13:19;13:22;3;Equipment Fault;Main conveyor;Main conveyor;Lock NOK;pallet atorado,,,,,,;no;no
2025-07-28;REA;Actuadores;3140CA028;13:30;13:34;4;Maintenance;EOL;St2;Gripper NOK;calibracion,,,,,,;no;no
2025-07-28;REA;Actuadores;3140CA028;13:40;13:45;5;Maintenance;CAW;General;Scheduled maintenance;checklist,,,,,,;si;no
2025-07-28;REA;Actuadores;3140CA028;13:51;13:58;7;Maintenance;USW;St11;Branson;limpieza st 11,14,,,,,;no;no
2025-07-28;REA;Actuadores;3140CA028;13:58;14:00;2;Quality;MAT;General;Scrapbox full;scrap full,,,,,,;no;no
2025-07-28;REA;Actuadores;3140CA028;14:02;14:04;2;Equipment Fault;EOL;St2;Gripper NOK;falla st2,,,,,,;no;no
2025-07-29;REA;Actuadores;3140CA029;07:39;07:41;2;Equipment Fault;731;731;Presence sensor;pin chueco,,,,,,;no;no
2025-07-29;REA;Actuadores;3140CA029;08:16;08:22;6;Maintenance;Main conveyor;Main conveyor;Inductive sensor;ajuste de sensor,,,,,,;no;no
2025-07-29;REA;Actuadores;3140CA029;08:35;08:37;2;Equipment Fault;CHW;St2;Vision system;chip fuera de posicion,,,,,,;no;no
2025-07-29;REA;Actuadores;3140CA029;09:13;09:18;5;Maintenance;CHW;St4;Pressor;cambio de goma y pines,,,,,,;no;no
2025-07-29;REA;Actuadores;3140CA029;09:30;09:33;3;Maintenance;731;731;Presence sensor;ajuste de sensor,,,,,,;no;no
2025-07-29;REA;Actuadores;3140CA029;09:33;09:38;5;Maintenance;CHW;Consumables;Chip reel;cambio de chip,,,,,,;no;no
2025-07-29;REA;Actuadores;3140CA029;10:55;11:05;10;Maintenance;REA;General;Checklist;checklist programado (500 pzs.),,,,,,;si;no
2025-07-29;REA;Actuadores;3140CA029;11:24;11:26;2;Equipment Fault;EOL;St2;Gripper NOK;se alrma por falla en gripper,,,,,,;no;no
2025-07-29;REA;Actuadores;3140CA029;11:26;11:29;3;Equipment Fault;620;620;Feed piston;se queda abajo piston,,,,,,;no;no
2025-07-29;REA;Actuadores;3140CA029;07:26;07:28;2;Equipment Fault;Robots;R75;Gripper/tool adjustments;no abre gripper,,,,,,;no;no
2025-07-29;REA;Actuadores;3140CA029;07:12;07:15;3;Equipment Fault;915;915;Vision system;falla st915,,,,,,;no;no
2025-07-29;REA;Actuadores;3140CA029;07:00;07:10;10;Maintenance;REA;General;Scheduled maintenance;checklist de inicio de turno,,,,,,;si;no
2025-07-28;REA;Actuadores;3140CA029;07:00;09:00;120;Quality;REA;General;SOP;liberacion,,,,,,;no;no
2025-07-28;REA;Actuadores;3140CA029;09:40;09:44;4;Equipment Fault;EOL;St2;Gripper NOK;falla st2,,,,,,;no;no
2025-07-28;REA;Actuadores;3140CA029;09:20;09:21;1;Equipment Fault;EOL;St2;Gripper NOK;falla st2,,,,,,;no;no
2025-07-28;REA;Actuadores;3140CA029;09:48;09:56;8;Equipment Fault;EOL;St4;CRIO NOK;reset de crio,,,,,,;no;no
2025-07-28;REA;Actuadores;3140CA029;10:10;10:12;2;Equipment Fault;Aux;805;Presence sensor;no deja el Gear en posicion,,,,,,;no;no
2025-07-28;REA;Actuadores;3140CA029;10:13;10:15;2;Equipment Fault;EOL;St2;Gripper NOK;falla st2,,,,,,;no;no
2025-07-28;REA;Actuadores;3140CA029;10:15;10:16;1;Equipment Fault;Aux;805;Presence sensor;se cae Gear,,,,,,;no;no
2025-07-28;REA;Actuadores;3140CA029;10:17;10:20;3;Quality;EOL;General;Scrapbox full;full scrap,,,,,,;no;no
2025-07-28;REA;Actuadores;3140CA029;10:21;10:24;3;Equipment Fault;EOL;St3;Gripper NOK;falla st3 se,,,,,,;no;no
2025-07-28;REA;Actuadores;3140CA029;10:24;10:28;4;Quality;EOL;St4;Gripper NOK;falla st4,,,,,,;no;no
2025-07-28;REA;Actuadores;3140CA029;10:36;10:28;-8;Maintenance;EOL;St4;CRIO NOK;reset crio,,,,,,;no;no
2025-07-28;REA;Actuadores;3140CA029;10:44;10:46;2;Equipment Fault;EOL;St2;Gripper NOK;reset a st2,,,,,,;no;no
2025-07-28;REA;Actuadores;3140CA029;11:34;11:35;1;Quality;Robots;R70;Gripper/tool adjustments;no abre gripper,,,,,,;no;no
2025-07-28;REA;Actuadores;3140CA029;11:39;11:47;8;Maintenance;MAT;St4;CRIO App;reset de crio,,,,,,;no;no
2025-07-28;REA;Actuadores;3140CA029;11:50;11:52;2;Equipment Fault;620;620;Feed piston;se queda abajo piston,,,,,,;no;no
2025-07-28;REA;Actuadores;3140CA029;11:52;11:54;2;Equipment Fault;620;620;Feed piston;piston se queda abajo,,,,,,;no;no
2025-07-28;REA;Actuadores;3140CA029;11:56;11:58;2;Equipment Fault;Conveyors;C36;Presence sensor;blister atorado,,,,,,;no;no
2025-07-28;REA;Actuadores;3140CA029;11:58;12:01;3;Quality;731;731;Presence sensor;pin chueco,,,,,,;no;no
2025-07-28;REA;Actuadores;3140CA029;12:10;12:13;3;Maintenance;Robots;R38;Scheduled maintenance;cambio de ventosas,,,,,,;no;no
2025-07-28;REA;Actuadores;3140CA029;12:16;12:19;3;Maintenance;CHW;St4;Pressor;limpieza de pines,,,,,,;no;no
2025-07-28;REA;Actuadores;3140CA029;12:22;12:25;3;Maintenance;EOL;St2;Gripper NOK;ajuste de posicion,,,,,,;no;no
2025-07-28;REA;Actuadores;3140CA029;11:14;11:19;5;Maintenance;Robots;R65;Gripper/tool adjustments;ajuste de posicion al st805,,,,,,;no;no
2025-07-28;REA;Actuadores;3140CA029;10:49;10:54;5;Maintenance;CAW;CPA;Vision system;ajuste,,,,,,;no;no
2025-07-28;REA;Actuadores;3140CA029;12:34;12:36;2;Equipment Fault;620;620;Feed piston;pieza nok no sube cilindro,,,,,,;no;no
2025-07-28;REA;Actuadores;3140CA029;11:23;11:25;2;Equipment Fault;620;620;Presence sensor;pieza nok, no sube cilindro de insercion,,,,,;no;no
2025-07-28;REA;Actuadores;3140CA029;12:53;12:57;4;Quality;EOL;St2;Gripper NOK;falla st2,,,,,,;no;no
2025-07-28;REA;Actuadores;3140CA029;15:00;15:08;8;Maintenance;REA;General;Checklist;Checklist,,,,,,;si;no
2025-07-28;REA;Actuadores;3140CA029;15:08;15:15;7;Equipment Fault;EOL;St2;Gripper NOK;Falla constante en st 2, se ajusta conector y se mueve posicion para un mejor agarre del gripper,,,,,;no;no
2025-07-28;REA;Actuadores;3140CA029;15:20;15:23;3;Equipment Fault;620;620;Feed piston;Prensa queda abajo al prensar una pieza mal,,,,,,;no;no
2025-07-28;REA;Actuadores;3140CA029;15:28;15:32;4;Equipment Fault;USW;St14;Lower Jig;Se revisa jig por scrap consecutivo, tenia rebaba de actuador,,,,,;no;no
2025-07-28;REA;Actuadores;3140CA029;15:37;15:40;3;Equipment Fault;USW;St14;Lower Jig;Se revisa jig por scrap consecutivo, se vuelve hacer limpieza,,,,,;no;no
2025-07-28;REA;Actuadores;3140CA029;15:46;15:48;2;Equipment Fault;731;731;Bowl/Lineal feeder;Pin atorado,,,,,,;no;no
2025-07-28;REA;Actuadores;3140CA029;16:50;16:53;3;Equipment Fault;CHW;St2;SCARA Pick/Place;No toma bien el chip,,,,,,;no;no
2025-07-28;REA;Actuadores;3140CA029;16:56;17:02;6;Equipment Fault;Main conveyor;Main conveyor;Inductive sensor;Varios pallets atorados por locking,,,,,,;no;no
2025-07-28;REA;Actuadores;3140CA029;17:10;17:14;4;Equipment Fault;USW;St11;Weld NOK;Se revisa jig y se cambia esponja por scrap,,,,,,;no;no
2025-07-28;REA;Actuadores;3140CA029;17:15;17:20;5;Equipment Fault;Main conveyor;Main conveyor;Inductive sensor;Se ajusta sensor inductivo porque no detecta pallet,,,,,,;no;no
2025-07-28;REA;Actuadores;3140CA029;19:14;19:17;3;Equipment Fault;Robots;R75;Motion supervision/Joint collision;Motion supervision al ensamblar pieza, se revisa que esten Ok las terminales del motor,,,,,;no;no
2025-07-28;REA;Actuadores;3140CA029;19:54;19:56;2;Equipment Fault;Robots;R75;Gripper/tool adjustments;Robot no ensambla correctamente cover al body,,,,,,;no;no
2025-07-28;REA;Actuadores;3140CA029;20:20;20:24;4;Equipment Fault;Robots;R75;Gripper/tool adjustments;Gripper no cierra correctamente por mal ensamble de cover,,,,,,;no;no
2025-07-29;REA;Actuadores;3140CA029;00:00;00:02;2;Equipment Fault;USW;St14;Lower Jig;cambio de goma,,,,,,;no;no
2025-07-29;REA;Actuadores;3140CA029;00:10;00:11;1;Maintenance;CHW;St4;Pressor;limpieza de pressor,,,,,,;no;no
2025-07-29;REA;Actuadores;3140CA029;03:05;03:06;1;Equipment Fault;731;731;Feed piston;pin inclinado,,,,,,;no;no
2025-07-29;REA;Actuadores;3140CA029;03:10;03:13;3;Maintenance;CCC;Consumables;Resin;cambio de resina,,,,,,;no;no
2025-07-29;REA;Actuadores;3140CA029;11:30;11:31;1;Equipment Fault;Robots;R65;Vacuum system;alarma por vacuum,,,,,,;no;no
2025-07-28;REA;Actuadores;3140CA029;23:40;23:42;2;Equipment Fault;Robots;R75;Gripper/tool adjustments;Gripper atorado por ensamble de cover, falta de grip en gripper,,,,,;no;no
2025-07-29;REA;Actuadores;3140CA029;12:10;12:12;2;Equipment Fault;620;620;Feed piston;se quedo abajo el piston,,,,,,;no;no
2025-07-29;REA;Actuadores;3140CA029;12:24;12:26;2;Quality;620;620;Feed piston;se queda abajo piston t620,,,,,,;no;no
2025-07-29;REA;Actuadores;3140CA029;12:38;12:40;2;Equipment Fault;CHW;St2;SCARA Pick/Place;posicion incorrecta del chip,,,,,,;no;no
2025-07-29;REA;Actuadores;3140CA029;13:53;13:58;5;Quality;731;731;Feed piston;falla de st731 / pin chueco,,,,,,;no;no
2025-07-29;REA;Actuadores;3140CA029;14:10;14:12;2;Equipment Fault;Conveyors;C36;Presence sensor;blister atorado,,,,,,;no;no
2025-07-29;REA;Actuadores;3140CA029;14:30;14:35;5;Maintenance;REA;General;Checklist;checklist programado (1,000 pzs),,,,,;si;no
2025-07-29;REA;Actuadores;3140CA029;14:36;14:38;2;Equipment Fault;Main conveyor;Main conveyor;Inductive sensor;no avanza pallet se resetea,,,,,,;no;no
2025-07-29;REA;Actuadores;3140CA029;17:03;17:02;-1;Equipment Fault;CHW;St4;Pressor;Se limpia pressor,,,,,,;no;no
2025-07-29;REA;Actuadores;3140CA029;17:06;17:08;2;Equipment Fault;Robots;R65;Motion supervision/Joint collision;Motion supervision por manguera,,,,,,;no;no
2025-07-29;REA;Actuadores;3140CA029;17:28;17:32;4;Equipment Fault;Conveyors;C36;Presence sensor;Blister de body atorado,,,,,,;no;no
2025-07-29;REA;Actuadores;3140CA028;18:05;18:07;2;Equipment Fault;EOL;St1;DM reader;Scrap por falla en lectura del body, se limpia el lector de DM,,,,,;no;no
2025-07-29;REA;Actuadores;3140CA029;19:10;19:17;7;Equipment Fault;CHW;St5;Vision system;Ajuste en sistema de vision por pieza mal soldada pasa ok. se pasan master para verificar,,,,,,;no;no
2025-07-29;REA;Actuadores;3140CA029;20:01;20:03;2;Equipment Fault;Conveyors;C36;Presence sensor;Blister atorado,,,,,,;no;no
2025-07-29;REA;Actuadores;3140CA028;15:00;15:09;9;Maintenance;REA;General;Checklist;Checklist,,,,,,;si;no
2025-07-29;REA;Actuadores;3140CA028;22:19;22:22;3;Maintenance;CHW;Consumables;Argon;Cambio argon,,,,,,;no;no
2025-07-29;REA;Actuadores;3140CA029;22:58;22:59;1;Equipment Fault;Conveyors;C36;Presence sensor;no detecto sensor de presencia,,,,,,;no;no
2025-07-29;REA;Actuadores;3140CA029;23:40;23:42;2;Equipment Fault;Robots;R65;Motion supervision/Joint collision;Motion supervision,,,,,,;no;no
2025-07-29;REA;Actuadores;3140CA029;23:11;23:12;1;Equipment Fault;Robots;R75;Motion supervision/Joint collision;Falta de grip en R75,,,,,,;no;no
2025-07-30;REA;Actuadores;3140CA029;00:05;00:06;1;Equipment Fault;620;620;Alphamatic Module;prensa se quedo abajo,,,,,,;no;no
2025-07-30;REA;Actuadores;3140CA029;01:00;01:04;4;Maintenance;REA;General;Checklist;checklist,,,,,,;si;no
2025-07-30;REA;Actuadores;3140CA029;01:35;01:38;3;Maintenance;CHW;Consumables;Chip reel;Cambio de chip,,,,,,;no;no
2025-07-30;REA;Actuadores;3140CA029;01:38;01:48;10;Equipment Fault;CCC;St6;Thermocamara;no continuo ciclo,,,,,,;no;no
2025-07-30;REA;Actuadores;3140CA029;02:11;02:12;1;Production;Aux;710;NOK material;motor en blister mal colocado,,,,,,;no;no
2025-07-30;REA;Actuadores;3140CA029;02:41;02:42;1;Maintenance;USW;St14;Lower Jig;limpieza jig,,,,,,;no;no
2025-07-30;REA;Actuadores;3140CA029;04:45;04:47;2;Equipment Fault;620;620;Alphamatic Module;No continua ciclo, scrap por fuerza minima,,,,,;no;no
2025-07-30;REA;Actuadores;3140CA029;05:20;05:30;10;Equipment Fault;CAW;Jig/Index;Index not in home;falla al insertar crank jig 2, calibrar posicion mesa,,,,,;no;no
2025-07-30;REA;Actuadores;3140CA029;05:30;05:33;3;Maintenance;REA;General;Checklist;Checklist, se comienza durante paro anterior CAW,,,,,;si;no
2025-07-30;REA;Actuadores;3140CA029;07:49;07:53;4;Equipment Fault;CAW;CPA;Feeder;crank invetido,,,,,,;no;no
2025-07-30;REA;Actuadores;3140CA029;07:55;07:57;2;Production;Conveyors;General;NOK material;motor invertido,,,,,,;no;no
2025-07-30;REA;Actuadores;3140CA029;07:59;08:02;3;Equipment Fault;Main conveyor;Main conveyor;Lock NOK;pallet atorado en locking,,,,,,;no;no
2025-07-30;REA;Actuadores;3140CA029;08:02;08:04;2;Equipment Fault;731;731;Presence sensor;pin chueco,,,,,,;no;no
2025-07-30;REA;Actuadores;3140CA039;13:25;13:28;3;Production;MAT;St3;Feeder;Se queda sin tornillos,,,,,,;no;no
2025-07-30;REA;Actuadores;3140CA029;09:36;09:38;2;Equipment Fault;731;731;Bowl/Lineal feeder;Pin chueco,,,,,,;no;no
2025-07-30;REA;Actuadores;3140CA029;11:18;11:20;2;Maintenance;CAW;Consumables;Nitrogen;Cambio de tanque Nitrogeno,,,,,,;no;no
2025-07-30;REA;Actuadores;3140CA029;11:08;11:10;2;Equipment Fault;Robots;R65;Motion supervision/Joint collision;Motion supervision,,,,,,;no;no
2025-07-30;REA;Actuadores;3140CA029;07:00;07:10;10;Maintenance;REA;General;Checklist;Checklist por arranque de turno,,,,,,;si;no
2025-07-30;REA;Actuadores;3140CA029;09:50;09:53;3;Maintenance;MAT;Consumables;Grease;Se termina grasa,,,,,,;no;no
2025-07-30;REA;Actuadores;3140CA029;09:53;09:55;2;Equipment Fault;CHW;St4;Pressor;Alto scrap por mala soldadura, se limpia pressor,,,,,;no;no
2025-07-30;REA;Actuadores;3140CA029;10:08;10:10;2;Equipment Fault;Main conveyor;Main conveyor;Lift;Se atora pallet debajo de lift,,,,,,;no;no
2025-07-30;REA;Actuadores;3140CA029;10:12;10:15;3;Equipment Fault;CAW;LSW;Pressor;Pressor se queda abajo,,,,,,;no;no
2025-07-30;REA;Actuadores;3140CA029;10:24;10:27;3;Equipment Fault;Robots;R75;Gripper/tool adjustments;Gripper 1 no abre correctamente,,,,,,;no;no
2025-07-30;REA;Actuadores;3140CA029;10:34;10:37;3;Equipment Fault;620;620;Alphamatic Module;Falla inserción por alarma,,,,,,;no;no
2025-07-30;REA;Actuadores;3140CA029;10:45;10:55;10;Maintenance;REA;General;Checklist;Checklist por 500pz,,,,,,;si;no
2025-07-30;REA;Actuadores;3140CA029;13:30;13:35;5;Maintenance;CCC;Consumables;Resin;Cambio de bote con resina,,,,,,;no;no
2025-07-30;REA;Actuadores;3140CA029;13:43;13:45;2;Production;MAT;St3;Feeder;Se atora tornillo por exceso de tornillos por relleno,,,,,,;no;no
2025-07-30;REA;Actuadores;3140CA029;13:50;13:58;8;Maintenance;REA;General;Checklist;Checklist por 1000pz,,,,,,;si;no
2025-07-30;REA;Actuadores;3140CA029;14:15;14:17;2;Equipment Fault;Robots;R40;Incorrect pick/place;Se cae gear,,,,,,;no;no
2025-07-30;REA;Actuadores;3140CA029;14:21;14:23;2;Equipment Fault;Main conveyor;Main conveyor;RFID Reader;No hace proceso 731 por pallet no detectado, se reinicia ciclo 731,,,,,;no;no
2025-07-26;REA;Actuadores;3140CA029;07:00;13:05;365;Quality;REA;General;Change Over;Liberación Ford 029,,,,,,;no;no
2025-07-26;REA;Actuadores;3140CA029;14:20;14:50;30;Maintenance;CAW;Jig/Index;Blade orienter actuator;Blade derecho no se regresa durante el proceso, se cambia cilindro dañado, presenta fuga en vastago,,,,;no;no
2025-07-30;REA;Actuadores;3140CA029;16:34;16:57;23;Equipment Fault;Main conveyor;Main conveyor;RFID Reader;RFID no leia pallet haciendo error en secuencia de lockings;no;no
2025-07-30;REA;Actuadores;3140CA029;17:02;17:16;14;Maintenance;Main conveyor;Main conveyor;Motor;Se ajusta motor a su posicion por que se sale de flecha;no;no
2025-07-30;REA;Actuadores;3140CA029;17:19;17:22;3;Equipment Fault;Main conveyor;Main conveyor;Belt;Soporte de guias flojo, se ajusta tornilleria;no;no
2025-07-30;REA;Actuadores;3140CA029;18:04;18:15;11;Equipment Fault;MSA;General;PLC ;No responde, se reinica MSA y robot se manda a home;no;no
2025-07-30;REA;Actuadores;3140CA029;18:21;18:24;3;Equipment Fault;Robots;R38;Vacuum system;Se revisa ventojas de robot por que tiraba body, se hace ajuste a tuercas de base;no;no
2025-07-30;REA;Actuadores;3140CA029;19:38;19:43;5;Equipment Fault;730;730;Bowl/Lineal feeder;Prensa colisiona con feed piston porque pin estaba mal acomodado, despues de mandar a home no continua secuencia, se ocupa poner home en hmi para que continue y vuelva a leer sensor inductivo;no;no
2025-07-30;REA;Actuadores;3140CA029;18:44;18:49;5;Material/Logistics;CHW;Consumables;Chip reel;Se acaba chip y no hya repuestoen el area, se busca en racks;no;no
2025-07-30;REA;Actuadores;3140CA029;18:49;18:55;6;Maintenance;CHW;Consumables;Chip reel;Cambio de chip;no;no
2025-07-30;REA;Actuadores;3140CA029;18:55;18:59;4;Equipment Fault;620;620;Alphamatic Module;Se ocupa reiniciar modulo porque prensa tiro scrap y al reiniciar no continua secuencia;no;no
2025-07-30;REA;Actuadores;3140CA029;19:04;19:08;4;Maintenance;Main conveyor;Main conveyor;Belt;Se ajusta puende entre conveyor porque rosaba con cadena;no;no
2025-07-30;REA;Actuadores;3140CA029;19:12;19:14;2;Equipment Fault;Robots;R75;Gripper/tool adjustments;Gripper 4 no abrio correctamente y se alarma;no;no
2025-07-30;REA;Actuadores;3140CA029;19:25;19:27;2;Equipment Fault;USW;St14;Lower Jig;Se limpia goma blanca por rebaba acumulada;no;no
2025-07-30;REA;Actuadores;3140CA029;19:36;19:38;2;Equipment Fault;Conveyors;C36;Presence sensor;Blister atorado por lockings;no;no
2025-07-30;REA;Actuadores;3140CA029;19:39;19:41;2;Equipment Fault;Robots;R75;Gripper/tool adjustments;Gripper 3 no abre correctamente;no;no
2025-07-30;REA;Actuadores;3140CA029;19:41;19:43;2;Equipment Fault;Robots;R65;Motion supervision/Joint collision;motion supervision por manguera;no;no
2025-07-30;REA;Actuadores;3140CA029;19:57;20:04;7;Quality;731;General;NOK material;Pin viene mas grande que lo requerido;no;no
2025-07-30;REA;Actuadores;3140CA029;20:46;20:49;3;Equipment Fault;Robots;R65;Motion supervision/Joint collision;Motion supervision por manguera;no;no
2025-07-30;REA;Actuadores;3140CA029;21:00;21:08;8;Maintenance;REA;General;Checklist;Checklist;si;no
2025-07-30;REA;Actuadores;3140CA029;23:27;23:31;4;Quality;730;730;Alphamatic Module;force exceeded in pick, home manual, revisar feedr piston y reiniciar ciclo;no;no
2025-07-31;REA;Actuadores;3140CA029;00:29;00:30;1;Equipment Fault;Robots;R70;Vacuum system;cambio de ventosas;no;no
2025-07-31;REA;Actuadores;3140CA029;00:31;00:32;1;Equipment Fault;Main conveyor;Main conveyor;Lift;lift se quedo abajo;no;no
2025-07-31;REA;Actuadores;3140CA029;00:37;00:38;1;Equipment Fault;Main conveyor;Main conveyor;Singulator NOK;singulator de 730 no abrio;no;no
2025-07-31;REA;Actuadores;3140CA029;00:50;00:53;3;Production;REA;General;Empty rack;Se vacía, restablecer logica en conveyor body;no;no
2025-07-31;REA;Actuadores;3140CA029;01:10;01:20;10;Equipment Fault;730;730;Alphamatic Module;problemas con la prensa no detecta pallet;no;no
2025-07-31;REA;Actuadores;3140CA029;01:35;01:38;3;Equipment Fault;730;730;Alphamatic Module;problemas con la prensa no detecta pallet;no;no
2025-07-31;REA;Actuadores;3140CA029;02:10;02:15;5;Equipment Fault;730;730;Feed piston;ajuste de tope mecanico por pick nok;no;no
2025-07-31;REA;Actuadores;3140CA029;02:15;02:17;2;Quality;REA;General;NOK material;Blister mal formado gear;no;no
2025-07-31;REA;Actuadores;3140CA029;03:27;03:31;4;Maintenance;REA;General;Checklist;checklist;si;no
2025-07-31;REA;Actuadores;3140CA029;05:45;05:49;4;Equipment Fault;Main conveyor;Main conveyor;Lock NOK;pallet atorado, despues de desatorar se atoran otros pallets;no;no
2025-07-31;REA;Actuadores;3140CA029;06:15;06:17;2;Equipment Fault;Robots;R70;Vacuum system;2 veces fallo vacuum, no se cambiaron ventosas, solo play;no;no
2025-07-31;REA;Actuadores;3140CA029;07:00;07:10;10;Maintenance;REA;General;Checklist;checkilis diario;no;no
2025-07-31;REA;Actuadores;3140CA029;08:12;08:15;3;Maintenance;USW;St14;Lower Jig;limpieza y se revisa oring;no;no
2025-07-31;REA;Actuadores;3140CA029;08:21;08:26;5;Maintenance;USW;St11;Jig;limpieza y mtto. al jig.;no;no
2025-07-31;REA;Actuadores;3140CA029;09:45;09:50;5;Production;Conveyors;C65;Presence sensor;blister mal posicionado R70 no puede agarrar Gear.;no;no
2025-07-31;REA;Actuadores;3140CA029;10:51;10:53;2;Equipment Fault;Main conveyor;Main conveyor;Lock NOK;pallet atorado;no;no
2025-07-31;REA;Actuadores;3140CA029;10:54;10:56;2;Equipment Fault;Main conveyor;Main conveyor;Lock NOK;pallet atorado;no;no
2025-07-31;REA;Actuadores;3140CA029;11:24;11:26;2;Maintenance;MAT;Consumables;Grease;se termina grasa (cambio);no;no
2025-07-31;REA;Actuadores;3140CA029;11:32;11:34;2;Equipment Fault;731;731;Presence sensor;pin chueco;no;no
2025-07-31;REA;Actuadores;3140CA029;11:34;11:36;2;Equipment Fault;MAT;St5;Axis not in home;not home;no;no
2025-07-31;REA;Actuadores;3140CA029;12:08;12:10;2;Equipment Fault;MAT;St6;Grease sensor;se solto tapa de grasa;no;no
2025-07-31;REA;Actuadores;3140CA029;12:10;12:15;5;Maintenance;CHW;Consumables;Chip reel;se termina chip;no;no
2025-07-31;REA;Actuadores;3140CA029;13:03;13:07;4;Maintenance;CCC;Consumables;Resin;cambio de resina;no;no
2025-07-31;REA;Actuadores;3140CA029;13:22;13:24;2;Equipment Fault;Robots;R65;Vacuum system;vacuum R65;no;no
2025-07-31;REA;Actuadores;3140CA029;13:58;14:02;4;Equipment Fault;EOL;St4;CRIO NOK;se resetea por alarma de crio;no;no
2025-07-31;REA;Actuadores;3140CA029;12:00;12:08;8;Maintenance;REA;General;Checklist;checklist programado (500 pzs.);si;no
2025-07-31;REA;Actuadores;3140CA029;15:00;15:22;22;Maintenance;REA;General;Checklist;Checklist, cambio de lente preventivo en CAW;si;no
2025-07-31;REA;Actuadores;3140CA029;15:22;16:15;53;Quality;REA;General;Test approval;Liberacion de soldadura crank assy despues de cmbio preventivo de lente;no;no
2025-07-31;REA;Actuadores;3140CA029;16:27;16:35;8;Equipment Fault;USW;St11;Jig;Scrap alto, revision. Atiende Orlando;no;no
2025-07-31;REA;Actuadores;3140CA029;17:50;17:54;4;Equipment Fault;USW;St14;Lower Jig;Scrap alto, seal blanco dañado, se reemplaza;no;no
2025-07-31;REA;Actuadores;3140CA029;21:31;21:35;4;Quality;USW;General;Scrapbox full;Paro para retirar scrap de usw;no;no
2025-07-31;REA;Actuadores;3140CA029;21:39;21:41;2;Equipment Fault;731;731;Bowl/Lineal feeder;Pin atorado;no;no
2025-07-31;REA;Actuadores;3140CA029;21:42;21:44;2;Equipment Fault;Robots;R65;Motion supervision/Joint collision;Motion supervision;no;no
2025-07-31;REA;Actuadores;3140CA029;22:11;22:15;4;Equipment Fault;USW;St14;Lower Jig;Se revisa goma por scrap consecutivo;no;no
2025-07-31;REA;Actuadores;3140CA029;22:19;22:23;4;Equipment Fault;MSA;MSA;Driver;No continuaba ciclo, se retablece y se manda a home;no;no
2025-07-31;REA;Actuadores;3140CA029;22:24;22:26;2;Equipment Fault;Main conveyor;Main conveyor;Lock NOK;Pallet atorado por;no;no
2025-07-31;REA;Actuadores;3140CA029;22:26;22:28;2;Equipment Fault;Main conveyor;Main conveyor;Lock NOK;Pallet atorado por locking;no;no
2025-07-31;REA;Actuadores;3140CA029;22:55;22:58;3;Equipment Fault;Robots;R33;Motion supervision/Joint collision;Colision en jig de CHW, desconocida la causa, se restablece;no;no
2025-07-31;REA;Actuadores;3140CA029;23:19;23:20;1;Production;Aux;710;NOK material;motor en posicion incorrecta;no;no
2025-07-31;REA;Actuadores;3140CA029;23:29;23:31;2;Equipment Fault;Robots;R38;Vacuum system;vacuum off;no;no
2025-07-31;REA;Actuadores;3140CA029;23:07;23:15;8;Equipment Fault;Robots;R38;Vacuum system;vacuum off se mando a main y se reinicio ciclo de st 710;no;no
2025-07-31;REA;Actuadores;3140CA029;22:34;22:48;14;Equipment Fault;MSA;MSA;Driver;driver not in home repetidas veces, guia rota impedia correcto posicionamiento del driver, tenia un sincho, se uso loctite para pegarla;no;no
2025-08-01;REA;Actuadores;3140CA029;00:04;00:05;1;Equipment Fault;Robots;R75;Gripper/tool adjustments;No abrio gripper;no;no
2025-08-01;REA;Actuadores;3140CA029;00:06;00:07;1;Equipment Fault;MAT;St3;Feeder;tornillos atorados en feeder;no;no
2025-08-01;REA;Actuadores;3140CA029;01:24;01:31;7;Equipment Fault;USW;St14;Lower Jig;scraps continuos, mantenimiento a jig;no;no
2025-08-01;REA;Actuadores;3140CA029;00:40;01:11;31;Equipment Fault;Robots;R38;Incorrect pick/place;paros continuos por body caido, bodys acumulados tirados en suelo, se ajusta posicion de pick en conveyor (estaba inclinada y desfasada), guias y cilindros NOK se ajustan, blister queda inclinado al final por workobject nok (no se ajusta, queda pendiente);no;no
2025-08-01;REA;Actuadores;3140CA029;02:06;02:08;2;Equipment Fault;USW;St14;Lower Jig;limpieza de jig y cambio de goma;no;no
2025-08-01;REA;Actuadores;3140CA029;02:25;02:30;5;Maintenance;REA;General;Checklist;checklist en caw;si;no
2025-08-01;REA;Actuadores;3140CA029;02:55;03:00;5;Equipment Fault;EOL;General;Electrical system;Scraps continuos st4, voltage NOK,  mantenimiento pines jig 1, reiniciar CRIO;no;no
2025-08-01;REA;Actuadores;3140CA029;04:32;04:34;2;Equipment Fault;731;731;Feed piston;pin inclinado, pallets avanzan y se acumulan;no;no
2025-08-01;REA;Actuadores;3140CA029;05:27;05:30;3;Equipment Fault;Robots;R38;Incorrect pick/place;se quedo en posicion de pick, no continuo ciclo;no;no
2025-08-01;REA;Actuadores;3140CA029;06:17;06:20;3;Maintenance;CHW;Consumables;Chip reel;cambio de chip;no;no
2025-08-01;REA;Actuadores;3140CA029;07:00;07:10;10;Maintenance;REA;General;Checklist;checklist diario;si;no
2025-08-01;REA;Actuadores;3140CA029;08:10;08:40;30;Maintenance;Robots;R33;PLC ;alarma MMI " system failure";no;no
2025-08-01;REA;Actuadores;3140CA029;08:40;09:10;30;Equipment Fault;CCC;General;Safety system;perdio secuencia;no;no
2025-08-01;REA;Actuadores;3140CA029;09:13;09:14;1;Quality;Robots;R75;Gripper/tool adjustments;gripper 1 nok;no;no
2025-08-01;REA;Actuadores;3140CA029;09:26;09:28;2;Equipment Fault;Robots;R75;Gripper/tool adjustments;gripper 1 nok;no;no
2025-08-01;REA;Actuadores;3140CA029;10:47;10:49;2;Equipment Fault;731;731;Presence sensor;no pone pin en posicion correcta;no;no
2025-08-01;REA;Actuadores;3140CA029;11:01;11:03;2;Equipment Fault;Robots;R75;Gripper/tool adjustments;gripper 1 NOK;no;no
2025-08-01;REA;Actuadores;3140CA029;11:09;11:11;2;Equipment Fault;Robots;R75;Gripper/tool adjustments;gripper 1 NOK;no;no
2025-08-01;REA;Actuadores;3140CA029;11:25;11:27;2;Equipment Fault;Robots;R75;Gripper/tool adjustments;Gripper 1 NOK;no;no
2025-08-01;REA;Actuadores;3140CA029;11:48;11:51;3;Maintenance;USW;St14;Lower Jig;limpieza por alto scrap;no;no
2025-08-01;REA;Actuadores;3140CA029;00:05;00:08;3;Maintenance;USW;St11;Branson;alto scrap lubricacion st11;no;no
2025-08-01;REA;Actuadores;3140CA029;12:13;12:15;2;Equipment Fault;Robots;R75;Gripper/tool adjustments;gripper 1 Nok;no;no
2025-08-01;REA;Actuadores;3140CA029;12:29;12:37;8;Maintenance;REA;General;Checklist;checklist programado 500pzs.;si;no
2025-08-01;REA;Actuadores;3140CA029;12:27;12:59;32;Equipment Fault;Robots;R75;Gripper/tool adjustments;gripper 1 Nok;no;no
2025-08-01;REA;Actuadores;3140CA029;13:19;13:23;4;Equipment Fault;Robots;R75;Gripper/tool adjustments;gripper 1 Nok;no;no
2025-08-01;REA;Actuadores;3140CA029;13:34;13:36;2;Production;MAT;St3;Feeder;sin material (tornillos);no;no
2025-08-01;REA;Actuadores;3140CA029;13:49;13:54;5;Maintenance;CCC;Consumables;Resin;cambio de resina;no;no
2025-08-01;REA;Actuadores;3140CA029;15:00;15:10;10;Maintenance;REA;General;Checklist;Se realiza checklist;si;no
2025-08-01;REA;Actuadores;3140CA029;15:12;15:15;3;Equipment Fault;USW;St14;Lower Jig;Se revisa goma por scrap consecutivo, goma estaba suelta, se vuelve a pegar;no;no
2025-08-01;REA;Actuadores;3140CA029;15:17;15:20;3;Equipment Fault;731;731;Bowl/Lineal feeder;Pin atorado y mp continua ciclo;no;no
2025-08-01;REA;Actuadores;3140CA029;21:03;21:08;5;Equipment Fault;Robots;R70;Vacuum system;Se cambian ventosas y se limpia st 905;no;no
2025-08-01;REA;Actuadores;3140CA029;21:20;21:24;4;Equipment Fault;Main conveyor;Main conveyor;Lock NOK;Pallets atorados;no;no
2025-08-01;REA;Actuadores;3140CA029;21:24;21:27;3;Quality;CCC;General;Scrapbox full;Scrap box full;no;no
2025-08-01;REA;Actuadores;3140CA029;20:58;21:02;4;Quality;EOL;General;Scrapbox full;Scrap box full;no;no
2025-08-01;REA;Actuadores;3140CA029;21:32;21:37;5;Equipment Fault;Main conveyor;Main conveyor;Inductive sensor;Se ajusta altura de sensor inductivo porque no detecta pallet;no;no
2025-08-01;REA;Actuadores;3140CA029;21:39;21:41;2;Equipment Fault;915;915;Missing ogive;Ojiva caida;no;no
2025-08-01;REA;Actuadores;3140CA029;22:09;22:12;3;Equipment Fault;Robots;R65;Motion supervision/Joint collision;Motion supervision por manguera;no;no
2025-08-01;REA;Actuadores;3140CA029;16:50;17:15;25;Production;REA;General;Scheduled production stop;Convivio;no;no
2025-08-01;REA;Actuadores;3140CA029;22:48;22:50;2;Equipment Fault;Main conveyor;Main conveyor;Singulator NOK;pallet adelantado y atrapado por singulator en st730;no;no
2025-08-01;REA;Actuadores;3140CA029;23:02;23:03;1;Equipment Fault;731;731;Feed piston;pin inclinado;no;no
2025-08-01;REA;Actuadores;3140CA029;23:20;23:22;2;Equipment Fault;750;750;Alphamatic Module;no continuo ciclo se quedó en posición de pick;no;no
2025-08-01;REA;Actuadores;3140CA029;23:30;23:31;1;Equipment Fault;731;731;Feed piston;pin inclinado;no;no
2025-08-02;REA;Actuadores;3140CA029;00:30;00:38;8;Maintenance;CHW;Consumables;Chip reel;cambio;no;no
2025-08-02;REA;Actuadores;3140CA029;00:38;00:41;3;Equipment Fault;Main conveyor;Main conveyor;Inductive sensor;pallets atorados, pallet avanza teneniendo un pallet en la proxima posicion;no;no
2025-08-02;REA;Actuadores;3140CA029;02:20;02:27;7;Equipment Fault;CAW;General;Software/PC;no continuo ciclo;no;no
2025-08-02;REA;Actuadores;3140CA029;03:15;03:19;4;Equipment Fault;CAW;Jig/Index;Index not in home;jig 2 fallo al insertar crank;no;no
2025-08-02;REA;Actuadores;3140CA029;03:23;03:28;5;Maintenance;CAW;Jig/Index;Index not in home;mesa desalineada;no;no
2025-08-02;REA;Actuadores;3140CA029;06:44;06:45;1;Main conveyor;Main conveyor;Singulator NOK;pallet atrapado por singulator st 730;Equipment Fault;no;no
2025-08-02;REA;Actuadores;3140CA029;07:30;07:38;8;Robots;R75;Gripper/tool adjustments;gripper 1 Nok al llegar st940;Equipment Fault;no;no
2025-08-02;REA;Actuadores;3140CA029;08:15;08:18;3;Robots;R75;Gripper/tool adjustments;gripper 1 Nok al llegar a st940;Equipment Fault;no;no
2025-08-02;REA;Actuadores;3140CA029;08:46;08:56;10;REA;General;Checklist;Checklist diario ;Maintenance;no;no
2025-08-02;REA;Actuadores;3140CA029;09:03;09:07;4;Robots;R65;Motion supervision/Joint collision;motion no avanza ;Equipment Fault;no;no
2025-08-02;REA;Actuadores;3140CA029;09:14;09:16;2;Robots;R65;Motion supervision/Joint collision;no pone gear ;Equipment Fault;no;no
2025-08-02;REA;Actuadores;3140CA029;09:16;09:17;1;731;731;Presence sensor;pin chueco ;Equipment Fault;no;no
2025-08-02;REA;Actuadores;3140CA029;09:17;09:19;2;Main conveyor;Main conveyor;Lock NOK;pallet atorado ;Equipment Fault;no;no
2025-08-02;REA;Actuadores;3140CA029;09:21;09:23;2;Main conveyor;Main conveyor;Lock NOK;pallet atorado ;Equipment Fault;no;no
2025-08-02;REA;Actuadores;3140CA029;09:35;09:37;2;Robots;R65;Motion supervision/Joint collision;motion no deja gear ;Quality;no;no
2025-08-02;REA;Actuadores;3140CA029;09:47;09:49;2;731;731;Feed piston;pin chueco ;Equipment Fault;no;no
2025-08-02;REA;Actuadores;3140CA029;10:00;10:08;8;USW;General;Scrapbox full;alto scrap ;Quality;no;no
2025-08-02;REA;Actuadores;3140CA029;10:14;10:16;2;Robots;R75;Gripper/tool adjustments;gripper no abre ;Quality;no;no
2025-08-02;REA;Actuadores;3140CA029;10:26;10:28;2;Main conveyor;Main conveyor;Lock NOK;pallet atorado ;Equipment Fault;no;no
2025-08-02;REA;Actuadores;3140CA029;10:34;10:37;3;CHW;St4;Pressor;limpieza pines ;Maintenance;no;no
2025-08-02;REA;Actuadores;3140CA029;11:03;11:05;2;Main conveyor;Main conveyor;Lock NOK;pallet atorado ;Equipment Fault;no;no
2025-08-02;REA;Actuadores;3140CA029;11:03;11:05;2;Main conveyor;Main conveyor;Lock NOK;pallet atorado ;Equipment Fault;no;no
2025-08-02;REA;Actuadores;3140CA029;11:08;11:10;2;Main conveyor;Main conveyor;Lock NOK;pallet atorado ;Equipment Fault;no;no
2025-08-02;REA;Actuadores;3140CA029;11:16;11:18;2;USW;St14;Lower Jig;limpieza alto scrap ;Maintenance;no;no
2025-08-02;REA;Actuadores;3140CA029;12:13;12:20;7;CCC;Consumables;Resin;cambio de resina 9 problemas para restablecer);Maintenance;no;no
2025-08-02;REA;Actuadores;3140CA029;12:25;12:27;2;731;731;Presence sensor;pin chueco ;Equipment Fault;no;no
2025-08-02;REA;Actuadores;3140CA029;12:30;12:33;3;Main conveyor;Main conveyor;Lock NOK;pallet chueco ;Equipment Fault;no;no
2025-08-02;REA;Actuadores;3140CA029;12:40;12:43;3;Robots;R70;Vacuum system;vacuum off;Equipment Fault;no;no
2025-08-02;REA;Actuadores;3140CA029;12:53;12:55;2;Robots;R65;Motion supervision/Joint collision;no pone gear ;Equipment Fault;no;no
2025-08-02;REA;Actuadores;3140CA029;13:01;13:03;2;Robots;R70;Vacuum system;vacuum off ;Equipment Fault;no;no
2025-08-02;REA;Actuadores;3140CA029;13:09;13:12;3;Main conveyor;Main conveyor;Lock NOK;pallet atorado ;Equipment Fault;no;no
2025-08-02;REA;Actuadores;3140CA029;13:20;13:23;3;Main conveyor;Main conveyor;Lock NOK;pallet atorado ;Equipment Fault;no;no
2025-08-02;REA;Actuadores;3140CA029;13:26;13:28;2;Robots;R70;Vacuum system;vacuum off;Equipment Fault;no;no
2025-08-02;REA;Actuadores;3140CA029;13:29;13:31;2;731;731;Presence sensor;pin chueco ;Equipment Fault;no;no
2025-08-02;REA;Actuadores;3140CA029;13:33;13:43;10;REA;General;Checklist;checklist ;Maintenance;no;no
2025-08-02;REA;Actuadores;3140CA029;13:45;13:50;5;MAT;St3;Feeder;falta de material (tornillo) ;Production;no;no
2025-08-02;REA;Actuadores;3140CA029;13:52;13:57;5;Main conveyor;Main conveyor;Lock NOK;sensor inductivo mal [posicionado, base de sensor doblada ;Equipment Fault;no;no
2025-08-02;REA;Actuadores;3140CA029;13:58;14:00;2;731;731;Presence sensor;pin chueco ;Equipment Fault;no;no
2025-08-02;REA;Actuadores;3140CA029;14:10;14:12;2;Robots;R70;Vacuum system;vacuum off ;Equipment Fault;no;no
2025-08-02;REA;Actuadores;3140CA029;14:31;14:32;1;Robots;R75;Gripper/tool adjustments;gripper no abre ;Equipment Fault;no;no
2025-08-02;REA;Actuadores;3140CA029;14:39;14:40;1;731;731;Presence sensor;pin chueco ;Equipment Fault;no;no
2025-08-02;REA;Actuadores;3140CA029;14:56;14:57;1;Robots;R70;Vacuum system;vacuum off;Equipment Fault;no;no
2025-08-04;REA;Actuadores;3140CS022;07:00;11:40;280;REA;General;Change Over;Liberación;Quality;no;no
2025-08-04;REA;Actuadores;3140CS022;11:40;15:00;200;MSA;MSA;Chiller;Chiller apagado con fusible dañado, MSA rechaza todos los magnet shaft;Equipment Fault;no;no
2025-08-04;REA;Actuadores;3140CS022;15:00;15:33;33;MSA;General;TBD;Se continua el paro por chiller alarmado, se arma el chiller.;No;No
Continua la falla de rechazo en las piezas, se encuentra que la receta y parametros 11 no aparecen visibles, al intentar cargarlos no aparece la pagina de parametros.;No;No
Se cambia a recta 10 siendo esta identica con la excepcion de 205 en limite superior en vez de 208. Se habla con calida y produccion al respecto;Equipment Fault;No;No
2025-08-04;REA;Actuadores;3140CS022;15:41;15:46;5;USW;St11;Weld NOK;Revision, limpieza, cambio de goma negra. Revision en CHW para comprobar que no este perforando el cover;Equipment Fault;no;no
2025-08-04;REA;Actuadores;3140CS022;15:51;16:16;25;EOL;General;Electrical system;Scrap en jig 1, cable de la terminal NOK, se reemplaza;Equipment Fault;no;no
2025-08-04;REA;Actuadores;3140CS022;16:16;16:22;6;Aux;805;Pneumatic System;Multiples fallas en R65 por motion supervision, al rcomenzar no queda bien la pieza en 905 y no continua. Se cambian las gomas negras, se ajusta la posicion en Z de 405.56 a 408 para que no aplaste las ventosas al bajar el gear, se aocmoda el convolute en el robot para evitar el motion supervision;Equipment Fault;no;no
2025-08-04;REA;Actuadores;3140CS022;16:28;16:34;6;USW;St11;Weld NOK;Scrap alto en estabilizacion nok y fuga demasiado grnade. Revision, calibracion del actuador, se revisa alineacion del sonotrodo;Equipment Fault;no;no
2025-08-04;REA;Actuadores;3140CS022;16:34;17:14;40;REA;General;Test approval;Espernaod resultados prueba de burbuja.;No;No
Mientras tanto se corre master okay, se revisa nuevamente, se revisa que la frecuencia no se haya desplazado, se cambia la esponja del ig 11 y se hacen pruebas.;Quality;No;No
2025-08-04;REA;Actuadores;3140CS022;17:14;17:23;9;USW;St11;Weld NOK;Ajustes tras resultados de prueba de burbuja (parte curva del actuador con fuga grande por sobre-soldadura, el resto de la pieza bien soldado con varios puntos ligeramente infra-soldados);Equipment Fault;no;no
2025-08-04;REA;Actuadores;3140CA029;18:21;18:26;5;EOL;St2;Gripper NOK;Se recalibre gripper ;Equipment Fault;no;no
2025-08-04;REA;Actuadores;3140CS022;18:29;18:32;3;Main conveyor;Main conveyor;Inductive sensor;Sensor no leia pallet;Equipment Fault;no;no
2025-08-04;REA;Actuadores;3140CS022;18:35;18:37;2;Aux;710;NOK material;Motor volteado ;Production;no;no
2025-08-04;REA;Actuadores;3140CS022;19:12;19:14;2;Main conveyor;Main conveyor;Inductive sensor;Sensor no detecta pallet;Equipment Fault;no;no
2025-08-04;REA;Actuadores;3140CS022;20:55;20:59;4;Robots;R70;Vacuum system;Cambio de ventosas ;Equipment Fault;no;no
2025-08-04;REA;Actuadores;3140CS022;21:35;21:38;3;MAT;Consumables;Grease;Cambio de grasa, sin grasa en el area;Maintenance;no;no
2025-08-04;REA;Actuadores;3140CS022;21:31;21:35;4;CAW;CPA;SCARA;Timeout, fallos al insertar excedidos;Equipment Fault;no;no
2025-08-04;REA;Actuadores;3140CS022;20:01;20:14;13;EOL;General;TBD;Pieza bloqueada, actuador sin pin de gear 3, descalibra st2.;No;No
Se calibra st2.;No;No
Se agrega control para el rechazo por posicion de contacto min/max en prensa 730;Equipment Fault;No;No
2025-08-04;REA;Actuadores;3140CS022;22:24;22:28;4;CAW;Jig/Index;Index not in home;Ajuste por gfallos al insertar;Equipment Fault;no;no
2025-08-04;REA;Actuadores;3140CS022;06:17;06:19;2;Aux;710;NOK material;motor al revés;Production;no;no
2025-08-04;REA;Actuadores;3140CS022;23:20;23:22;2;Robots;R80;Gripper/tool adjustments;gripper atorado;Equipment Fault;no;no
2025-08-04;REA;Actuadores;3140CS022;23:23;23:28;5;EOL;St2;Gripper NOK;scraps continuos, calibracion nok;Equipment Fault;no;no
2025-08-04;REA;Actuadores;3140CS022;23:37;23:59;23;USW;St11;Weld NOK;soldadura nok ajuste de parametros despues de pruebas, se reduce colapse por piezas overburned [Paro cruza medianoche - Parte 1];Equipment Fault;no;no
2025-08-04;REA;Actuadores;3140CS022;00:00;00:06;6;USW;St11;Weld NOK;soldadura nok ajuste de parametros despues de pruebas, se reduce colapse por piezas overburned [Paro cruza medianoche - Parte 2];Equipment Fault;no;no
2025-08-05;REA;Actuadores;3140CS022;00:17;00:37;20;USW;St11;Weld NOK;scraps continuos, se reduce colapse y se cambia esponja, se nivela cama de branson;Equipment Fault;no;no
2025-08-05;REA;Actuadores;3140CS022;06:29;06:31;2;731;731;Feed piston;pin inclinado ;Equipment Fault;no;no
2025-08-05;REA;Actuadores;3140CS022;04:33;04:35;2;Main conveyor;Lock NOK;lock en press 731 Pallet se atora, no entra bien en posicion;Equipment Fault;Main conveyor;no;no
2025-08-05;REA;Actuadores;3140CS022;04:50;04:52;2;Main conveyor;Lock NOK;lock en press 731 Pallet se atora, no entra bien en posicion;Equipment Fault;Main conveyor;no;no
2025-08-05;REA;Actuadores;3140CS022;22:32;22:38;6;Jig/Index;Index not in home;Falla 2 veces, insercion nok por mesa fuera de home;Equipment Fault;CAW;no;no
2025-08-04;REA;Actuadores;3140CS022;22:50;23:02;12;Pneumatic System;Compresor nuevo falla, se enciende compresor viejo;Equipment Fault;REA;General;no;no
2025-08-05;REA;Actuadores;3140CS022;03:55;03:57;2;St14;Lower Jig;Limpieza, revision;Equipment Fault;USW;no;no
2025-08-05;REA;Actuadores;3140CS022;02:25;02:45;20;St2;Gripper NOK;calibracion de gripper 2 alto scrap ;Equipment Fault;EOL;no;no
2025-08-05;REA;Actuadores;3140CS022;01:51;02:08;17;St14;Lower Jig;scraps continuos, cambio de goma;Equipment Fault;USW;no;no
2025-08-05;REA;Actuadores;3140CS022;07:00;07:15;15;REA;General;Change Over;en espera de material de RW.;Quality;no;no
2025-08-05;REA;Actuadores;3140CS022;07:15;07:25;10;REA;General;Checklist;checklist diario ;Maintenance;no;no
2025-08-05;REA;Actuadores;3140CS022;07:30;07:32;2;Robots;R80;Gripper/tool adjustments;gripper 1 Nok;Equipment Fault;no;no
2025-08-05;REA;Actuadores;3140CS022;07:46;07:48;2;Robots;R75;Gripper/tool adjustments;gripper 1 Nok;Equipment Fault;no;no
2025-08-05;REA;Actuadores;3140CS022;08:25;08:31;6;CHW;St4;Pressor;cambio de puntas por alto scrap ;Maintenance;no;no
2025-08-05;REA;Actuadores;3140CS022;08:36;08:38;2;CHW;St4;IPG/Samlight;ajuste de samligth;Maintenance;no;no
2025-08-05;REA;Actuadores;3140CS022;08:38;08:58;20;CHW;St4;IPG/Samlight;ajuste ;Maintenance;no;no
2025-08-05;REA;Actuadores;3140CS022;09:04;09:08;4;EOL;St4;Gripper NOK;ajuste st4;Maintenance;no;no
2025-08-05;REA;Actuadores;3140CS022;09:19;09:23;4;EOL;St2;Gripper NOK;overload ;Equipment Fault;no;no
2025-08-05;REA;Actuadores;3140CS022;09:40;10:10;30;EOL;St2;Gripper NOK;mala calibracion (se da 0 a gripper);Maintenance;no;no
2025-08-05;REA;Actuadores;3140CS022;10:28;10:30;2;731;731;Presence sensor;pin chueco ;Equipment Fault;no;no
2025-08-05;REA;Actuadores;3140CS022;10:33;10:35;2;Aux;710;NOK material;motor invertido ;Production;no;no
2025-08-05;REA;Actuadores;3140CS022;10:48;10:51;3;Main conveyor;Main conveyor;RFID Reader;pallet falla RFID no heca proceso 730;Equipment Fault;no;no
2025-08-05;REA;Actuadores;3140CS022;11:30;11:50;20;EOL;St2;Gripper NOK;st2 mala posicion (se ajusta a 0);Equipment Fault;no;no
2025-08-05;REA;Actuadores;3140CS022;11:55;12:00;5;CAW;CPA;Feeder;se queda riel sin crank ;Equipment Fault;no;no
2025-08-05;REA;Actuadores;3140CS022;12:08;12:10;2;731;731;Presence sensor;pin chueco ;Equipment Fault;no;no
2025-08-05;REA;Actuadores;3140CS022;12:35;12:37;2;620;620;Feed piston;piston se queda abajo ;Equipment Fault;no;no
2025-08-05;REA;Actuadores;3140CS022;12:48;12:50;2;Robots;R70;Vacuum system;vacuum off;Quality;no;no
2025-08-05;REA;Actuadores;3140CS022;12:55;13:05;10;EOL;St2;Gripper NOK;mala posicion st2;Maintenance;no;no
2025-08-05;REA;Actuadores;3140CS022;13:40;13:50;10;REA;General;Checklist;checklist 500 pzs.;Maintenance;no;no
2025-08-05;REA;Actuadores;3140CS022;14:10;14:15;5;CHW;Consumables;Chip reel;cambio chip ;Maintenance;no;no
2025-08-05;REA;Actuadores;3140CS022;14:15;14:18;3;CHW;Consumables;Argon;cambio de argon;Maintenance;no;no
2025-06-05;COVER LINE;Line 1;FORD;07:00;07:30;30;ST70 Molding;General;Start of Production;arranque de producción;Production;no;no
2025-06-05;COVER LINE;Line 1;FORD;10:35;10:45;10;Robots;R10;Gripper/tool adjustments;gripper no toma el bloque en conveyo;Maintenance;no;no
2025-06-05;COVER LINE;Line 1;FORD;11:49;11:50;1;ST70 Molding;General;TBD;mala inserción de bloque en molde por terminal chueca;Production;no;no
2025-06-05;COVER LINE;Line 1;FORD;12:07;12:10;3;ST60 Trimmer;General;Checklist;revisión de limpieza de trimer;Quality;no;no
2025-06-05;COVER LINE;Line 1;FORD;15:42;16:05;23;Robots;R10;Gripper/tool adjustments;falla de sensor 4;Equipment Fault;no;no
2025-06-05;COVER LINE;Line 1;FORD;16:10;16:13;3;ST70 Molding;General;NOK material;resina degradad;Equipment Fault;no;no
2025-06-05;COVER LINE;Line 1;FORD;16:50;17:10;20;ST70 Molding;Camera;Communication;comunicación;Maintenance;no;no
2025-06-05;COVER LINE;Line 1;FORD;21:09;21:14;5;Main conveyor;General;TBD;falla de comunicación en pantalla de integración (operador);Equipment Fault;no;no
2025-06-05;COVER LINE;Line 1;FORD;21:50;21:52;2;ST10 Conveyor;ST35;Operator;operador acciona la banda manual;Production;no;no
2025-06-05;COVER LINE;Line 1;FORD;22:40;22:43;3;ST10 Conveyor;ST35;Operator;operador acciona la banda manual;Production;no;no
2025-06-05;COVER LINE;Line 1;FORD;23:43;23:44;1;Robots;R20 Scara;Incorrect pick/place;falla de pick up;Maintenance;no;no
2025-06-06;COVER LINE;Line 1;FORD;07:00;07:46;46;ST70 Molding;General;Start of Production;inicio de producción;Production;no;no
2025-06-06;COVER LINE;Line 1;FORD;09:34;09:36;2;ST70 Molding;General;TBD;falla de mesa giratoria;Production;no;no
2025-06-06;COVER LINE;Line 1;FORD;09:46;09:50;4;Robots;R20 Scara;Incorrect pick/place;falla de pick up;Maintenance;no;no
2025-06-06;COVER LINE;Line 1;FORD;09:57;10:30;33;ST70 Molding;Camera;Inspection Tools Adjustments;ajuste de cámara;Maintenance;no;no
2025-06-06;COVER LINE;Line 1;FORD;11:00;11:18;18;ST60 Trimmer;General;Test approval;ajuste en prueba eléctrica;Maintenance;no;no
2025-06-06;COVER LINE;Line 1;FORD;11:57;12:03;6;ST70 Molding;Camera;Inspection Tools Adjustments;ajuste de cámara;Maintenance;no;no
2025-06-06;COVER LINE;Line 1;FORD;15:55;16:05;10;ST60 Trimmer;ST62;Terminal presence sensor;.;Maintenance;no;no
2025-06-06;COVER LINE;Line 1;FORD;17:24;17:45;21;ST60 Trimmer;ST62;Terminal presence sensor;ajuste de sensor ;Maintenance;no;no
2025-08-05;REA;Actuadores;3140CS022;18:53;18:57;4;EOL;St2;Gripper NOK;error de signal ;Equipment Fault;no;no
2025-08-05;REA;Actuadores;3140CS022;19:19;19:24;5;MSA;MSA;Driver;Se reinicia en msa porque no continua ciclo ;Equipment Fault;no;no
2025-08-05;REA;Actuadores;3140CS022;19:28;19:31;3;CHW;St4;Pressor;Se limpia pressor ;Equipment Fault;no;no
2025-08-06;REA;Actuadores;3140CS022;00:42;00:44;2;Conveyors;C31;Presence sensor;Blister atorado por locks, refresh;Equipment Fault;no;no
2025-08-06;REA;Actuadores;3140CS022;01:40;01:45;5;CAW;CPA;Feeder;Cranks se atora, crank invertido;Equipment Fault;no;no
2025-08-06;REA;Actuadores;3140CS022;01:58;02:04;6;CAW;CPA;Feeder;Demasiado crank en bowl, mucho peso no permite correcto funcionamiento de feeder;Production;no;no
2025-08-06;REA;Actuadores;3140CS022;02:36;02:41;5;REA;General;Change Over;Cambio a retrabajo, operador nuevo conoce proceso para retrabajar;Equipment Fault;no;no
2025-08-06;REA;Actuadores;3140CS023;04:20;05:31;71;REA;General;Change Over;Cambio de GM22 a GM23;Maintenance;no;no
2025-08-06;REA;Actuadores;3140CS023;05:31;07:00;89;REA;General;Change Over;Esperando Liberacion calidad;Quality;no;no
2025-08-06;REA;Actuadores;3140CS023;01:50;01:55;5;CAW;CPA;Feeder;sensor falla, desconectar y reconectar, cranks se atora, crank invertido;Equipment Fault;no;no
2025-06-09;COVER LINE;Line 1;FORD;07:00;08:40;100;ST70 Molding;General;TBD;arranque de línea;Maintenance;no;no
2025-06-09;COVER LINE;Line 1;FORD;14:43;14:44;1;ST70 Molding;Camera;Inspection Tools Adjustments; ;Maintenance;no;no
2025-06-09;COVER LINE;Line 1;FORD;15:07;15:12;5;ST60 Trimmer;ST62;Slide table;terminal mal colocada en slider;Maintenance;no;no
2025-06-09;COVER LINE;Line 1;FORD;15:15;15:17;2;ST70 Molding;Camera;Communication; ;Equipment Fault;no;no
2025-06-09;COVER LINE;Line 1;FORD;15:22;15:31;9;Robots;R10;Module error;falla de sensor 4;Equipment Fault;no;no
2025-06-09;COVER LINE;Line 1;FORD;15:40;15:42;2;ST70 Molding;General;TBD;espera de temperatura en molde inferior;Equipment Fault;no;no
2025-06-09;COVER LINE;Line 1;FORD;15:58;15:59;1;ST70 Molding;Camera;Communication;terminal chueca;Equipment Fault;no;no
2025-06-09;COVER LINE;Line 1;FORD;16:32;16:35;3;ST70 Molding;Camera;Inspection Tools Adjustments;ajuste sistema de visión;Equipment Fault;no;no
2025-06-09;COVER LINE;Line 1;FORD;16:43;16:54;11;ST70 Molding;Camera;Inspection Tools Adjustments;ajuste de cámara;Equipment Fault;no;no
2025-06-09;COVER LINE;Line 1;FORD;17:53;17:57;4;Robots;R10;Module error;fallo grpper 6;Equipment Fault;no;no
2025-06-09;COVER LINE;Line 1;FORD;19:21;19:24;3;ST70 Molding;Camera;Inspection Tools Adjustments; ;Equipment Fault;no;no
2025-06-09;COVER LINE;Line 1;FORD;20:46;20:47;1;ST70 Molding;General;TBD;terminal doblada;Equipment Fault;no;no
2025-06-09;COVER LINE;Line 1;FORD;21:07;21:11;4;ST70 Molding;General;TBD;material degradado;Equipment Fault;no;no
2025-06-09;COVER LINE;Line 1;FORD;23:14;23:17;3;Robots;R10;Gripper/tool adjustments;falla d gripper 4;Equipment Fault;no;no
2025-06-09;COVER LINE;Line 1;FORD;12:13;12:16;3;Robots;R10;Gripper/tool adjustments;falla gripper 4;Equipment Fault;no;no
2025-06-10;COVER LINE;Line 1;FORD;07:00;07:40;40;ST70 Molding;General;TBD;arranque;Maintenance;no;no
2025-06-10;COVER LINE;Line 1;FORD;08:10;08:12;2;ST70 Molding;Camera;Inspection Tools Adjustments;terminal chueca;Equipment Fault;no;no
2025-06-10;COVER LINE;Line 1;FORD;08:33;08:34;1;ST70 Molding;Camera;Communication;falla de sistema de visión;Equipment Fault;no;no
2025-06-10;COVER LINE;Line 1;FORD;08:40;08:41;1;ST70 Molding;Camera;Inspection Tools Adjustments;falla de cámara;Equipment Fault;no;no
2025-06-10;COVER LINE;Line 1;FORD;08:45;08:49;4;ST70 Molding;Camera;Inspection Tools Adjustments; ;Equipment Fault;no;no
2025-06-10;COVER LINE;Line 1;FORD;08:49;08:56;7;ST70 Molding;Camera;Inspection Tools Adjustments; ;Equipment Fault;no;no
2025-06-10;COVER LINE;Line 1;FORD;09:07;09:09;2;ST70 Molding;Camera;Inspection Tools Adjustments; ;Equipment Fault;no;no
2025-06-10;COVER LINE;Line 1;FORD;09:26;09:28;2;ST60 Trimmer;ST62;Alfamatic module;terminal mal ponchada;Equipment Fault;no;no
2025-06-10;COVER LINE;Line 1;FORD;11:16;11:18;2;Robots;R10;Gripper/tool adjustments;falla sensor gripper 4;Equipment Fault;no;no
2025-06-10;COVER LINE;Line 1;FORD;12:43;12:45;2;Robots;R10;Gripper/tool adjustments;sensor gipper 6;Equipment Fault;no;no
2025-06-10;COVER LINE;Line 1;FORD;14:16;14:20;4;ST70 Molding;General;TBD;limpieza de molde por presencia de filamentos de terminal;Maintenance;no;no
2025-06-10;COVER LINE;Line 1;FORD;17:46;17:47;1;Robots;R10;Gripper/tool adjustments;sensor 4;Equipment Fault;no;no
2025-06-10;COVER LINE;Line 1;FORD;18:18;18:20;2;Robots;R10;Gripper/tool adjustments;sensor 6;Equipment Fault;no;no
2025-06-10;COVER LINE;Line 1;FORD;19:09;19:10;1;Robots;R10;Gripper/tool adjustments;sensor 4;Equipment Fault;no;no
2025-06-10;COVER LINE;Line 1;FORD;19:49;19:50;1;Robots;R10;Gripper/tool adjustments;sensor 4;Equipment Fault;no;no
2025-06-10;COVER LINE;Line 1;FORD;21:15;21:22;7;Robots;R10;Gripper/tool adjustments;sensor 6;Equipment Fault;no;no
2025-06-10;COVER LINE;Line 1;FORD;22:30;22:36;6;Robots;R10;Gripper/tool adjustments;sensor 4;Equipment Fault;no;no
2025-06-10;COVER LINE;Line 1;FORD;22:54;22:59;5;ST70 Molding;Camera;Inspection Tools Adjustments; ;Equipment Fault;no;no
2025-06-10;COVER LINE;Line 1;FORD;23:01;23:02;1;ST60 Trimmer;ST62;Terminal presence sensor; ;Equipment Fault;no;no
2025-06-10;COVER LINE;Line 1;FORD;23:23;23:24;1;Robots;R10;Gripper/tool adjustments;sensor 6;Equipment Fault;no;no
2025-06-10;COVER LINE;Line 1;FORD;12:39;12:42;3;ST60 Trimmer;General;TBD;terminal mal cortada;Equipment Fault;no;no
2025-06-11;COVER LINE;Line 1;FORD;07:00;10:00;180;ST70 Molding;General;TBD;falta de blisters;Material/Logistics;no;no
2025-06-11;COVER LINE;Line 1;FORD;13:30;14:00;30;ST70 Molding;General;TBD;operador cierra el programa de la computadora ;Production;no;no
2025-06-11;COVER LINE;Line 1;FORD;16:40;16:55;15;Robots;R10;Gripper/tool adjustments;sensor 4;Equipment Fault;no;no
2025-06-11;COVER LINE;Line 1;FORD;16:58;17:05;7;Robots;R10;Gripper/tool adjustments;sensor 6;Equipment Fault;no;no
2025-06-12;COVER LINE;Line 1;FORD;19:00;20:00;60;ST70 Molding;General;TBD;arranque;Maintenance;no;no
2025-06-12;COVER LINE;Line 1;FORD;08:10;08:20;10;Robots;R10;Gripper/tool adjustments;sensor 6;Equipment Fault;no;no
2025-06-12;COVER LINE;Line 1;FORD;08:25;08:35;10;ST60 Trimmer;ST61;Block lock;se cae sensor que detecta el locking del bloque;Equipment Fault;no;no
2025-06-12;COVER LINE;Line 1;FORD;09:00;10:20;80;Robots;R10;Gripper/tool adjustments;sensor 4 tiempo acumulado de todo el día;Equipment Fault;no;no
2025-06-12;COVER LINE;Line 1;FORD;13:07;13:17;10;Robots;R10;Gripper/tool adjustments;sensor 6;Equipment Fault;no;no
2025-06-13;COVER LINE;Line 1;FORD;07:00;08:00;60;ST70 Molding;General;TBD;arranque;Maintenance;no;no
2025-06-13;COVER LINE;Line 1;FORD;10:00;12:00;120;Robots;R10;Gripper/tool adjustments;sensor 4 acumulado todo el día;Equipment Fault;no;no
2025-06-16;COVER LINE;Line 1;FORD;07:00;08:50;110;ST70 Molding;General;TBD;arranque;Maintenance;no;no
2025-06-16;COVER LINE;Line 1;FORD;07:00;08:50;110;ST70 Molding;General;TBD;ARRANQUE;Maintenance;no;no
2025-06-16;COVER LINE;Line 1;FORD;11:30;13:00;90;Robots;R10;Gripper/tool adjustments;sensor 4;Equipment Fault;no;no
2025-06-17;COVER LINE;Line 1;FORD;07:00;08:00;60;ST70 Molding;Control system;PLC;falla de señal de puerta de la reja, marca puerta abierta.;Equipment Fault;no;no
2025-06-17;COVER LINE;Line 1;FORD;09:10;10:10;60;Robots;R10;Gripper/tool adjustments;sensor 6 acumulado del día;Equipment Fault;no;no
2025-06-17;COVER LINE;Line 1;FORD;13:00;14:30;90;Robots;R10;Gripper/tool adjustments;sensor 4 acumulado del día;Equipment Fault;no;no
2025-06-25;COVER LINE;Line 1;FORD;11:25;11:50;25;Robots;R10;Gripper/tool adjustments;cambio de sensor 4 y 6;Maintenance;no;no
2025-06-27;COVER LINE;Line 1;FORD;07:00;08:30;90;ST70 Molding;General;TBD;arranque;Maintenance;no;no
2025-06-27;COVER LINE;Line 1;FORD;09:40;09:42;2;ST60 Trimmer;ST62;Locking; ;Equipment Fault;no;no
2025-07-01;COVER LINE;Line 1;FORD;07:00;07:35;35;ST70 Molding;General;TBD;arranque;Maintenance;no;no
2025-07-01;COVER LINE;Line 1;FORD;07:45;07:55;10;Robots;R20 Scara;Module error;no responde para el pick up;Equipment Fault;no;no
2025-08-07;REA;Actuadores;3140CA029;01:25;01:27;2;Robots;R75;Gripper/tool adjustments;Gripper falla al ensamblar;Equipment Fault;no;no
2025-08-07;REA;Actuadores;3140CA029;02:02;02:04;2;Robots;R75;Gripper/tool adjustments;Gripper falla al ensamblar;Equipment Fault;no;no
2025-08-07;REA;Actuadores;3140CA029;03:18;03:19;1;731;731;Bowl/Lineal feeder;pin incorrecto ;Quality;no;no
2025-08-07;REA;Actuadores;3140CA029;03:22;03:23;1;Aux;710;NOK material;motor posición incorrecta ;Production;no;no
2025-08-07;REA;Actuadores;3140CA029;03:30;03:32;2;CCC;Consumables;Resin;cambio de resina ;Maintenance;no;no
2025-08-07;REA;Actuadores;3140CA029;04:52;04:54;2;Conveyors;General;NOK material;blister mal direccion ;Production;no;no
2025-08-07;REA;Actuadores;3140CA029;00:30;00:31;1;730;730;Feed piston;pin inclinado ;Equipment Fault;no;no
2025-08-06;REA;Actuadores;3140CA029;23:09;23:11;2;CHW;Consumables;Chip reel;cambio de chip ;Maintenance;no;no
2025-08-06;REA;Actuadores;3140CA029;22:45;22:50;5;St4;CRIO NOK;Falla st4, se requiere reiniciar crio, gripper no continua;Equipment Fault;EOL;no;no
2025-08-07;REA;Actuadores;3140CA029;05:27;05:32;5;Maintenance;REA;General;Checklist;Checklist;si;no
2025-08-07;REA;Actuadores;3140CA029;06:50;06:52;2;Equipment Fault;MSA;MSA;Driver;fuera de posicion home;no;no
2025-08-06;REA;Actuadores;3140CS023;07:00;09:00;120;Quality;REA;General;Change Over;Liberación;no;no
2025-08-06;REA;Actuadores;3140CS023;09:33;09:35;2;Production;Conveyors;General;Blister NOK/Wrong PN;Motor invertido;no;no
2025-08-06;REA;Actuadores;3140CS023;09:40;09:43;3;Quality;Robots;R65;Motion supervision/Joint collision;Motion sup;no;no
2025-08-06;REA;Actuadores;3140CS023;10:06;10:08;2;Maintenance;CHW;St4;Pressor;Limpieza pressor;no;no
2025-08-06;REA;Actuadores;3140CS023;10:10;10:13;3;Production;MAT;St3;Feeder;Se queda sin tornillos y se vacia;no;no
2025-08-06;REA;Actuadores;3140CS023;11:00;11:05;5;Production;Robots;R33;Motion supervision/Joint collision;Blister invertido y robot choca;no;no
2025-08-06;REA;Actuadores;3140CA029;13:00;15:00;120;Maintenance;REA;General;Change Over;Change over Ford 029;si;no
2025-08-06;REA;Actuadores;3140CS023;11:45;11:49;4;Equipment Fault;Robots;R75;Gripper/tool adjustments;Gripper 1 no abre al dejar pieza en St940;no;no
2025-08-07;REA;Actuadores;3140CA029;07:00;07:10;10;Maintenance;REA;General;Checklist;Checklist diario;si;no
2025-08-07;REA;Actuadores;3140CA029;07:27;07:28;1;Equipment Fault;Robots;R65;Vacuum system;no deja en posicion gear;no;no
2025-08-07;REA;Actuadores;3140CA029;08:07;08:08;1;Production;Aux;805;Scheduled maintenance;motor invertido;no;no
2025-08-07;REA;Actuadores;3140CA029;09:36;09:37;1;Production;MAT;St3;Feeder;falta de material (tornillo);no;no
2025-08-07;REA;Actuadores;3140CA029;09:36;09:37;1;Production;Conveyors;C37;Presence sensor;conveyors lleno de blister;no;no
2025-08-07;REA;Actuadores;3140CA029;09:40;09:42;2;Quality;731;731;Presence sensor;pin chueco;no;no
2025-08-07;REA;Actuadores;3140CA029;09:44;09:45;1;Equipment Fault;Robots;R70;Gripper/tool adjustments;no abre gripper;no;no
2025-08-07;REA;Actuadores;3140CA029;10:01;10:03;2;Equipment Fault;Conveyors;C55;Presence sensor;piston no sube y se atorra blister;no;no
2025-08-07;REA;Actuadores;3140CA029;10:26;10:27;1;Production;Conveyors;C31;Presence sensor;conveyor lleno de blisters;no;no
2025-08-07;REA;Actuadores;3140CA029;10:34;10:36;2;Quality;Main conveyor;Main conveyor;Lock NOK;pallet no llega a posicion en st371;no;no
2025-08-07;REA;Actuadores;3140CA029;10:38;10:40;2;Production;Aux;805;NOK material;motor invertido;no;no
2025-07-01;COVER LINE;Line 1;FORD;08:05;08:15;10;Equipment Fault;ST70 Molding;General;TBD;terminal chueca;no;no
2025-07-01;COVER LINE;Line 1;FORD;09:38;09:45;7;Equipment Fault;ST60 Trimmer;ST62;Alfamatic module;terminal pegada en matriz superior;no;no
2025-07-01;COVER LINE;Line 1;FORD;12:20;12:25;5;Equipment Fault;ST60 Trimmer;ST62;Slide table;slider no llega a posición;no;no
2025-07-04;COVER LINE;Line 1;FORD;07:00;07:50;50;Maintenance;ST70 Molding;General;TBD;arranque;no;no
2025-07-04;COVER LINE;Line 1;FORD;08:40;09:40;60;Maintenance;ST60 Trimmer;General;TBD;ajuste de tuerca del acoplamiento del servo de slider;no;no
2025-07-07;COVER LINE;Line 1;FORD;07:00;09:40;160;Maintenance;ST70 Molding;General;TBD;arranque;no;no
2025-07-07;COVER LINE;Line 1;FORD;09:50;10:30;40;Maintenance;ST60 Trimmer;General;TBD;ajuste de tuerca del acoplamiento del servo con slider;no;no
2025-07-07;COVER LINE;Line 1;FORD;17:40;18:00;20;Equipment Fault;ST80;General;TBD;blister no llega a posición;no;no
2025-07-14;COVER LINE;Line 1;FORD;07:00;07:35;35;Maintenance;ST70 Molding;General;TBD;ARRANQUE;no;no
2025-07-14;COVER LINE;Line 1;FORD;09:10;09:50;40;Equipment Fault;Robots;R20 Scara;Module error;reinicio de controlador;no;no
2025-08-07;REA;Actuadores;3140CA029;10:48;10:58;10;Maintenance;REA;General;Checklist;checklist 500 pzs.;si;no
2025-08-07;REA;Actuadores;3140CA029;10:59;11:04;5;Equipment Fault;Main conveyor;Main conveyor;RFID Reader;sensor RFID;no;no
2025-08-07;REA;Actuadores;3140CA029;11:06;11:08;2;Equipment Fault;Robots;R70;Vacuum system;VACUUM OFF;no;no
2025-08-07;REA;Actuadores;3140CA029;11:10;11:12;2;Equipment Fault;Robots;R65;Motion supervision/Joint collision;motion sup;no;no
2025-08-07;REA;Actuadores;3140CA029;11:37;11:39;2;Equipment Fault;Main conveyor;Main conveyor;Inductive sensor;sensor no detecta pallet;no;no
2025-08-07;REA;Actuadores;3140CA029;11:41;11:43;2;Equipment Fault;Main conveyor;Main conveyor;Inductive sensor;sensor no detecta pallet;no;no
2025-08-07;REA;Actuadores;3140CA029;11:47;11:49;2;Equipment Fault;Main conveyor;Main conveyor;Inductive sensor;sensor no detecta pallet;no;no
2025-08-07;REA;Actuadores;3140CA029;11:54;11:56;2;Equipment Fault;Main conveyor;Main conveyor;Inductive sensor;sensor no detecta pallet;no;no
2025-08-07;REA;Actuadores;3140CA029;12:04;12:06;2;Equipment Fault;Robots;R70;Vacuum system;vacuum off;no;no
2025-08-07;REA;Actuadores;3140CA029;12:30;12:31;1;Production;Main conveyor;General;NOK material;motor invertido;no;no
2025-08-07;REA;Actuadores;3140CA029;13:03;13:04;1;Equipment Fault;Robots;R70;Vacuum system;vacuum off;no;no
2025-08-07;REA;Actuadores;3140CA029;13:06;13:08;2;Equipment Fault;731;731;Presence sensor;pin chueco;no;no
2025-08-07;REA;Actuadores;3140CA029;13:12;13:14;2;Production;Conveyors;C37;Presence sensor;blister atorado;no;no
2025-08-07;REA;Actuadores;3140CA029;13:24;13:26;2;Equipment Fault;731;731;Presence sensor;pin chueco;no;no
2025-08-07;REA;Actuadores;3140CA029;13:38;13:39;1;Equipment Fault;Robots;R70;Vacuum system;vacuum off;no;no
2025-07-14;COVER LINE;Line 1;FORD;11:00;11:05;5;Equipment Fault;ST70 Molding;General;TBD;terminal chueca;no;no
2025-07-14;COVER LINE;Line 1;FORD;13:25;13:27;2;Equipment Fault;ST70 Molding;General;TBD;terminal chueca;no;no
2025-07-14;COVER LINE;Line 1;FORD;10:17;10:27;10;Equipment Fault;Robots;R10;Gripper/tool adjustments;robot no toma los bloques de pallet del conveyo;no;no
2025-08-07;REA;Actuadores;3140CA029;14:07;14:09;2;Equipment Fault;Robots;R75;Gripper/tool adjustments;se queda atorado con la pieza.;no;no
2025-08-07;REA;Actuadores;3140CA029;14:11;14:12;1;Equipment Fault;Main conveyor;Main conveyor;Inductive sensor;se da reset (no avanzaba);no;no
2025-07-14;COVER LINE;Line 1;FORD;11:16;11:30;14;Equipment Fault;ST10 Conveyor;ST51;Actuator;falla de cilindro;no;no
2025-07-14;COVER LINE;Line 1;FORD;11:50;11:55;5;Equipment Fault;ST80;General;TBD;blister no llega a posición final;no;no
2025-07-14;COVER LINE;Line 1;FORD;12:00;12:20;20;Equipment Fault;Robots;R10;Gripper/tool adjustments;cilindro 4 no llega a carrera final en le pick up del bloque en conveyo;no;no
2025-07-15;COVER LINE;Line 1;FORD;07:00;07:30;30;Maintenance;ST70 Molding;General;TBD;arranque;no;no
2025-07-15;COVER LINE;Line 1;FORD;08:40;08:45;5;Equipment Fault;Robots;R10;Gripper/tool adjustments;cilindro 4 no llega a carrera final en pick up en conveyo;no;no
2025-08-07;REA;Actuadores;3140CA029;14:22;14:24;2;Equipment Fault;Main conveyor;Main conveyor;Lock NOK;no avanzan los pallet se da reset;no;no
2025-08-07;REA;Actuadores;3140CA029;14:25;14:28;3;Quality;MAT;General;Scrapbox full;scrap box full;no;no
2025-07-16;COVER LINE;Line 1;FORD;07:00;07:30;30;Maintenance;ST70 Molding;General;TBD;arranque;no;no
2025-07-16;COVER LINE;Line 1;FORD;13:00;13:07;7;Equipment Fault;Robots;R10;Gripper/tool adjustments;cilindro 4 no llega a posicion en pick up en conveyo;no;no
2025-07-16;COVER LINE;Line 1;FORD;13:30;23:59;630;Equipment Fault;Robots;R20 Scara;Gripper/tool adjustments;scara no responde ingenieria ajusta [Paro cruza medianoche - Parte 1];no;no
2025-07-16;COVER LINE;Line 1;FORD;00:00;12:00;720;Equipment Fault;Robots;R20 Scara;Gripper/tool adjustments;scara no responde ingenieria ajusta [Paro cruza medianoche - Parte 2];no;no
2025-07-17;COVER LINE;Line 1;FORD;15:40;15:45;5;Equipment Fault;ST60 Trimmer;ST62;Alfamatic module;terminal se queda en matriz superior atorada;no;no
2025-07-17;COVER LINE;Line 1;FORD;08:40;20:45;725;Equipment Fault;Robots;R10;Gripper/tool adjustments;robot no toma los bloques vacíos de st61 (trimer);no;no
2025-07-21;COVER LINE;Line 1;FORD;07:00;08:50;110;Maintenance;ST70 Molding;General;TBD;arranque;no;no
2025-07-24;COVER LINE;Line 1;FORD;07:00;07:15;15;Maintenance;ST70 Molding;General;TBD;arranque;no;no
2025-07-24;COVER LINE;Line 1;FORD;07:18;07:21;3;Equipment Fault;Robots;R20 Scara;Gripper/tool adjustments;scara no toma terminales;no;no
2025-07-24;COVER LINE;Line 1;FORD;08:19;08:25;6;Equipment Fault;Robots;R20 Scara;Gripper/tool adjustments;scara no toma terminales;no;no
2025-07-25;COVER LINE;Line 1;FORD;07:00;07:35;35;Maintenance;ST70 Molding;General;TBD;arranque;no;no
2025-07-25;COVER LINE;Line 1;FORD;08:10;08:14;4;Equipment Fault;Robots;R20 Scara;Gripper/tool adjustments;falla de señal;no;no
2025-07-25;COVER LINE;Line 1;FORD;09:25;09:28;3;Equipment Fault;ST60 Trimmer;ST62;Terminal presence sensor;;no;no
2025-07-25;COVER LINE;Line 1;FORD;10:28;10:31;3;Equipment Fault;ST70 Molding;General;TBD;ciclo de inyección interrumpido;no;no
2025-08-07;REA;Actuadores;3140CA029;15:00;15:10;10;Maintenance;REA;General;Checklist;Checklist;si;no
2025-07-25;COVER LINE;Line 1;FORD;10:44;10:45;1;Equipment Fault;ST60 Trimmer;ST62;Terminal presence sensor;;no;no
2025-07-25;COVER LINE;Line 1;FORD;10:48;10:50;2;Equipment Fault;ST70 Molding;General;TBD;ciclo de inyección interrumpido;no;no
2025-07-14;COVER LINE;Line 2;FORD;17:49;17:51;2;Equipment Fault;OMT;ST7;Laser;;no;no
2025-07-14;COVER LINE;Line 2;FORD;18:36;18:40;4;Equipment Fault;OMT;ST7;Laser;;no;no
2025-07-14;COVER LINE;Line 2;FORD;18:47;18:50;3;Equipment Fault;Terminal caps;ST94;Gripper;;no;no
2025-07-14;COVER LINE;Line 2;FORD;18:51;18:52;1;Equipment Fault;Terminal caps;ST95;Turntable;;no;no
2025-07-14;COVER LINE;Line 2;FORD;20:09;20:11;2;Equipment Fault;ST30 Molding;General;TBD;terminal doblada;no;no
2025-07-14;COVER LINE;Line 2;FORD;20:07;20:09;2;Equipment Fault;OMT;ST7;Laser;;no;no
2025-07-14;COVER LINE;Line 2;FORD;20:18;20:19;1;Equipment Fault;OMT;ST7;Laser;;no;no
2025-07-14;COVER LINE;Line 2;FORD;21:00;22:30;90;Equipment Fault;Main conveyor;General;TBD;falla de clamp cntering;no;no
2025-07-14;COVER LINE;Line 2;FORD;22:30;23:00;30;Equipment Fault;Main conveyor;General;TBD;clamp cntering;no;no
2025-07-14;COVER LINE;Line 2;FORD;23:00;23:59;60;Equipment Fault;Main conveyor;General;TBD;clamp centering [Paro cruza medianoche - Parte 1];no;no
2025-07-14;COVER LINE;Line 2;FORD;00:00;01:20;80;Equipment Fault;Main conveyor;General;TBD;clamp centering [Paro cruza medianoche - Parte 2];no;no
2025-08-07;REA;Actuadores;3140CA029;15:12;15:15;3;Equipment Fault;EOL;St4;CRIO NOK;time out;no;no
2025-08-07;REA;Actuadores;3140CA029;15:15;15:19;4;Equipment Fault;CHW;Consumables;Chip reel;Cambio de chip;no;no
2025-08-07;REA;Actuadores;3140CA029;15:51;15:54;3;Production;MAT;St3;Feeder;Se atoran los tornillos enfeeder por exceso de material;no;no
2025-08-07;REA;Actuadores;3140CA029;16:05;16:08;3;Maintenance;CHW;Consumables;Argon;Cambio de argon;no;no
2025-08-07;REA;Actuadores;3140CA029;16:26;16:29;3;Equipment Fault;Main conveyor;Main conveyor;RFID Reader;NO lee rfid;no;no
2025-08-07;REA;Actuadores;3140CA029;22:24;22:29;5;Equipment Fault;Main conveyor;Main conveyor;RFID Reader;Se acomoda RFID porque no leia pallet;no;no
2025-08-07;REA;Actuadores;3140CA029;22:42;22:44;2;Maintenance;MAT;Consumables;Grease;cambio de grasa;no;no
2025-08-07;REA;Actuadores;3140CA029;23:24;23:28;4;Equipment Fault;EOL;St4;CRIO NOK;reinicio de crio;no;no
2025-08-08;REA;Actuadores;3140CA029;00:25;00:28;3;Equipment Fault;Robots;R38;Vacuum system;vacuum off por body mal colocado en blister, robot se mando a main;no;no
2025-08-08;REA;Actuadores;3140CA029;00:30;00:31;1;Equipment Fault;Robots;R70;Vacuum system;vacuum off;no;no
2025-08-08;REA;Actuadores;3140CA029;00:45;00:50;5;Equipment Fault;REA;General;Pneumatic System;compresor alarmado;no;no
2025-08-08;REA;Actuadores;3140CA029;00:54;00:57;3;Equipment Fault;731;731;Feed piston;ajuste de tope mecanico por pin inclinado;no;no
2025-08-08;REA;Actuadores;3140CA029;02:44;02:45;1;Equipment Fault;EOL;St2;Gripper NOK;falla gripper 2;no;no
2025-08-08;REA;Actuadores;3140CA029;03:10;03:11;1;Equipment Fault;MAT;St3;Feeder;tornillos atorados en riel de feeder;no;no
2025-08-08;REA;Actuadores;3140CA029;03:14;03:15;1;Equipment Fault;Robots;R70;Vacuum system;vacuum off;no;no
2025-08-08;REA;Actuadores;3140CA029;03:58;03:59;1;Maintenance;CHW;St4;Pressor;limpieza de pressor;no;no
2025-08-08;REA;Actuadores;3140CA029;04:19;04:20;1;Equipment Fault;620;620;Alphamatic Module;prensa se quedo abajo por fallo al insertar;no;no
2025-08-08;REA;Actuadores;3140CA029;06:25;06:35;10;Equipment Fault;620;620;Alphamatic Module;Scraps continuos, minimum force not reached, se incrementa posicion de X.47 a X.50, misma proporcion para los controles;no;no
2025-08-08;REA;Actuadores;3140CA029;00:30;00:33;3;Maintenance;CAW;Consumables;Nitrogen;Cambio de tanque;no;no
2025-08-08;REA;Actuadores;3140CA029;01:52;01:54;2;Equipment Fault;731;731;Feed piston;ajuste pin inclinado;no;no
2025-08-08;REA;Actuadores;3140CA029;06:49;06:51;2;Equipment Fault;620;620;Alphamatic Module;Scraps continuos, minimum force not reached, se incrementa posicion de X.5 a X.55, misma proporcion para los controles;no;no
2025-07-15;COVER LINE;Line 2;FORD;07:00;07:20;20;Maintenance;ST30 Molding;General;TBD;arranque de produccion con pz de RW;no;no
2025-07-15;COVER LINE;Line 2;FORD;09:24;09:26;2;Equipment Fault;Terminal caps;ST94;Gripper;;no;no
2025-07-15;COVER LINE;Line 2;FORD;10:25;10:29;4;Equipment Fault;Robots;R70;PLC ;robot coliciona con palet que se pasó de su lugar de espera (tope mecanico);no;no
2025-07-15;COVER LINE;Line 2;FORD;10:30;11:00;30;Maintenance;ST30 Molding;General;TBD;arranque de producción;no;no
2025-07-15;COVER LINE;Line 2;FORD;12:40;12:50;10;Equipment Fault;TBD;General;TBD;pallet no llega a st85 posición de locking;no;no
2025-07-15;COVER LINE;Line 2;FORD;15:55;16:00;5;Equipment Fault;Lip seal;ST74;Bowl/lineal feeder;falla de vacío;no;no
2025-07-15;COVER LINE;Line 2;FORD;19:00;19:40;40;Equipment Fault;ST30 Molding;General;TBD;falla de inserción de terminal;no;no
2025-07-15;COVER LINE;Line 2;FORD;20:28;21:05;37;Equipment Fault;ST30 Molding;General;TBD;punto de inyección tapado;no;no
2025-07-15;COVER LINE;Line 2;FORD;21:50;22:00;10;Equipment Fault;Terminal caps;ST95;Turntable;;no;no
2025-07-17;COVER LINE;Line 2;FORD;07:00;07:40;40;Maintenance;ST30 Molding;General;TBD;arranque;no;no
2025-07-17;COVER LINE;Line 2;FORD;09:40;09:55;15;Quality;TBD;General;TBD;paro por revisión de scrap;no;no
2025-07-17;COVER LINE;Line 2;FORD;10:40;12:40;120;Quality;TBD;General;TBD;se detiene línea para monitoreo de RW en OMT;no;no
2025-07-17;COVER LINE;Line 2;FORD;17:00;17:30;30;Equipment Fault;Robots;R20;Motion supervision/Joint collision;robot colisiona con pieza en st63;no;no
2025-07-21;COVER LINE;Line 2;FORD;07:00;08:40;100;Maintenance;ST30 Molding;General;TBD;arranque;no;no
2025-07-21;COVER LINE;Line 2;FORD;10:11;12:40;149;Equipment Fault;OMT;ST7;Laser;;no;no
2025-07-21;COVER LINE;Line 2;FORD;11:30;13:10;100;Maintenance;Terminal caps;ST94;Gripper;se ajusta tope mecánico de gripper 2;no;no
2025-07-22;COVER LINE;Line 2;FORD;07:00;07:50;50;Maintenance;ST30 Molding;General;TBD;problema con punto de inyección en arranque;no;no
2025-07-22;COVER LINE;Line 2;FORD;10:45;11:11;26;Equipment Fault;ST30 Molding;General;TBD;terminal chueca se atora en gripper de robot;no;no
2025-07-22;COVER LINE;Line 2;FORD;12:40;12:55;15;Equipment Fault;ST30 Molding;General;TBD;punto de inyección tapado;no;no
2025-07-22;COVER LINE;Line 2;FORD;12:58;13:00;2;Equipment Fault;Terminal caps;ST94;Bowl/lineal feeder;fork atorado por flash;no;no
2025-07-22;COVER LINE;Line 2;FORD;14:00;14:08;8;Equipment Fault;ST30 Molding;General;TBD;se apaga el motor de IMM;no;no
2025-07-22;COVER LINE;Line 2;FORD;16:25;16:35;10;Equipment Fault;Robots;R20;Incorrect pick/place;error de pick up en st12;no;no
2025-07-23;COVER LINE;Line 2;FORD;21:00;22:00;60;Equipment Fault;Terminal caps;ST94;Bowl/lineal feeder;fork atorado en riel ajuste;no;no
2025-07-23;COVER LINE;Line 2;FORD;23:00;23:59;60;Equipment Fault;OMT;ST3;Test NOK;paro por scrap alto en st3 y st4 [Paro cruza medianoche - Parte 1];no;no
2025-07-23;COVER LINE;Line 2;FORD;00:00;00:10;10;Equipment Fault;OMT;ST3;Test NOK;paro por scrap alto en st3 y st4 [Paro cruza medianoche - Parte 2];no;no
2025-07-24;COVER LINE;Line 2;FORD;07:00;07:30;30;Maintenance;ST30 Molding;General;TBD;arranque;no;no
2025-07-24;COVER LINE;Line 2;FORD;10:17;10:18;1;Equipment Fault;Lip seal;General;TBD;falla de vacío;no;no
2025-07-24;COVER LINE;Line 2;FORD;13:00;15:20;140;Equipment Fault;OMT;General;Software/PC;se cierra app de pc;no;no
2025-07-25;COVER LINE;Line 2;FORD;07:00;07:30;30;Maintenance;ST30 Molding;General;TBD;arranque;no;no
2025-07-25;COVER LINE;Line 2;FORD;09:35;09:55;20;Equipment Fault;ST30 Molding;Mold;Resistance Hot runner;espera de temperatura;no;no
2025-08-08;REA;Actuadores;3140CA029;07:03;07:05;2;Equipment Fault;Robots;R70;Vacuum system;vacuum off;no;no
2025-07-25;COVER LINE;Line 2;FORD;12:00;12:40;40;Equipment Fault;OMT;ST7;Laser barrier;falla de grabado laser;no;no
2025-08-08;REA;Actuadores;3140CA029;07:15;07:17;2;Equipment Fault;Robots;R75;Gripper/tool adjustments;gripper 1 no abre;no;no
2025-08-08;REA;Actuadores;3140CA029;07:23;07:25;2;Equipment Fault;Robots;R75;Gripper/tool adjustments;gripper 1 no abre;no;no
2025-08-08;REA;Actuadores;3140CA029;07:36;07:38;2;Equipment Fault;Robots;R70;Vacuum system;vacuum off;no;no
2025-08-08;REA;Actuadores;3140CA029;07:42;07:52;10;Maintenance;REA;General;Checklist;checklist programado;si;no
2025-07-25;COVER LINE;Line 2;FORD;14:15;14:28;13;Equipment Fault;ST30 Molding;General;TBD;terminal doblada;no;no
2025-08-01;COVER LINE;Line 2;FORD;07:00;08:00;60;Maintenance;ST30 Molding;General;TBD;arranque después de reparación de unidad de inyección;no;no
2025-08-08;REA;Actuadores;3140CA029;07:54;07:59;5;Maintenance;CAW;LSW;Laser module;cambio de lente protector;no;no
2025-08-08;REA;Actuadores;3140CA029;08:00;08:04;4;Equipment Fault;Main conveyor;Main conveyor;RFID Reader;pallet no lo detecta RFID;no;no
2025-08-08;REA;Actuadores;3140CA029;08:02;08:04;2;Equipment Fault;Main conveyor;Main conveyor;RFID Reader;no detecta pallet RFID;no;no
2025-08-08;REA;Actuadores;3140CA029;08:04;08:06;2;Equipment Fault;Robots;R70;Vacuum system;vacuum off;no;no
2025-08-08;REA;Actuadores;3140CA029;08:06;08:08;2;Equipment Fault;Robots;R70;Vacuum system;vacuum off;no;no
2025-08-08;REA;Actuadores;3140CA029;08:10;08:12;2;Equipment Fault;Main conveyor;Main conveyor;RFID Reader;pallet no detecta RFID;no;no
2025-08-08;REA;Actuadores;3140CA029;08:15;08:20;5;Quality;620;General;NOK material;revicion de parametros y masters por calidad.;no;no
2025-08-08;REA;Actuadores;3140CA029;08:23;08:25;2;Equipment Fault;Main conveyor;Main conveyor;RFID Reader;falla no lo detecta RFID;no;no
2025-08-08;REA;Actuadores;3140CA029;08:30;08:33;3;Maintenance;Robots;R70;Scheduled maintenance;cambio de ventosas;no;no
2025-08-08;REA;Actuadores;3140CA029;08:40;09:40;60;Quality;REA;General;SOP;se manda a liberar de nuevo por cambio de lente protector;no;no
2025-08-08;REA;Actuadores;3140CA029;09:44;09:46;2;Equipment Fault;731;731;Presence sensor;pin chueco;no;no
2025-08-08;REA;Actuadores;3140CA029;09:52;09:54;2;Production;MAT;St3;Feeder;sin material;no;no
2025-08-08;REA;Actuadores;3140CA029;10:07;10:08;1;Equipment Fault;Robots;R70;Vacuum system;vacuum off;no;no
2025-07-31;COVER LINE;Line 2;FORD;07:00;23:59;1019;Maintenance;ST30 Molding;Injection system;Actuator;Paro programado wittmann reparación fuga de aceite [Paro cruza medianoche - Parte 1];no;no
2025-07-31;COVER LINE;Line 2;FORD;00:00;02:00;120;Maintenance;ST30 Molding;Injection system;Actuator;Paro programado wittmann reparación fuga de aceite [Paro cruza medianoche - Parte 2];no;no
2025-07-30;COVER LINE;Line 2;FORD;07:00;23:59;1019;Maintenance;ST30 Molding;Injection system;Actuator;Paro programado por reparación de fuga de aceite en unidad de inyección [Paro cruza medianoche - Parte 1];no;no
2025-07-30;COVER LINE;Line 2;FORD;00:00;02:00;120;Maintenance;ST30 Molding;Injection system;Actuator;Paro programado por reparación de fuga de aceite en unidad de inyección [Paro cruza medianoche - Parte 2];no;no
2025-07-29;COVER LINE;Line 2;FORD;07:00;23:59;1019;Maintenance;ST30 Molding;Injection system;Actuator;Paro programado wittmann reparación fuga de aceite [Paro cruza medianoche - Parte 1];no;no
2025-07-29;COVER LINE;Line 2;FORD;00:00;02:00;120;Maintenance;ST30 Molding;Injection system;Actuator;Paro programado wittmann reparación fuga de aceite [Paro cruza medianoche - Parte 2];no;no
2025-07-28;COVER LINE;Line 2;FORD;07:00;23:59;1020;Maintenance;ST30 Molding;Injection system;Actuator;Paro programado wittmann reparación fuga de aceite [Paro cruza medianoche - Parte 1];no;no
2025-07-28;COVER LINE;Line 2;FORD;00:00;02:00;120;Maintenance;ST30 Molding;Injection system;Actuator;Paro programado wittmann reparación fuga de aceite [Paro cruza medianoche - Parte 2];no;no
2025-08-08;REA;Actuadores;3140CA029;10:12;10:14;2;Equipment Fault;731;731;Presence sensor;pin chueco;no;no
2025-08-08;REA;Actuadores;3140CA029;10:15;10:20;5;Maintenance;CHW;Consumables;Chip reel;cambio de chip;no;no
2025-08-08;REA;Actuadores;3140CA029;10:31;10:32;1;Equipment Fault;Robots;R70;Vacuum system;vacuum off;no;no
2025-08-08;REA;Actuadores;3140CA029;10:38;10:40;2;Material/Logistics;731;731;Feed piston;pin caido;no;no
2025-08-08;REA;Actuadores;3140CA029;11:16;11:18;2;Production;Conveyors;C31;Presence sensor;conveyor lleno de blister;no;no
2025-08-04;COVER LINE;Line 2;FORD;07:00;10:30;210;Equipment Fault;OMT;General;TBD;problemas con app;no;no
2025-08-04;COVER LINE;Line 2;FORD;12:00;13:00;60;Equipment Fault;Terminal caps;ST94;Bowl/lineal feeder;fork atorado en riel;no;no
2025-08-05;COVER LINE;Line 2;FORD;07:00;09:00;120;Equipment Fault;ST30 Molding;Injection system;Actuator;problemas en arranque por unidad de inyección detenida al momento de inyectar;no;no
2025-08-05;COVER LINE;Line 2;FORD;09:50;09:59;9;Equipment Fault;OMT;ST7;Laser;;no;no
2025-08-05;COVER LINE;Line 2;FORD;10:18;10:23;5;Equipment Fault;ST30 Molding;Injection system;Actuator;;no;no
2025-08-05;COVER LINE;Line 2;FORD;15:10;15:15;5;Equipment Fault;ST30 Molding;Injection system;Actuator;;no;no
2025-08-05;COVER LINE;Line 2;FORD;16:05;16:07;2;Equipment Fault;Terminal caps;ST94;Bowl/lineal feeder;FORK ATORADO;no;no
2025-08-05;COVER LINE;Line 2;FORD;16:40;16:41;1;Equipment Fault;Terminal caps;ST95;Turntable;;no;no
2025-08-06;COVER LINE;Line 2;FORD;07:00;08:45;105;Equipment Fault;ST30 Molding;Injection system;Actuator;problema con la inyección;no;no
2025-08-06;COVER LINE;Line 2;FORD;08:50;08:52;2;Equipment Fault;Terminal caps;ST94;Bowl/lineal feeder;fork atorado;no;no
2025-08-06;COVER LINE;Line 2;FORD;09:45;09:59;14;Equipment Fault;OMT;ST3;Actuator;;no;no
2025-08-06;COVER LINE;Line 2;FORD;10:00;10:09;9;Equipment Fault;Robots;R20;Motion supervision/Joint collision;colisión con pallet con pieza st61;no;no
2025-08-06;COVER LINE;Line 2;FORD;10:10;10:25;15;Equipment Fault;ST30 Molding;Injection system;Actuator;inyección interrumpida;no;no
2025-08-06;COVER LINE;Line 2;FORD;10:58;11:00;2;Equipment Fault;Terminal caps;ST95;Turntable;;no;no
2025-08-08;REA;Actuadores;3140CA029;12:57;13:04;7;Equipment Fault;620;620;Presence sensor;prensa colisiona;no;no
2025-08-08;REA;Actuadores;3140CA029;13:04;13:07;3;Equipment Fault;Main conveyor;Main conveyor;Lock NOK;pallet atorado;no;no
2025-08-08;REA;Actuadores;3140CA029;13:07;13:10;3;Equipment Fault;Robots;R33;Motion supervision/Joint collision;robot choca con st1 de CHW;no;no
2025-08-08;REA;Actuadores;3140CA029;13:20;13:21;1;Equipment Fault;Robots;R65;Vacuum system;vacuum off;no;no
2025-08-08;REA;Actuadores;3140CA029;13:36;13:40;4;Maintenance;CCC;Consumables;Resin;cambio de resina;no;no
2025-08-08;REA;Actuadores;3140CA029;13:41;13:42;1;Equipment Fault;Robots;R70;Vacuum system;vacuum off;no;no
2025-08-08;REA;Actuadores;3140CA029;13:45;13:49;4;Maintenance;EOL;St2;CRIO NOK;reset de crio;no;no
2025-08-06;COVER LINE;Line 2;FORD;13:25;13:26;1;Equipment Fault;Terminal caps;ST94;Bowl/lineal feeder;fork atorado;no;no
2025-08-08;REA;Actuadores;3140CA029;13:50;13:52;2;Equipment Fault;731;731;Presence sensor;pin chueco;no;no
2025-08-06;COVER LINE;Line 2;FORD;14:05;14:06;1;Equipment Fault;ST30 Molding;General;TBD;terminal doblada;no;no
2025-08-06;COVER LINE;Line 2;FORD;14:10;14:12;2;Equipment Fault;ST30 Molding;General;TBD;terminal doblada;no;no
2025-08-08;REA;Actuadores;3140CA029;14:00;14:03;3;Production;Robots;R33;Motion supervision/Joint collision;robot choca con cover, blister al reves;no;no
2025-08-06;COVER LINE;Line 2;FORD;15:28;15:36;8;Equipment Fault;ST30 Molding;Injection system;Actuator;inyección interrumpida;no;no
2025-08-06;COVER LINE;Line 2;FORD;15:38;15:44;6;Equipment Fault;ST30 Molding;Injection system;Actuator;inyección interrumpida;no;no
2025-08-06;COVER LINE;Line 2;FORD;16:13;16:15;2;Equipment Fault;Main conveyor;Main conveyor;Lock NOK;st70 pallet atorado;no;no
2025-08-08;REA;Actuadores;3140CA029;14:27;14:30;3;Production;620;620;Feed piston;sin material vibro;no;no
2025-08-08;REA;Actuadores;3140CS022;15:00;15:08;8;Maintenance;REA;General;Checklist;Checklist;si;no
2025-08-08;REA;Actuadores;3140CA029;15:12;15:17;5;Equipment Fault;EOL;St2;CRIO NOK;Se reinica crio;no;no
2025-08-05;COVER LINE;Line 1;FORD;07:00;07:15;15;Maintenance;ST70 Molding;General;TBD;arranque;no;no
2025-08-05;COVER LINE;Line 1;FORD;08:16;08:23;7;Equipment Fault;ST60 Trimmer;ST62;Alfamatic module;terminal atorada en matriz superior;no;no
2025-08-05;COVER LINE;Line 1;FORD;16:26;16:31;5;Equipment Fault;Robots;R10;Incorrect pick/place;falla de cilindro 4 en pick up;no;no
2025-08-05;COVER LINE;Line 1;FORD;16:46;16:47;1;Equipment Fault;ST60 Trimmer;General;TBD;terminal doblada;no;no
2025-08-06;COVER LINE;Line 1;FORD;07:00;07:20;20;Maintenance;ST70 Molding;General;TBD;arranque;no;no
2025-08-06;COVER LINE;Line 1;FORD;08:14;08:35;21;Equipment Fault;ST10 Conveyor;ST51;Actuator;clampping atorado;no;no
2025-08-06;COVER LINE;Line 1;FORD;08:40;08:43;3;Equipment Fault;ST10 Conveyor;ST51;Actuator;clampping atorado en pallet;no;no
2025-08-06;COVER LINE;Line 1;FORD;09:40;09:44;4;Equipment Fault;ST70 Molding;General;TBD;terminal chueca;no;no
2025-08-06;COVER LINE;Line 1;FORD;10:08;10:11;3;Equipment Fault;ST70 Molding;General;TBD;terminal doblada;no;no
2025-08-06;COVER LINE;Line 1;FORD;10:12;10:15;3;Equipment Fault;ST60 Trimmer;ST62;Alfamatic module;terminal atorada;no;no
2025-08-06;COVER LINE;Line 1;FORD;10:35;10:36;1;Equipment Fault;ST70 Molding;General;TBD;terminal chueca;no;no
2025-08-06;COVER LINE;Line 1;FORD;11:12;11:26;14;Maintenance;ST10 Conveyor;ST51;Actuator;pallet 20 y 8 se realiza MTTo porque se atoraban en el clamping de estación;no;no
2025-08-06;COVER LINE;Line 1;FORD;16:50;16:51;1;Equipment Fault;Robots;R10;Gripper/tool adjustments;cilindro 4 no llega a carrera final en pick up;no;no
2025-08-07;COVER LINE;Line 1;FORD;07:00;07:23;23;Maintenance;ST70 Molding;General;TBD;arranque;no;no
2025-08-07;COVER LINE;Line 1;FORD;09:44;09:48;4;Equipment Fault;ST10 Conveyor;ST51;Actuator;clmpping atorado;no;no
2025-08-07;COVER LINE;Line 1;FORD;10:48;10:50;2;Equipment Fault;ST70 Molding;General;TBD;terminal doblada;no;no
2025-08-08;COVER LINE;Line 1;FORD;07:00;07:25;25;Maintenance;ST70 Molding;General;TBD;arranque;no;no
2025-08-08;COVER LINE;Line 1;FORD;07:48;07:50;2;Equipment Fault;ST60 Trimmer;ST62;Alfamatic module;se atora gripper al colocar terminar en slider porque tenía una terminal incompleta;no;no
2025-08-08;COVER LINE;Line 1;FORD;13:48;14:00;12;Maintenance;ST60 Trimmer;General;TBD;se cambia manguera neumática porque se rompe;no;no
2025-08-08;COVER LINE;Line 1;FORD;15:52;15:53;1;Equipment Fault;ST70 Molding;General;TBD;terminal doblada;no;no
2025-08-08;COVER LINE;Line 1;FORD;15:55;15:56;1;Equipment Fault;ST70 Molding;General;TBD;terminal doblada;no;no
2025-08-08;REA;Actuadores;3140CA029;16:41;16:45;4;Quality;CAW;General;NOK material;Pin sin plate atasca feeder, timeout;no;no
2025-08-08;REA;Actuadores;3140CA029;16:37;16:40;3;Production;Conveyors;General;Blister NOK/Wrong PN;Blister body invertido, causa colision en robot;no;no
2025-08-08;REA;Actuadores;3140CA029;16:31;16:32;1;Equipment Fault;731;731;Feed piston;No cae bien el pin;no;no
2025-08-08;REA;Actuadores;3140CA029;16:15;16:17;2;Equipment Fault;731;731;Feed piston;No cae bien el pin;no;no
2025-08-08;REA;Actuadores;3140CA029;15:48;15:50;2;Equipment Fault;731;731;Feed piston;No cae bien el pin;no;no
2025-08-08;REA;Actuadores;3140CA029;15:22;15:24;2;Production;Conveyors;General;Empty conveyor/feeder;Vacio, operador nuevo;no;no
2025-08-08;REA;Actuadores;3140CA029;15:32;15:34;2;Equipment Fault;Robots;R70;Vacuum system;Cambio de ventosas por paros recurrentes;no;no
2025-08-06;REA;Actuadores;3140CA029;15:00;19:30;270;Quality;REA;General;Change Over;CHO;no;no
2025-08-06;REA;Actuadores;3140CA029;20:09;20:12;3;Quality;915;General;NOK material;Magnet shaft de prueba destructiva devuelto a linea;no;no
2025-08-08;REA;Actuadores;3140CA029;22:10;22:12;2;Equipment Fault;Robots;R75;Motion supervision/Joint collision;Motion supervision al ensamblar cover;no;no
2025-08-08;REA;Actuadores;3140CA029;22:14;22:16;2;Equipment Fault;Robots;R65;Motion supervision/Joint collision;Motion supervision por manguera;no;no
2025-08-08;REA;Actuadores;3140CA029;23:10;23:11;1;Equipment Fault;731;731;Feed piston;pin inclinado;no;no
2025-08-08;REA;Actuadores;3140CA029;23:53;23:54;1;Production;Aux;710;NOK material;motor en blister mal colocado;no;no
2025-08-09;REA;Actuadores;3140CA029;03:40;03:41;1;Equipment Fault;Robots;R65;Vacuum system;vacuum off;no;no
2025-08-09;REA;Actuadores;3140CA029;03:37;03:40;3;Maintenance;MAT;Consumables;Grease;Se acaba;no;no
2025-08-09;REA;Actuadores;3140CA029;00:33;00:34;1;Equipment Fault;Robots;R70;Vacuum system;vacuum off;no;no
2025-08-09;REA;Actuadores;3140CA029;00:29;00:30;1;Equipment Fault;Robots;R65;Motion supervision/Joint collision;Motion sup, alta velocidad desde conveyor gear a 805;no;no
2025-08-09;REA;Actuadores;3140CA029;00:26;00:29;3;Equipment Fault;731;731;Feed piston;pin inclinado;no;no
2025-08-09;REA;Actuadores;3140CA029;04:00;04:02;2;Equipment Fault;Robots;R38;Vacuum system;mal vacio por body mal colocado en blister;no;no
2025-08-08;REA;Actuadores;3140CA029;23:55;23:59;4;Equipment Fault;Robots;R75;Gripper/tool adjustments;gripper toma ojiva y se trae todo el cover, pisador fallo [Paro cruza medianoche - Parte 1];no;no
2025-08-09;REA;Actuadores;3140CA029;00:16;00:21;5;Equipment Fault;731;731;Feed piston;pin inclinado 2 veces, se reduce presion de feeder;no;no
2025-08-08;REA;Actuadores;3140CA029;00:00;00:02;2;Equipment Fault;Robots;R75;Gripper/tool adjustments;gripper toma ojiva y se trae todo el cover, pisador fallo [Paro cruza medianoche - Parte 2];no;no
2025-08-09;REA;Actuadores;3140CA029;04:36;04:45;9;Production;750;750;Bowl/Lineal feeder;Demasiados bearings en bowl, atorados, vaciar, acumulados;no;no
2025-08-09;REA;Actuadores;3140CA029;04:49;04:59;10;Equipment Fault;731;731;Feed piston;Pines atorados, se acumulan pallets, robot colisiona con pallets acumulados, se revisa manguera y ensamble;no;no
2025-08-09;REA;Actuadores;3140CA029;05:28;05:29;1;Production;Robots;R33;Motion supervision/Joint collision;colicion por blister en otra direccion;no;no
2025-08-09;REA;Actuadores;3140CA029;06:20;06:25;5;Equipment Fault;915;915;Missing ogive;Ojiva cae, se busca alrededor del conveyor;no;no
2025-08-09;REA;Actuadores;3140CA029;07:42;07:52;10;Maintenance;REA;General;Checklist;checklist diario;si;no
2025-08-09;REA;Actuadores;3140CA029;07:53;07:55;2;Quality;USW;St12-St13;Presence sensor;robot se queda detenido.;no;no
2025-08-09;REA;Actuadores;3140CA029;08:00;08:05;5;Maintenance;CHW;Consumables;Argon;cambio de argon;no;no
2025-08-09;REA;Actuadores;3140CA029;08:09;08:11;2;Material/Logistics;731;731;Feed piston;pin chueco;no;no
2025-08-09;REA;Actuadores;3140CA029;08:33;08:35;2;Equipment Fault;731;731;Presence sensor;pin chueco;no;no
2025-08-09;REA;Actuadores;3140CA029;08:36;08:38;2;Quality;Robots;R65;Motion supervision/Joint collision;motion no avanza;no;no
2025-08-09;REA;Actuadores;3140CA029;08:43;08:45;2;Quality;730;730;Feed piston;actuador choca con pin chueco;no;no
2025-08-09;REA;Actuadores;3140CA029;08:50;08:52;2;Equipment Fault;731;731;Presence sensor;pin chueco;no;no
2025-08-09;REA;Actuadores;3140CA029;09:09;09:10;1;Equipment Fault;Conveyors;C36;Presence sensor;blister atorado en pistones;no;no
2025-08-09;REA;Actuadores;3140CA029;09:17;09:19;2;Quality;750;750;Feed piston;se queda abajo atorado en cover;no;no
2025-08-09;REA;Actuadores;3140CA029;09:24;09:26;2;Equipment Fault;731;731;Presence sensor;pin chueco;no;no
2025-08-09;REA;Actuadores;3140CA029;09:31;09:33;2;Quality;Main conveyor;Main conveyor;Lock NOK;pallet se atora en locking;no;no
2025-08-09;REA;Actuadores;3140CA029;10:10;10:12;2;Equipment Fault;731;731;Presence sensor;pin chueco;no;no
2025-08-09;REA;Actuadores;3140CA029;10:28;10:31;3;Equipment Fault;Robots;R70;Vacuum system;vacuum off;no;no
2025-08-09;REA;Actuadores;3140CA029;10:45;10:47;2;Equipment Fault;Robots;R65;Motion supervision/Joint collision;se queda en espera de tomar gear;no;no
2025-08-09;REA;Actuadores;3140CA029;10:47;10:50;3;Equipment Fault;CHW;St2;Vacuum system;St2 se cae chip;no;no
2025-08-09;REA;Actuadores;3140CA029;10:51;10:53;2;Production;Conveyors;C37;Belt;se vacia conveyor;no;no
2025-08-09;REA;Actuadores;3140CA029;10:54;10:56;2;Equipment Fault;Robots;R70;Vacuum system;vacuum off;no;no
2025-08-09;REA;Actuadores;3140CA029;10:57;10:59;2;Equipment Fault;Robots;R75;Motion supervision/Joint collision;falla de gripper;no;no
2025-08-09;REA;Actuadores;3140CA029;13:18;13:20;2;Quality;Robots;R75;Gripper/tool adjustments;gripper no abre;no;no
2025-08-09;REA;Actuadores;3140CA029;13:25;13:26;1;Production;Conveyors;C31;Presence sensor;convetor lleno de blisters;no;no
2025-08-09;REA;Actuadores;3140CA029;13:38;13:40;2;Equipment Fault;731;731;Presence sensor;pin chueco;no;no
2025-08-09;REA;Actuadores;3140CA029;07:30;07:35;5;Maintenance;REA;General;Software/PC;PC servidor apagada por calentamiento, se reinicia pc manualmente para poder cambiar receta por RW;no;no
2025-08-09;REA;Actuadores;3140CA029;14:05;14:10;5;Equipment Fault;CAW;CPA;SCARA;Robot SCARA se queda inmovil durante proceso, se reinicia ciclo;no;no
2025-08-09;REA;Actuadores;3140CA029;14:38;14:40;2;Maintenance;731;731;Bowl/Lineal feeder;Pin chueco;no;no
2025-08-09;REA;Actuadores;3140CA029;15:00;15:10;10;Equipment Fault;REA;General;Checklist;Checklist;si;no
2025-08-09;REA;Actuadores;3140CA029;15:22;15:34;12;Production;CAW;CPA;Feeder;Sin material;no;no
2025-08-09;REA;Actuadores;3140CA029;15:39;15:42;3;Production;Conveyors;General;Blister NOK/Wrong PN;Blister al reves;no;no
2025-08-09;REA;Actuadores;3140CA029;15:45;15:47;2;Equipment Fault;731;731;Bowl/Lineal feeder;Pin atorado;no;no
2025-08-09;REA;Actuadores;3140CA029;15:50;15:52;2;Equipment Fault;731;731;Bowl/Lineal feeder;Pin atorado;no;no
2025-08-09;REA;Actuadores;3140CA029;15:54;15:59;5;Equipment Fault;731;731;Bowl/Lineal feeder;Ajuste en base de linear feeder por que se atoraba constantemente;no;no
2025-08-09;REA;Actuadores;3140CA029;16:05;16:08;3;Equipment Fault;Robots;R75;Gripper/tool adjustments;Gripper no abre correctamente;no;no
2025-08-09;REA;Actuadores;3140CA029;16:10;16:13;3;Equipment Fault;731;731;Bowl/Lineal feeder;Pin atorado;no;no
2025-08-09;REA;Actuadores;3140CA029;16:33;16:38;5;Equipment Fault;731;731;Bowl/Lineal feeder;Ajuste de alineacion de base donde cae pin;no;no
2025-08-09;REA;Actuadores;3140CA029;17:42;17:45;3;Equipment Fault;731;731;Bowl/Lineal feeder;Pin atorado;no;no
2025-08-09;REA;Actuadores;3140CA029;18:39;18:41;2;Equipment Fault;Robots;R70;Motion supervision/Joint collision;gripper no abre correctamente;no;no
2025-08-09;REA;Actuadores;3140CA029;18:51;18:53;2;Equipment Fault;Robots;R75;Gripper/tool adjustments;gripper no abre correctamente;no;no
2025-08-09;REA;Actuadores;3140CA029;19:02;19:05;3;Equipment Fault;731;731;Bowl/Lineal feeder;pin atorado;no;no
2025-08-09;REA;Actuadores;3140CA029;19:09;19:13;4;Equipment Fault;Robots;R65;Motion supervision/Joint collision;motion supervision;no;no
2025-08-09;REA;Actuadores;3140CA029;19:16;19:20;4;Equipment Fault;Robots;R70;Vacuum system;cambio de ventosas;no;no
2025-08-09;REA;Actuadores;3140CA029;19:23;19:29;6;Equipment Fault;CAW;CPA;SCARA;fallo al insertar crank;no;no
2025-08-09;REA;Actuadores;3140CA029;19:30;19:32;2;Equipment Fault;731;731;Feed piston;pin atorado;no;no
2025-08-09;REA;Actuadores;3140CA029;19:39;19:43;4;Equipment Fault;731;731;Bowl/Lineal feeder;Se revisa 731 por paro constante en pin atorado;no;no
2025-08-09;REA;Actuadores;3140CA029;19:45;19:49;4;Quality;MAT;General;Scrapbox full;scrao full;no;no
2025-08-11;REA;Actuadores;3140CA029;16:31;16:47;16;Equipment Fault;CAW;Jig/Index;Index not in home;Ajustes en home index por mala insercion de crank, ajuste SV en base a ese ajuste;no;no
2025-08-11;REA;Actuadores;3140CA029;15:00;15:15;15;Equipment Fault;CAW;LWS;NOK Condition;Resultado de liberacion NOK por gap. Ajuste pressor;no;no
2025-08-11;REA;Actuadores;3140CA029;15:15;15:31;16;Quality;REA;General;Test approval;Liberacion soldadura crank;no;no
2025-08-11;REA;Actuadores;3140CA029;16:50;18:00;70;Equipment Fault;CAW;General;TBD;Falla constantemente la inserción de crank en jig 1, desgaste y suciedad en el rea gripper, pieza se puede mover. Se da servicio, se alinea y ajusta posicion de mesa;no;no
2025-08-11;REA;Actuadores;3140CA029;22:30;23:59;90;Equipment Fault;CAW;LSW;Laser module;Soldadura NOK reportada en turno anterior, muestras entregadas calidad rechaza por profundidad efectiva nok (receta IPG incorrecta), vuelve a rechazar por gap (pressor desalineado)   [Paro cruza medianoche - Parte 1];no;no
2025-08-11;REA;Actuadores;3140CA029;00:00;03:00;180;Equipment Fault;CAW;LSW;Laser module;Soldadura NOK reportada en turno anterior, muestras entregadas calidad rechaza por profundidad efectiva nok (receta IPG incorrecta), vuelve a rechazar por gap (pressor desalineado)   [Paro cruza medianoche - Parte 2];no;no
2025-08-12;REA;Actuadores;3140CA029;04:39;04:59;20;Equipment Fault;731;731;Feed piston;Pines inclinados 2 veces, se alinea fixture de manguera, se quita rebaba con lima;no;no
2025-08-12;REA;Actuadores;3140CA029;04:30;04:31;1;Equipment Fault;731;731;Feed piston;Pin inclinado;no;no
2025-08-12;REA;Actuadores;3140CA029;04:24;04:25;1;Equipment Fault;731;731;Feed piston;Pin inclinado;no;no
2025-08-12;REA;Actuadores;3140CA029;03:54;03:55;1;Equipment Fault;731;731;Feed piston;Pin inclinado;no;no
2025-08-12;REA;Actuadores;3140CA029;03:46;03:49;3;Equipment Fault;Robots;R70;Vacuum system;Falla continua de pick, cambio de ventosas y acomodo blister;no;no
2025-08-12;REA;Actuadores;3140CA029;06:10;06:13;3;Equipment Fault;Main conveyor;Main conveyor;Lock NOK;Pallet atorado, 2 pallets;no;no
2025-08-11;REA;Actuadores;3140CA029;07:00;15:00;480;Maintenance;CAW;LWS;NOK Condition;Paro programado para ajuste de CAW por defecto blowhole en soldadura de actuador;no;no
2025-08-12;REA;Actuadores;3140CA029;07:05;07:15;10;Maintenance;REA;General;Checklist;Checklist;si;no
2025-08-12;REA;Actuadores;3140CA029;07:19;07:21;2;Equipment Fault;Robots;R75;Gripper/tool adjustments;Gripper 1 NOK;no;no
2025-08-12;REA;Actuadores;3140CA029;07:26;07:28;2;Equipment Fault;Robots;R70;Gripper/tool adjustments;Gripper 1 NOK;no;no
2025-08-12;REA;Actuadores;3140CA029;07:33;07:39;6;Equipment Fault;Robots;R75;Gripper/tool adjustments;Gripper 1 NOK;no;no
2025-08-12;REA;Actuadores;3140CA029;07:42;07:46;4;Maintenance;CAW;Jig/Index;Blade orienter actuator;Falla crank orientador jig 3;no;no
2025-08-12;REA;Actuadores;3140CA029;07:48;07:54;6;Equipment Fault;CAW;Jig/Index;Blade orienter actuator;Falla crank orientador jig 3;no;no
2025-08-12;REA;Actuadores;3140CA029;07:54;08:01;7;Maintenance;CAW;LSW;Vision system;Ajuste sistema de vision;no;no
2025-08-12;REA;Actuadores;3140CA029;08:10;08:12;2;Equipment Fault;Robots;R65;Vacuum system;Vacuum off;no;no
2025-08-12;REA;Actuadores;3140CA029;08:30;08:32;2;Production;Conveyors;C37;Actuator NOK;Motor invertido;no;no
2025-08-12;REA;Actuadores;3140CA029;08:48;08:50;2;Equipment Fault;Robots;R70;Vacuum system;Vacuum off;no;no
2025-08-12;REA;Actuadores;3140CA029;09:00;09:02;2;Equipment Fault;Main conveyor;Main conveyor;RFID Reader;No detecta pallet y no hace proceso st 731;no;no
2025-08-12;REA;Actuadores;3140CA029;10:00;11:00;60;Maintenance;Robots;R70;Scheduled maintenance;Cambio de manguera convulet;no;no
2025-08-12;REA;Actuadores;3140CA029;11:38;11:43;5;Maintenance;CAW;Jig/Index;Blade orienter actuator;Falla crank orientador (falso contacto sensor);no;no
2025-08-12;REA;Actuadores;3140CA029;11:43;11:44;1;Equipment Fault;Robots;R75;Incorrect pick/place;No abre gripper 1;no;no
2025-08-12;REA;Actuadores;3140CA029;11:52;11:54;2;Equipment Fault;Robots;R70;Incorrect pick/place;No abre gripper 1;no;no
2025-08-12;REA;Actuadores;3140CA029;12:30;12:36;6;Maintenance;EOL;St4;CRIO NOK;Reinicio de CRIO y app;no;no
2025-08-12;REA;Actuadores;3140CA029;16:42;16:45;3;Maintenance;MAT;Consumables;Grease;Cambio grasa;no;no
2025-08-12;REA;Actuadores;3140CA029;19:02;19:08;6;Maintenance;CHW;Consumables;Chip reel;cambio chip;no;no
2025-08-12;REA;Actuadores;3140CA029;20:50;20:53;3;Equipment Fault;Robots;R33;Incorrect pick/place;Agarra mal la pieza y colisiona;no;no
2025-08-12;REA;Actuadores;3140CA029;20:57;20:59;2;Equipment Fault;EOL;St2;Gripper NOK;Error de signal;no;no
2025-08-12;REA;Actuadores;3140CA029;15:00;15:12;12;Maintenance;REA;General;Checklist;Checklist;si;no
2025-08-12;REA;Actuadores;3140CA029;19:48;20:16;28;Equipment Fault;MAT;St3;INTOCO;Tool de la atornilladora se solto, causa scrap y mesa gira, partes caen.;no;no
Se armo de nuevo despues de encontrar las piezas;No;No
2025-08-12;REA;Actuadores;3140CA029;21:39;21:50;11;Equipment Fault;USW;General;Software/PC;No continua, ninguna sensor incorrecto, se copian Job activity, results(vacio) y log por peticion de italia. Al intentar cambiar en manual maquina sigue en running, alarma de no poder restaurar emergencia por que aun se esta ejecutando otro comando. Se reinicia la app;no;no
2025-08-12;REA;Actuadores;3140CA029;22:30;22:35;5;Maintenance;REA;General;Checklist;check list inicio de turno;no;no
2025-08-12;REA;Actuadores;3140CA029;23:28;23:29;1;Production;Aux;710;NOK material;motor en posicion incorrecta;no;no
2025-08-12;REA;Actuadores;3140CA029;23:41;23:42;1;Equipment Fault;Robots;R75;Gripper/tool adjustments;no abrio gripper;no;no
2025-08-12;REA;Actuadores;3140CA029;23:42;23:46;4;Equipment Fault;EOL;St4;CRIO NOK;reinicio de crio;no;no
2025-08-12;REA;Actuadores;3140CA029;23:30;23:38;8;Equipment Fault;CAW;CPA;SCARA;fallo al insertar crank por mesa desalineada 2 veces;no;no
2025-08-13;REA;Actuadores;3140CA029;00:01;00:04;3;Equipment Fault;Main conveyor;Main conveyor;Lock NOK;pallet no avanza, atorado con locking de press 731? refresh, home;no;no
2025-08-13;REA;Actuadores;3140CA029;00:27;00:28;1;Equipment Fault;Robots;R80;Gripper/tool adjustments;gripper no abrio;no;no
2025-08-13;REA;Actuadores;3140CA029;01:00;01:01;1;Equipment Fault;730;730;Feed piston;pin inclinado;no;no
2025-08-13;REA;Actuadores;3140CA029;01:49;01:58;9;Equipment Fault;915;915;Vision system;Tool 01 falla inspeccion se ajusta area de inspeccion (gear);no;no
2025-08-13;REA;Actuadores;3140CA029;02:41;02:46;5;Equipment Fault;915;915;Vision system;2 herramientas fallan inspeccion se ajusta area de inspeccion (pin gear y tornillo);no;no
2025-08-13;REA;Actuadores;3140CA029;04:14;04:16;2;Equipment Fault;731;731;Alphamatic Module;Scraps continuos, revisar parametros, no se ajusta, se revisan pallets;no;no
2025-08-13;REA;Actuadores;3140CA029;04:36;04:38;2;Equipment Fault;Robots;R75;Motion supervision/Joint collision;gripper atorado, por ensamble nok de cover, falta de grip;no;no
2025-08-13;REA;Actuadores;3140CA029;06:36;06:42;6;Equipment Fault;731;731;Alphamatic Module;Scraps continuos, ajuste de posicion checkpoint 137 a 138.5;no;no
2025-08-13;REA;Actuadores;3140CA029;01:06;01:11;5;Maintenance;REA;General;Checklist;500pcs;no;no
2025-08-06;COVER LINE;Line 2;FORD;17:27;19:17;110;Equipment Fault;Retainer;ST76;Feed piston;falla sensor del pistón;no;no
2025-08-06;COVER LINE;Line 2;FORD;21:00;22:00;60;Equipment Fault;Terminal caps;ST94;Bowl/lineal feeder;fork atorado;no;no
2025-08-06;COVER LINE;Line 2;FORD;23:00;23:59;60;Equipment Fault;ST30 Molding;Injection system;Actuator;falla unidad de inyección [Paro cruza medianoche - Parte 1];no;no
2025-08-06;COVER LINE;Line 2;FORD;00:00;00:20;20;Equipment Fault;ST30 Molding;Injection system;Actuator;falla unidad de inyección [Paro cruza medianoche - Parte 2];no;no
2025-08-07;COVER LINE;Line 2;FORD;00:40;01:00;20;Equipment Fault;OMT;ST3;Actuator;;no;no
2025-08-07;COVER LINE;Line 2;FORD;07:00;07:30;30;Maintenance;ST30 Molding;General;TBD;arranque;no;no
2025-08-07;COVER LINE;Line 2;FORD;08:25;08:27;2;Equipment Fault;OMT;ST3;Test NOK;falla pogo 3;no;no
2025-08-07;COVER LINE;Line 2;FORD;09:38;09:40;2;Equipment Fault;Terminal caps;ST94;Bowl/lineal feeder;fork atorado;no;no
2025-08-07;COVER LINE;Line 2;FORD;09:42;10:10;28;Equipment Fault;ST30 Molding;Injection system;Actuator;;no;no
2025-08-07;COVER LINE;Line 2;FORD;15:10;15:12;2;Equipment Fault;Terminal caps;ST94;Bowl/lineal feeder;fork atorado;no;no
2025-08-07;COVER LINE;Line 2;FORD;16:56;16:59;3;Equipment Fault;Robots;R20;Incorrect pick/place;st12;no;no
2025-08-07;COVER LINE;Line 2;FORD;19:00;21:00;120;Equipment Fault;Terminal caps;ST94;Bowl/lineal feeder;fork atorado tiempo acumulado en todo el turno;no;no
2025-08-07;COVER LINE;Line 2;FORD;19:00;21:00;120;Equipment Fault;ST30 Molding;Injection system;Actuator;falla unidad de inyecion tiempo acumuldo todo el turno;no;no
2025-08-07;COVER LINE;Line 2;FORD;23:00;23:59;59;Equipment Fault;OMT;ST3;Actuator;;no;no
2025-08-08;COVER LINE;Line 2;FORD;07:00;07:15;15;Equipment Fault;ST30 Molding;General;TBD;arranque de RW;no;no
2025-08-08;COVER LINE;Line 2;FORD;14:10;14:30;20;Maintenance;ST30 Molding;General;TBD;inicio de producción;no;no
2025-08-08;COVER LINE;Line 2;FORD;14:40;14:51;11;Equipment Fault;OMT;General;TBD;;no;no
2025-08-08;COVER LINE;Line 2;FORD;15:00;15:10;10;Equipment Fault;TBD;General;TBD;presión de aire baja;no;no
2025-08-08;COVER LINE;Line 2;FORD;16:10;16:13;3;Equipment Fault;ST30 Molding;Injection system;Actuator;;no;no
2025-08-08;COVER LINE;Line 2;FORD;17:40;18:00;20;Equipment Fault;ST30 Molding;Injection system;Actuator;;no;no
2025-08-08;COVER LINE;Line 2;FORD;18:20;18:40;20;Equipment Fault;Terminal caps;ST94;Bowl/lineal feeder;fork atorado;no;no
2025-08-08;COVER LINE;Line 2;FORD;19:10;19:20;10;Equipment Fault;Terminal caps;ST95;Turntable;;no;no
2025-08-08;COVER LINE;Line 2;FORD;21:36;21:56;20;Equipment Fault;ST30 Molding;Injection system;Actuator;;no;no
2025-08-08;COVER LINE;Line 2;FORD;23:00;23:59;60;Equipment Fault;Terminal caps;ST94;Bowl/lineal feeder;fork atorado [Paro cruza medianoche - Parte 1];no;no
2025-08-08;COVER LINE;Line 2;FORD;00:00;00:10;10;Equipment Fault;Terminal caps;ST94;Bowl/lineal feeder;fork atorado [Paro cruza medianoche - Parte 2];no;no
2025-08-11;COVER LINE;Line 2;FORD;07:00;23:59;1020;Production;ST30 Molding;General;TBD;paro programado por auditoria ISO 14000 [Paro cruza medianoche - Parte 1];no;no
2025-08-11;COVER LINE;Line 2;FORD;00:00;02:00;120;Production;ST30 Molding;General;TBD;paro programado por auditoria ISO 14000 [Paro cruza medianoche - Parte 2];no;no
2025-08-12;COVER LINE;Line 2;FORD;07:00;23:59;1020;Production;ST30 Molding;General;TBD;paro programado por auditoria ISO14000 [Paro cruza medianoche - Parte 1];no;no
2025-08-12;COVER LINE;Line 2;FORD;00:00;02:00;120;Production;ST30 Molding;General;TBD;paro programado por auditoria ISO14000 [Paro cruza medianoche - Parte 2];no;no
2025-08-11;COVER LINE;Line 1;FORD;07:00;23:59;1020;Production;ST70 Molding;General;TBD;paro programado por auditoria ISO 14000 [Paro cruza medianoche - Parte 1];no;no
2025-08-11;COVER LINE;Line 1;FORD;00:00;02:00;120;Production;ST70 Molding;General;TBD;paro programado por auditoria ISO 14000 [Paro cruza medianoche - Parte 2];no;no
2025-08-12;COVER LINE;Line 1;FORD;07:00;23:59;1020;Production;ST70 Molding;General;TBD;paro programado por auditoria ISO 14000 [Paro cruza medianoche - Parte 1];no;no
2025-08-12;COVER LINE;Line 1;FORD;00:00;02:00;120;Production;ST70 Molding;General;TBD;paro programado por auditoria ISO 14000 [Paro cruza medianoche - Parte 2];no;no
2025-08-13;REA;Actuadores;3140CA029;07:36;07:46;10;Maintenance;REA;General;Checklist;checkkist diario;no;no
2025-08-13;REA;Actuadores;3140CA029;08:17;08:20;3;Equipment Fault;EOL;St2;CRIO NOK;reset de crio;no;no
2025-08-13;REA;Actuadores;3140CA029;08:21;08:23;2;Equipment Fault;Robots;R80;Gripper/tool adjustments;griper 1 no abre;no;no
2025-08-13;REA;Actuadores;3140CA029;08:29;08:31;2;Quality;Robots;R75;Gripper/tool adjustments;griper 1 no abre;no;no
2025-08-13;REA;Actuadores;3140CA029;08:34;08:36;2;Equipment Fault;Robots;R80;Gripper/tool adjustments;griper 1 no abre;no;no
2025-08-13;REA;Actuadores;3140CA029;08:40;08:42;2;Equipment Fault;Robots;R75;Gripper/tool adjustments;griper 1 no abre;no;no
2025-08-13;REA;Actuadores;3140CA029;08:42;08:45;3;Equipment Fault;Robots;R80;Gripper/tool adjustments;griper 1 no abre;no;no
2025-08-13;REA;Actuadores;3140CA029;10:02;10:05;3;Maintenance;Robots;R70;Vacuum system;cambio de ventosas;no;no
2025-08-13;REA;Actuadores;3140CA029;10:12;10:13;1;Quality;Robots;R75;Gripper/tool adjustments;griper 1 no abre;no;no
2025-08-13;REA;Actuadores;3140CA029;10:24;10:26;2;Equipment Fault;731;731;Presence sensor;pin chueco;no;no
2025-08-13;REA;Actuadores;3140CA029;15:00;15:11;11;Maintenance;REA;General;Checklist;Checklist;si;no
2025-08-13;REA;Actuadores;3140CA029;15:15;15:18;3;Equipment Fault;731;731;Bowl/Lineal feeder;Lineal feeder atorado con pin;no;no
2025-08-13;REA;Actuadores;3140CA029;15:21;15:23;2;Equipment Fault;Robots;R70;Incorrect pick/place;Incorrecto pick de ventosas de robot;no;no
2025-08-13;REA;Actuadores;3140CA029;16:02;16:12;10;Equipment Fault;731;731;Alphamatic Module;Se mueve check point, a 137.5 se baja 1 mm;no;no
2025-08-13;REA;Actuadores;3140CA029;16:12;16:14;2;Equipment Fault;Robots;R70;Vacuum system;Vacuum off;no;no
2025-08-13;COVER LINE;Line 2;FORD;07:00;15:00;480;Production;ST30 Molding;General;TBD;paro programado por auditoria ISO 14000;no;no
2025-08-13;COVER LINE;Line 2;FORD;15:00;16:10;70;Equipment Fault;ST30 Molding;Injection system;Actuator;;no;no
2025-08-13;REA;Actuadores;3140CA029;22:30;22:35;5;Equipment Fault;REA;General;Checklist;check list inicio de turno;no;no
2025-08-13;REA;Actuadores;3140CA029;22:48;22:50;2;Quality;MAT;General;Scrapbox full;scrap box full;no;no
2025-08-14;REA;Actuadores;3140CA029;01:12;01:13;1;Equipment Fault;Robots;R70;Vacuum system;vacuum off, blister aparentemente chueco, cilindros no dejan en la misma posicion blister;no;no
2025-08-14;REA;Actuadores;3140CA029;00:41;00:42;1;Quality;Robots;R70;Vacuum system;vacuum off, blister aparentemente chueco, cilindros no dejan en la misma posicion blister;no;no
2025-08-14;REA;Actuadores;3140CA029;00:19;00:41;22;Maintenance;REA;General;Scheduled maintenance;Tiempo para revision de tornilleria solicitado por Orlando, se aprovecha tiempo para devolver sensor de prensa 731 por fallos continuos de pallets acumulados;no;no
2025-08-14;REA;Actuadores;3140CA029;02:07;02:08;1;Equipment Fault;Robots;R65;Motion supervision/Joint collision;velocidad muy alta en movimiento de conveyor a 805;no;no
2025-08-14;REA;Actuadores;3140CA029;04:08;04:13;5;Equipment Fault;CAW;General;Software/PC;no continuo ciclo/ se aprovecho para check list;no;no
2025-08-14;REA;Actuadores;3140CA029;06:25;06:27;2;Maintenance;CHW;Consumables;Argon;cambio de gas;no;no
2025-08-13;REA;Actuadores;3140CA029;10:27;10:28;1;Equipment Fault;Robots;R65;Vacuum system;vacuum off;no;no
2025-08-13;REA;Actuadores;3140CA029;10:29;10:31;2;Equipment Fault;Robots;R75;Gripper/tool adjustments;griper 1 no abre;no;no
2025-08-13;REA;Actuadores;3140CA029;10:33;10:35;2;Equipment Fault;Main conveyor;Main conveyor;Lock NOK;pallet se atora en locking;no;no
2025-08-13;REA;Actuadores;3140CA029;11:02;11:03;1;Maintenance;USW;St11;Jig;se cambia cinta por alto scrap;no;no
2025-08-13;REA;Actuadores;3140CA029;11:15;11:16;1;Equipment Fault;Robots;R75;Gripper/tool adjustments;gripper 1 no abre;no;no
2025-08-13;REA;Actuadores;3140CA029;11:21;11:22;1;Equipment Fault;Robots;R65;Vacuum system;vacuum off;no;no
2025-08-13;REA;Actuadores;3140CA029;11:29;11:31;2;Equipment Fault;731;731;Presence sensor;pin chueco;no;no
2025-08-13;REA;Actuadores;3140CA029;11:35;11:36;1;Equipment Fault;Robots;R70;Vacuum system;vacuum off;no;no
2025-08-13;REA;Actuadores;3140CA029;11:40;11:42;2;Equipment Fault;Main conveyor;Main conveyor;Lock NOK;pallet atorado en locking;no;no
2025-08-13;REA;Actuadores;3140CA029;11:48;11:49;1;Equipment Fault;Robots;R70;Vacuum system;vacuum off;no;no
2025-08-13;REA;Actuadores;3140CA029;12:10;12:20;10;Maintenance;REA;General;Checklist;checklist 500 pzs.;si;no
2025-08-13;REA;Actuadores;3140CA029;12:30;13:00;30;Quality;CHW;General;PLC ;PLC falla;no;no
2025-08-13;REA;Actuadores;3140CA029;13:15;13:20;5;Maintenance;CHW;St4;Pressor;cambio de pines;no;no
2025-08-13;REA;Actuadores;3140CA029;13:30;13:35;5;Maintenance;CHW;Consumables;Chip reel;cambio de chip;no;no
2025-08-13;REA;Actuadores;3140CA029;13:40;13:45;5;Maintenance;CHW;St4;Pressor;cambio de goma;no;no
2025-08-14;COVER LINE;Line 2;FORD;07:00;08:30;90;Maintenance;ST30 Molding;General;TBD;ARRANQUE;no;no
2025-08-14;COVER LINE;Line 1;FORD;07:00;07:30;30;Maintenance;ST70 Molding;General;TBD;ARRANQUE;no;no
2025-08-14;COVER LINE;Line 1;FORD;10:30;10:40;10;Equipment Fault;ST60 Trimmer;ST62;Slide table;se afloja contra tuerca del acoplamiento del cervo;no;no
2025-08-13;COVER LINE;Line 1;FORD;07:00;18:00;660;Production;ST70 Molding;General;TBD;paro programado por auditoria ISO14000;no;no
2025-08-14;COVER LINE;Line 2;FORD;11:25;11:30;5;Equipment Fault;ST30 Molding;General;TBD;inyección interrumpida;no;no
2025-08-13;REA;Actuadores;3140CA029;13:58;14:00;2;Equipment Fault;Robots;R75;Gripper/tool adjustments;gripper 1 no abre;no;no
2025-08-13;REA;Actuadores;3140CA029;14:28;14:30;2;Equipment Fault;Robots;R75;Gripper/tool adjustments;gripper 1 no abre;no;no
2025-08-13;REA;Actuadores;3140CA029;14:35;14:37;2;Equipment Fault;Robots;R75;Gripper/tool adjustments;gripper 1 no abre;no;no
2025-08-13;REA;Actuadores;3140CA029;14:42;14:45;3;Maintenance;CCC;Consumables;Resin;cambio de resina;no;no
2025-08-13;REA;Actuadores;3140CA029;14:45;14:46;1;Equipment Fault;Robots;R70;Vacuum system;vacuum off;no;no
2025-08-14;REA;Actuadores;3140CA029;07:30;07:40;10;Equipment Fault;Robots;R75;Motion supervision/Joint collision;ajuste de posicion;no;no
2025-08-14;REA;Actuadores;3140CA029;08:00;08:10;10;Equipment Fault;REA;General;Checklist;checklist diario;si;no
2025-08-14;REA;Actuadores;3140CA029;08:35;08:41;6;Maintenance;CHW;Consumables;Chip reel;cambio de chip;no;no
2025-08-14;REA;Actuadores;3140CA029;08:49;08:51;2;Equipment Fault;Robots;R75;Gripper/tool adjustments;gripper 1 no abre;no;no
2025-08-14;REA;Actuadores;3140CA029;09:01;09:06;5;Equipment Fault;Main conveyor;Main conveyor;Lock NOK;pallet atorado en licking;no;no
2025-08-14;REA;Actuadores;3140CA029;09:06;09:08;2;Equipment Fault;Robots;R75;Gripper/tool adjustments;gripper 1 no abre;no;no
2025-08-14;REA;Actuadores;3140CA029;09:08;09:10;2;Equipment Fault;Robots;R65;Motion supervision/Joint collision;no coloca gear en su posicion;no;no
2025-08-14;REA;Actuadores;3140CA029;09:10;09:30;20;Equipment Fault;731;731;Feed piston;pin se atora en fixture, manguera bloquea cilindro.;no;no
2025-08-14;REA;Actuadores;3140CA029;09:55;09:59;4;Equipment Fault;Robots;R75;Motion supervision/Joint collision;pieza mal puesta 940;no;no
2025-08-14;REA;Actuadores;3140CA029;10:19;10:21;2;Equipment Fault;Robots;R75;Gripper/tool adjustments;gripper 1 no abre;no;no
2025-08-14;REA;Actuadores;3140CA029;11:07;12:30;83;Maintenance;Robots;R80;Scheduled maintenance;cambio de manguera;no;no
2025-08-14;REA;Actuadores;3140CA029;12:30;12:50;20;Maintenance;Main conveyor;General;Scheduled maintenance;cambio de puente del riel;no;no
2025-08-14;REA;Actuadores;3140CA029;13:04;13:06;2;Equipment Fault;Robots;R75;Gripper/tool adjustments;gripper nok;no;no
2025-08-14;REA;Actuadores;3140CA029;13:10;13:15;5;Quality;Robots;R33;Motion supervision/Joint collision;robot choca con st1 al dejar pieza;no;no
2025-08-14;REA;Actuadores;3140CA029;13:20;13:22;2;Quality;Robots;R65;Vacuum system;no avanza, no deja gear en posicion;no;no
2025-08-14;REA;Actuadores;3140CA029;13:29;13:30;1;Equipment Fault;Robots;R75;Gripper/tool adjustments;gripper nok;no;no
2025-08-14;REA;Actuadores;3140CA029;13:33;13:34;1;Equipment Fault;Robots;R70;Vacuum system;vacuum off;no;no
2025-08-14;REA;Actuadores;3140CA029;13:36;13:37;1;Equipment Fault;Robots;R70;Vacuum system;vacuum off;no;no
2025-08-14;REA;Actuadores;3140CA029;14:09;14:11;2;Maintenance;Robots;R70;Scheduled maintenance;cambio de ventosas;no;no
2025-08-14;REA;Actuadores;3140CA029;14:15;14:16;1;Equipment Fault;Robots;R75;Gripper/tool adjustments;gripper Nok;no;no
2025-08-14;COVER LINE;Line 2;FORD;11:40;11:42;2;Equipment Fault;Terminal caps;ST94;Bowl/lineal feeder;fork atorado;no;no
2025-08-14;COVER LINE;Line 2;FORD;11:43;11:45;2;Equipment Fault;ST30 Molding;Injection system;Actuator;;no;no
2025-08-14;COVER LINE;Line 2;FORD;12:00;12:05;5;Equipment Fault;OMT;ST4;Profilometer;;no;no
2025-08-14;COVER LINE;Line 2;FORD;12:35;13:00;25;Equipment Fault;Terminal caps;ST94;Actuator;ajuste de inserción;no;no
2025-08-14;COVER LINE;Line 2;FORD;13:40;13:42;2;Equipment Fault;Terminal caps;ST94;Bowl/lineal feeder;fork atorado;no;no
2025-08-14;COVER LINE;Line 2;FORD;14:00;14:05;5;Equipment Fault;OMT;ST7;Laser;;no;no
2025-08-14;REA;Actuadores;3140CA029;15:00;15:12;12;Equipment Fault;REA;General;Checklist;Checklist;si;no
2025-08-14;REA;Actuadores;3140CA029;15:32;15:35;3;Equipment Fault;Robots;R75;Gripper/tool adjustments;Gripper no cierra correctamente por mal ensamble de cover en st915;no;no
2025-08-14;REA;Actuadores;3140CA029;15:57;16:01;4;Equipment Fault;CHW;St4;Pressor;Limpieza de pressor;no;no
2025-08-14;REA;Actuadores;3140CA029;16:03;16:05;2;Equipment Fault;Robots;R75;Gripper/tool adjustments;Gripper no abre correctamente despues de ensamblar cover en st915;no;no
2025-08-14;REA;Actuadores;3140CA029;16:36;16:41;5;Equipment Fault;Robots;R75;Gripper/tool adjustments;Se cambia cinta de gripper 3 por falla constante al ensamblar cover;no;no
2025-08-14;REA;Actuadores;3140CA029;17:02;17:06;4;Equipment Fault;CHW;St4;Pressor;Limpieza de pressor por scrap;no;no
2025-08-14;REA;Actuadores;3140CA029;21:07;21:10;3;Equipment Fault;Robots;R65;Motion supervision/Joint collision;Motion supervision;no;no
2025-08-14;REA;Actuadores;3140CA029;21:13;21:16;3;Equipment Fault;Robots;R70;Vacuum system;Cambio de ventosas, fallas constantes de vacuum off;no;no
2025-08-14;REA;Actuadores;3140CA029;21:26;21:30;4;Equipment Fault;USW;St14;Lower Jig;Limpieza de jig por scrap constante;no;no
2025-08-14;REA;Actuadores;3140CA029;21:36;21:40;4;Equipment Fault;USW;St11;Weld NOK;Se cambia esponja negra por scrap consecutivo;no;no
2025-08-14;REA;Actuadores;3140CA029;22:12;22:15;3;Equipment Fault;USW;St14;Lower Jig;Limpieza de jig leak test;no;no
2025-08-14;REA;Actuadores;3140CA029;22:18;22:22;4;Equipment Fault;CHW;St4;Pressor;Limpieza de pressor por scrap;no;no
2025-08-14;REA;Actuadores;3140CA029;22:23;22:26;3;Equipment Fault;USW;St11;Weld NOK;Cambio de esponja en branson;no;no
2025-08-14;REA;Actuadores;3140CA029;22:48;22:53;5;Equipment Fault;MAT;St4;CRIO App;reinicio de crio;no;no
2025-08-14;REA;Actuadores;3140CA029;11:34;11:55;21;Equipment Fault;USW;St11;Weld NOK;Porcentaje de Scraps, se revisa scrap, se cambia espuma y se agrega cinta;no;no
2025-08-15;REA;Actuadores;3140CA029;01:47;01:50;3;Equipment Fault;Robots;R80;Electrical system;sensor desconectado de gripper 3;no;no
2025-08-15;REA;Actuadores;3140CA029;02:00;02:05;5;Equipment Fault;CAW;CPA;SCARA;no continuo cicli/ checklist;si;no
2025-08-15;REA;Actuadores;3140CA029;03:15;03:20;5;Equipment Fault;USW;St11;Weld NOK;paro por alto scrap;no;no
2025-08-15;REA;Actuadores;3140CA029;06:40;06:42;2;Equipment Fault;Main conveyor;Main conveyor;Singulator NOK;singulator nok entre st620 y st730;no;no
2025-08-15;REA;Actuadores;3140CA029;03:57;04:02;5;Equipment Fault;USW;St11;Weld NOK;Scraps continuos, revisar esponja y cinta, ademas limpieza;no;no
2025-08-15;REA;Actuadores;3140CA029;04:11;05:24;73;Equipment Fault;USW;St11;Weld NOK;Scraps continuos, cover perforado por CHW laser, se ajusta despues de pruebas de burbuja, se agrega cinta en areas faltantes y se incrementa colapse de 0.95 a 0.96;no;no
2025-08-14;COVER LINE;Line 2;FORD;18:30;19:10;40;Equipment Fault;ST30 Molding;General;TBD;driver alarmado en IMM;no;no
2025-08-14;COVER LINE;Line 2;FORD;19:10;23:59;290;Equipment Fault;Terminal caps;ST94;Actuator;mala inserción del fork [Paro cruza medianoche - Parte 1];no;no
2025-08-14;COVER LINE;Line 2;FORD;00:00;02:00;120;Equipment Fault;Terminal caps;ST94;Actuator;mala inserción del fork [Paro cruza medianoche - Parte 2];no;no
2025-08-15;COVER LINE;Line 2;FORD;07:00;08:00;60;Maintenance;Terminal caps;ST94;Actuator;ajuste inserción del fork;no;no
2025-08-15;COVER LINE;Line 1;FORD;07:00;07:30;30;Maintenance;ST70 Molding;General;TBD;arranque;no;no
2025-08-15;REA;Actuadores;3140CA029;08:00;08:10;10;Maintenance;REA;General;Checklist;Checklist diario;si;no
2025-08-15;REA;Actuadores;3140CA029;09:40;09:42;2;Equipment Fault;Robots;R65;Motion supervision/Joint collision;vacuum off;no;no
2025-08-15;REA;Actuadores;3140CA029;10:10;10:11;1;Equipment Fault;731;731;Feed piston;no coloca pin en body;no;no
2025-08-15;REA;Actuadores;3140CA029;10:14;10:15;1;Equipment Fault;Robots;R65;Motion supervision/Joint collision;no coloca gear en posicion;no;no
2025-08-15;REA;Actuadores;3140CA029;10:50;10:52;2;Equipment Fault;Robots;R75;Gripper/tool adjustments;gripper no abre;no;no
2025-08-15;REA;Actuadores;3140CA029;10:54;10:55;1;Equipment Fault;Robots;R70;Vacuum system;vacuum off;no;no
2025-08-15;REA;Actuadores;3140CA029;10:57;11:00;3;Maintenance;CCC;Consumables;Resin;cambio de resina;no;no
2025-08-15;REA;Actuadores;3140CA029;11:08;11:09;1;Equipment Fault;Robots;R65;Motion supervision/Joint collision;no coloca Gear en posicion;no;no
2025-08-15;REA;Actuadores;3140CA029;11:16;11:17;1;Production;Conveyors;C36;Presence sensor;blister atorado ( acumulados);no;no
2025-08-15;REA;Actuadores;3140CA029;11:38;11:40;2;Quality;Robots;R70;Vacuum system;vacuum off;no;no
2025-08-15;REA;Actuadores;3140CA029;11:31;11:35;4;Production;CAW;CPA;Feeder;sin material;no;no
2025-08-15;REA;Actuadores;3140CA029;10:56;11:06;10;Maintenance;REA;General;Checklist;Checklist 500 pzs.;si;no
2025-08-15;REA;Actuadores;3140CA029;13:22;13:24;2;Maintenance;CHW;Consumables;Argon;cambio de tambo de argon;no;no
2025-08-15;REA;Actuadores;3140CA029;14:04;14:07;3;Equipment Fault;CCC;General;PLC ;table error;no;no
2025-08-15;REA;Actuadores;3140CA029;14:08;14:10;2;Quality;MAT;General;Scrapbox full;recojer las pzs. de scrap;no;no
2025-08-15;REA;Actuadores;3140CA029;14:14;14:15;1;Equipment Fault;Robots;R70;Vacuum system;vacuum off;no;no
2025-08-15;REA;Actuadores;3140CA029;14:17;14:18;1;Equipment Fault;Robots;R65;Motion supervision/Joint collision;no coloca pieza en posicion;no;no
2025-08-15;REA;Actuadores;3140CA029;14:27;14:37;10;Maintenance;REA;General;Checklist;Checklist 1,000 pzs.;si;no
2025-08-15;REA;Actuadores;3140CA029;15:17;15:20;3;Equipment Fault;CAW;CPA;Feeder;crank invertido;no;no
2025-08-15;COVER LINE;Line 2;FORD;09:15;11:20;125;Maintenance;Terminal caps;ST94;Actuator;ajuste inserción del fork;no;no
2025-08-15;REA;Actuadores;3140CA029;15:25;15:27;2;Equipment Fault;915;915;Missing ogive;no detecta ogiva;no;no
2025-08-15;REA;Actuadores;3140CA029;15:34;15:36;2;Equipment Fault;915;915;Missing ogive;no detecta ogiva;no;no
2025-08-15;REA;Actuadores;3140CA029;15:48;15:50;2;Equipment Fault;915;915;Missing ogive;no detecta ogiva;no;no
2025-08-15;REA;Actuadores;3140CA029;15:57;15:59;2;Equipment Fault;Robots;R65;Motion supervision/Joint collision;no coloca gear en posicion;no;no
2025-08-15;REA;Actuadores;3140CA029;16:08;16:10;2;Equipment Fault;731;731;Presence sensor;pin chueco;no;no
2025-08-15;REA;Actuadores;3140CA029;16:21;16:24;3;Equipment Fault;CHW;St2;Vacuum system;chip doble en jig;no;no
2025-08-16;REA;Actuadores;3140CA029;00:38;00:50;12;Equipment Fault;CAW;Jig/Index;Index not in home;mesa desalineada mal insercion de crank assy / cheacklist;no;no
2025-08-16;REA;Actuadores;3140CA029;00:53;00:55;2;Maintenance;CHW;Consumables;Chip reel;cambio de chip;no;no
2025-08-15;REA;Actuadores;3140CA029;10:30;11:02;32;Equipment Fault;USW;St11;Jig;nivel nok, turno anterior terminando de ajustar, se agrega cinta en areas quemadas y se sube collapse de 0.95 a 0.96;no;no
2025-08-16;REA;Actuadores;3140CA029;00:55;01:12;17;Equipment Fault;CAW;Jig/Index;Index not in home;alineacion NOK, falla 3 veces, marcas de alineacion incorrectas, se borran y se marcan las OK;no;no
2025-08-15;REA;Actuadores;3140CA029;22:52;22:54;2;Equipment Fault;Main conveyor;Main conveyor;Singulator NOK;Singulator saca pallet fuera de conveyor;no;no
2025-08-15;REA;Actuadores;3140CA029;23:04;23:20;16;Equipment Fault;620;620;Tool ;Bearings colisionan con cover, locking no cierra, bearings caen de tooling, colocar o-ring 2mm, sucede repetidas veces;no;no
2025-08-16;REA;Actuadores;3140CA029;05:51;06:02;11;Maintenance;CHW;Consumables;Argon;cambio;no;no
2025-08-16;REA;Actuadores;3140CA029;03:30;03:34;4;Maintenance;CAW;Consumables;Nitrogen;cambio;no;no
2025-08-16;REA;Actuadores;3140CA029;01:56;02:16;20;Equipment Fault;CHW;St4;Pressor;Pines maquinado NOK, pin central se atora por falta de juego con pin eje;no;no
2025-08-16;REA;Actuadores;3140CA029;06:24;06:26;2;Equipment Fault;USW;St14;Lower Jig;scrap, Rebaba, limpiar;no;no
2025-08-16;REA;Actuadores;3140CA029;06:40;06:44;4;Equipment Fault;USW;St14;Lower Jig;Scraps, jig con rebaba, limpiar;no;no
2025-08-16;REA;Actuadores;3140CA029;06:36;06:37;1;Equipment Fault;Robots;R65;Motion supervision/Joint collision;Motion sup de conveyor a 805;no;no
2025-08-16;REA;Actuadores;3140CA029;08:20;08:30;10;Maintenance;REA;General;Checklist;Checklist;si;no
2025-08-16;REA;Actuadores;3140CA029;17:57;18:08;11;Maintenance;CHW;Consumables;Argon;Tanque marcado como lleno vacio, ambos tanques vacios. Se busca problema inexistente antes de cambiar ambos;no;no
2025-08-16;REA;Actuadores;3140CA029;15:00;15:14;14;Maintenance;REA;General;Checklist;Checklist;si;no
2025-08-16;REA;Actuadores;3140CA029;20:45;21:00;15;Production;REA;General;No staff;Salida a cenar ing 15 min. Tecnico de vacaciones;no;no
2025-08-16;REA;Actuadores;3140CA029;20:12;20:17;5;Equipment Fault;CCC;St6;Thermocamara;Espernado que temrine la estacion;no;no
2025-08-16;REA;Actuadores;3140CA029;19:48;19:55;7;Equipment Fault;CCC;St6;Thermocamara;Esperando que termine la estacion, app normal, pero no concluye;no;no
2025-08-16;REA;Actuadores;3140CA029;18:18;18:27;9;Production;REA;General;No staff;REA en paro menor (Vaccum off), ing fuera del area revisando falla en cisterna de planta, tecnico de vacaciones;no;no
2025-08-15;REA;Actuadores;3140CA029;22:01;22:30;29;Equipment Fault;USW;St11;Weld NOK;Revision, se alinea despues de prueba de huella de carbon no ok;no;no
2025-08-15;REA;Actuadores;3140CA029;18:14;20:16;122;Equipment Fault;Aux;710;Pneumatic System;banco de vlvulas gr34 salida y2 no funciona. Se reemplaza con salida 4 no utilizada;no;no
2025-08-11;REA;Actuadores;3140CA029;19:33;21:30;117;Equipment Fault;CAW;LWS;NOK Condition;Soldadura NOK, ajustes y pruebas;no;no
2025-08-11;REA;Actuadores;3140CA029;21:30;22:30;60;Quality;REA;General;Test approval;Liberacion soldadura;no;no
2025-08-16;REA;Actuadores;3140CA029;22:20;22:30;10;Production;REA;General;Scheduled production stop;Paro por fin de turno fin de semana. Apagar compresor, aires, cerrar todas las puertas, etc;no;no
2025-08-15;COVER LINE;Line 2;FORD;17:50;18:00;10;Equipment Fault;Terminal caps;ST94;Actuator;;no;no
2025-08-15;COVER LINE;Line 2;FORD;18:40;19:00;20;Equipment Fault;OMT;General;Software/PC;falla de mesa;no;no
2025-08-15;COVER LINE;Line 2;FORD;19:40;20:00;20;Equipment Fault;Retainer;ST76;Bowl/lineal feeder;reteiner atorado en riel;no;no
2025-08-15;COVER LINE;Line 2;FORD;21:20;22:00;40;Equipment Fault;ST30 Molding;Injection system;Actuator;;no;no
2025-08-15;COVER LINE;Line 2;FORD;23:20;23:30;10;Equipment Fault;TBD;General;TBD;pallet atorado;no;no
2025-08-18;COVER LINE;Line 1;FORD;07:00;08:40;100;Maintenance;ST70 Molding;General;TBD;arranque;no;no
2025-08-18;COVER LINE;Line 1;FORD;08:40;08:43;3;Equipment Fault;ST60 Trimmer;ST62;Slide table;no llega a posición final;no;no
2025-08-18;COVER LINE;Line 1;FORD;08:55;09:01;6;Production;Main conveyor;General;TBD;operador oprime el boton de la banda st35 y detiene el robot R10;no;no
2025-08-18;COVER LINE;Line 1;FORD;09:30;09:45;15;Maintenance;ST60 Trimmer;ST62;Slide table;ajuste a slider para que llegue a posición final;no;no
2025-08-18;COVER LINE;Line 1;FORD;09:46;09:48;2;Equipment Fault;ST60 Trimmer;ST62;Slide table;;no;no
2025-08-18;COVER LINE;Line 1;FORD;10:23;10:25;2;Equipment Fault;ST60 Trimmer;ST62;Slide table;;no;no
2025-08-18;COVER LINE;Line 2;FORD;07:00;08:00;60;Maintenance;ST30 Molding;General;TBD;arranque;no;no
2025-08-18;COVER LINE;Line 2;FORD;08:00;09:40;100;Equipment Fault;OMT;ST7;Laser;;no;no
2025-08-18;COVER LINE;Line 2;FORD;10:00;10:20;20;Equipment Fault;ST30 Molding;Injection system;Actuator;;no;no
2025-08-18;REA;Actuadores;3140CA029;15:00;20:42;342;Quality;REA;General;Change Over;Esperando liberacion, soldadura NOK (seam throat muy profunda en lado izquierdo), se ajusta grafica de potencia Pulse Shaper, depues de muestras liberacion OK con receta ID 24 (20 de pwr, grafica en general plana con rampas al comienzo y fin);si;no
2025-08-18;REA;Actuadores;3140CA029;20:42;21:16;34;Equipment Fault;CAW;Jig/Index;Index not in home;Falla insercion, se prueban cambio en el home, ingun mueve actuador, se agrega laina en jig 1 para compensar;no;no
2025-08-18;REA;Actuadores;3140CA029;22:01;22:09;8;Equipment Fault;EOL;St5;Vision system;Scraps continuos, revisar posicion de punto A y B de herramienta;no;no
2025-08-18;REA;Actuadores;3140CA029;22:30;22:40;10;Maintenance;REA;General;Checklist;Checklist diario;si;no
2025-08-18;REA;Actuadores;3140CA029;22:45;22:47;2;Equipment Fault;USW;General;NOK material;alto Scrap;no;no
2025-08-18;REA;Actuadores;3140CA029;22:50;22:53;3;Equipment Fault;USW;General;NOK material;alto scrap;no;no
2025-08-18;REA;Actuadores;3140CA029;22:54;22:56;2;Quality;Robots;R80;Gripper/tool adjustments;gripper 1 Nok;no;no
2025-08-18;REA;Actuadores;3140CA029;23:02;23:04;2;Equipment Fault;Robots;R80;Gripper/tool adjustments;gripper 1 Nok;no;no
2025-08-18;REA;Actuadores;3140CA029;23:10;23:13;3;Equipment Fault;USW;General;NOK material;alto scrap;no;no
2025-08-18;REA;Actuadores;3140CA029;23:15;23:17;2;Quality;Robots;R80;Gripper/tool adjustments;gripper 1 Nok;no;no
2025-08-19;REA;Actuadores;3140CA029;00:00;00:05;5;Equipment Fault;EOL;St5;Vision system;falla SV St5;no;no
2025-08-18;REA;Actuadores;3140CA029;23:30;23:33;3;Equipment Fault;Main conveyor;Main conveyor;Lock NOK;pallet no lo detecta;no;no
2025-08-18;REA;Actuadores;3140CA029;23:40;23:45;5;Maintenance;CAW;LSW;Vision system;ajuste de SV;no;no
2025-08-19;REA;Actuadores;3140CA029;00:11;00:14;3;Equipment Fault;731;731;Presence sensor;pin doble;no;no
2025-08-19;REA;Actuadores;3140CA029;00:15;00:30;15;Equipment Fault;CAW;General;PLC ;se cierra APP;no;no
2025-08-19;REA;Actuadores;3140CA029;00:38;00:40;2;Equipment Fault;Robots;R80;Gripper/tool adjustments;griper 1 nok;no;no
2025-08-19;REA;Actuadores;3140CA029;00:48;00:53;5;Quality;CHW;General;Scrapbox full;scrap box full;no;no
2025-08-19;REA;Actuadores;3140CA029;13:13;23:59;647;Maintenance;CHW;Consumables;Chip reel;cambio de chip  [Paro cruza medianoche - Parte 1];no;no
2025-08-19;REA;Actuadores;3140CA029;00:00;01:18;78;Maintenance;CHW;Consumables;Chip reel;cambio de chip  [Paro cruza medianoche - Parte 2];no;no
2025-08-19;REA;Actuadores;3140CA029;01:24;01:28;4;Production;MAT;General;NOK material;sin material (tornillo);no;no
2025-08-19;REA;Actuadores;3140CA029;01:33;01:36;3;Maintenance;Robots;R80;Gripper/tool adjustments;ajuste a gripper;no;no
2025-08-19;REA;Actuadores;3140CA029;01:49;01:51;2;Equipment Fault;Main conveyor;Main conveyor;Lock NOK;pallet atorado en locking;no;no
2025-08-19;REA;Actuadores;3140CA029;02:08;02:15;7;Maintenance;MAT;Consumables;Grease;cambio de grasa;no;no
2025-08-19;REA;Actuadores;3140CA029;02:24;02:26;2;Equipment Fault;915;915;Missing ogive;no detecta ogiva;no;no
2025-08-19;REA;Actuadores;3140CA029;02:37;02:40;3;Production;Conveyors;General;NOK material;motor invertido;no;no
2025-08-19;REA;Actuadores;3140CA029;02:45;02:47;2;Quality;Robots;R80;Gripper/tool adjustments;gripper 1 nok;no;no
2025-08-19;REA;Actuadores;3140CA029;02:54;02:55;1;Equipment Fault;Robots;R65;Motion supervision/Joint collision;no coloca gear en posicion;no;no
2025-08-19;REA;Actuadores;3140CA029;03:08;03:10;2;Equipment Fault;Robots;R70;Vacuum system;vacuum off;no;no
2025-08-19;REA;Actuadores;3140CA029;03:21;03:26;5;Maintenance;CHW;St4;Pressor;cambio de puntas;no;no
2025-08-19;REA;Actuadores;3140CA029;03:38;03:40;2;Equipment Fault;915;915;Missing ogive;no detecta ogiva;no;no
2025-08-19;REA;Actuadores;3140CA029;03:44;03:46;2;Quality;Robots;R80;Gripper/tool adjustments;gripper 1 nok;no;no
2025-08-19;REA;Actuadores;3140CA029;03:49;03:51;2;Quality;731;731;Presence sensor;pin chueco;no;no
2025-08-19;REA;Actuadores;3140CA029;03:57;03:59;2;Maintenance;Robots;R70;Scheduled maintenance;cambio de ventosas;no;no
2025-08-19;REA;Actuadores;3140CA029;04:10;04:12;2;Production;Conveyors;General;NOK material;motor invertido;no;no
2025-08-19;REA;Actuadores;3140CA029;04:26;04:28;2;Equipment Fault;Robots;R65;Motion supervision/Joint collision;no coloca gear en posicion;no;no
2025-08-19;REA;Actuadores;3140CA029;04:31;04:33;2;Maintenance;CHW;Consumables;Argon;cambio de tambo de argon;no;no
2025-08-19;REA;Actuadores;3140CA029;04:40;04:45;5;Maintenance;USW;St11;Branson;ajuste;no;no
2025-08-19;REA;Actuadores;3140CA029;04:52;04:57;5;Maintenance;USW;St11;Jig;ajuste por alto scrap;no;no
2025-08-19;REA;Actuadores;3140CA029;05:11;05:12;1;Equipment Fault;915;915;Missing ogive;no detecta ogiva;no;no
2025-08-19;REA;Actuadores;3140CA029;05:14;05:15;1;Equipment Fault;USW;St11;Branson;se alarma por mal prensado;no;no
2025-08-19;REA;Actuadores;3140CA029;05:31;05:33;2;Equipment Fault;Robots;R70;Vacuum system;vacuum off;no;no
2025-08-19;REA;Actuadores;3140CA029;05:48;05:50;2;Equipment Fault;USW;St11;Branson;alto scrap;no;no
2025-08-19;REA;Actuadores;3140CA029;06:12;06:14;2;Equipment Fault;Robots;R80;Gripper/tool adjustments;gripper 2 nok;no;no
2025-08-19;REA;Actuadores;3140CA029;06:20;06:22;2;Equipment Fault;Robots;R80;Gripper/tool adjustments;gripper 2 nok;no;no
2025-08-19;REA;Actuadores;3140CA029;06:31;06:36;5;Maintenance;CHW;Consumables;Chip reel;cambio de chip;no;no
2025-08-19;REA;Actuadores;3140CA029;06:36;06:42;6;Maintenance;Robots;R80;Gripper/tool adjustments;camnio de sensor de gripper 2;no;no
2025-08-18;REA;Actuadores;3140CA029;07:00;08:03;63;Quality;REA;General;SOP;Liberacion lunes;no;no
2025-08-18;REA;Actuadores;3140CA029;12:16;14:19;123;Maintenance;REA;General;Change Over;Setup, masters, llenado de linea, SOP;si;no
2025-08-18;REA;Actuadores;3140CA029;14:19;15:00;41;Quality;REA;General;SOP;Esperando liberacion;si;no
2025-08-19;REA;Actuadores;3140CS023;07:00;07:08;8;Maintenance;REA;General;Checklist;Checklist;si;no
2025-08-19;REA;Actuadores;3140CS023;09:13;09:16;3;Equipment Fault;MAT;St4;Power supply CRIO;PS error;no;no
2025-08-19;REA;Actuadores;3140CS023;09:03;09:09;6;Equipment Fault;Robots;R70;Vacuum system;Actuadores sin G2 causda scrap consecutivo en 915, falla al colocar no muestra alarma de vacuum off;no;no
2025-08-19;REA;Actuadores;3140CS023;09:17;09:21;4;Equipment Fault;Main conveyor;Main conveyor;RFID Reader;No detecta bajo press 620, detiene secuencia. Ajuste posicion;no;no
2025-08-18;COVER LINE;Line 1;FORD;10:23;10:25;2;Equipment Fault;ST60 Trimmer;ST62;Slide table; no llega a posición;no;no
2025-08-18;COVER LINE;Line 1;FORD;11:13;11:14;1;Equipment Fault;ST60 Trimmer;ST62;Slide table;;no;no
2025-08-18;COVER LINE;Line 1;FORD;12:25;12:30;5;Equipment Fault;ST60 Trimmer;ST62;Slide table;no llega a posición final;no;no
2025-08-18;COVER LINE;Line 1;FORD;12:51;12:53;2;Equipment Fault;ST60 Trimmer;ST62;Slide table;no llega a posición;no;no
2025-08-18;COVER LINE;Line 1;FORD;15:50;16:00;10;Equipment Fault;ST60 Trimmer;ST62;Slide table;;no;no
2025-08-19;COVER LINE;Line 1;FORD;07:00;07:20;20;Maintenance;ST70 Molding;General;TBD;arranque;no;no
2025-08-19;COVER LINE;Line 1;FORD;08:32;08:38;6;Equipment Fault;ST60 Trimmer;ST62;Slide table;;no;no
2025-08-19;COVER LINE;Line 1;FORD;10:13;10:15;2;Equipment Fault;ST60 Trimmer;ST62;Slide table;;no;no
2025-08-19;COVER LINE;Line 1;FORD;11:04;11:06;2;Equipment Fault;ST60 Trimmer;ST62;Slide table;;no;no
2025-08-19;COVER LINE;Line 1;FORD;11:09;11:11;2;Equipment Fault;ST60 Trimmer;ST62;Slide table;;no;no
2025-08-19;COVER LINE;Line 1;FORD;11:25;11:30;5;Equipment Fault;ST70 Molding;General;TBD;terminal doblada;no;no
2025-08-18;COVER LINE;Line 2;FORD;11:10;11:30;20;Equipment Fault;Robots;R20;Incorrect pick/place;;no;no
2025-08-18;COVER LINE;Line 2;FORD;11:35;11:40;5;Equipment Fault;Robots;R72;Incorrect pick/place;;no;no
2025-08-18;COVER LINE;Line 2;FORD;13:35;13:40;5;Equipment Fault;ST30 Molding;Injection system;Actuator;;no;no
2025-08-18;COVER LINE;Line 2;FORD;13:45;13:52;7;Equipment Fault;Robots;R20;Incorrect pick/place;;no;no
2025-08-18;COVER LINE;Line 2;FORD;14:25;14:30;5;Maintenance;Lip seal;General;TBD;limpieza de filtro;no;no
2025-08-18;COVER LINE;Line 2;FORD;15:00;17:06;126;Maintenance;Terminal caps;ST94;Actuator;cambio de pistón de giro en gripper de fork guide;no;no
2025-08-19;COVER LINE;Line 2;FORD;07:00;08:00;60;Maintenance;ST30 Molding;General;TBD;ajuste de inserción en fork;no;no
2025-08-19;COVER LINE;Line 2;FORD;09:30;09:35;5;Equipment Fault;ST30 Molding;Mold;Cavities;cover con excedente de plástico;no;no
2025-08-19;COVER LINE;Line 2;FORD;10:38;10:39;1;Equipment Fault;ST30 Molding;General;TBD;terminal doblada en inserción en el molde;no;no
2025-08-19;COVER LINE;Line 2;FORD;11:14;11:30;16;Equipment Fault;Main conveyor;General;TBD;falla de sensor atrás de st70, deja pasar otro pallet y colisiona el robot;no;no
2025-08-19;COVER LINE;Line 2;FORD;13:39;13:48;9;Equipment Fault;Main conveyor;General;TBD;pallets acumulados en topo de enfriador, se levanta el pallet y sensor no lo detecta;no;no
2025-08-19;COVER LINE;Line 2;FORD;14:17;14:20;3;Equipment Fault;Terminal caps;ST94;Bowl/lineal feeder;fork atorado en riel;no;no
2025-08-19;COVER LINE;Line 2;FORD;15:00;15:30;30;Production;TBD;General;TBD;junta de comunicación;no;no
2025-08-19;COVER LINE;Line 1;FORD;15:00;15:15;15;Production;Main conveyor;General;TBD;junta de comunicación;no;no
2025-08-20;COVER LINE;Line 1;FORD;07:00;07:40;40;Maintenance;ST70 Molding;General;TBD;arranque;no;no
2025-08-20;COVER LINE;Line 1;FORD;08:40;09:00;20;Equipment Fault;ST60 Trimmer;ST62;Slide table;;no;no
2025-08-20;COVER LINE;Line 1;FORD;10:00;11:15;75;Maintenance;ST60 Trimmer;ST62;Slide table;ajuste;no;no
2025-08-19;REA;Actuadores;3140CS022;14:03;14:18;15;Quality;CCC;General;Scrapbox full;Scrapbox full;no;no
2025-08-19;REA;Actuadores;3140CS022;14:22;14:24;2;Equipment Fault;Robots;R80;Gripper/tool adjustments;Gripper no abre correctamente en st 974;no;no
2025-08-19;REA;Actuadores;3140CS022;14:26;14:29;3;Equipment Fault;Robots;R65;Motion supervision/Joint collision;Robot choca al poner magnet shaft;no;no
2025-08-19;REA;Actuadores;3140CS022;14:31;14:33;2;Equipment Fault;Robots;R70;Vacuum system;vacuum off;no;no
2025-08-19;REA;Actuadores;3140CS022;14:38;14:43;5;Equipment Fault;Main conveyor;General;TBD;Gear atorado entre conveyor y pallet;no;no
2025-08-19;REA;Actuadores;3140CS022;13:26;14:02;36;Equipment Fault;Robots;R80;Incorrect pick/place;Se ajusta posicion de place por falla continua de r80 al llegar a st 974;no;no
2025-08-20;REA;Actuadores;3140CS022;16:30;16:33;3;Equipment Fault;USW;St11;Weld NOK;alto scrap cambio de cinta en jig;no;no
2025-08-20;REA;Actuadores;3140CS022;17:10;17:11;1;Equipment Fault;MAT;St6;Dispensation system;se desconecto manguera de aire de la grasa;no;no
2025-08-20;REA;Actuadores;3140CA029;19:05;19:08;3;Equipment Fault;Robots;R80;Gripper/tool adjustments;gripper atorado en 974 2 veces, se requiere parar linea;no;no
2025-08-20;REA;Actuadores;3140CA029;19:12;19:14;2;Quality;Robots;R80;Gripper/tool adjustments;gripper atorado en 974, se revisa, pendiente;no;no
2025-08-20;REA;Actuadores;3140CA029;15:06;15:10;4;Maintenance;Main conveyor;General;Checklist;general linea 2;no;no
2025-08-20;REA;Actuadores;3140CA029;16:08;16:12;4;Equipment Fault;Main conveyor;Main conveyor;Lock NOK;Pallet buje dañado en prensa 731, atorado;no;no
2025-08-20;REA;Actuadores;3140CA029;16:31;16:36;5;Equipment Fault;USW;St11;Weld NOK;Scraps continuos, se agrega cinta;no;no
2025-08-20;REA;Actuadores;3140CA029;18:12;18:14;2;Quality;Main conveyor;Main conveyor;RFID Reader;pallet no leido por rfid o sensor, pendiente prensado;no;no
2025-08-20;REA;Actuadores;3140CA029;19:15;19:20;5;Equipment Fault;CHW;St4;Pressor;scraps continuos, pines con residuos, revision de scrap en general;no;no
2025-08-20;REA;Actuadores;3140CA029;22:18;22:21;3;Equipment Fault;MAT;St6;Dispensation system;manguera se sale 2 veces;no;no
2025-08-20;REA;Actuadores;3140CA029;19:55;19:57;2;Equipment Fault;915;915;Dart sensor;no detecta ojiva, acomodar;no;no
2025-08-20;REA;Actuadores;3140CA029;20:15;20:35;20;Equipment Fault;CAW;LSW;Vision system;revisar scraps, ajustar area de inspeccion, limpieza general;no;no
2025-08-20;REA;Actuadores;3140CA029;21:14;21:17;3;Equipment Fault;CAW;CPA;Feeder;crank invertido;no;no
2025-08-20;REA;Actuadores;3140CA029;21:47;21:50;3;Equipment Fault;USW;St11;Weld NOK;scraps, cambio de cinta;no;no
2025-08-20;REA;Actuadores;3140CA029;19:59;20:02;3;Maintenance;CHW;Consumables;Argon;cambio de tanque;no;no
2025-08-19;REA;Actuadores;3140CS022;17:06;17:36;30;Equipment Fault;USW;St11;Weld NOK;scraps continuos, revision de act nok y cambio de cinta;no;no
2025-08-19;REA;Actuadores;3140CS022;15:00;17:06;126;Quality;REA;General;Change Over;esperando liberacion;si;no
2025-08-19;REA;Actuadores;3140CS022;18:35;19:40;65;Equipment Fault;USW;St11;Weld NOK;scraps continuos, tip 1 sin soldar, ajuste de parametros;no;no
2025-08-19;REA;Actuadores;3140CS022;19:47;22:30;163;Equipment Fault;USW;St11;Weld NOK;scraps continuos, tip 1 sin soldar, ajuste de parametros;no;no
2025-08-20;REA;Actuadores;3140CS022;22:39;22:40;1;Quality;Robots;R65;Motion supervision/Joint collision;no coloca gear en posicion;no;no
2025-08-20;REA;Actuadores;3140CS022;22:54;22:56;2;Equipment Fault;915;915;Missing ogive;no detecta ogiva;no;no
2025-08-20;REA;Actuadores;3140CS022;23:06;23:08;2;Production;Conveyors;C85;Presence sensor;blister atorado;no;no
2025-08-20;REA;Actuadores;3140CS022;23:17;23:19;2;Equipment Fault;Robots;R80;Gripper/tool adjustments;gripper 1 Nok;no;no
2025-08-20;REA;Actuadores;3140CS022;23:20;23:21;1;Quality;Robots;R70;Vacuum system;vacuum off;no;no
2025-08-20;REA;Actuadores;3140CS022;23:23;23:25;2;Production;Conveyors;C85;Presence sensor;falta de blister;no;no
2025-08-20;REA;Actuadores;3140CS022;23:28;23:33;5;Maintenance;EOL;St4;CRIO NOK;reset de crio st4;no;no
2025-08-20;REA;Actuadores;3140CS022;23:44;23:45;1;Equipment Fault;915;915;Missing ogive;no detecta ogiva;no;no
2025-08-20;REA;Actuadores;3140CS022;23:52;23:53;1;Equipment Fault;Robots;R65;Motion supervision/Joint collision;no coloca gear en posicion;no;no
2025-08-21;REA;Actuadores;3140CS022;00:09;00:10;1;Equipment Fault;915;915;Missing ogive;no detecta ogiva;no;no
2025-08-21;REA;Actuadores;3140CS022;00:11;00:12;1;Equipment Fault;Robots;R80;Gripper/tool adjustments;gripper 1 nok;no;no
2025-08-21;REA;Actuadores;3140CS022;00:24;00:26;2;Equipment Fault;MAT;St3;Feeder;tronillo atorado;no;no
2025-08-21;REA;Actuadores;3140CS022;00:30;00:35;5;Maintenance;CHW;Consumables;Chip reel;cambio de chip;no;no
2025-08-21;REA;Actuadores;3140CS022;00:41;00:42;1;Equipment Fault;Robots;R80;Gripper/tool adjustments;gripper 1 nok;no;no
2025-08-21;REA;Actuadores;3140CS022;00:44;00:49;5;Maintenance;USW;St14;Lower Jig;cambio de goma;no;no
2025-08-21;REA;Actuadores;3140CS022;00:50;00:51;1;Equipment Fault;Robots;R80;Gripper/tool adjustments;gripper 1 nok;no;no
2025-08-21;REA;Actuadores;3140CS022;01:24;01:30;6;Maintenance;EOL;General;Scheduled maintenance;limpieza de pines;no;no
2025-08-21;REA;Actuadores;3140CS022;01:32;01:33;1;Equipment Fault;Robots;R80;Gripper/tool adjustments;gripper Nok;no;no
2025-08-21;REA;Actuadores;3140CS022;01:40;01:41;1;Quality;Robots;R65;Motion supervision/Joint collision;no coloca gear en posicion;no;no
2025-08-21;REA;Actuadores;3140CS022;01:45;01:50;5;Maintenance;CAW;Jig/Index;Index not in home;cambio de pines de pruebe electrica;no;no
2025-08-21;REA;Actuadores;3140CS022;01:54;01:56;2;Maintenance;USW;St14;Lower Jig;limpieza;no;no
2025-08-21;REA;Actuadores;3140CS022;02:06;02:07;1;Quality;Robots;R80;Gripper/tool adjustments;gripper 1 nok;no;no
2025-08-21;REA;Actuadores;3140CS022;02:13;02:15;2;Maintenance;CHW;St4;Pressor;limpieza puntas;no;no
2025-08-21;REA;Actuadores;3140CS022;02:21;02:22;1;Equipment Fault;Robots;R80;Gripper/tool adjustments;ghripper 1 nok;no;no
2025-08-21;REA;Actuadores;3140CS022;02:26;02:27;1;Equipment Fault;Robots;R80;Gripper/tool adjustments;gripper 1 nok;no;no
2025-08-21;REA;Actuadores;3140CS022;02:38;02:41;3;Maintenance;731;731;Presence sensor;ajuste pin atorado;no;no
2025-08-21;REA;Actuadores;3140CS022;03:07;03:10;3;Maintenance;CHW;St4;Pressor;ajuste de puntas;no;no
2025-08-21;REA;Actuadores;3140CS022;03:17;03:19;2;Quality;Robots;R65;Motion supervision/Joint collision;no coloca gear en posicion;no;no
2025-08-21;REA;Actuadores;3140CS022;03:26;03:27;1;Equipment Fault;Robots;R70;Vacuum system;vacuum off;no;no
2025-08-21;REA;Actuadores;3140CS022;03:39;03:40;1;Equipment Fault;915;915;Missing ogive;no detecta ogiva;no;no
2025-08-21;REA;Actuadores;3140CS022;03:44;03:45;1;Equipment Fault;Robots;R80;Gripper/tool adjustments;gripper 1 nok;no;no
2025-08-21;REA;Actuadores;3140CS022;03:56;03:58;2;Equipment Fault;Robots;R33;Motion supervision/Joint collision;pega con st1 de CHW;no;no
2025-08-21;REA;Actuadores;3140CS022;04:02;04:05;3;Maintenance;USW;St11;Jig;cambio de cintas;no;no
2025-08-21;REA;Actuadores;3140CS022;04:17;04:19;2;Equipment Fault;Robots;R65;Motion supervision/Joint collision;no coloca gear en posicion;no;no
2025-08-21;REA;Actuadores;3140CS022;04:34;04:36;2;Equipment Fault;915;915;Missing ogive;no detecta ogiva;no;no
2025-08-21;REA;Actuadores;3140CS022;04:48;04:50;2;Equipment Fault;Robots;R80;Gripper/tool adjustments;gripper nok;no;no
2025-08-21;REA;Actuadores;3140CS022;05:10;05:13;3;Maintenance;USW;St14;Lower Jig;limpieza de jig;no;no
2025-08-21;REA;Actuadores;3140CS022;05:22;05:24;2;Maintenance;USW;St11;Jig;ajuste de cinta;no;no
2025-08-21;REA;Actuadores;3140CS022;05:36;05:37;1;Equipment Fault;Robots;R80;Gripper/tool adjustments;gripper nok;no;no
2025-08-21;REA;Actuadores;3140CS022;05:42;05:44;2;Quality;USW;General;Scrapbox full;alto scrap;no;no
2025-08-21;REA;Actuadores;3140CS022;05:51;05:55;4;Maintenance;Robots;R70;Scheduled maintenance;ajuste de manguera suelta;no;no
2025-08-21;REA;Actuadores;3140CS022;06:08;06:10;2;Equipment Fault;915;915;Missing ogive;no detecta ogiva;no;no
2025-08-21;REA;Actuadores;3140CS022;06:13;06:14;1;Equipment Fault;Robots;R80;Gripper/tool adjustments;gripper 1 nok;no;no
2025-08-21;REA;Actuadores;3140CS022;06:20;06:23;3;Equipment Fault;CAW;CPA;SCARA;robot se queda a medio siclo;no;no
2025-08-21;REA;Actuadores;3140CS022;06:27;06:28;1;Equipment Fault;Robots;R65;Motion supervision/Joint collision;no coloca gear en posicion;no;no
2025-08-21;REA;Actuadores;3140CS022;06:33;06:35;2;Equipment Fault;731;731;Presence sensor;pin chueco;no;no
2025-08-19;COVER LINE;Line 1;FORD;15:22;15:30;8;Equipment Fault;ST60 Trimmer;ST62;Slide table;;no;no
2025-08-20;COVER LINE;Line 1;FORD;07:00;07:50;50;Maintenance;ST70 Molding;General;TBD;arranque;no;no
2025-08-20;COVER LINE;Line 1;FORD;10:00;11:20;80;Maintenance;ST60 Trimmer;ST62;Slide table;ajuste;no;no
2025-08-20;COVER LINE;Line 1;FORD;15:50;16:40;50;Equipment Fault;Robots;R10;Module error;pérdida de secuencia;no;no
2025-08-21;COVER LINE;Line 1;FORD;07:00;07:20;20;Maintenance;ST70 Molding;General;TBD;arranque;no;no
2025-08-19;COVER LINE;Line 2;FORD;16:20;16:26;6;Equipment Fault;OMT;ST3;Pogopins;pogo 3;no;no
2025-08-19;COVER LINE;Line 2;FORD;18:50;19:05;15;Equipment Fault;Terminal caps;ST94;Actuator;paro por scrap consecutivo;no;no
2025-08-20;COVER LINE;Line 2;FORD;07:00;08:00;60;Maintenance;TBD;General;TBD;inicio de retrabajo;no;no
2025-08-20;COVER LINE;Line 2;FORD;09:00;11:00;120;Equipment Fault;Terminal caps;ST94;Actuator;problemas con inserción del fork;no;no
2025-08-20;COVER LINE;Line 2;FORD;15:15;16:30;75;Quality;TBD;General;TBD;análisis de scrap en OMT;no;no
2025-08-21;REA;Actuadores;3140CS023;09:16;09:21;5;Equipment Fault;CHW;St4;Pressor;Scrap alto, ajuste posicion, presion pressor (de 4 a 3bar);no;no
2025-08-20;COVER LINE;Line 2;FORD;17:00;17:30;30;Maintenance;ST30 Molding;General;TBD;inicio de producción;no;no
2025-08-20;COVER LINE;Line 2;FORD;20:15;21:00;45;Equipment Fault;Terminal caps;ST94;Actuator;paros consecutivos por alto scrap;no;no
2025-08-20;COVER LINE;Line 2;FORD;22:20;22:50;30;Equipment Fault;ST30 Molding;Injection system;Actuator;falla de inyección;no;no
2025-08-21;COVER LINE;Line 2;FORD;07:00;08:00;60;Maintenance;ST30 Molding;General;TBD;arranque y problemas con robot 20;no;no
2025-08-21;COVER LINE;Line 2;FORD;09:10;09:30;20;Equipment Fault;Terminal caps;ST94;Actuator;paro por scrap consecutivo;no;no
2025-08-21;COVER LINE;Line 2;FORD;09:54;09:56;2;Equipment Fault;Robots;R72;Incorrect pick/place;se cae cover de gripper;no;no
2025-08-21;COVER LINE;Line 2;FORD;10:06;10:10;4;Equipment Fault;Terminal caps;ST94;Bowl/lineal feeder;fork atorado en bowl;no;no
2025-08-21;REA;Actuadores;3140CS022;11:25;11:28;3;Equipment Fault;USW;St14;Lower Jig;Limpieza de jig;no;no
2025-08-21;REA;Actuadores;3140CS022;11:32;11:35;3;Equipment Fault;Robots;R80;Gripper/tool adjustments;Se pone cinta a gripper ya que se atoraba constantemente en st 974;no;no
2025-08-21;REA;Actuadores;3140CS023;08:27;08:56;29;Maintenance;MSA;MSA;Chiller;Se retira el chiller para reparacion por fuera de linea;no;no
2025-08-21;REA;Actuadores;3140CS023;11:57;12:44;47;Equipment Fault;CAW;LWS;NOK Condition;Revision por crank inclinado, crank se atasca en pieza por toque de remache con lip seal retainer, se involucra a calidad, se hacen pruebas en crank, se reemplaza lote, se ajusta pressor (siendo este el punto mas significativo, en mi opinion);no;no
2025-08-19;REA;Actuadores;3140CS023;10:25;11:40;75;Maintenance;Robots;R70;TBD;Cambio de convolute roto;no;no
2025-08-19;REA;Actuadores;3140CS023;13:42;15:00;78;Maintenance;REA;General;Change Over;Change over;si;no
2025-08-19;REA;Actuadores;3140CS023;08:10;08:30;20;Quality;USW;General;NOK material;Acumulacion de microparos por material body nok alarma sonotrodo, medicion de body or paerte de metrologo, cambios de lote;no;no
2025-08-20;REA;Actuadores;3140CS022;07:00;09:55;175;Equipment Fault;USW;St11;Weld NOK;Continuacion del turno anterior, pieza no pasa burst test. Alineacion, nivelacion, prueba medicion de puntas sonotodo, ajuste parametros y frecuencia, multiples intentos;no;no
2025-08-21;REA;Actuadores;3140CS022;07:00;07:10;10;Maintenance;REA;General;Checklist;Checklist;si;no
2025-08-21;REA;Actuadores;3140CS022;10:14;10:51;37;Maintenance;REA;General;TBD;En paro por falta de chiller en MSA;no;no
2025-08-21;REA;Actuadores;3140CS022;16:20;16:21;1;Equipment Fault;Robots;R80;Incorrect pick/place;paros constantes por gripper atorado, pendiente ajustar posicion de pick EOL y place 974;no;no
2025-08-21;REA;Actuadores;3140CS022;15:53;15:56;3;Equipment Fault;Robots;R80;Incorrect pick/place;2 veces paros constantes por gripper atorado, pendiente ajustar posicion de pick EOL y place 974;no;no
2025-08-21;REA;Actuadores;3140CS022;17:47;17:48;1;Equipment Fault;Conveyors;C56;Presence sensor;blister magnet shaft atrapado, refresh reset en belt 56, se levanto blister ya que estaba atrapado a medias y detectaba presencia;no;no
2025-08-21;REA;Actuadores;3140CS022;18:50;18:53;3;Quality;Aux;905;NOK material;material de retrabajo mal acomodado, revisar blisters en conveyor;no;no
2025-08-21;REA;Actuadores;3140CS022;20:40;20:44;4;Equipment Fault;USW;St14;Lower Jig;scraps continuos, rebaba en jig;no;no
2025-08-21;REA;Actuadores;3140CS022;20:50;20:53;3;Equipment Fault;USW;St14;Lower Jig;scrpas, revisar rebaba, y cinta,;no;no
2025-08-21;REA;Actuadores;3140CS022;21:30;22:30;60;Equipment Fault;USW;St11;Weld NOK;scraps continuos, revision de jig y cinta;no;no
2025-08-21;REA;Actuadores;3140CS022;15:00;15:44;44;Equipment Fault;CAW;General;Safety system;Falla seguridad, falla enable de hmi portatil, no se puede reestablecer;no;no
2025-08-21;COVER LINE;Line 1;FORD;07:00;07:20;20;Maintenance;ST70 Molding;General;TBD;arranque;no;no
2025-08-21;COVER LINE;Line 1;FORD;12:00;12:07;7;Equipment Fault;ST70 Molding;Camera;Inspection Tools Adjustments;ajuste;no;no
2025-08-21;COVER LINE;Line 2;FORD;07:00;07:50;50;Maintenance;ST30 Molding;General;TBD;arranque y problemas con robot 20;no;no
2025-08-21;COVER LINE;Line 2;FORD;10:18;10:20;2;Equipment Fault;Terminal caps;ST94;Bowl/lineal feeder;fork atorado en bowl;no;no
2025-08-21;COVER LINE;Line 2;FORD;10:30;10:32;2;Equipment Fault;Main conveyor;General;TBD;colada de inyeccion en conveyor y atora flojo de pallets;no;no
2025-08-21;COVER LINE;Line 2;FORD;11:39;11:44;5;Equipment Fault;Retainer;ST76;Bowl/lineal feeder;retenedor atorado en riel;no;no
2025-08-21;COVER LINE;Line 2;FORD;12:05;12:07;2;Equipment Fault;Lip seal;ST74;Actuator;falla de vacío;no;no
2025-08-21;COVER LINE;Line 2;FORD;12:10;12:15;5;Equipment Fault;Robots;R72;Motion supervision/Joint collision;colision con palt que se salta tope anterior;no;no
2025-08-21;COVER LINE;Line 2;FORD;13:05;13:10;5;Equipment Fault;Lip seal;ST74;Actuator;falla de vacío;no;no
2025-08-21;COVER LINE;Line 2;FORD;14:20;14:25;5;Equipment Fault;Terminal caps;ST94;Bowl/lineal feeder;fork atorado en bowl;no;no
2025-08-21;COVER LINE;Line 2;FORD;15:55;15:57;2;Equipment Fault;Robots;R72;Motion supervision/Joint collision;robot colisiona con palet que se salta tope;no;no
2025-08-21;COVER LINE;Line 2;FORD;16:12;16:20;8;Equipment Fault;Terminal caps;ST94;Bowl/lineal feeder;fork atorado en bowl;no;no
2025-08-21;COVER LINE;Line 2;FORD;17:20;17:30;10;Equipment Fault;Lip seal;ST74;Actuator;falla de vacío;no;no
2025-08-22;COVER LINE;Line 2;FORD;07:00;07:40;40;Equipment Fault;ST30 Molding;General;TBD;arranque;no;no
2025-08-22;COVER LINE;Line 2;FORD;08:14;08:16;2;Equipment Fault;Retainer;ST76;Bowl/lineal feeder;retenedor atorado en bowl;no;no
2025-08-22;COVER LINE;Line 2;FORD;08:27;08:31;4;Equipment Fault;Robots;R72;Motion supervision/Joint collision;robot colisiona con palet que se salta tope;no;no
2025-08-22;COVER LINE;Line 2;FORD;08:50;09:00;10;Equipment Fault;Terminal caps;ST95;Branson;no solda pieza;no;no
2025-08-22;COVER LINE;Line 2;FORD;09:10;09:13;3;Equipment Fault;Retainer;ST76;Bowl/lineal feeder;retenedor atorado en bowl;no;no
2025-08-22;COVER LINE;Line 2;FORD;10:30;10:37;7;Equipment Fault;Main conveyor;General;TBD;palet atorado en tope despues del tope de omt;no;no
2025-08-21;COVER LINE;Line 2;FORD;18:00;18:30;30;Equipment Fault;Terminal caps;ST94;Actuator;fork atorado tiempo acumulado en todo el turno;no;no
2025-08-21;COVER LINE;Line 2;FORD;18:31;18:39;8;Equipment Fault;Terminal caps;ST95;Turntable;;no;no
2025-08-22;COVER LINE;Line 2;FORD;00:40;02:00;80;Equipment Fault;TBD;General;TBD;falla de alguna señal en la línea no se pudo restablecer;no;no
2025-08-22;REA;Actuadores;3140CA029;12:03;12:18;15;Production;750;General;Empty conveyor/feeder;bowl;no;no
2025-08-22;REA;Actuadores;3140CA029;13:42;13:50;8;Maintenance;CHW;Consumables;Argon;Ambos tanques vacios;no;no
2025-08-22;REA;Actuadores;3140CA029;07:00;11:20;260;Quality;REA;General;Change Over;Esperando liberacion;si;no
2025-08-22;REA;Actuadores;3140CA029;20:52;21:00;8;Equipment Fault;731;731;Alphamatic Module;Scraps continuos, checkpoint max force exceeded 20.1 resultado, cuando en grafico parece estar OK;no;no
2025-08-22;REA;Actuadores;3140CA029;20:11;20:16;5;Equipment Fault;731;731;Alphamatic Module;Scraps continuos, 1era pieza NOK, 2da pieza result ok la marca como NOK en HMI y la tira;no;no
2025-08-22;REA;Actuadores;3140CA029;20:19;20:21;2;Equipment Fault;Main conveyor;Main conveyor;Inductive sensor;pallet atorado en 915;no;no
2025-08-22;REA;Actuadores;3140CA029;20:21;20:33;12;Maintenance;MAT;Consumables;Grease;Cambio de grasa, no disponible en el area, se requiere jog manual para verificar grasa salga, jeringa instalada no tenia tapo blanco, posiblemente jeringa rellenada;no;no
2025-08-21;REA;Actuadores;3140CA029;13:50;14:01;11;Equipment Fault;USW;SCARA;Gripper/Tool;Gripper flojo;no;no
2025-08-22;REA;Actuadores;3140CA029;15:00;16:12;72;Maintenance;USW;St14;Lower Jig;Instalacion de jig para uso de goma blanca, test;no;no
2025-08-22;REA;Actuadores;3140CA029;21:48;21:50;2;Equipment Fault;USW;St14;Lower Jig;scrap por rebaba;no;no
2025-08-22;REA;Actuadores;3140CA029;23:21;23:22;1;Equipment Fault;Robots;R70;Vacuum system;vacuum off;no;no
2025-08-22;REA;Actuadores;3140CA029;23:47;23:50;3;Maintenance;CHW;Consumables;Argon;cambio de argon;no;no
2025-08-23;REA;Actuadores;3140CA029;00:08;00:17;9;Maintenance;CCC;Consumables;Resin;cambio de resina;no;no
2025-08-23;REA;Actuadores;3140CA029;00:20;00:21;1;Equipment Fault;Robots;R70;Vacuum system;vacuum off;no;no
2025-08-23;REA;Actuadores;3140CA029;00:41;00:43;2;Equipment Fault;731;731;Presence sensor;pin chueco;no;no
2025-08-23;REA;Actuadores;3140CA029;00:50;00:55;5;Maintenance;CHW;Consumables;Chip reel;cambio de chip;no;no
2025-08-23;REA;Actuadores;3140CA029;01:10;01:12;2;Equipment Fault;Robots;R70;Vacuum system;vacuum off;no;no
2025-08-23;REA;Actuadores;3140CA029;01:40;01:45;5;Equipment Fault;Robots;R38;Motion supervision/Joint collision;pierde secuencia;no;no
2025-08-23;REA;Actuadores;3140CA029;02:06;02:07;1;Equipment Fault;731;731;Tool ;no pone pin se queda en espera, un reset y volvio a correr.;no;no
2025-08-23;REA;Actuadores;3140CA029;02:31;02:33;2;Equipment Fault;Robots;R65;Motion supervision/Joint collision;no coloca gear en posicion;no;no
2025-08-23;REA;Actuadores;3140CA029;03:20;03:25;5;Equipment Fault;EOL;St4;CRIO NOK;reset de crio;no;no
2025-08-23;REA;Actuadores;3140CA029;04:19;04:21;2;Equipment Fault;Robots;R75;Gripper/tool adjustments;gripper 1 nok;no;no
2025-08-23;REA;Actuadores;3140CA029;04:38;04:40;2;Equipment Fault;Robots;R70;Vacuum system;vacuum off;no;no
2025-08-23;REA;Actuadores;3140CA029;04:56;04:58;2;Equipment Fault;Robots;R75;Gripper/tool adjustments;gripper 1 nok;no;no
2025-08-23;REA;Actuadores;3140CA029;05:08;05:10;2;Equipment Fault;731;731;Presence sensor;pin chueco;no;no
2025-08-23;REA;Actuadores;3140CA029;05:18;08:20;182;Equipment Fault;CHW;St2;SCARA Pick/Place;robot se queda parado;no;no
2025-08-23;REA;Actuadores;3140CA029;05:33;05:35;2;Equipment Fault;Robots;R75;Gripper/tool adjustments;gripper 1 nok;no;no
2025-08-23;REA;Actuadores;3140CA029;05:39;05:40;1;Equipment Fault;Robots;R75;Gripper/tool adjustments;gripper 1 nok;no;no
2025-08-23;REA;Actuadores;3140CA029;00:02;00:08;6;Maintenance;REA;General;Checklist;checklist 500 pzs.;si;no
2025-08-23;REA;Actuadores;3140CA029;04:10;04:15;5;Maintenance;REA;General;Checklist;checklist 1000 pzs.;si;no
2025-08-23;REA;Actuadores;3140CA029;06:08;06:13;5;Equipment Fault;Robots;R80;Motion supervision/Joint collision;se queda en st14 no respondia, pierde secuencia;no;no
2025-08-22;REA;Actuadores;3140CA029;03:00;07:00;240;Quality;REA;General;Change Over;Cambio a ford 029;no;no
2025-08-23;REA;Actuadores;3140CA029;06:34;06:36;2;Equipment Fault;Robots;R75;Gripper/tool adjustments;gripper 1 nok;no;no
2025-08-23;REA;Actuadores;3140CA029;06:44;06:45;1;Equipment Fault;Robots;R70;Vacuum system;vacuum off;no;no
2025-08-22;REA;Actuadores;3140CA029;01:00;01:10;10;Equipment Fault;Robots;R80;Gripper/tool adjustments;Ajuste gripper 1;no;no
2025-08-23;REA;Actuadores;3140CA029;07:45;07:48;3;Equipment Fault;915;915;Missing ogive;ojiva caida;no;no
2025-08-23;REA;Actuadores;3140CA029;07:50;07:52;2;Equipment Fault;Main conveyor;Main conveyor;Lift;lift se queda abajo;no;no
2025-08-23;REA;Actuadores;3140CA029;08:30;08:34;4;Equipment Fault;EOL;St4;CRIO NOK;Se reinicia crio;no;no
2025-08-23;REA;Actuadores;3140CA029;09:50;09:55;5;Equipment Fault;Robots;R75;Gripper/tool adjustments;Se cambia cinta de gripper 4 por falla constante de ms;no;no
2025-08-23;REA;Actuadores;3140CA029;10:45;10:53;8;Equipment Fault;Robots;R70;Motion supervision/Joint collision;Robot levanto cover con ogiva, colisiona al tratar de ponerla en la siguiente pieza;no;no
2025-08-23;REA;Actuadores;3140CA029;15:54;15:56;2;Quality;Robots;R80;Electrical system;Gripper 3 abierto, Sensor desconectado;no;no
2025-08-23;REA;Actuadores;3140CA029;15:32;15:37;5;Quality;MAT;General;Scrapbox full;Calidad vacia caja de scrapbox;no;no
2025-08-23;REA;Actuadores;3140CA029;16:29;16:30;1;Equipment Fault;Robots;R65;Motion supervision/Joint collision;velocidad muy alta desde conveyor a 805;no;no
2025-08-23;REA;Actuadores;3140CA029;17:05;17:08;3;Equipment Fault;620;620;Alphamatic Module;Parada por scrap, grafica result nok;no;no
2025-08-23;REA;Actuadores;3140CA029;17:17;17:54;37;Equipment Fault;CAW;LSW;Vision system;Sistema de vision no es capaz de detectar diametro interno en 2 foto, inspeccion de soldadura, por sobras en centro de magnet;no;no
2025-08-23;REA;Actuadores;3140CA029;18:45;18:49;4;Maintenance;CHW;Consumables;Chip reel;cambio;no;no
2025-08-23;REA;Actuadores;3140CA029;19:40;19:41;1;Equipment Fault;Robots;R65;Vacuum system;vacumm off;no;no
2025-08-23;REA;Actuadores;3140CA029;20:12;20:13;1;Equipment Fault;EOL;St2;Gripper NOK;error gripper 2;no;no
2025-08-23;REA;Actuadores;3140CA029;20:16;20:17;1;Equipment Fault;EOL;General;Software/PC;profinet I/O;no;no
2025-08-21;COVER LINE;Line 1;FORD;12:25;12:28;3;Equipment Fault;Robots;R10;Gripper/tool adjustments;falla gripper 4;no;no
2025-08-22;COVER LINE;Line 1;FORD;07:00;07:20;20;Maintenance;ST70 Molding;General;TBD;arranque;no;no
2025-08-22;COVER LINE;Line 1;FORD;15:40;15:45;5;Equipment Fault;Robots;R10;Gripper/tool adjustments;falla gripper 5;no;no
2025-08-25;COVER LINE;Line 1;FORD;07:00;08:40;100;Maintenance;ST70 Molding;General;TBD;arranque;no;no
2025-08-25;COVER LINE;Line 1;FORD;09:00;09:08;8;Maintenance;ST60 Trimmer;General;TBD;limpieza de trimmer;no;no
2025-08-25;COVER LINE;Line 1;FORD;09:12;09:14;2;Equipment Fault;ST60 Trimmer;ST62;Terminal presence sensor;;no;no
2025-08-25;COVER LINE;Line 1;FORD;10:22;10:29;7;Equipment Fault;ST60 Trimmer;ST61;Block lock;falla de sensor de terminal;no;no
2025-08-25;COVER LINE;Line 1;FORD;12:10;12:11;1;Equipment Fault;ST70 Molding;General;TBD;pieza tiro corto;no;no
2025-08-26;COVER LINE;Line 1;FORD;07:00;07:40;40;Maintenance;ST70 Molding;General;TBD;arranque;no;no
2025-08-26;COVER LINE;Line 1;FORD;11:46;13:50;124;Equipment Fault;ST70 Molding;Camera;Communication;;no;no
2025-08-26;COVER LINE;Line 1;FORD;16:27;16:29;2;Equipment Fault;ST70 Molding;General;TBD;terminal doblada;no;no
2025-08-26;COVER LINE;Line 1;FORD;16:35;16:37;2;Equipment Fault;ST60 Trimmer;ST62;Terminal presence sensor;sensor activado por presencia de terminal mal moldeada;no;no
2025-08-26;COVER LINE;Line 1;FORD;20:45;20:50;5;Equipment Fault;ST70 Molding;General;TBD;terminal doblada;no;no
2025-08-26;COVER LINE;Line 1;FORD;20:59;21:05;6;Equipment Fault;ST10 Conveyor;ST51;Actuator;pallet atorado;no;no
2025-08-25;COVER LINE;Line 2;FORD;07:00;23:59;1020;Equipment Fault;Robots;R20;Module error;  [Paro cruza medianoche - Parte 1];no;no
2025-08-25;COVER LINE;Line 2;FORD;00:00;02:00;120;Equipment Fault;Robots;R20;Module error;  [Paro cruza medianoche - Parte 2];no;no
2025-08-26;COVER LINE;Line 2;FORD;07:00;13:00;360;Equipment Fault;Robots;R20;Module error;;no;no
2025-08-26;COVER LINE;Line 2;FORD;13:50;19:55;365;Equipment Fault;Robots;R72;Motion supervision/Joint collision;pallet se salta estación r robot colisiona con pallet;no;no
2025-08-26;COVER LINE;Line 2;FORD;13:48;13:50;2;Equipment Fault;Terminal caps;ST94;Bowl/lineal feeder;fork atorado el bowl;no;no
2025-08-26;COVER LINE;Line 2;FORD;16:12;16:20;8;Equipment Fault;Main conveyor;Main conveyor;Inductive sensor;ajuste en sensor de convello st50;no;no
2025-08-26;COVER LINE;Line 2;FORD;16:45;16:48;3;Equipment Fault;OMT;ST2;Test NOK;;no;no
2025-08-26;COVER LINE;Line 2;FORD;18:42;18:47;5;Equipment Fault;ST30 Molding;Injection system;Actuator;;no;no
2025-08-26;COVER LINE;Line 2;FORD;19:12;19:17;5;Equipment Fault;Terminal caps;ST94;Bowl/lineal feeder;fork atorado en bowl;no;no
2025-08-26;COVER LINE;Line 2;FORD;19:51;19:55;4;Equipment Fault;Terminal caps;ST94;Bowl/lineal feeder;fork atorado en bowl;no;no
2025-08-26;COVER LINE;Line 2;FORD;20:32;20:37;5;Equipment Fault;ST30 Molding;Injection system;Actuator;;no;no
2025-08-27;COVER LINE;Line 2;FORD;07:00;07:40;40;Maintenance;ST30 Molding;General;TBD;arranque;no;no
2025-08-27;COVER LINE;Line 2;FORD;09:26;09:45;19;Equipment Fault;Robots;R20;Incorrect pick/place;falla de pick up;no;no
2025-08-27;COVER LINE;Line 2;FORD;10:30;10:45;15;Equipment Fault;ST30 Molding;Injection system;Actuator;;no;no
2025-08-27;COVER LINE;Line 2;FORD;11:45;11:47;2;Equipment Fault;Terminal caps;ST94;Bowl/lineal feeder;fork atorado en bowl;no;no
2025-08-27;COVER LINE;Line 2;FORD;17:40;17:50;10;Equipment Fault;Lip seal;ST74;Actuator;falla del vacío;no;no
2025-08-27;COVER LINE;Line 2;FORD;18:10;18:55;45;Production;Retainer;ST76;Bowl/lineal feeder;bowl vacío;no;no
2025-08-27;COVER LINE;Line 2;FORD;18:40;18:55;15;Equipment Fault;Terminal caps;ST95;Turntable;;no;no
2025-08-27;COVER LINE;Line 2;FORD;20:00;20:29;29;Maintenance;Lip seal;ST74;Actuator;limpieza de filtro;no;no
2025-08-27;COVER LINE;Line 2;FORD;21:00;21:19;19;Equipment Fault;ST30 Molding;Injection system;Actuator;;no;no
2025-08-27;COVER LINE;Line 2;FORD;21:55;22:20;25;Maintenance;Lip seal;ST74;Actuator;limpieza e filtro;no;no
2025-08-27;COVER LINE;Line 2;FORD;12:19;12:39;20;Equipment Fault;OMT;ST3;Actuator;;no;no
2025-08-28;COVER LINE;Line 2;FORD;07:00;08:15;75;Maintenance;ST30 Molding;General;TBD;arranque;no;no
2025-08-28;COVER LINE;Line 2;FORD;09:36;09:38;2;Equipment Fault;OMT;ST3;Actuator;;no;no
2025-08-28;COVER LINE;Line 2;FORD;10:05;10:25;20;Quality;ST30 Molding;General;TBD;fabricación de masters;no;no
2025-08-28;COVER LINE;Line 2;FORD;11:06;11:08;2;Equipment Fault;Lip seal;ST74;Bowl/lineal feeder;lip seal atorado en riel;no;no
2025-08-27;COVER LINE;Line 1;FORD;07:00;08:45;105;Maintenance;ST70 Molding;General;TBD;arranque;no;no
2025-08-27;COVER LINE;Line 1;FORD;11:01;11:07;6;Equipment Fault;ST60 Trimmer;ST62;Slide table;falla de señal en pistón que bloquea mesa de slider;no;no
2025-08-27;COVER LINE;Line 1;FORD;13:18;13:19;1;Equipment Fault;Robots;R10;Gripper/tool adjustments;falla de gripper 3;no;no
2025-08-27;COVER LINE;Line 1;FORD;14:02;14:06;4;Equipment Fault;Robots;R10;Gripper/tool adjustments;falla de gripper 2;no;no
2025-08-27;COVER LINE;Line 1;FORD;13:00;16:02;182;Equipment Fault;ST60 Trimmer;ST62;Locking;;no;no
2025-08-28;COVER LINE;Line 1;FORD;07:00;08:40;100;Maintenance;ST70 Molding;General;TBD;arranque;no;no
2025-08-28;COVER LINE;Line 1;FORD;10:01;10:11;10;Equipment Fault;ST70 Molding;Camera;Communication;;no;no
2025-08-28;COVER LINE;Line 1;FORD;12:57;13:00;3;Equipment Fault;Robots;R10;Gripper/tool adjustments;falla de gripper 5;no;no
2025-08-29;COVER LINE;Line 1;FORD;07:00;08:55;115;Maintenance;ST70 Molding;General;TBD;arranque;no;no
2025-08-29;COVER LINE;Line 1;FORD;09:00;09:10;10;Equipment Fault;Robots;R10;Incorrect pick/place;cilindro 4 no llega a posición en pick up coveyo;no;no
2025-08-28;COVER LINE;Line 2;FORD;17:46;17:51;5;Equipment Fault;ST30 Molding;General;TBD;TERMINAL TIRO CORTO;no;no
2025-08-28;COVER LINE;Line 2;FORD;18:03;18:07;4;Equipment Fault;Retainer;ST76;Bowl/lineal feeder;retenedor atorado en bowl;no;no
2025-08-28;COVER LINE;Line 2;FORD;18:30;18:41;11;Equipment Fault;Retainer;ST76;Bowl/lineal feeder;retenedor atorado en bowl;no;no
2025-08-28;COVER LINE;Line 2;FORD;19:20;19:23;3;Equipment Fault;ST30 Molding;General;TBD;terminal tiro corto;no;no
2025-08-28;COVER LINE;Line 2;FORD;20:20;20:32;12;Equipment Fault;ST30 Molding;General;TBD;terminal mal insertada;no;no
2025-08-28;COVER LINE;Line 2;FORD;23:59;23:59;1;Equipment Fault;OMT;ST3;Actuator;  [Paro cruza medianoche - Parte 1];no;no
2025-08-28;COVER LINE;Line 2;FORD;00:00;00:43;43;Equipment Fault;OMT;ST3;Actuator;  [Paro cruza medianoche - Parte 2];no;no
2025-08-29;COVER LINE;Line 2;FORD;01:11;01:25;14;Equipment Fault;OMT;ST3;Actuator;;no;no
2025-08-29;COVER LINE;Line 2;FORD;07:00;08:07;67;Maintenance;ST30 Molding;General;TBD;arranque;no;no
2025-08-29;COVER LINE;Line 2;FORD;08:13;08:15;2;Equipment Fault;Lip seal;ST74;Actuator;falla de vacío;no;no
2025-08-29;COVER LINE;Line 2;FORD;09:00;10:40;100;Maintenance;TBD;General;TBD;reparacion de ejector quebrado en st12;no;no
2025-08-29;COVER LINE;Line 2;FORD;12:45;12:50;5;Equipment Fault;OMT;ST3;Pogopins;falla de pogo 2;no;no
2025-08-29;REA;Actuadores;3140CA029;15:43;15:46;3;Quality;Robots;R70;Vacuum system;Ventosas rotas, falla pick de gear 3 veces;no;no
2025-08-29;REA;Actuadores;3140CA029;15:37;15:39;2;Equipment Fault;620;620;Alphamatic Module;max force exceeded, se reduce posicion final .1 e igual los controles;no;no
2025-08-29;REA;Actuadores;3140CA029;15:27;15:32;5;Equipment Fault;Main conveyor;Main conveyor;Inductive sensor;Sensor pos nok, se ajusta posicion y altura antes de ensamble de magnet shaft;no;no
2025-08-29;REA;Actuadores;3140CA029;15:15;15:17;2;Maintenance;CHW;Consumables;Argon;cambio de tanque de argon;no;no
2025-08-29;REA;Actuadores;3140CA029;16:00;22:30;390;Maintenance;Main conveyor;Main conveyor;Lock NOK;Ajuste de posiciones locking y singulator, sensores y posiciones robot r70 y 75 en estacion 915 despues de mantenimiento mayor durante la semana;no;no
2025-08-29;COVER LINE;Line 1;FORD;12:30;12:32;2;Equipment Fault;Robots;R10;Incorrect pick/place;;no;no
2025-08-29;COVER LINE;Line 2;FORD;13:10;13:14;4;Equipment Fault;Terminal caps;ST94;Bowl/lineal feeder;fork atorado en riel;no;no
2025-08-29;COVER LINE;Line 2;FORD;13:23;13:27;4;Equipment Fault;Lip seal;ST74;Actuator;falla de vacío;no;no
2025-08-29;COVER LINE;Line 2;FORD;13:35;13:36;1;Equipment Fault;Terminal caps;ST94;Bowl/lineal feeder;fork atorado en bowl;no;no
2025-08-29;COVER LINE;Line 2;FORD;13:46;13:48;2;Equipment Fault;Terminal caps;ST94;Gripper;fork atorado en gripper;no;no
2025-08-29;COVER LINE;Line 2;FORD;13:52;13:53;1;Equipment Fault;ST30 Molding;General;TBD;terminal con tiro corto;no;no
2025-08-29;COVER LINE;Line 2;FORD;13:54;13:55;1;Equipment Fault;Terminal caps;ST94;Bowl/lineal feeder;fork atorado en bowl;no;no
2025-08-29;COVER LINE;Line 2;FORD;13:55;13:56;1;Equipment Fault;ST30 Molding;General;TBD;terminal doblada;no;no
2025-08-29;COVER LINE;Line 2;FORD;14:55;14:56;1;Equipment Fault;ST30 Molding;General;TBD;terminal con tiro corto;no;no
2025-08-29;COVER LINE;Line 2;FORD;15:25;15:26;1;Equipment Fault;Terminal caps;ST94;Bowl/lineal feeder;fork atorado en riel;no;no
2025-08-29;COVER LINE;Line 2;FORD;15:36;15:38;2;Equipment Fault;OMT;ST4;Profilometer;;no;no
2025-08-29;COVER LINE;Line 2;FORD;17:55;18:02;7;Equipment Fault;ST30 Molding;General;TBD;terminal con tiro corto;no;no
2025-08-29;COVER LINE;Line 2;FORD;16:45;17:30;45;Production;TBD;General;TBD;comunicación de cumpleaños;no;no
2025-08-29;COVER LINE;Line 2;FORD;18:18;18:20;2;Equipment Fault;Lip seal;ST74;Actuator;falla de vacío;no;no
2025-08-29;COVER LINE;Line 2;FORD;18:52;18:54;2;Equipment Fault;ST30 Molding;General;TBD;terminal mal insertada;no;no
2025-08-29;COVER LINE;Line 2;FORD;19:50;20:00;10;Equipment Fault;ST30 Molding;General;TBD;terminal doblada;no;no
2025-08-29;COVER LINE;Line 2;FORD;20:56;21:00;4;Equipment Fault;Terminal caps;ST94;Bowl/lineal feeder;fork atorado en bowl;no;no
2025-08-29;COVER LINE;Line 2;FORD;21:44;21:47;3;Equipment Fault;ST30 Molding;General;TBD;terminal mal insertada;no;no
2025-08-29;COVER LINE;Line 2;FORD;22:17;22:23;6;Equipment Fault;Terminal caps;ST95;Turntable;;no;no
2025-08-29;COVER LINE;Line 2;FORD;23:09;23:25;16;Equipment Fault;Terminal caps;ST94;Gripper;fork atorado en gripper;no;no
2025-08-29;COVER LINE;Line 2;FORD;23:40;23:45;5;Equipment Fault;ST30 Molding;General;TBD;terminal doblada;no;no
2025-09-01;REA;Actuadores;3140CA029;09:33;09:36;3;Maintenance;CHW;Consumables;Chip reel;Cambio;no;no
2025-09-01;REA;Actuadores;3140CA029;09:36;09:38;2;Equipment Fault;Robots;R33;Motion supervision/Joint collision;Coloca mal en CHW;no;no
2025-09-01;REA;Actuadores;3140CA029;09:39;09:41;2;Equipment Fault;915;915;Missing ogive;Caida;no;no
2025-09-01;REA;Actuadores;3140CA029;07:00;07:18;18;Equipment Fault;REA;General;TBD;MAT y EOL alarmadas por temperatura, AC apagado, temperatura alta 30C ambiental.;no;no
Se abren gabinetes, se espera un momento hasta que baja la temperatura;No;No
2025-09-01;REA;Actuadores;3140CA029;07:18;07:55;37;Quality;REA;General;SOP;Esperando liberacion, ajustes mientras tanto;si;no
2025-09-01;REA;Actuadores;3140CA029;07:55;08:30;35;Maintenance;USW;General;TBD;Ajustes para corrida controlada. Alineacion, nivelacion, calibracion, lubricacion, barrido de frecuencia, revision de parametros, ajuste tope mecanico mesa deslizable ratraido;no;no
2025-09-01;REA;Actuadores;3140CA029;08:41;08:49;8;Equipment Fault;Robots;R75;Incorrect pick/place;Ajuste posicion 940 place tras ajustes mecanicos (durante RW);no;no
2025-09-01;REA;Actuadores;3140CA029;09:11;09:20;9;Equipment Fault;Robots;R75;Incorrect pick/place;Ajuste 940 place tras ajustes mecanicos pos del jig, durante produccion normal;no;no
2025-09-01;REA;Actuadores;3140CA029;10:02;10:07;5;Equipment Fault;Conveyors;C85;Guides ;Ajuste en conveyor ya que se atoraban blister;no;no
2025-09-01;REA;Actuadores;3140CA029;10:15;10:18;3;Equipment Fault;USW;St14;Lower Jig;Se hace limpieza de jig por scrap consecutivo;no;no
2025-09-01;REA;Actuadores;3140CA029;10:19;10:32;13;Equipment Fault;USW;St11;Weld NOK;Paros por ajusyes en branson, se coloque cinta en area quemada por soldadura;no;no
2025-09-01;REA;Actuadores;3140CA029;10:40;10:43;3;Equipment Fault;Conveyors;General;Blister NOK/Wrong PN;Motor volteado, no lo detecta sensor de presencia;no;no
2025-09-01;REA;Actuadores;3140CA029;10:45;10:49;4;Equipment Fault;Robots;R75;Gripper/tool adjustments;Gripper no abre correctamente;no;no
2025-09-01;REA;Actuadores;3140CA029;10:55;10:58;3;Equipment Fault;Robots;R75;Gripper/tool adjustments;Gripper no abre correctamente;no;no
2025-09-01;REA;Actuadores;3140CA029;11:05;11:08;3;Equipment Fault;Conveyors;General;Blister NOK/Wrong PN;Motor volteado y no lo detectar sensor;no;no
2025-09-01;REA;Actuadores;3140CA029;11:13;11:18;5;Equipment Fault;Robots;R75;Gripper/tool adjustments;se pone cinta a gripper por falla constante al ensamblar cover;no;no
2025-09-01;REA;Actuadores;3140CA029;11:28;11:30;2;Equipment Fault;Robots;R65;Motion supervision/Joint collision;Robot colisiona al poner gear 2;no;no
2025-09-01;REA;Actuadores;3140CA029;13:52;14:30;38;Maintenance;USW;St14;Lower Jig;Se cambia a goma blanca poe pruebas de ingenieria;no;no
2025-09-01;REA;Actuadores;3140CA029;15:15;15:21;6;Maintenance;REA;General;Checklist;Inicio;no;no
2025-09-01;REA;Actuadores;3140CA029;15:45;15:46;1;Equipment Fault;915;915;Dart sensor;ogiva caida;no;no
2025-09-01;REA;Actuadores;3140CA029;15:49;15:51;2;Material/Logistics;730;730;Bowl/Lineal feeder;material nok (pin corto);no;no
2025-09-01;REA;Actuadores;3140CA029;17:53;17:55;2;Maintenance;CCC;Consumables;Resin;cambio de resina;no;no
2025-09-01;REA;Actuadores;3140CA029;19:23;19:24;1;Production;Aux;710;NOK material;motor en posicion incorrecta;no;no
2025-09-01;REA;Actuadores;3140CA029;15:11;15:13;2;Equipment Fault;915;915;Missing ogive;cae ojiva, se recupera;no;no
2025-09-01;REA;Actuadores;3140CA029;15:31;15:33;2;Equipment Fault;Main conveyor;Main conveyor;Lock NOK;pallet atorado en lock de 731, se requiere levantar;no;no
2025-09-01;REA;Actuadores;3140CA029;15:34;15:37;3;Equipment Fault;USW;St14;Lower Jig;Limpieza por scrap, corrida controlada;no;no
2025-09-01;REA;Actuadores;3140CA029;21:51;21:55;4;Equipment Fault;EOL;St4;CRIO NOK;reinicio de crio;no;no
2025-09-01;REA;Actuadores;3140CA029;22:13;22:14;1;Equipment Fault;Robots;R80;Gripper/tool adjustments;no abrio gripper 1;no;no
2025-09-01;REA;Actuadores;3140CA029;16:48;17:06;18;Equipment Fault;CAW;LSW;Vision system;Falla Inspeccion 2 de sistema de vision, se ajustan filtros;no;no
2025-09-01;REA;Actuadores;3140CA029;17:11;17:17;6;Equipment Fault;EOL;General;Software/PC;Reinicio, actualizacion automatica;no;no
2025-09-01;REA;Actuadores;3140CA029;18:27;18:32;5;Equipment Fault;CAW;LSW;Vision system;Falla Inspeccion 2 de sistema de vision, se ajustan filtros y apertura diafragma;no;no
2025-09-01;REA;Actuadores;3140CA029;23:20;23:22;2;Equipment Fault;Robots;R75;Gripper/tool adjustments;no abre gripper 4;no;no
2025-09-01;REA;Actuadores;3140CA029;23:28;23:30;2;Equipment Fault;Robots;R75;Gripper/tool adjustments;no abre gripper 4;no;no
2025-09-01;REA;Actuadores;3140CA029;23:59;23:59;1;Maintenance;USW;St14;Lower Jig;limpieza st14 [Paro cruza medianoche - Parte 1];no;no
2025-09-01;REA;Actuadores;3140CA029;00:00;00:02;2;Maintenance;USW;St14;Lower Jig;limpieza st14 [Paro cruza medianoche - Parte 2];no;no
2025-09-02;REA;Actuadores;3140CA029;00:24;00:26;2;Equipment Fault;915;915;Missing ogive;se cae ogiva;no;no
2025-09-02;REA;Actuadores;3140CA029;00:30;00:32;2;Equipment Fault;Robots;R75;Motion supervision/Joint collision;se queda parado y no abre gripper;no;no
2025-09-02;REA;Actuadores;3140CA029;00:36;00:38;2;Production;Conveyors;C37;Presence sensor;blister atorados;no;no
2025-09-02;REA;Actuadores;3140CA029;01:19;01:20;1;Equipment Fault;Robots;R75;Motion supervision/Joint collision;se queda en espera;no;no
2025-09-02;REA;Actuadores;3140CA029;01:20;01:22;2;Equipment Fault;Conveyors;C85;Belt;se queda blister atorado en piston;no;no
2025-09-02;REA;Actuadores;3140CA029;01:24;01:25;1;Equipment Fault;Robots;R80;Gripper/tool adjustments;gripper 1 no abre;no;no
2025-09-02;REA;Actuadores;3140CA029;01:36;01:38;2;Equipment Fault;EOL;St2;Gripper NOK;se repitio prueba;no;no
2025-09-02;REA;Actuadores;3140CA029;01:44;01:46;2;Equipment Fault;Robots;R75;Motion supervision/Joint collision;se queda poniendo cover;no;no
2025-09-02;REA;Actuadores;3140CA029;01:52;01:54;2;Equipment Fault;Robots;R80;Gripper/tool adjustments;no abre gripper 1;no;no
2025-09-02;REA;Actuadores;3140CA029;02:10;02:12;2;Equipment Fault;Conveyors;C85;Presence sensor;blister atorado;no;no
2025-09-02;REA;Actuadores;3140CA029;02:17;02:19;2;Equipment Fault;915;915;Missing ogive;ogiva caida;no;no
2025-09-02;REA;Actuadores;3140CA029;02:24;02:26;2;Equipment Fault;Robots;R70;Vacuum system;vacuum off;no;no
2025-09-02;REA;Actuadores;3140CA029;02:35;02:36;1;Equipment Fault;Robots;R75;Motion supervision/Joint collision;motion sup;no;no
2025-09-02;REA;Actuadores;3140CA029;02:40;02:47;7;Equipment Fault;MAT;St3;Locking piston;se queda abajo y atrapa pieza;no;no
2025-09-02;REA;Actuadores;3140CA029;02:50;02:52;2;Quality;Robots;R80;Gripper/tool adjustments;gripper 1 no abre;no;no
2025-09-02;REA;Actuadores;3140CA029;02:53;02:55;2;Equipment Fault;Robots;R70;Gripper/tool adjustments;no abre gripper;no;no
2025-09-02;REA;Actuadores;3140CA029;03:10;03:14;4;Maintenance;MAT;St3;Locking piston;pieza atorada en st3;no;no
2025-09-02;REA;Actuadores;3140CA029;03:19;03:20;1;Quality;Robots;R75;Motion supervision/Joint collision;falla no abre gripper y no se mueve;no;no
2025-09-02;REA;Actuadores;3140CA029;03:22;03:25;3;Maintenance;MAT;St3;Locking piston;pieza atorada en st3;no;no
2025-09-02;REA;Actuadores;3140CA029;03:30;03:32;2;Equipment Fault;Robots;R80;Gripper/tool adjustments;no abre gripper 1;no;no
2025-09-02;REA;Actuadores;3140CA029;03:41;03:43;2;Maintenance;CHW;Consumables;Chip reel;cambio de chip;no;no
2025-09-02;REA;Actuadores;3140CA029;04:08;04:10;2;Equipment Fault;Robots;R75;Gripper/tool adjustments;no abre gripper;no;no
2025-09-02;REA;Actuadores;3140CA029;04:17;04:18;1;Equipment Fault;Robots;R80;Gripper/tool adjustments;grippe 1 falla;no;no
2025-09-01;COVER LINE;Line 2;FORD;07:00;09:00;120;Maintenance;ST30 Molding;General;TBD;arranque;no;no
2025-09-01;COVER LINE;Line 2;FORD;09:01;09:02;1;Equipment Fault;Lip seal;ST74;Actuator;falla de vacío;no;no
2025-09-01;COVER LINE;Line 2;FORD;09:07;09:15;8;Equipment Fault;ST30 Molding;Injection system;Actuator;;no;no
2025-09-01;COVER LINE;Line 2;FORD;09:17;10:30;73;Equipment Fault;Robots;R120;Module error;falla de sensor de gripper;no;no
2025-09-01;COVER LINE;Line 2;FORD;10:43;10:45;2;Equipment Fault;ST30 Molding;Injection system;Actuator;;no;no
2025-09-01;COVER LINE;Line 2;FORD;11:10;11:11;1;Equipment Fault;ST30 Molding;General;TBD;terminal mal insertada;no;no
2025-09-01;COVER LINE;Line 2;FORD;11:30;12:15;45;Quality;TBD;General;TBD;prueba master en OMT;no;no
2025-09-01;COVER LINE;Line 2;FORD;14:08;14:11;3;Equipment Fault;Lip seal;ST74;Actuator;falla de vacío;no;no
2025-09-01;COVER LINE;Line 2;FORD;15:15;15:21;6;Equipment Fault;OMT;General;TBD;;no;no
2025-09-01;COVER LINE;Line 2;FORD;15:40;15:45;5;Equipment Fault;Terminal caps;ST94;Bowl/lineal feeder;fork atorado en riel;no;no
2025-09-01;COVER LINE;Line 2;FORD;16:20;16:23;3;Equipment Fault;Terminal caps;ST94;Bowl/lineal feeder;fork atorado en riel;no;no
2025-09-01;COVER LINE;Line 2;FORD;20:40;20:46;6;Equipment Fault;Terminal caps;ST94;Actuator;fork atorado en riel;no;no
2025-09-01;COVER LINE;Line 2;FORD;21:30;23:59;150;Maintenance;Terminal caps;ST94;Actuator;alineación riel del fork [Paro cruza medianoche - Parte 1];no;no
2025-09-01;COVER LINE;Line 2;FORD;00:00;02:00;120;Maintenance;Terminal caps;ST94;Actuator;alineación riel del fork [Paro cruza medianoche - Parte 2];no;no
2025-09-02;COVER LINE;Line 2;FORD;07:00;17:06;606;Production;TBD;General;TBD;paro programado;no;no
2025-09-01;COVER LINE;Line 2;FORD;17:00;20:00;180;Production;TBD;General;TBD;paro programado;no;no
2025-09-02;REA;Actuadores;3140CA029;09:50;09:54;4;Maintenance;CHW;Consumables;Argon;Cambio de argon;no;no
2025-09-02;REA;Actuadores;3140CA029;10:04;10:06;2;Equipment Fault;Robots;R80;Incorrect pick/place;Gripper no abre correctamente;no;no
2025-09-02;REA;Actuadores;3140CA029;10:15;10:17;2;Equipment Fault;Robots;R70;Vacuum system;Vacuum off;no;no
2025-09-02;REA;Actuadores;3140CA029;10:19;10:22;3;Equipment Fault;Robots;R70;Vacuum system;Vacuum off;no;no
2025-09-02;REA;Actuadores;3140CA029;10:28;10:33;5;Equipment Fault;Conveyors;C85;Guides ;Blister atorado con guias;no;no
2025-09-02;REA;Actuadores;3140CA029;11:07;11:08;1;Equipment Fault;Main conveyor;Main conveyor;Inductive sensor;Sensor no detectaba pallet;no;no
2025-09-02;REA;Actuadores;3140CA029;11:08;11:10;2;Equipment Fault;Robots;R80;Gripper/tool adjustments;gripper no abre correctamente;no;no
2025-09-02;REA;Actuadores;3140CA029;11:10;11:12;2;Equipment Fault;Robots;R70;Vacuum system;Vcuum off;no;no
2025-09-02;REA;Actuadores;3140CA029;11:18;11:20;2;Equipment Fault;Robots;R70;Vacuum system;Vacuum off;no;no
2025-09-02;REA;Actuadores;3140CA029;11:36;11:44;8;Equipment Fault;EOL;Jigs;Ingun actuator;Jig 2 ingun, tenia manguera rota, se reemplaza por una nueva;no;no
2025-09-02;REA;Actuadores;3140CA029;14:09;14:17;8;Equipment Fault;CAW;CPA;Feeder;Sensor falsa deteccion en crank, detectaba presencia cuando estaba vacio;no;no
2025-09-02;REA;Actuadores;3140CA029;14:19;14:22;3;Equipment Fault;Robots;R75;Motion supervision/Joint collision;Robot se alarma al ensamblar cover;no;no
2025-09-02;REA;Actuadores;3140CA029;16:24;16:28;4;Equipment Fault;Robots;R70;Gripper/tool adjustments;Pisador NOK, sin fixture, se traer cover al recoger ojiva;no;no
2025-09-02;REA;Actuadores;3140CA029;16:36;16:39;3;Equipment Fault;Robots;R75;Gripper/tool adjustments;gripper falla ensamble, por falta de gripper;no;no
2025-09-02;REA;Actuadores;3140CA029;19:33;19:35;2;Equipment Fault;915;915;Dart sensor;ogiva caida;no;no
2025-09-02;REA;Actuadores;3140CA029;20:00;20:01;1;Equipment Fault;Robots;R75;Motion supervision/Joint collision;motion supervision;no;no
2025-09-02;REA;Actuadores;3140CA029;20:53;20:55;2;Equipment Fault;915;915;SMC module;Ojiva cae;no;no
2025-09-02;REA;Actuadores;3140CA029;19:17;19:20;3;Equipment Fault;915;915;Missing ogive;Ojiva cae, ojiva nok;no;no
2025-09-02;REA;Actuadores;3140CA029;20:24;20:29;5;Equipment Fault;EOL;Jigs;Ingun actuator;Cable nuevo previamente reemplazado, falla st4 voltaje constante en jig 1, pendiente de revisar;no;no
2025-09-02;REA;Actuadores;3140CA029;23:05;23:10;5;Maintenance;CHW;Consumables;Chip reel;cambio de chip;no;no
2025-09-02;REA;Actuadores;3140CA029;23:10;23:13;3;Maintenance;CHW;Consumables;Argon;cambio de argon;no;no
2025-09-02;REA;Actuadores;3140CA029;23:20;23:25;5;Equipment Fault;EOL;General;Electrical system;falla, pierde comunicacion;no;no
2025-09-03;REA;Actuadores;3140CA029;00:07;00:09;2;Equipment Fault;CHW;St2;Vacuum system;st2 chip atorado;no;no
2025-09-03;REA;Actuadores;3140CA029;00:12;00:13;1;Equipment Fault;Robots;R75;Motion supervision/Joint collision;R75 se queda parado y no recoge pieza;no;no
2025-09-03;REA;Actuadores;3140CA029;00:18;00:19;1;Equipment Fault;Robots;R75;Gripper/tool adjustments;gripper no abre;no;no
2025-09-03;REA;Actuadores;3140CA029;00:24;00:25;1;Quality;Robots;R80;Gripper/tool adjustments;gripper 1 no abre;no;no
2025-09-03;REA;Actuadores;3140CA029;00:30;00:31;1;Equipment Fault;Robots;R75;Motion supervision/Joint collision;no abre gripper;no;no
2025-09-03;REA;Actuadores;3140CA029;00:35;00:36;1;Equipment Fault;Robots;R80;Gripper/tool adjustments;gripper 1 no abre;no;no
2025-09-03;REA;Actuadores;3140CA029;00:41;00:43;2;Equipment Fault;Robots;R75;Motion supervision/Joint collision;falla R75;no;no
2025-09-03;REA;Actuadores;3140CA029;00:47;00:49;2;Equipment Fault;Robots;R80;Gripper/tool adjustments;falla R80;no;no
2025-09-03;REA;Actuadores;3140CA029;00:52;00:54;2;Equipment Fault;Robots;R80;Motion supervision/Joint collision;No abre gripper 1;no;no
2025-09-03;REA;Actuadores;3140CA029;01:04;01:09;5;Maintenance;Robots;R80;Gripper/tool adjustments;cambio de sensor dañado;no;no
2025-09-03;REA;Actuadores;3140CA029;01:25;01:30;5;Maintenance;Robots;R75;Gripper/tool adjustments;ajuste a gripper 4;no;no
2025-09-03;REA;Actuadores;3140CA029;01:38;01:40;2;Equipment Fault;Robots;R80;Gripper/tool adjustments;no abre gripper 1;no;no
2025-09-03;REA;Actuadores;3140CA029;01:49;01:51;2;Equipment Fault;731;731;Feed piston;pin chueco;no;no
2025-09-03;REA;Actuadores;3140CA029;02:07;02:09;2;Equipment Fault;CHW;St2;Vacuum system;chip atorado;no;no
2025-09-03;REA;Actuadores;3140CA029;02:19;02:22;3;Production;Conveyors;C31;Presence sensor;charola invertida;no;no
2025-09-03;REA;Actuadores;3140CA029;02:36;02:38;2;Equipment Fault;MAT;St3;Feeder;tornillo atorado;no;no
2025-09-03;REA;Actuadores;3140CA029;02:45;02:47;2;Quality;Robots;R75;Gripper/tool adjustments;gripper no abre;no;no
2025-09-03;REA;Actuadores;3140CA029;02:54;02:55;1;Equipment Fault;Robots;R70;Vacuum system;vacuum off;no;no
2025-09-03;REA;Actuadores;3140CA029;03:12;03:14;2;Equipment Fault;CHW;St2;Vision system;chip adelantado;no;no
2025-09-03;REA;Actuadores;3140CA029;03:24;03:26;2;Equipment Fault;Robots;R80;Gripper/tool adjustments;gripper 1 no abre;no;no
2025-09-03;REA;Actuadores;3140CA029;03:37;03:39;2;Equipment Fault;Robots;R75;Motion supervision/Joint collision;R75 no coloca cover;no;no
2025-09-03;REA;Actuadores;3140CA029;03:47;03:48;1;Equipment Fault;Robots;R75;Motion supervision/Joint collision;no abre gripper;no;no
2025-09-03;REA;Actuadores;3140CA029;04:15;04:17;2;Equipment Fault;731;731;Feed piston;pin chueco;no;no
2025-09-03;REA;Actuadores;3140CA029;04:26;04:27;1;Quality;Conveyors;C65;Presence sensor;blister atorado en piston;no;no
2025-09-03;REA;Actuadores;3140CA029;04:33;04:35;2;Equipment Fault;Robots;R80;Gripper/tool adjustments;gripper 1 no abre;no;no
2025-09-03;REA;Actuadores;3140CA029;04:40;04:42;2;Equipment Fault;Robots;R75;Gripper/tool adjustments;gripper no abre;no;no
2025-08-29;COVER LINE;Line 1;FORD;12:30;12:32;2;Equipment Fault;Robots;R10;Incorrect pick/place;vonveyo;no;no
2025-09-01;COVER LINE;Line 1;FORD;07:00;08:35;95;Maintenance;ST70 Molding;General;TBD;arranque;no;no
2025-09-01;COVER LINE;Line 1;FORD;09:18;09:20;2;Equipment Fault;Robots;R10;Incorrect pick/place;conveyo cilindro 4 no llega a posición;no;no
2025-09-01;COVER LINE;Line 1;FORD;12:30;12:35;5;Production;ST70 Molding;General;TBD;paro por comida;no;no
2025-09-02;COVER LINE;Line 1;FORD;07:00;07:25;25;Maintenance;ST70 Molding;General;TBD;arranque;no;no
2025-09-02;COVER LINE;Line 1;FORD;08:00;08:45;45;Production;ST70 Molding;General;TBD;paro por desayuno;no;no
2025-09-02;COVER LINE;Line 1;FORD;12:00;12:50;50;Production;ST70 Molding;General;TBD;paro por comida;no;no
2025-09-02;COVER LINE;Line 1;FORD;14:25;14:40;15;Equipment Fault;ST70 Molding;General;PLC ;falla de comunicación;no;no
2025-09-02;COVER LINE;Line 1;FORD;15:30;15:50;20;Equipment Fault;ST70 Molding;General;PLC ;falla de comunicación;no;no
2025-09-02;COVER LINE;Line 1;FORD;17:00;23:59;420;Production;ST70 Molding;General;TBD;paro programado [Paro cruza medianoche - Parte 1];no;no
2025-09-02;COVER LINE;Line 1;FORD;00:00;02:00;120;Production;ST70 Molding;General;TBD;paro programado [Paro cruza medianoche - Parte 2];no;no
2025-09-03;COVER LINE;Line 1;FORD;07:00;17:00;600;Production;ST70 Molding;General;TBD;paro programado;no;no
2025-09-02;COVER LINE;Line 2;FORD;17:06;23:59;414;Production;ST30 Molding;General;TBD;paro programado [Paro cruza medianoche - Parte 1];no;no
2025-09-02;COVER LINE;Line 2;FORD;00:00;02:00;120;Production;ST30 Molding;General;TBD;paro programado [Paro cruza medianoche - Parte 2];no;no
2025-09-03;COVER LINE;Line 2;FORD;07:00;17:06;606;Production;ST30 Molding;General;TBD;paro programado;no;no
2025-09-03;REA;Actuadores;3140CA029;15:18;15:19;1;Equipment Fault;750;750;Alphamatic Module;no continuo ciclo;no;no
2025-09-03;REA;Actuadores;3140CA029;15:20;15:21;1;Quality;Aux;710;NOK material;motor en blister mal orientado;no;no
2025-09-03;REA;Actuadores;3140CA029;15:10;15:11;1;Quality;Aux;710;NOK material;motor en blister mal orientado;no;no
2025-09-03;REA;Actuadores;3140CA029;15:24;15:28;4;Equipment Fault;CHW;St5;Vision system;Revision/Ajuste Orlando;no;no
2025-09-03;REA;Actuadores;3140CA029;17:28;17:30;2;Equipment Fault;915;915;Dart sensor;agiva caida;no;no
2025-09-03;REA;Actuadores;3140CA029;17:38;17:43;5;Equipment Fault;EOL;General;Safety system;alarma de safety interrumpio puebas de actuadores;no;no
2025-09-03;REA;Actuadores;3140CA029;18:40;18:45;5;Equipment Fault;CHW;St2;SCARA Pick/Place;problemas con chip;no;no
2025-09-03;REA;Actuadores;3140CA029;19:00;19:04;4;Equipment Fault;731;731;Feed piston;pin inclinado (se atendio tarde por andar atendiendo actuadores y moldeo);no;no
2025-09-03;REA;Actuadores;3140CA029;19:10;19:15;5;Equipment Fault;EOL;General;Safety system;safety activado interrumpiendo pruebas;no;no
2025-09-03;REA;Actuadores;3140CA029;18:37;18:38;1;Maintenance;CHW;Consumables;Argon;cambio de gas argon;no;no
2025-09-03;REA;Actuadores;3140CA029;20:32;21:02;30;Equipment Fault;Main conveyor;Main conveyor;Lock NOK;Pallets constantemente atorandose en lock de 731, ajuste final implico ajustar estranguladores de lock, hubieron varios paros de logica por atender entre los ajustes;no;no
2025-09-03;REA;Actuadores;3140CA029;21:16;21:23;7;Equipment Fault;Robots;R80;Gripper/tool adjustments;Atorado multiples veces en place de 974 por actuador que se desliza, se agrega mas grip;no;no
2025-09-03;REA;Actuadores;3140CA029;22:07;22:38;31;Equipment Fault;Robots;R80;Gripper/tool adjustments;gripper 1 no abre;no;no
2025-09-03;REA;Actuadores;3140CA029;22:41;22:44;3;Equipment Fault;Main conveyor;Main conveyor;Lock NOK;locking de st731 no cierra;no;no
2025-09-03;REA;Actuadores;3140CA029;22:49;22:50;1;Quality;Robots;R80;Gripper/tool adjustments;gripper 1 no abre;no;no
2025-09-03;REA;Actuadores;3140CA029;23:04;23:06;2;Equipment Fault;Robots;R80;Gripper/tool adjustments;gripper 1 no abre;no;no
2025-09-03;REA;Actuadores;3140CA029;23:12;23:14;2;Equipment Fault;731;731;Feed piston;pin chueco;no;no
2025-09-03;REA;Actuadores;3140CA029;23:19;23:21;2;Equipment Fault;Main conveyor;Main conveyor;Lock NOK;locking atorado;no;no
2025-09-03;REA;Actuadores;3140CA029;23:26;23:27;1;Equipment Fault;Robots;R80;Gripper/tool adjustments;gripper 1 no abre;no;no
2025-09-03;REA;Actuadores;3140CA029;23:38;23:40;2;Equipment Fault;Main conveyor;Main conveyor;Lock NOK;pallet atorado en locking;no;no
2025-09-03;REA;Actuadores;3140CA029;23:47;23:48;1;Equipment Fault;Conveyors;C31;Presence sensor;charola de covers atorada en piston;no;no
2025-09-03;REA;Actuadores;3140CA029;23:54;23:56;2;Equipment Fault;Robots;R80;Gripper/tool adjustments;gripper 1 no abre;no;no
2025-09-04;REA;Actuadores;3140CA029;00:09;00:10;1;Maintenance;Robots;R80;Gripper/tool adjustments;se coloca cinta en griper 1;no;no
2025-09-04;REA;Actuadores;3140CA029;00:15;00:20;5;Maintenance;CHW;Consumables;Chip reel;cambio de chip;no;no
2025-09-04;REA;Actuadores;3140CA029;00:25;00:28;3;Maintenance;MAT;St4;Power supply CRIO;se alrama MAT por crio se da reset;no;no
2025-09-04;REA;Actuadores;3140CA029;01:08;01:10;2;Equipment Fault;Robots;R80;Gripper/tool adjustments;gripper 1 no abre;no;no
2025-09-04;REA;Actuadores;3140CA029;01:15;01:18;3;Maintenance;Main conveyor;Main conveyor;Lock NOK;ajuste de locking st731;no;no
2025-09-04;REA;Actuadores;3140CA029;01:26;01:28;2;Equipment Fault;731;731;Presence sensor;pin chueco;no;no
2025-09-04;REA;Actuadores;3140CA029;01:34;01:36;2;Equipment Fault;CHW;St2;SCARA Pick/Place;chip atorado st2;no;no
2025-09-04;REA;Actuadores;3140CA029;01:45;01:47;2;Quality;915;915;Vision system;ogiva se cae;no;no
2025-09-04;REA;Actuadores;3140CA029;01:54;01:55;1;Equipment Fault;Robots;R80;Gripper/tool adjustments;gripper 1 no abre;no;no
2025-09-04;REA;Actuadores;3140CA029;02:18;02:20;2;Production;Conveyors;C85;Presence sensor;sin blister el conveyor;no;no
2025-09-04;REA;Actuadores;3140CA029;02:34;02:37;3;Equipment Fault;CAW;General;NOK material;CAW se quede sin avanzar;no;no
2025-09-04;REA;Actuadores;3140CA029;02:49;02:50;1;Maintenance;Robots;R80;Scheduled maintenance;se coloca cinta en gripper 1;no;no
2025-09-04;REA;Actuadores;3140CA029;02:54;02:56;2;Equipment Fault;Robots;R80;Motion supervision/Joint collision;se atora en la caja de scrap;no;no
2025-09-04;REA;Actuadores;3140CA029;03:32;03:35;3;Equipment Fault;915;915;Vision system;se cae ogiva;no;no
2025-09-04;REA;Actuadores;3140CA029;03:59;04:13;14;Maintenance;REA;General;Checklist;checklist 500 pzs.;si;no
2025-09-04;REA;Actuadores;3140CA029;04:20;04:22;2;Quality;731;731;Feed piston;pin chueco;no;no
2025-09-04;REA;Actuadores;3140CA029;04:37;04:39;2;Equipment Fault;Conveyors;C36;Presence sensor;se atora blister en piston;no;no
2025-09-04;REA;Actuadores;3140CA029;07:00;07:10;10;Maintenance;REA;General;Checklist;Checklist;si;no
2025-09-04;REA;Actuadores;3140CA029;07:10;07:30;20;Maintenance;REA;General;Scheduled production stop;Paro programado para rework;no;no
2025-09-04;REA;Actuadores;3140CA029;07:35;07:40;5;Equipment Fault;USW;St14;Lower Jig;Se revisa jig por scrap alto, se hace limpieza y se revisan piezas;no;no
2025-09-04;REA;Actuadores;3140CA029;07:43;07:48;5;Equipment Fault;CAW;CPA;Feeder;Sensor de presencia de crank se queda activado cuando esta vacia la guia;no;no
2025-09-04;REA;Actuadores;3140CA029;08:52;08:54;2;Equipment Fault;Robots;R65;Motion supervision/Joint collision;Motion supervision al ensamblar gear 2;no;no
2025-09-04;REA;Actuadores;3140CA029;07:58;08:02;4;Equipment Fault;CAW;CPA;Feeder;Sensor de presencia se queda activado cuando esta vacio la guia, caw manda time out por ausencia de crank. se limpia sensor;no;no
2025-09-04;REA;Actuadores;3140CA029;08:09;08:12;3;Equipment Fault;750;750;Bowl/Lineal feeder;Herramienta atorada por lineal feeder y no continua ciclo;no;no
2025-09-04;REA;Actuadores;3140CA029;10:38;10:43;5;Equipment Fault;Robots;R75;Gripper/tool adjustments;Se cambia cinta por paro consecutivos al ensamblar cover en st 915;no;no
2025-09-04;REA;Actuadores;3140CA029;11:13;11:23;10;Equipment Fault;730;730;Presence sensor;falsa deteccion de presencia por basura;no;no
2025-09-03;COVER LINE;Line 2;FORD;17:07;17:27;20;Maintenance;ST30 Molding;General;TBD;arranque;no;no
2025-09-03;COVER LINE;Line 2;FORD;17:55;18:07;12;Equipment Fault;ST30 Molding;Injection system;Actuator;;no;no
2025-09-03;COVER LINE;Line 2;FORD;19:52;19:59;7;Equipment Fault;OMT;General;PLC ;;no;no
2025-09-03;COVER LINE;Line 2;FORD;21:53;22:01;8;Equipment Fault;Robots;R10;Module error;robot alarmado por esfierzo en eje;no;no
2025-09-03;COVER LINE;Line 2;FORD;22:07;22:09;2;Equipment Fault;Terminal caps;ST94;Bowl/lineal feeder;fork atorado en bowl;no;no
2025-09-03;COVER LINE;Line 2;FORD;23:03;23:07;4;Equipment Fault;Lip seal;ST74;Actuator;falla de vacío;no;no
2025-09-04;COVER LINE;Line 2;FORD;00:05;00:11;6;Equipment Fault;Terminal caps;ST94;Bowl/lineal feeder;fork atorado en bowl;no;no
2025-09-04;COVER LINE;Line 2;FORD;00:50;00:56;6;Equipment Fault;OMT;ST7;Laser;perdida de comunicación;no;no
2025-09-04;REA;Actuadores;3140CA029;23:43;23:48;5;Equipment Fault;MSA;MSA;Sensor de presencia;No detectaba pieza y no continuaba ciclo;no;no
2025-09-04;REA;Actuadores;3140CA029;12:06;12:08;2;Equipment Fault;Main conveyor;Main conveyor;Inductive sensor;Sensor no detectaba pallet;no;no
2025-09-04;REA;Actuadores;3140CA029;12:13;12:15;2;Equipment Fault;Main conveyor;Main conveyor;Inductive sensor;Sensor no detectaba pallet;no;no
2025-09-04;REA;Actuadores;3140CA029;12:22;12:26;4;Equipment Fault;USW;St14;Lower Jig;Limpieza de jig por rebaba acumulada;no;no
2025-09-04;REA;Actuadores;3140CA029;12:35;12:37;2;Maintenance;CHW;St4;Pressor;limpieza de pressor;no;no
2025-09-04;REA;Actuadores;3140CA029;12:42;12:46;4;Equipment Fault;CHW;St5;Vision system;Se revisa sistema de vision por falso scrap en inspeccion de area;no;no
2025-09-04;REA;Actuadores;3140CA029;12:50;12:53;3;Maintenance;CHW;St2;SCARA Pick/Place;Se hace cambio de receta en scara ya que tenia de GM y se cambia rl pick place a ford;no;no
2025-09-04;REA;Actuadores;3140CA029;13:22;13:26;4;Equipment Fault;750;750;Bowl/Lineal feeder;Feed piston queda atorado con lineal feeder;no;no
2025-09-04;REA;Actuadores;3140CA029;13:26;13:29;3;Equipment Fault;Robots;R70;Incorrect pick/place;Toma de manera incorrecto pick and place;no;no
2025-09-04;REA;Actuadores;3140CA029;18:33;18:38;5;Equipment Fault;MAT;St6;Dispensation system;problemas con dispensacion se cambio grasa;no;no
2025-09-04;REA;Actuadores;3140CA029;19:19;19:24;5;Maintenance;CHW;Consumables;Chip reel;cambio de chip;no;no
2025-09-04;REA;Actuadores;3140CA029;19:50;20:00;10;Equipment Fault;CAW;CPA;SCARA;Scara no continua ciclo, se guardan logs y checklist;si;no
2025-09-04;REA;Actuadores;3140CA029;21:32;21:42;10;Equipment Fault;Robots;R75;Incorrect pick/place;Colision constante con body, tumba ojiva, se mueve offset de 2.7 a 2.4 en x en posiciones auxiliares de pick de cover para ensamblar;no;no
2025-09-04;REA;Actuadores;3140CA029;23:09;23:12;3;Maintenance;MAT;Consumables;Grease;cambio de grasa;no;no
2025-09-04;REA;Actuadores;3140CA029;23:16;23:18;2;Equipment Fault;915;915;Missing ogive;ogiva caida;no;no
2025-09-04;REA;Actuadores;3140CA029;23:25;23:27;2;Equipment Fault;915;915;Missing ogive;ogiva caide;no;no
2025-09-04;REA;Actuadores;3140CA029;23:34;23:35;1;Equipment Fault;731;731;Feed piston;reset (piston no baja );no;no
2025-09-04;REA;Actuadores;3140CA029;23:40;23:41;1;Equipment Fault;Robots;R70;Vacuum system;vacuum R70 no agarra Gear;no;no
2025-09-04;REA;Actuadores;3140CA029;23:55;23:56;1;Equipment Fault;731;731;Feed piston;reset (piston no baja);no;no
2025-09-05;REA;Actuadores;3140CA029;00:26;00:27;1;Equipment Fault;Robots;R65;Motion supervision/Joint collision;se cae gear;no;no
2025-09-05;REA;Actuadores;3140CA029;00:49;00:51;2;Equipment Fault;Conveyors;C31;Presence sensor;blister atorado en piston;no;no
2025-09-05;REA;Actuadores;3140CA029;01:12;01:14;2;Maintenance;Robots;R70;Scheduled maintenance;cambio de ventosas;no;no
2025-09-05;REA;Actuadores;3140CA029;01:39;01:41;2;Equipment Fault;MAT;St3;Feeder;tornillo atorado;no;no
2025-09-05;REA;Actuadores;3140CA029;01:50;02:00;10;Maintenance;CAW;Jig/Index;Index not in home;ajuste no llegaba a posición;no;no
2025-09-05;REA;Actuadores;3140CA029;02:10;02:15;5;Maintenance;REA;General;Checklist;checklist por 500 pzs.;si;no
2025-09-05;REA;Actuadores;3140CA029;02:38;02:40;2;Equipment Fault;Robots;R70;Motion supervision/Joint collision;se cae gear;no;no
2025-09-05;REA;Actuadores;3140CA029;03:09;03:11;2;Equipment Fault;731;731;Feed piston;piston no baja (reset);no;no
2025-09-05;REA;Actuadores;3140CA029;03:19;03:22;3;Equipment Fault;730;730;Feed piston;pin atorado en feeder;no;no
2025-09-05;REA;Actuadores;3140CA029;03:24;03:25;1;Quality;731;731;Presence sensor;pin chueco;no;no
2025-09-05;REA;Actuadores;3140CA029;03:47;03:50;3;Quality;915;915;Missing ogive;ogiva caida;no;no
2025-09-05;REA;Actuadores;3140CA029;04:10;04:12;2;Maintenance;Robots;R70;Scheduled maintenance;se cae ventosa;no;no
2025-09-05;REA;Actuadores;3140CA029;04:23;04:24;1;Equipment Fault;Robots;R65;Vacuum system;vacuum off;no;no
2025-09-05;REA;Actuadores;3140CA029;04:36;04:38;2;Equipment Fault;731;731;Presence sensor;pin chueco;no;no
2025-09-05;REA;Actuadores;3140CA029;04:44;04:46;2;Equipment Fault;Conveyors;C31;Presence sensor;blister atorado en piston;no;no
2025-09-05;REA;Actuadores;3140CA029;04:56;04:58;2;Equipment Fault;915;915;Missing ogive;se cae ogiva;no;no
2025-09-04;COVER LINE;Line 2;FORD;17:00;18:20;80;Production;TBD;General;TBD;curso NOM-011 ruiso;no;no
2025-09-05;REA;Actuadores;3140CA029;07:00;07:10;10;Equipment Fault;REA;General;Checklist;Checklist;si;no
2025-09-04;COVER LINE;Line 2;FORD;18:20;18:30;10;Maintenance;ST30 Molding;General;TBD;arranque;no;no
2025-09-04;COVER LINE;Line 2;FORD;19:05;19:13;8;Equipment Fault;ST30 Molding;Injection system;Actuator;;no;no
2025-09-04;COVER LINE;Line 2;FORD;19:42;19:46;4;Equipment Fault;Terminal caps;ST94;Bowl/lineal feeder;fork atorado en bowl;no;no
2025-09-04;COVER LINE;Line 2;FORD;20:07;20:11;4;Equipment Fault;Terminal caps;ST95;Turntable;;no;no
2025-09-04;COVER LINE;Line 2;FORD;20:19;20:22;3;Equipment Fault;Terminal caps;ST94;Bowl/lineal feeder;fork atorado en bowl;no;no
2025-09-04;COVER LINE;Line 2;FORD;22:20;22:29;9;Equipment Fault;Terminal caps;ST94;Bowl/lineal feeder;fork atorado en bowl;no;no
2025-09-05;COVER LINE;Line 2;FORD;00:07;12:37;750;Equipment Fault;Terminal caps;ST94;Bowl/lineal feeder;fork atorado en bowl;no;no
2025-09-05;REA;Actuadores;3140CA029;07:12;07:18;6;Equipment Fault;Robots;R70;Motion supervision/Joint collision;Se revisa robot por colision al ensamblar cover, la condicion era que colisionaba con una esquina del body;no;no
2025-09-05;REA;Actuadores;3140CA029;07:21;07:25;4;Equipment Fault;CCC;General;PLC ;No gira completamenta la mesa, se gira manual hasta llegar a posicion correcta;no;no
2025-09-05;REA;Actuadores;3140CA029;07:27;07:31;4;Equipment Fault;Main conveyor;Main conveyor;RFID Reader;Se saca pallet ya que ocasionaba problemas en st 731 en repetidas ocasiones;no;no
2025-09-05;REA;Actuadores;3140CA029;07:46;07:48;2;Equipment Fault;Robots;R70;Vacuum system;vacuum off;no;no
2025-09-05;REA;Actuadores;3140CA029;07:48;07:56;8;Production;REA;General;Scheduled production stop;Rework en leak test;no;no
2025-09-05;REA;Actuadores;3140CA029;08:04;08:09;5;Equipment Fault;620;620;Bowl/Lineal feeder;Piston lineal no abria correctamente ya que se atoraba con la punta de inseccion de prensa;no;no
2025-09-05;REA;Actuadores;3140CA029;08:14;08:18;4;Equipment Fault;Main conveyor;Main conveyor;Inductive sensor;Sensor no detectaba pallet en st 731;no;no
2025-09-05;REA;Actuadores;3140CA029;09:32;09:40;8;Equipment Fault;CAW;Jig/Index;Blade orienter actuator;tornillo de blade ocasionaba que se atorara el piston y no tenia avance de carrera;no;no
2025-09-05;REA;Actuadores;3140CA029;10:15;10:20;5;Equipment Fault;731;731;Bowl/Lineal feeder;Lineal feeder sale cuando piston de prensa esta abajo, causando colision;no;no
2025-09-05;REA;Actuadores;3140CA029;23:40;23:46;6;Maintenance;REA;General;Checklist;checklist 500 pz;si;no
2025-09-05;REA;Actuadores;3140CA029;11:46;12:02;16;Maintenance;USW;SCARA;Pick/Place;Se revisa pick and place de robot scara por mal agarre de actuador;no;no
2025-09-05;REA;Actuadores;3140CA029;12:30;12:32;2;Equipment Fault;915;915;Missing ogive;se cae ojiva;no;no
2025-09-05;REA;Actuadores;3140CA029;13:54;13:59;5;Maintenance;CHW;Consumables;Chip reel;Cambio de chip;no;no
2025-09-05;REA;Actuadores;3140CA029;15:00;15:02;2;Equipment Fault;915;915;Dart sensor;ogiva caida;no;no
2025-09-05;REA;Actuadores;3140CA029;15:20;15:22;2;Maintenance;Robots;R75;Gripper/tool adjustments;cambio de cinta en gripper;no;no
2025-09-05;REA;Actuadores;3140CA029;15:33;15:38;5;Maintenance;CCC;Consumables;Resin;relleno de recina;no;no
2025-09-05;REA;Actuadores;3140CA029;15:38;15:39;1;Maintenance;CHW;St4;Pressor;limpieza de pines;no;no
2025-09-05;REA;Actuadores;3140CA029;15:49;15:50;1;Equipment Fault;915;915;Dart sensor;ogiva caida;no;no
2025-09-05;REA;Actuadores;3140CA029;18:17;18:19;2;Maintenance;MAT;Consumables;Grease;cambio de grasa;no;no
2025-09-05;REA;Actuadores;3140CA029;21:50;22:18;28;Equipment Fault;MAT;St6;Grease sensor;Driver falla en cada pieza, causa scraps y no continua ciclo, se pierde logica robot, Pallet mat y mat;no;no
2025-09-05;REA;Actuadores;3140CA029;22:18;22:30;12;Equipment Fault;CAW;CPA;SCARA;No continua ciclo 2 veces seguidas, checklist;si;no
2025-09-05;REA;Actuadores;3140CA029;19:19;19:58;39;Equipment Fault;Robots;R75;Incorrect pick/place;colision constante con body, se ajusta pick de cover y posiciones auxiliares, gripper nok de ojiva, se ajusta posicion tambien;no;no
2025-09-05;REA;Actuadores;3140CA029;22:35;22:40;5;Equipment Fault;MAT;St6;Grease sensor;se alarma st6;no;no
2025-09-05;REA;Actuadores;3140CA029;22:44;22:48;4;Equipment Fault;MAT;St6;Grease sensor;se alarma st6;no;no
2025-09-05;REA;Actuadores;3140CA029;22:50;23:15;25;Maintenance;MAT;St6;Grease sensor;ajuste en st6 por alarma de grasa;no;no
2025-09-05;REA;Actuadores;3140CA029;23:18;23:20;2;Equipment Fault;Robots;R70;Vacuum system;vaccum off;no;no
2025-09-05;REA;Actuadores;3140CA029;23:38;23:40;2;Equipment Fault;Conveyors;C36;Presence sensor;blister atorado;no;no
2025-09-05;REA;Actuadores;3140CA029;23:47;23:48;1;Equipment Fault;Robots;R65;Motion supervision/Joint collision;no coloca Gear en posicion;no;no
2025-09-05;REA;Actuadores;3140CA029;23:52;23:57;5;Equipment Fault;731;731;Feed piston;reset (no baja piston);no;no
2025-09-05;REA;Actuadores;3140CA029;23:56;23:57;1;Equipment Fault;Robots;R70;Vacuum system;vacuum off;no;no
2025-09-06;REA;Actuadores;3140CA029;00:34;00:36;2;Equipment Fault;Conveyors;C31;Presence sensor;blister atorado;no;no
2025-09-06;REA;Actuadores;3140CA029;01:26;01:32;6;Equipment Fault;MSA;General;Electrical system;falla de MSA se resetea ciclo;no;no
2025-09-06;REA;Actuadores;3140CA029;01:40;01:42;2;Equipment Fault;731;731;Presence sensor;pin chueco;no;no
2025-09-06;REA;Actuadores;3140CA029;01:49;01:50;1;Equipment Fault;Robots;R80;Gripper/tool adjustments;no abre gripper 1;no;no
2025-09-06;REA;Actuadores;3140CA029;02:10;02:13;3;Maintenance;CHW;Consumables;Argon;cambio de argon;no;no
2025-09-06;REA;Actuadores;3140CA029;02:26;02:36;10;Equipment Fault;MAT;St6;Grease sensor;falla se activa alarma de st6;no;no
2025-09-06;REA;Actuadores;3140CA029;02:48;02:49;1;Maintenance;Robots;R70;Vacuum system;cambio de ventosas;no;no
2025-09-06;REA;Actuadores;3140CA029;02:54;02:56;2;Equipment Fault;Robots;R80;Gripper/tool adjustments;no abre gripper 1;no;no
2025-09-06;REA;Actuadores;3140CA029;03:26;03:28;2;Equipment Fault;731;731;Presence sensor;doble pin;no;no
2025-09-06;REA;Actuadores;3140CA029;03:45;03:46;1;Equipment Fault;Robots;R65;Motion supervision/Joint collision;no coloca gear;no;no
2025-09-06;REA;Actuadores;3140CA029;04:14;04:16;2;Equipment Fault;CHW;St2;SCARA Pick/Place;chip atorado;no;no
2025-09-06;REA;Actuadores;3140CA029;04:27;04:29;2;Production;Conveyors;C31;Presence sensor;blister al revés;no;no
2025-09-06;REA;Actuadores;3140CA029;04:36;04:38;2;Production;Conveyors;General;NOK material;motor invertido;no;no
2025-09-06;REA;Actuadores;3140CA029;04:43;04:44;1;Equipment Fault;Robots;R75;Motion supervision/Joint collision;no coloca cover;no;no
2025-09-06;REA;Actuadores;3140CA029;04:51;04:52;1;Equipment Fault;Robots;R65;Motion supervision/Joint collision;no coloca gear;no;no
2025-09-06;REA;Actuadores;3140CA029;03:30;03:35;5;Maintenance;REA;General;Checklist;checklist 500 pz.;si;no
2025-09-06;REA;Actuadores;3140CA029;05:20;05:21;1;Equipment Fault;Robots;R70;Vacuum system;vacuum off;no;no
2025-09-06;REA;Actuadores;3140CA029;05:28;05:30;2;Equipment Fault;731;731;Feed piston;piston no baja;no;no
2025-09-06;REA;Actuadores;3140CA029;05:36;05:38;2;Equipment Fault;620;620;Feed piston;se queda poniendo balero;no;no
2025-09-06;REA;Actuadores;3140CA029;05:44;05:46;2;Equipment Fault;Robots;R80;Gripper/tool adjustments;no abre gripper 1;no;no
2025-09-06;REA;Actuadores;3140CA029;05:51;05:52;1;Equipment Fault;Robots;R75;Motion supervision/Joint collision;no coloca cover;no;no
2025-09-06;REA;Actuadores;3140CA029;07:05;07:15;10;Equipment Fault;REA;General;Checklist;Checklist;si;no
2025-09-06;REA;Actuadores;3140CA029;07:16;07:26;10;Equipment Fault;REA;General;Scheduled production stop;Rework en leak test;no;no
2025-09-06;REA;Actuadores;3140CA029;08:27;09:40;73;Equipment Fault;MAT;St6;Dispensation system;Driver se alarmaba y aparte dispensaba mucha grasa en una sola terminal, se limpia exceso de grasa;no;no
2025-09-03;REA;Actuadores;3140CA029;07:00;13:53;413;Maintenance;REA;General;Scheduled maintenance;Cambio de sonotrodo, alinacion, nivelacion, encontrar parametros de funcionamiento, pruebas.;no;no
Durante el proceso se detectan condiciones en branson como fuga interna de aire, y parte mecanica bloqueada (oxido) que se atienden para correcto funcionamiento.;No;No
2025-09-03;REA;Actuadores;3140CA029;14:50;14:55;5;Equipment Fault;REA;General;Pneumatic System;Compresor alarmado;no;no
2025-09-06;REA;Actuadores;3140CA029;15:40;15:43;3;Equipment Fault;915;915;Missing ogive;Cae ojiva, se encuentra a un lado del conveyor;no;no
2025-09-06;REA;Actuadores;3140CA029;16:17;16:24;7;Equipment Fault;MSA;MSA;Sensor de presencia;No llega a posicion home, se requiere entrar a la linea y resetear manual;no;no
2025-09-06;REA;Actuadores;3140CA029;20:08;20:11;3;Maintenance;CHW;Consumables;Argon;cambio de tanque;no;no
2025-09-06;REA;Actuadores;3140CA029;20:40;20:45;5;Equipment Fault;Robots;R65;Motion supervision/Joint collision;2 colisiones, al colocar gear, desconocida causa de fallo, al colocar magnet por pallet avanzado;no;no
2025-09-06;REA;Actuadores;3140CA029;20:56;20:57;1;Equipment Fault;Robots;R65;Vacuum system;vacuum off;no;no
2025-09-06;REA;Actuadores;3140CA029;17:08;18:15;67;Equipment Fault;Main conveyor;Main conveyor;Lock NOK;Tornilleria nok, no reemplazada, balero lineal dañado, en espera de spare parts, fixture atorado y tornillos capados, proceso de desensamble y ensamble tardado, sin tecnico de apoyo;no;no
2025-09-06;REA;Actuadores;3140CA029;18:21;19:22;61;Equipment Fault;REA;General;PLC ;perdida de lógica 915, despues de manifold no funcionando por master alarmado, restaurar logica tardado, en un principio se revisó electrovalvula, proceso tardado por falta de soporte de tecnico, entrar y salir de la linea, manipular robot;no;no
2025-09-08;REA;Actuadores;3140CA029;07:00;08:52;112;Quality;REA;General;SOP;Liberacion de soldadura;no;no
2025-09-08;REA;Actuadores;3140CA029;09:05;09:08;3;Equipment Fault;Robots;R65;Vacuum system;Se cambian ventosas por falla constante de vacuum off;no;no
2025-09-08;REA;Actuadores;3140CA029;09:50;09:52;2;Equipment Fault;Robots;R80;Gripper/tool adjustments;Gripper no abre correctamente al tirar scrap;no;no
2025-09-08;REA;Actuadores;3140CA029;10:26;10:28;2;Equipment Fault;Robots;R65;Vacuum system;Vacuum off;no;no
2025-09-08;REA;Actuadores;3140CA029;10:54;10:56;2;Equipment Fault;Robots;R65;Vacuum system;Vacuum off;no;no
2025-09-08;REA;Actuadores;3140CA029;23:29;23:33;4;Equipment Fault;CAW;LSW;Pressor;Se hace limpieza de pressor porque sistema de vision detectaba nok la soldadura por humos;no;no
2025-09-08;REA;Actuadores;3140CA029;23:45;23:55;10;Equipment Fault;CAW;Jig/Index;Index not in home;Falla constante al insertar crank. se gira a posicion la mesa, tambien se mandan a liberar centrado de soldadura;no;no
2025-09-08;REA;Actuadores;3140CA029;11:55;12:02;7;Equipment Fault;EOL;General;Safety system;Se alarma cortina a medio proceso de pruebas de eol, queda pieza en st 6 a medio grabado;no;no
2025-09-08;REA;Actuadores;3140CA029;12:15;12:25;10;Equipment Fault;CAW;General;Software/PC;Sistema no responde, se ocupa reiniciar aplicacion;no;no
2025-09-08;REA;Actuadores;3140CA029;13:32;13:42;10;Equipment Fault;CAW;General;Software/PC;Caw se queda parada en medio ciclo, se guardan los datos de log y se vuelve a inciar;no;no
2025-09-08;REA;Actuadores;3140CA029;12:47;12:57;10;Equipment Fault;CAW;General;Software/PC;Se queda a medio ciclo sin continuar secuencia, sin alarmas, se guardan datos de log, y se vuelve a iniciar;no;no
2025-09-08;REA;Actuadores;3140CA029;12:57;13:02;5;Production;Robots;R38;Motion supervision/Joint collision;Piezas de blister mal acomodadas;no;no
2025-09-08;REA;Actuadores;3140CA029;13:23;13:26;3;Equipment Fault;915;915;Missing ogive;Se cae ojiva;no;no
2025-09-08;REA;Actuadores;3140CA029;13:36;13:40;4;Equipment Fault;MSA;MSA;Driver;No continuaba ciclo porque no estaba en home, se pone reset y se incia ciclo;no;no
2025-09-08;REA;Actuadores;3140CA029;13:43;13:46;3;Equipment Fault;USW;St14;Lower Jig;Se limpia jig de leak test por rebaba acumulada;no;no
2025-09-08;REA;Actuadores;3140CA029;15:20;15:23;3;Equipment Fault;730;730;Feed piston;no termina ciclo;no;no
2025-09-08;REA;Actuadores;3140CA029;15:27;15:28;1;Equipment Fault;Robots;R80;Gripper/tool adjustments;gripper 1 no abre;no;no
2025-09-08;REA;Actuadores;3140CA029;15:31;15:33;2;Equipment Fault;Main conveyor;Main conveyor;Lock NOK;pallet atorado en locking;no;no
2025-09-08;REA;Actuadores;3140CA029;15:39;15:44;5;Maintenance;CHW;Consumables;Chip reel;cambio de chip;no;no
2025-09-08;REA;Actuadores;3140CA029;15:45;15:47;2;Maintenance;USW;St14;Lower Jig;limpieza de jig por alto scrap;no;no
2025-09-08;REA;Actuadores;3140CA029;15:54;15:55;1;Equipment Fault;Robots;R80;Gripper/tool adjustments;gripper 1 no abre;no;no
2025-09-08;REA;Actuadores;3140CA029;16:06;16:08;2;Equipment Fault;Main conveyor;Main conveyor;Lock NOK;pallet atorado en locking;no;no
2025-09-08;REA;Actuadores;3140CA029;16:16;16:17;1;Equipment Fault;731;731;Presence sensor;pin chueco;no;no
2025-09-08;REA;Actuadores;3140CA029;16:55;16:57;2;Equipment Fault;915;915;Dart sensor;ogiva se cae;no;no
2025-09-08;REA;Actuadores;3140CA029;17:30;17:32;2;Maintenance;USW;St14;Lower Jig;limpieza st14;no;no
2025-09-08;REA;Actuadores;3140CA029;17:49;17:51;2;Equipment Fault;915;915;Dart sensor;ogiva caida;no;no
2025-09-08;REA;Actuadores;3140CA029;22:33;22:35;2;Equipment Fault;Robots;R65;Motion supervision/Joint collision;colisión con pallet;no;no
2025-09-08;REA;Actuadores;3140CA029;22:46;22:54;8;Maintenance;REA;General;Checklist;checklist inicio de turno;si;no
2025-09-08;REA;Actuadores;3140CA029;23:13;23:16;3;Equipment Fault;CAW;Jig/Index;Index not in home;mal insercion de crank;no;no
2025-09-09;REA;Actuadores;3140CA029;23:42;23:59;18;Equipment Fault;Robots;R80;Electrical system;sensor dañado gripper 1 (se remplazo) [Paro cruza medianoche - Parte 1];no;no
2025-09-09;REA;Actuadores;3140CA029;00:00;00:10;10;Equipment Fault;Robots;R80;Electrical system;sensor dañado gripper 1 (se remplazo) [Paro cruza medianoche - Parte 2];no;no
2025-09-09;REA;Actuadores;3140CA029;00:30;00:32;2;Equipment Fault;Robots;R70;Vacuum system;ventosas dañadas;no;no
2025-09-09;REA;Actuadores;3140CA029;01:08;01:10;2;Equipment Fault;USW;St14;Lower Jig;residuos de plastico en goma de jig;no;no
2025-09-09;REA;Actuadores;3140CA029;03:30;03:32;2;Equipment Fault;Robots;R65;Motion supervision/Joint collision;collision con pallet;no;no
2025-09-09;REA;Actuadores;3140CA029;04:17;04:20;3;Maintenance;CCC;Consumables;Resin;cambio de resina;no;no
2025-09-09;REA;Actuadores;3140CA029;04:52;04:54;2;Equipment Fault;Robots;R65;Motion supervision/Joint collision;collision con pallet;no;no
2025-09-09;REA;Actuadores;3140CA029;05:47;05:49;2;Equipment Fault;Robots;R33;Motion supervision/Joint collision;motion supervision al entrar a CHW;no;no
2025-09-09;REA;Actuadores;3140CA029;06:46;06:48;2;Production;Robots;R33;Motion supervision/Joint collision;motion supervision por blister posicion nok;no;no
2025-09-08;REA;Actuadores;3140CA029;07:00;07:10;10;Equipment Fault;REA;General;Checklist;Checklist diario;si;no
2025-09-08;REA;Actuadores;3140CA029;07:10;07:20;10;Quality;REA;General;Scheduled production stop;En espera de calidad mande rework de leak test;no;no
2025-09-08;REA;Actuadores;3140CA029;07:20;07:28;8;Quality;REA;General;Scheduled production stop;Rework leak test;no;no
2025-09-08;REA;Actuadores;3140CA029;08:31;08:34;3;Equipment Fault;Robots;R70;Vacuum system;Vacuum off;no;no
2025-09-08;REA;Actuadores;3140CA029;08:45;08:49;4;Equipment Fault;Main conveyor;Main conveyor;Inductive sensor;Sensor no detecta pallet y se adelanta de estacion provocando colision con r60;no;no
2025-09-08;REA;Actuadores;3140CA029;09:10;09:16;6;Equipment Fault;CHW;Consumables;Chip reel;Cambio de chip;no;no
2025-09-08;REA;Actuadores;3140CA029;09:25;09:30;5;Equipment Fault;MSA;MSA;Sensor de presencia;No detectaba que estaba en home, se reincia ciclo;no;no
2025-09-08;REA;Actuadores;3140CA029;09:30;09:33;3;Maintenance;CHW;Consumables;Argon;Cambio de argon;no;no
2025-09-08;REA;Actuadores;3140CA029;10:51;10:55;4;Equipment Fault;Main conveyor;Main conveyor;Inductive sensor;Sensor no detecta pallet y causa colision;no;no
2025-09-08;REA;Actuadores;3140CA029;11:25;11:30;5;Equipment Fault;CHW;St4;Pressor;Se realiza limpieza de pressor por scrap;no;no
2025-09-08;REA;Actuadores;3140CA029;11:30;11:33;3;Equipment Fault;Main conveyor;Main conveyor;Inductive sensor;Sensor no detecta pallet y avanza a siguiente estacion causando acumulacion de pallet en una sola estacion;no;no
2025-09-08;REA;Actuadores;3140CA029;11:41;11:43;2;Equipment Fault;Robots;R70;Vacuum system;Vacuum off;no;no
2025-09-08;REA;Actuadores;3140CA029;12:50;12:53;3;Equipment Fault;CHW;St4;Pressor;Limpieza de pressor;no;no
2025-09-09;REA;Actuadores;3140CA029;13:25;13:27;2;Equipment Fault;Robots;R80;Gripper/tool adjustments;Gripper atorado;no;no
2025-09-08;REA;Actuadores;3140CA029;14:24;14:27;3;Equipment Fault;Main conveyor;Main conveyor;Inductive sensor;Sensor no detecta pallete y avanza causando acumulacion de pallets y causa colision con r60;no;no
2025-09-08;REA;Actuadores;3140CA029;18:09;18:10;1;Equipment Fault;731;731;Tool ;doble pin;no;no
2025-09-08;REA;Actuadores;3140CA029;18:37;18:39;2;Equipment Fault;Robots;R80;Gripper/tool adjustments;gripper 1 no abre;no;no
2025-09-08;REA;Actuadores;3140CA029;19:13;19:15;2;Equipment Fault;Main conveyor;Main conveyor;Lock NOK;pallet atorado en locking;no;no
2025-09-08;REA;Actuadores;3140CA029;19:32;19:35;3;Equipment Fault;620;620;Feed piston;no termina ciclo;no;no
2025-09-08;REA;Actuadores;3140CA029;19:47;19:48;1;Equipment Fault;Robots;R80;Gripper/tool adjustments;gripper 1 no abre;no;no
2025-09-08;REA;Actuadores;3140CA029;19:55;19:57;2;Maintenance;MAT;Consumables;Grease;cambio de grasa;no;no
2025-09-08;REA;Actuadores;3140CA029;20:00;20:32;32;Maintenance;REA;General;Change Over;paro por horario de cena;no;no
2025-09-08;REA;Actuadores;3140CA029;20:39;20:41;2;Equipment Fault;Robots;R65;Motion supervision/Joint collision;se queda atorado;no;no
2025-09-08;REA;Actuadores;3140CA029;20:44;20:46;2;Equipment Fault;731;731;Presence sensor;pin chueco;no;no
2025-09-08;REA;Actuadores;3140CA029;20:57;20:59;2;Production;Conveyors;C31;Actuator NOK;blister al revés;no;no
2025-09-09;REA;Actuadores;3140CA029;15:09;15:11;2;Equipment Fault;731;731;Bowl/Lineal feeder;pin atorado;no;no
2025-09-09;REA;Actuadores;3140CA029;15:24;15:27;3;Equipment Fault;CHW;St3;Thermodo;se alarma por temperatura;no;no
2025-09-09;REA;Actuadores;3140CA029;15:38;15:40;2;Equipment Fault;Robots;R70;Vacuum system;vacuum off;no;no
2025-09-09;REA;Actuadores;3140CA029;15:46;15:48;2;Equipment Fault;Robots;R80;Motion supervision/Joint collision;R80 golpea caja de scrap;no;no
2025-09-09;REA;Actuadores;3140CA029;15:56;15:57;1;Equipment Fault;Main conveyor;Main conveyor;Lock NOK;reset par aque abra lockings;no;no
2025-09-09;REA;Actuadores;3140CA029;16:04;16:16;12;Equipment Fault;Main conveyor;General;Electrical system;sensor fuera de posición y no deja avanzar;no;no
2025-09-09;REA;Actuadores;3140CA029;16:18;16:25;7;Equipment Fault;915;915;Dart sensor;estaba fuera de posición y no dejaba avanzar;no;no
2025-09-09;REA;Actuadores;3140CA029;16:30;16:33;3;Equipment Fault;Robots;R65;Motion supervision/Joint collision;golpeo pallet y se alarmo;no;no
2025-09-09;REA;Actuadores;3140CA029;22:35;22:45;10;Maintenance;REA;General;Checklist;checklist inicio de turno;si;no
2025-09-09;REA;Actuadores;3140CA029;23:34;23:36;2;Equipment Fault;Robots;R65;Motion supervision/Joint collision;collision con pallet;no;no
2025-09-09;REA;Actuadores;3140CA029;23:52;23:53;1;Equipment Fault;CHW;St4;Pressor;limpieza de puntas pressor;no;no
2025-09-10;REA;Actuadores;3140CA029;00:07;00:09;2;Equipment Fault;CHW;St3;Gefran module;alarma por gap temperatura;no;no
2025-09-10;REA;Actuadores;3140CA029;00:20;00:30;10;Equipment Fault;CHW;St3;Gefran module;alarma gap temperatura;no;no
2025-09-10;REA;Actuadores;3140CA029;00:38;00:40;2;Equipment Fault;915;915;Dart sensor;ogiva caida;no;no
2025-09-10;REA;Actuadores;3140CA029;01:05;01:08;3;Equipment Fault;Main conveyor;Main conveyor;Inductive sensor;sensor de locking st 915 no detectaba;no;no
2025-09-10;REA;Actuadores;3140CA029;01:10;01:12;2;Equipment Fault;730;730;Alphamatic Module;no continuo ciclo;no;no
2025-09-10;REA;Actuadores;3140CA029;01:44;01:45;1;Equipment Fault;915;915;Dart sensor;ogiva caida;no;no
2025-09-10;REA;Actuadores;3140CA029;02:29;02:31;2;Maintenance;CHW;Consumables;Chip reel;cambio de chip;no;no
2025-09-10;REA;Actuadores;3140CA029;02:32;02:33;1;Production;Conveyors;C31;Presence sensor;blister mal posicionado;no;no
2025-09-10;REA;Actuadores;3140CA029;02:45;02:49;4;Equipment Fault;CHW;St3;Gefran module;alarma por gap temperatura;no;no
2025-09-10;REA;Actuadores;3140CA029;03:05;03:07;2;Equipment Fault;CHW;St3;Gefran module;alarma gap temperatura se reinicio aplicacion;no;no
2025-09-10;REA;Actuadores;3140CA029;04:10;04:30;20;Equipment Fault;CHW;St3;Gefran module;ajuste en st 3 por gap temperature;no;no
2025-09-10;REA;Actuadores;3140CA029;05:43;05:44;1;Equipment Fault;Robots;R65;Vacuum system;vacuum off;no;no
2025-09-10;REA;Actuadores;3140CA029;06:15;06:16;1;Equipment Fault;Main conveyor;Main conveyor;Singulator NOK;pallet atorado por singulator;no;no
2025-09-10;REA;Actuadores;3140CA029;06:28;06:30;2;Equipment Fault;Robots;R65;Motion supervision/Joint collision;collision con pallet;no;no
2025-09-10;REA;Actuadores;3140CA029;06:36;06:37;1;Equipment Fault;915;915;Dart sensor;ogiva caida;no;no
2025-09-10;REA;Actuadores;3140CA029;07:00;07:10;10;Equipment Fault;REA;General;Checklist;Checklist;si;no
2025-09-10;REA;Actuadores;3140CA029;09:31;09:36;5;Equipment Fault;MSA;MSA;Driver;Se alarmo y no continuo secuencia, se reinicio y se quito pieza para poder continuar;no;no
2025-09-10;REA;Actuadores;3140CA029;09:40;09:44;4;Equipment Fault;915;915;Missing ogive;Se cae ojiva y se atora pallet;no;no
2025-09-10;REA;Actuadores;3140CA029;10:08;10:10;2;Equipment Fault;730;730;Bowl/Lineal feeder;Base de linear feeder desgastada causa colision con la herramienta al estar chueca;no;no
2025-09-10;REA;Actuadores;3140CA029;10:22;10:25;3;Equipment Fault;Robots;R75;Motion supervision/Joint collision;R75 colisiona al ensamblar cover en st 915;no;no
2025-09-10;REA;Actuadores;3140CA029;10:32;10:36;4;Equipment Fault;Robots;R75;Gripper/tool adjustments;Se cambia cinta de gripper con paro constante por;no;no
2025-09-10;REA;Actuadores;3140CA029;10:36;10:39;3;Equipment Fault;Robots;R70;Vacuum system;Se cambian ventosas;no;no
2025-09-10;REA;Actuadores;3140CA029;10:55;11:03;8;Equipment Fault;MSA;MSA;Driver;NO llegaba a home, se revisa que no tenga pieza atorada, se reinicia y sgeguia sin funcionar, hasta que se restablece y se quito la pieza continua ciclo normal;no;no
2025-09-10;REA;Actuadores;3140CA029;11:14;11:20;6;Equipment Fault;Robots;R75;Gripper/tool adjustments;Se revisa gripper y se ajusta cinta para mayor agarre de cover;no;no
2025-09-10;REA;Actuadores;3140CA029;11:23;23:26;723;Equipment Fault;Robots;R75;Motion supervision/Joint collision;MS al ensamblar cover;no;no
2025-09-10;REA;Actuadores;3140CA029;23:36;23:39;3;Equipment Fault;Robots;R75;Motion supervision/Joint collision;MS AL ENSAMBLAR COVER;no;no
2025-09-10;REA;Actuadores;3140CA029;11:44;11:47;3;Quality;Robots;R75;Motion supervision/Joint collision;MS al ensamblar cover;no;no
2025-09-10;REA;Actuadores;3140CA029;11:52;23:55;723;Equipment Fault;Robots;R75;Motion supervision/Joint collision;MS al ensamblar cove r;no;no
2025-09-10;REA;Actuadores;3140CA029;12:03;12:09;6;Equipment Fault;Robots;R75;Motion supervision/Joint collision;Se revisa falla de MS en robot 75 por falla constente de MS;no;no
2025-09-10;REA;Actuadores;3140CA029;12:17;12:20;3;Equipment Fault;Robots;R75;Motion supervision/Joint collision;MS al ensamblar cover;no;no
2025-09-10;REA;Actuadores;3140CA029;12:30;12:36;6;Equipment Fault;Robots;R75;Motion supervision/Joint collision;MS al ensamblar cover;no;no
2025-09-10;REA;Actuadores;3140CA029;12:37;12:40;3;Equipment Fault;Robots;R65;Motion supervision/Joint collision;Robot colisiona al ensamblar gear;no;no
2025-09-10;REA;Actuadores;3140CA029;12:44;12:49;5;Equipment Fault;730;730;Bowl/Lineal feeder;Herramienta colisiona al tomar pin por desgaste en base;no;no
2025-09-10;REA;Actuadores;3140CA029;13:06;13:16;10;Equipment Fault;Main conveyor;Main conveyor;Lock NOK;Se revisa locking por colision de robot 75;no;no
2025-09-10;REA;Actuadores;3140CA029;13:19;13:24;5;Equipment Fault;Robots;R75;Motion supervision/Joint collision;MS al ensambalr cover;no;no
2025-09-10;REA;Actuadores;3140CA029;13:31;13:57;26;Equipment Fault;Robots;R75;Motion supervision/Joint collision;Se ajusta posicion de robot 75 ya que colisionaba al ensamblar cover;no;no
2025-09-10;REA;Actuadores;3140CA029;22:30;22:45;15;Maintenance;REA;General;Checklist;checklist inicio de turno;si;no
2025-09-10;REA;Actuadores;3140CA029;22:59;23:01;2;Equipment Fault;Main conveyor;Main conveyor;Lock NOK;pallet atorado por locking en st 730;no;no
2025-09-10;REA;Actuadores;3140CA029;23:30;23:36;6;Equipment Fault;730;730;Bowl/Lineal feeder;pin atorado en mangera de dispensacion;no;no
2025-09-10;REA;Actuadores;3140CA029;23:50;23:52;2;Equipment Fault;Main conveyor;Main conveyor;Singulator NOK;pallet atorado por singulator en posicion de place R 33;no;no
2025-09-11;REA;Actuadores;3140CA029;00:33;00:35;2;Equipment Fault;Robots;R65;Motion supervision/Joint collision;collision por pallet adelantado;no;no
2025-09-11;REA;Actuadores;3140CA029;00:35;00:36;1;Production;Aux;710;NOK material;material en posicion nok;no;no
2025-09-11;REA;Actuadores;3140CA029;00:38;00:40;2;Maintenance;CHW;Consumables;Chip reel;cambio de chip;no;no
2025-09-11;REA;Actuadores;3140CA029;00:45;00:47;2;Equipment Fault;Main conveyor;Main conveyor;Singulator NOK;pallet atorado por singulator en st 915;no;no
2025-09-11;REA;Actuadores;3140CA029;00:49;00:50;1;Equipment Fault;Robots;R80;Gripper/tool adjustments;no abrio gripper 1;no;no
2025-09-11;REA;Actuadores;3140CA029;01:00;01:30;30;Production;REA;General;No staff;paro de produccion para cenar;no;no
2025-09-11;REA;Actuadores;3140CA029;01:45;01:46;1;Equipment Fault;730;730;Alphamatic Module;no continuo ciclo;no;no
2025-09-11;REA;Actuadores;3140CA029;02:35;02:37;2;Maintenance;USW;St14;Lower Jig;limpieza de rebaba en jig;no;no
2025-09-11;REA;Actuadores;3140CA029;02:39;02:40;1;Equipment Fault;Robots;R80;Gripper/tool adjustments;no abrio gripper 1;no;no
2025-09-11;REA;Actuadores;3140CA029;02:48;02:49;1;Equipment Fault;CHW;St2;Vacuum system;vacuum off;no;no
2025-09-11;REA;Actuadores;3140CA029;02:54;02:55;1;Equipment Fault;915;915;Dart sensor;ogiva caida;no;no
2025-09-11;REA;Actuadores;3140CA029;03:43;03:44;1;Equipment Fault;Robots;R80;Gripper/tool adjustments;no abrio gripper 1;no;no
2025-09-11;REA;Actuadores;3140CA029;03:47;03:49;2;Equipment Fault;Robots;R80;Gripper/tool adjustments;se le agrego cinta a gripper 1;no;no
2025-09-11;REA;Actuadores;3140CA029;03:52;03:54;2;Equipment Fault;Main conveyor;Main conveyor;Singulator NOK;pallet atorado por singulator no detectaba sensor se saco el pallet (77);no;no
2025-09-11;REA;Actuadores;3140CA029;04:05;04:07;2;Equipment Fault;Robots;R65;Motion supervision/Joint collision;collision con pallet adelantado;no;no
2025-09-11;REA;Actuadores;3140CA029;04:20;04:22;2;Production;Conveyors;C85;Presence sensor;blister atorado;no;no
2025-09-11;REA;Actuadores;3140CA029;04:38;04:40;2;Equipment Fault;Robots;R80;Motion supervision/Joint collision;collision con pallet adelantado;no;no
2025-09-11;REA;Actuadores;3140CA029;04:57;04:59;2;Equipment Fault;Robots;R33;Motion supervision/Joint collision;collision al tomar cover;no;no
2025-09-11;REA;Actuadores;3140CA029;05:05;05:07;2;Equipment Fault;Robots;R65;Motion supervision/Joint collision;collision con pallet adelantado;no;no
2025-09-11;REA;Actuadores;3140CA029;05:10;05:12;2;Equipment Fault;Robots;R65;Motion supervision/Joint collision;collision al tomar magnet shaft;no;no
2025-09-11;REA;Actuadores;3140CA029;06:14;06:16;2;Equipment Fault;Robots;R65;Motion supervision/Joint collision;collision con pallet adelantado;no;no
2025-09-11;REA;Actuadores;3140CA029;06:51;06:52;1;Equipment Fault;915;915;Dart sensor;ogiva caida;no;no
2025-09-10;REA;Actuadores;3140CA029;07:00;07:10;10;Maintenance;REA;General;Checklist;Checklist;si;no
2025-09-10;REA;Actuadores;3140CA029;07:11;07:16;5;Equipment Fault;CAW;General;Software/PC;No continuaba ciclo, ni se alarmaba, se reincia;no;no
2025-09-11;REA;Actuadores;3140CA029;07:00;07:10;10;Equipment Fault;REA;General;Checklist;Checklist;si;no
2025-09-11;REA;Actuadores;3140CA029;07:11;07:16;5;Equipment Fault;CAW;General;Software/PC;No continuaba ciclo, se ocupa reiniciar;no;no
2025-09-11;REA;Actuadores;3140CA029;07:19;07:30;11;Production;REA;General;Scheduled production stop;Rework;no;no
2025-09-11;REA;Actuadores;3140CA029;07:38;07:48;10;Equipment Fault;Main conveyor;Main conveyor;Inductive sensor;Sensor no detecta pallet y avanza de estacion;no;no
2025-09-11;REA;Actuadores;3140CA029;07:52;07:57;5;Equipment Fault;Main conveyor;Main conveyor;Inductive sensor;Sensor no detecta palleta y avanza a siguiente estacion causando colision con robot 60;no;no
2025-09-11;REA;Actuadores;3140CA029;08:17;08:24;7;Equipment Fault;USW;St14;;Se revisa branson por scrap, se devuelve a parametros originales;no;no
2025-09-11;REA;Actuadores;3140CA029;08:32;08:40;8;Equipment Fault;CAW;General;Software/PC;Se revisa CAW por crank orienter, se tuvo que reiniciar el software por fallas constantes;no;no
2025-09-11;REA;Actuadores;3140CA029;09:28;09:38;10;Equipment Fault;Robots;R75;Motion supervision/Joint collision;Se ajusta offset ya que colisionaba al bajar al tomar cover;no;no
2025-09-11;REA;Actuadores;3140CA029;09:44;09:48;4;Equipment Fault;915;915;Missing ogive;Ojiva caida;no;no
2025-09-11;REA;Actuadores;3140CA029;09:51;09:53;2;Equipment Fault;730;730;Bowl/Lineal feeder;Herramienta colisiona al bajar a tomar pin por desgaste en base;no;no
2025-09-11;REA;Actuadores;3140CA029;09:50;10:40;50;Equipment Fault;CAW;General;Software/PC;Fallos en caw por distintas fallas;no;no
- se limpian ingun de los 3 jig;No;No
- caw se alarmaba crank orienter;No;No
posible causa motor recupera con terminal danada;No;No
2025-09-11;REA;Actuadores;3140CA029;10:40;11:10;30;Equipment Fault;Robots;R75;Motion supervision/Joint collision;Robot fallaba constatemente al ensamblar cover, se ajusta place de cover;no;no
2025-09-11;REA;Actuadores;3140CA029;23:25;23:29;4;Equipment Fault;915;915;Missing ogive;Ojiva caida;no;no
2025-09-11;REA;Actuadores;3140CA029;11:50;11:57;7;Equipment Fault;USW;St14;Lower Jig;Se revisa jig por scrap consecutivo;no;no
2025-09-11;REA;Actuadores;3140CA029;12:17;12:24;7;Equipment Fault;USW;St11;Weld NOK;Se cambia exponsa de jig de branson;no;no
2025-09-11;REA;Actuadores;3140CA029;14:37;15:00;23;Equipment Fault;CAW;General;Software/PC;Crank orienter state marca error pero los sensores estan en buen estado, se reinicia software;no;no
2025-09-11;REA;Actuadores;3140CA029;16:54;17:08;14;Equipment Fault;CHW;St2;SCARA Pick/Place;St2 con doble chip, y se ajusta posicion de robot.;no;no
2025-09-11;REA;Actuadores;3140CA029;17:24;17:48;24;Maintenance;CHW;St2;SCARA Pick/Place;ajuste de posicion del robot;no;no
2025-09-11;REA;Actuadores;3140CA029;18:54;18:57;3;Maintenance;Robots;R70;Vacuum system;cambio de ventosas dañada;no;no
2025-09-11;REA;Actuadores;3140CA029;18:59;19:03;4;Equipment Fault;915;915;Missing ogive;se caei ogiva y se pierde.;no;no
2025-09-11;REA;Actuadores;3140CA029;18:40;18:45;5;Equipment Fault;915;915;Dart sensor;Pierde logica por pallet que avanza;no;no
2025-09-11;REA;Actuadores;3140CA029;15:00;15:40;40;Equipment Fault;CAW;Jig/Index;Blade orienter actuator;Orlando solicita a Jesus revisar / ajustar blades;no;no
2025-09-11;REA;Actuadores;3140CA029;15:40;16:20;40;Equipment Fault;CAW;General;Electrical system;Alarma por Blades no abren o blades no cierran pero sensores ok y señal en app ok, se reinicia tablilla principal en jig 1, tardado por restaurar logica;no;no
2025-09-11;REA;Actuadores;3140CA029;20:38;20:40;2;Equipment Fault;MSA;MSA;Sensor de presencia;no continua cilo, limpieza de jig y magnet;no;no
2025-09-11;REA;Actuadores;3140CA029;21:02;21:05;3;Equipment Fault;Robots;R80;Gripper/tool adjustments;no abre gripper;no;no
2025-09-11;REA;Actuadores;3140CA029;21:24;21:27;3;Equipment Fault;Main conveyor;Main conveyor;Inductive sensor;Pallet avanza, robot 60 colisiona, restaurar;no;no
2025-09-11;REA;Actuadores;3140CA029;22:10;22:17;7;Equipment Fault;Main conveyor;Main conveyor;Lock NOK;Tornillo atora locking, pendiente mantenimiento preventivo y correctivo;no;no
2025-09-11;REA;Actuadores;3140CA029;22:50;22:56;6;Maintenance;CHW;Consumables;Chip reel;Cambio de rollo chip;no;no
2025-09-11;REA;Actuadores;3140CA029;23:09;23:10;1;Equipment Fault;915;915;Dart sensor;ogiva caida;no;no
2025-09-12;REA;Actuadores;3140CA029;01:49;03:15;86;Equipment Fault;CAW;Jig/Index;Blade orienter actuator;Fallo de CAW bug señales crank orientator falso negativo.;no;no
2025-09-11;REA;Actuadores;3140CA029;23:10;23:13;3;Maintenance;MSA;MSA;Sensor de presencia;Sensor no detecta correctamente y detiene secuencia;no;no
2025-09-12;REA;Actuadores;3140CA029;00:27;00:30;3;Maintenance;Main conveyor;Main conveyor;Singulator NOK;Pallet atorado;no;no
2025-09-12;REA;Actuadores;3140CA029;06:20;06:22;2;Equipment Fault;Robots;R75;Motion supervision/Joint collision;motion supervision al insertar cover;no;no
2025-09-12;REA;Actuadores;3140CA029;06:23;06:24;1;Equipment Fault;Main conveyor;Main conveyor;Singulator NOK;pallet atorado por singulator en st 915;no;no
2025-09-12;REA;Actuadores;3140CA029;06:32;06:34;2;Equipment Fault;Main conveyor;Main conveyor;Singulator NOK;pallet atorado por singulator en st 915;no;no
2025-09-12;REA;Actuadores;3140CA029;07:00;07:12;12;Equipment Fault;REA;General;Checklist;Checklist;si;no
2025-09-12;REA;Actuadores;3140CA029;07:14;07:22;8;Production;REA;General;Scheduled production stop;Rework leak test;no;no
2025-09-12;REA;Actuadores;3140CA029;08:05;08:09;4;Equipment Fault;915;915;Missing ogive;Se cae ojiva;no;no
2025-09-12;REA;Actuadores;3140CA029;08:18;08:22;4;Equipment Fault;USW;St14;Lower Jig;Se realiza limpieza de jig por scrap;no;no
2025-09-12;REA;Actuadores;3140CA029;08:29;08:31;2;Equipment Fault;Conveyors;General;Blister NOK/Wrong PN;Operador deja paquete anti humedad en blister y se atora en st 710;no;no
2025-09-12;REA;Actuadores;3140CA029;09:54;09:56;2;Equipment Fault;730;730;Bowl/Lineal feeder;Herramienta colisiona por gestaste en base de lineal feeder;no;no
2025-09-12;REA;Actuadores;3140CA029;10:13;10:17;4;Equipment Fault;Main conveyor;Main conveyor;Inductive sensor;Sensor no detecta pallet y avanza causando que se atorre con locking;no;no
2025-09-12;REA;Actuadores;3140CA029;10:30;10:35;5;Equipment Fault;Main conveyor;Main conveyor;Inductive sensor;Sesnsor no detecta pallet, se ajusta altura para que detecte correctamente;no;no
2025-09-12;REA;Actuadores;3140CA029;10:57;11:02;5;Equipment Fault;Main conveyor;Main conveyor;Singulator NOK;Tornillo guia no estaba bien sujeto y se atoraban los pallet;no;no
2025-09-12;REA;Actuadores;3140CA029;13:16;13:19;3;Equipment Fault;Robots;R75;Motion supervision/Joint collision;Robot agarra incorrectamente cover;no;no
2025-09-12;REA;Actuadores;3140CA029;11:39;11:50;11;Equipment Fault;Main conveyor;Main conveyor;Inductive sensor;Se ajusta sensor ya que no detectaba los pallet causando amontonamiento;no;no
2025-09-12;REA;Actuadores;3140CA029;13:52;14:20;28;Equipment Fault;CAW;Jig/Index;Blade orienter actuator;Se revisa caw por falla de orienter state en pos 2, se detecta dano en cilindro en vastano no estaba enrosacado;no;no
2025-09-12;REA;Actuadores;3140CA029;14:26;14:30;4;Equipment Fault;730;730;Presence sensor;Sensor detectaba pieza cuando solo tenia rebaba, se hace limpieza;no;no
2025-09-12;REA;Actuadores;3140CA029;14:31;14:41;10;Equipment Fault;Main conveyor;Main conveyor;Inductive sensor;Ajuste de sonseores de presencia ya que estaban flojos;no;no
2025-09-12;REA;Actuadores;3140CA029;15:35;15:37;2;Equipment Fault;915;915;Dart sensor;pallet atorado en singu.;no;no
2025-09-12;REA;Actuadores;3140CA029;16:12;16:14;2;Quality;REA;General;NOK material;pin fuera de dimensión atorado en feeder.;no;no
2025-09-12;REA;Actuadores;3140CA029;17:30;17:36;6;Maintenance;CCC;Consumables;Resin;cambio de resina;no;no
2025-09-12;REA;Actuadores;3140CA029;18:19;18:24;5;Equipment Fault;730;730;Presence sensor;pin chueco y doble, se atoran;no;no
2025-09-12;REA;Actuadores;3140CA029;18:38;18:41;3;Production;Aux;710;NOK material;motor invertido y sensor flojo;no;no
2025-09-12;REA;Actuadores;3140CA029;19:26;19:31;5;Maintenance;CHW;Consumables;Chip reel;cambio de chip;no;no
2025-09-12;REA;Actuadores;3140CA029;19:33;19:35;2;Equipment Fault;731;731;Vacuum;reset para que repita ciclo;no;no
2025-09-12;REA;Actuadores;3140CA029;19:40;19:45;5;Maintenance;CAW;Consumables;Nitrogen;cambio de tambo de nitrogeno;no;no
2025-09-12;REA;Actuadores;3140CA029;20:00;20:45;45;Production;REA;General;Change Over;convivio cena mexicana;no;no
2025-09-12;REA;Actuadores;3140CA029;22:15;22:18;3;Equipment Fault;Main conveyor;Main conveyor;Inductive sensor;Pallet avanza, fallo sensor de lock de ensamble cover con body;no;no
2025-09-12;REA;Actuadores;3140CA029;22:45;22:47;2;Equipment Fault;Main conveyor;Main conveyor;RFID Reader;No detecta RFID y atora con sing 24;no;no
2025-09-12;REA;Actuadores;3140CA029;22:54;22:58;4;Equipment Fault;Main conveyor;Main conveyor;RFID Reader;No detecta RFID y atora con sing 24;no;no
2025-09-12;REA;Actuadores;3140CA029;23:12;23:15;3;Equipment Fault;Main conveyor;Main conveyor;RFID Reader;No detecta RFID y atora con sing 24;no;no
2025-09-13;REA;Actuadores;3140CA029;00:00;00:03;3;Equipment Fault;Main conveyor;Main conveyor;RFID Reader;No detecta RFID y atora con sing 24;no;no
2025-09-13;REA;Actuadores;3140CA029;01:12;01:16;4;Maintenance;730;730;Tool ;Pin cae chueco y al bajar prensa se golpea y alarma;no;no
2025-09-13;REA;Actuadores;3140CA029;01:50;02:20;30;Production;REA;General;Scheduled production stop;Paro por convivio 3er turno noche mexicana;no;no
2025-09-13;REA;Actuadores;3140CA029;05:15;05:25;10;Equipment Fault;REA;General;Checklist;Mantenimiento checklist;si;no
2025-09-13;REA;Actuadores;3140CA029;05:27;05:30;3;Quality;Robots;R80;Incorrect pick/place;No abre gripper 1;no;no
2025-09-13;REA;Actuadores;3140CA029;05:37;05:40;3;Maintenance;CHW;Consumables;Argon;Cambio tanque con Argon;no;no
2025-09-12;REA;Actuadores;3140CA029;07:05;07:18;13;Equipment Fault;REA;General;Checklist;Checklist;si;no
2025-09-12;REA;Actuadores;3140CA029;07:20;07:32;12;Production;REA;General;Scheduled production stop;Rework;no;no
2025-09-12;REA;Actuadores;3140CA029;07:32;07:37;5;Equipment Fault;Main conveyor;Main conveyor;Inductive sensor;Se ajusta posicion de sensor ya que no detectaba pallet;no;no
2025-09-12;REA;Actuadores;3140CA029;08:30;08:33;3;Equipment Fault;Main conveyor;Main conveyor;Inductive sensor;Sensor no detecta pallet;no;no
2025-09-12;REA;Actuadores;3140CA029;09:28;09:32;4;Equipment Fault;Main conveyor;Main conveyor;Inductive sensor;Sensor no detecta pallet;no;no
2025-09-12;REA;Actuadores;3140CA029;09:49;09:51;2;Equipment Fault;CHW;St2;SCARA Pick/Place;Robot coloca mal chip;no;no
2025-09-12;REA;Actuadores;3140CA029;10:24;10:26;2;Equipment Fault;730;730;Bowl/Lineal feeder;Herramienta colisiona al bajar por pin por base desgastada;no;no
2025-09-17;REA;Actuadores;3140CA029;07:00;07:29;29;Production;REA;General;Scheduled production stop;Sin PN a producir definido;no;no
2025-09-17;REA;Actuadores;3140CA029;07:30;09:00;90;Production;REA;General;SOP;Arranque después de paro largo, todos los equipos apagados, llenar y restaurar secuencia;no;no
2025-09-17;REA;Actuadores;3140CA029;09:00;14:40;340;Quality;REA;General;SOP;Liberacion, en espera de liberacion, se pasan masters tarde, Tecnico en entrenamiento, personal al final de liberacion en break, impide arranque a tiempo de correo;no;no
2025-09-17;REA;Actuadores;3140CA029;15:15;15:17;2;Equipment Fault;915;915;Missing ogive;Ogiva caida;no;no
2025-09-17;REA;Actuadores;3140CA029;15:17;15:19;2;Equipment Fault;Main conveyor;Main conveyor;RFID Reader;No detecta pallet, no avanza proceso 731;no;no
2025-09-17;REA;Actuadores;3140CA029;15:19;15:21;2;Quality;MAT;General;Scrapbox full;Vaciado de scrap calidad;no;no
2025-09-17;REA;Actuadores;3140CA029;15:30;15:33;3;Equipment Fault;Main conveyor;Main conveyor;RFID Reader;No detecta pallet, no avanza proceso 731;no;no
2025-09-17;REA;Actuadores;3140CA029;15:05;15:07;2;Equipment Fault;Main conveyor;Main conveyor;RFID Reader;No detecta pallet, no avanza proceso 731.;no;no
2025-09-17;REA;Actuadores;3140CA029;16:10;16:30;20;Maintenance;USW;SCARA;Gripper/Tool;Tornillo capado en gripper;no;no
2025-09-17;REA;Actuadores;3140CA029;17:07;17:10;3;Maintenance;CHW;Consumables;Chip reel;cambio de chip;no;no
2025-09-17;REA;Actuadores;3140CA029;17:35;17:36;1;Equipment Fault;CHW;St2;Vacuum system;error de vacio;no;no
2025-09-17;REA;Actuadores;3140CA029;17:59;18:01;2;Equipment Fault;730;730;Alphamatic Module;colision al tomar pin;no;no
2025-09-17;REA;Actuadores;3140CA029;18:02;18:03;1;Equipment Fault;CHW;St2;Vacuum system;error de vacio;no;no
2025-09-17;REA;Actuadores;3140CA029;19:06;19:08;2;Equipment Fault;Main conveyor;Main conveyor;Singulator NOK;pallet storado por singulator;no;no
2025-09-17;REA;Actuadores;3140CA029;19:15;19:17;2;Equipment Fault;USW;St14;Lower Jig;scrap consecutivo por rebaba;no;no
2025-09-17;REA;Actuadores;3140CA029;20:15;20:22;7;Equipment Fault;EOL;St4;CRIO NOK;reinicio de crio;no;no
2025-09-17;REA;Actuadores;3140CA029;17:25;17:27;2;Equipment Fault;915;915;Dart sensor;ogiva caida;no;no
2025-09-17;REA;Actuadores;3140CA029;22:30;22:40;10;Equipment Fault;REA;General;Checklist;Checklist;si;no
2025-09-17;REA;Actuadores;3140CA029;22:50;22:53;3;Quality;Main conveyor;Main conveyor;Inductive sensor;Pallet se mueve constantemente y sensor deja de detectar causando atrapamiento en locking;no;no
2025-09-17;REA;Actuadores;3140CA029;00:00;00:03;3;Equipment Fault;Main conveyor;Main conveyor;Inductive sensor;Sensor no detecta pallet;no;no
2025-09-18;REA;Actuadores;3140CA029;00:15;00:17;2;Equipment Fault;USW;St14;Lower Jig;Limpieza de jig;no;no
2025-09-18;REA;Actuadores;3140CA029;01:40;01:43;3;Equipment Fault;Robots;R70;Vacuum system;Cambio de ventosas;no;no
2025-09-18;REA;Actuadores;3140CA029;01:46;01:48;2;Equipment Fault;USW;St14;Lower Jig;Limpieza de goma por scrap;no;no
2025-09-18;REA;Actuadores;3140CA029;03:16;03:22;6;Equipment Fault;Conveyors;C85;Guides ;Se ajustan guias ya que se atoraba constantemente blister;no;no
2025-09-18;REA;Actuadores;3140CA029;03:22;03:24;2;Equipment Fault;730;730;Bowl/Lineal feeder;Herramienta colisiona con pin ya que tiene la base desgastada;no;no
2025-09-18;REA;Actuadores;3140CA029;04:36;04:40;4;Equipment Fault;USW;St14;Lower Jig;Se revisa jig por scrap;no;no
2025-09-18;REA;Actuadores;3140CA029;04:50;04:53;3;Equipment Fault;Robots;R70;Vacuum system;Vacuum off;no;no
2025-09-18;REA;Actuadores;3140CA029;05:15;05:17;2;Equipment Fault;Main conveyor;Main conveyor;Inductive sensor;Sensor no detecta pallet;no;no
2025-09-18;REA;Actuadores;3140CA029;05:18;05:20;2;Equipment Fault;Robots;R70;Vacuum system;Vacuum off;no;no
2025-09-18;REA;Actuadores;3140CA029;05:28;05:30;2;Equipment Fault;730;730;Bowl/Lineal feeder;Herramienta colisona con pin;no;no
2025-09-18;REA;Actuadores;3140CA029;06:18;06:28;10;Equipment Fault;CAW;General;Software/PC;Caw se queda en medio ciclo de trabajo, al bajar pressor se quedo parada, se manda robot a pp to main. se restablece caw, se hace limpieza de jig;no;no
2025-09-18;REA;Actuadores;3140CA029;06:30;06:32;2;Equipment Fault;CHW;St2;SCARA Pick/Place;Pick and place incorrecto, chip queda atorado en base de jig, se quita y se vuelve hacer la prueba;no;no
2025-09-18;REA;Actuadores;3140CA029;06:33;06:35;2;Equipment Fault;Main conveyor;Main conveyor;Inductive sensor;Sensor no detecta pallet, y se atora con la siguiente estacio, causando acumulacion;no;no
2025-09-18;REA;Actuadores;3140CA029;06:38;06:40;2;Equipment Fault;Main conveyor;Main conveyor;Inductive sensor;Sensor no detecta pallet, se da reset para que continue ciclo en prensa 731;no;no
2025-09-18;REA;Actuadores;3140CA029;06:44;06:46;2;Equipment Fault;750;750;Bowl/Lineal feeder;Bearing atorado, no continua ciclo, causa amontonamiento de pallet;no;no
2025-09-18;REA;Actuadores;3140CA029;06:48;06:50;2;Equipment Fault;USW;St14;Lower Jig;Limpieza de jig;no;no
2025-09-18;REA;Actuadores;3140CA029;06:51;06:53;2;Equipment Fault;Main conveyor;Main conveyor;Inductive sensor;Sensor no detecta pallet y no continua ciclo prensa 731;no;no
2025-09-18;REA;Actuadores;3140CA029;08:48;08:49;1;Equipment Fault;CHW;St2;SCARA Pick/Place;Chip atorado en jig, robot coloca 2 veces chip;no;no
2025-09-18;REA;Actuadores;3140CA029;07:08;07:20;12;Maintenance;REA;General;Checklist;checklist de inicio;si;no
2025-09-18;REA;Actuadores;3140CA029;07:30;07:33;3;Maintenance;REA;General;Scheduled maintenance;cambio de receta (RW A RECETA 029);no;no
2025-09-18;REA;Actuadores;3140CA029;08:09;08:11;2;Equipment Fault;730;730;Tool ;colisiono y no avanza pallet;no;no
2025-09-18;REA;Actuadores;3140CA029;08:18;08:20;2;Equipment Fault;Robots;R65;Motion supervision/Joint collision;choca con pallet adelamntado;no;no
2025-09-18;REA;Actuadores;3140CA029;09:15;09:19;4;Equipment Fault;EOL;St2;CRIO NOK;reset de crio;no;no
2025-09-18;REA;Actuadores;3140CA029;09:25;09:27;2;Equipment Fault;730;730;Tool ;colisiona y no pone pin;no;no
2025-09-18;REA;Actuadores;3140CA029;09:50;09:53;3;Equipment Fault;CHW;St2;SCARA Pick/Place;chip atorado;no;no
2025-09-09;REA;Actuadores;3140CA029;16:40;16:42;2;Equipment Fault;731;731;Presence sensor;pin chueco;no;no
2025-09-18;REA;Actuadores;3140CA029;10:38;10:40;2;Equipment Fault;Robots;R65;Motion supervision/Joint collision;R60 choca con pallet;no;no
2025-09-18;REA;Actuadores;3140CA029;10:42;10:44;2;Equipment Fault;Main conveyor;Main conveyor;Lock NOK;pallet atorado en st920;no;no
2025-09-18;REA;Actuadores;3140CA029;10:45;10:47;2;Equipment Fault;730;730;Tool ;no coloca pin;no;no
2025-09-18;REA;Actuadores;3140CA029;11:05;11:07;2;Equipment Fault;Robots;R65;Motion supervision/Joint collision;choca con pallet;no;no
2025-09-18;REA;Actuadores;3140CA029;11:08;11:10;2;Equipment Fault;Main conveyor;Main conveyor;Lock NOK;pallet atorado en locking;no;no
2025-09-18;REA;Actuadores;3140CA029;11:10;11:12;2;Maintenance;USW;St11;Jig;cambio de esponja;no;no
2025-09-18;REA;Actuadores;3140CA029;11:18;11:24;6;Maintenance;USW;St14;Lower Jig;limpieza por rebaba;no;no
2025-09-18;REA;Actuadores;3140CA029;11:38;11:40;2;Equipment Fault;Robots;R80;Gripper/tool adjustments;gripper 1 no abre;no;no
2025-09-18;REA;Actuadores;3140CA029;12:06;12:11;5;Maintenance;CHW;Consumables;Chip reel;cambio de chip;no;no
2025-09-18;REA;Actuadores;3140CA029;12:11;12:13;2;Maintenance;CHW;Consumables;Argon;cambio de argon;no;no
2025-09-18;REA;Actuadores;3140CA029;12:40;12:43;3;Equipment Fault;Conveyors;C31;Presence sensor;Blister atorado por cilindros, no detecto correctamente;no;no
2025-09-18;REA;Actuadores;3140CA029;13:15;13:17;2;Equipment Fault;Robots;R80;Gripper/tool adjustments;gripper 1 no abre;no;no
2025-09-18;REA;Actuadores;3140CA029;13:22;13:23;1;Equipment Fault;Robots;R80;Gripper/tool adjustments;gripper 1 no abre;no;no
2025-09-18;REA;Actuadores;3140CA029;13:42;13:43;1;Equipment Fault;731;731;Presence sensor;refresh;no;no
2025-09-18;REA;Actuadores;3140CA029;14:00;14:20;20;Equipment Fault;CAW;Jig/Index;Index not in home;vástago suelto sensor  posicion  nok;no;no
2025-09-18;REA;Actuadores;3140CA029;14:20;14:40;20;Equipment Fault;CAW;General;TBD;empaque de compuerta suelto, interumpe ciclo;no;no
2025-09-05;COVER LINE;Line 2;FORD;07:00;23:59;1020;Production;ST30 Molding;General;TBD;paro programado [Paro cruza medianoche - Parte 1];no;no
2025-09-05;COVER LINE;Line 2;FORD;00:00;02:00;120;Production;ST30 Molding;General;TBD;paro programado [Paro cruza medianoche - Parte 2];no;no
2025-09-08;COVER LINE;Line 2;FORD;07:00;23:59;1020;Production;TBD;General;TBD;paro programado [Paro cruza medianoche - Parte 1];no;no
2025-09-08;COVER LINE;Line 2;FORD;00:00;02:00;120;Production;TBD;General;TBD;paro programado [Paro cruza medianoche - Parte 2];no;no
2025-09-09;COVER LINE;Line 2;FORD;07:00;23:59;1020;Production;TBD;General;TBD;paro programado [Paro cruza medianoche - Parte 1];no;no
2025-09-09;COVER LINE;Line 2;FORD;00:00;02:00;120;Production;TBD;General;TBD;paro programado [Paro cruza medianoche - Parte 2];no;no
2025-09-10;COVER LINE;Line 2;FORD;07:00;23:59;1020;Production;TBD;General;TBD;paro programado [Paro cruza medianoche - Parte 1];no;no
2025-09-10;COVER LINE;Line 2;FORD;00:00;02:00;120;Production;TBD;General;TBD;paro programado [Paro cruza medianoche - Parte 2];no;no
2025-09-11;COVER LINE;Line 2;FORD;07:00;23:59;1020;Production;TBD;General;TBD;paro programado [Paro cruza medianoche - Parte 1];no;no
2025-09-11;COVER LINE;Line 2;FORD;00:00;02:00;120;Production;TBD;General;TBD;paro programado [Paro cruza medianoche - Parte 2];no;no
2025-09-12;COVER LINE;Line 2;FORD;07:00;23:59;1020;Production;TBD;General;TBD;paro programado [Paro cruza medianoche - Parte 1];no;no
2025-09-12;COVER LINE;Line 2;FORD;00:00;02:00;120;Production;TBD;General;TBD;paro programado [Paro cruza medianoche - Parte 2];no;no
2025-09-15;COVER LINE;Line 2;FORD;07:00;23:59;1020;Production;TBD;General;TBD;paro programado [Paro cruza medianoche - Parte 1];no;no
2025-09-15;COVER LINE;Line 2;FORD;00:00;02:00;120;Production;TBD;General;TBD;paro programado [Paro cruza medianoche - Parte 2];no;no
2025-09-16;COVER LINE;Line 2;FORD;07:00;23:59;1020;Production;TBD;General;TBD;paro programado [Paro cruza medianoche - Parte 1];no;no
2025-09-16;COVER LINE;Line 2;FORD;00:00;02:00;120;Production;TBD;General;TBD;paro programado [Paro cruza medianoche - Parte 2];no;no
2025-09-17;COVER LINE;Line 2;FORD;07:00;10:30;210;Maintenance;ST30 Molding;General;TBD;arranque;no;no
2025-09-17;COVER LINE;Line 2;FORD;11:20;11:27;7;Equipment Fault;Main conveyor;General;TBD;pallet no llega a posición st62;no;no
2025-09-17;COVER LINE;Line 2;FORD;11:53;12:09;16;Equipment Fault;Robots;R120;Incorrect pick/place;falla pick up st1;no;no
2025-09-17;COVER LINE;Line 2;FORD;14:08;14:18;10;Equipment Fault;Main conveyor;General;TBD;falla de centering en st70;no;no
2025-09-17;COVER LINE;Line 2;FORD;15:06;15:16;10;Quality;TBD;General;TBD;retiro de scrap;no;no
2025-09-17;COVER LINE;Line 2;FORD;15:40;15:45;5;Equipment Fault;Terminal caps;ST94;Bowl/lineal feeder;fork atorado por tiro corto;no;no
2025-09-17;COVER LINE;Line 2;FORD;18:50;18:59;9;Equipment Fault;Terminal caps;ST95;Turntable;;no;no
2025-09-17;COVER LINE;Line 2;FORD;19:06;20:06;60;Equipment Fault;Terminal caps;ST94;Bowl/lineal feeder;fork atorado por tiro corto paros acumulados;no;no
2025-09-17;COVER LINE;Line 2;FORD;20:11;20:18;7;Equipment Fault;OMT;ST3;Actuator;pogos sucios;no;no
2025-09-17;COVER LINE;Line 2;FORD;22:09;22:32;23;Equipment Fault;ST30 Molding;Injection system;Actuator;;no;no
2025-09-17;COVER LINE;Line 2;FORD;23:00;23:30;30;Equipment Fault;TBD;General;TBD;cambio de lote de foks por parte de calidad;no;no
2025-09-18;REA;Actuadores;3140CA029;17:00;17:02;2;Equipment Fault;Main conveyor;Main conveyor;Singulator NOK;pallet atorado por singulator;no;no
2025-09-18;REA;Actuadores;3140CA029;17:44;17:46;2;Equipment Fault;CHW;St2;Vacuum system;error de vacio;no;no
2025-09-18;REA;Actuadores;3140CA029;17:56;17:59;3;Equipment Fault;CCC;General;Software/PC;error de mesa desalineada;no;no
2025-09-18;REA;Actuadores;3140CA029;15:00;15:20;20;Equipment Fault;CAW;Jig/Index;Blade orienter actuator;Equipo falla por blade orientator, se cree es una falla de hardware que ocasiona se pierda la señal, se reestablece.;no;no
2025-09-18;REA;Actuadores;3140CA029;18:52;18:55;3;Equipment Fault;Robots;R65;Motion supervision/Joint collision;collision con pallet adelantado;no;no
2025-09-18;REA;Actuadores;3140CA029;19:00;19:10;10;Maintenance;REA;General;Checklist;Checklist;si;no
2025-09-18;REA;Actuadores;3140CA029;20:43;20:46;3;Equipment Fault;CHW;St2;Vacuum system;Falla st2;no;no
2025-09-18;REA;Actuadores;3140CA029;20:48;20:51;3;Equipment Fault;Aux;805;Pneumatic System;Falla vacio en gear;no;no
2025-09-18;REA;Actuadores;3140CA029;22:15;22:20;5;Equipment Fault;EOL;St4;CRIO NOK;reinicio de crio;no;no
2025-09-18;REA;Actuadores;3140CA029;22:35;22:47;12;Equipment Fault;REA;General;Checklist;Checklist;si;no
2025-09-18;REA;Actuadores;3140CA029;22:47;23:05;18;Equipment Fault;CAW;Jig/Index;Blade orienter actuator;Alarma por blade orienter se ajusta jig 1;no;no
2025-09-18;REA;Actuadores;3140CA029;23:06;23:15;9;Equipment Fault;CAW;Jig/Index;Blade orienter actuator;Alarma por blade orienter se ajusta jig 2;no;no
2025-09-18;REA;Actuadores;3140CA029;23:34;23:37;3;Equipment Fault;Main conveyor;Main conveyor;Inductive sensor;Sensor inductivo no detecta pallet y causa colision en robot 60;no;no
2025-09-18;REA;Actuadores;3140CA029;23:40;23:43;3;Equipment Fault;CHW;St2;SCARA Pick/Place;Pick and place incorrecto;no;no
2025-09-18;REA;Actuadores;3140CA029;00:44;00:47;3;Equipment Fault;730;730;Bowl/Lineal feeder;Pin nok en bowl;no;no
2025-09-19;REA;Actuadores;3140CA029;00:47;03:52;185;Equipment Fault;CAW;Jig/Index;Blade orienter actuator;Falla de blade orientes, se intenta restablecer con el procedimiento acordado sin tener exito en repetidas ocasiones, intentado dieferentes opciones, se procede apagar el equipo por completo para ver si se puede solucionar el problema, al reiniciar se vuelve a realizar el procedimiento y continua ciclo, se procede a mandar a liberar soldadura;no;no
2025-09-19;REA;Actuadores;3140CA029;03:53;05:02;69;Quality;REA;General;Test approval;Se manda a realizar liberacion de soldadura ya que se reinicio el equipo, unicamente para verificar que no se hayan movios los axis, soldadrua ok con un poco de GAP alto;no;no
2025-09-19;REA;Actuadores;3140CA029;05:10;05:25;15;Equipment Fault;CAW;LSW;Vision system;Vision system, manda a scrap soldadura por fuera de tolerancias, se revisa y se limpia pressor para que no afecten humos;no;no
2025-09-19;REA;Actuadores;3140CA029;05:30;05:46;16;Equipment Fault;CAW;Jig/Index;Blade orienter actuator;Problea de blade orienter vuelve a suceder pero de una manera distinta, la mesa al querer girar baja la puerta atascando la mesa causando que esta se mueva de su posicion, se alinea mesa y se verifica que no se haya movido sistema de vision;no;no
2025-09-19;REA;Actuadores;3140CA029;05:49;07:00;71;Equipment Fault;CAW;Jig/Index;Blade orienter actuator;Vuelve a suceder el problema del crank orienter, se intenta resolver mediante el proceso establecido sin tener exito;no;no
2025-09-18;COVER LINE;Line 2;FORD;07:00;07:20;20;Maintenance;TBD;General;TBD;inicio de retrabajo;no;no
2025-09-18;COVER LINE;Line 2;FORD;07:25;08:15;50;Maintenance;Terminal caps;ST94;Actuator;espera de ajuste en inserción de fork;no;no
2025-09-18;COVER LINE;Line 2;FORD;08:20;08:50;30;Production;TBD;General;TBD;cambio de receta para retrabajo;no;no
2025-09-18;COVER LINE;Line 2;FORD;09:06;09:16;10;Equipment Fault;Lip seal;General;TBD;cover con flash;no;no
2025-09-18;COVER LINE;Line 2;FORD;09:50;10:40;50;Equipment Fault;OMT;General;TBD;tiempos exedidos en la revisión de st4;no;no
2025-09-18;COVER LINE;Line 2;FORD;12:32;12:42;10;Equipment Fault;OMT;ST4;Profilometer;;no;no
2025-09-18;COVER LINE;Line 2;FORD;13:20;20:00;400;Equipment Fault;ST30 Molding;Injection system;Actuator;;no;no
2025-09-18;COVER LINE;Line 2;FORD;20:15;20:16;1;Equipment Fault;Terminal caps;ST95;Turntable;;no;no
2025-09-18;COVER LINE;Line 2;FORD;20:25;20:30;5;Equipment Fault;Lip seal;ST74;Actuator;falla de vacío;no;no
2025-09-18;COVER LINE;Line 2;FORD;21:00;22:15;75;Equipment Fault;ST30 Molding;Injection system;Actuator;;no;no
2025-09-18;COVER LINE;Line 2;FORD;22:45;23:59;74;Equipment Fault;OMT;General;TBD;se cierra la app;no;no
2025-09-19;COVER LINE;Line 2;FORD;00:00;02:00;120;Production;TBD;General;TBD;falta de empaque para las piezas de cover que salen al buffel;no;no
2025-09-19;REA;Actuadores;3140CA029;15:00;18:41;221;Equipment Fault;CAW;Jig/Index;Blade orienter actuator;Falla orietador blade;no;no
2025-09-19;REA;Actuadores;3140CA029;18:42;20:56;134;Quality;REA;General;SOP;Liberacion calidad por PC reiniciada y muchas horas en paro;si;no
2025-09-19;REA;Actuadores;3140CA029;10:30;10:35;5;Equipment Fault;REA;General;Checklist;Checklist;si;no
2025-09-19;REA;Actuadores;3140CA029;10:41;10:45;4;Equipment Fault;620;620;Alphamatic Module;Ajuste en prensa;no;no
2025-09-19;REA;Actuadores;3140CA029;11:17;11:22;5;Equipment Fault;Main conveyor;Main conveyor;;Sensor no detecta pallet;no;no
2025-09-19;REA;Actuadores;3140CA029;11:36;11:40;4;Equipment Fault;Main conveyor;Main conveyor;Lock NOK;Pallet atorado;no;no
2025-09-19;REA;Actuadores;3140CA029;11:44;11:48;4;Equipment Fault;CHW;St2;SCARA Pick/Place;Time out st 2;no;no
2025-09-20;REA;Actuadores;3140CA029;00:20;00:25;5;Equipment Fault;Main conveyor;Main conveyor;Inductive sensor;Pallet atorado;no;no
2025-09-20;REA;Actuadores;3140CA029;00:30;00:34;4;Equipment Fault;730;730;Bowl/Lineal feeder;Colisiona al bajar por pin;no;no
2025-09-20;REA;Actuadores;3140CA029;00:39;00:44;5;Equipment Fault;Main conveyor;Main conveyor;Inductive sensor;Pallet atorado;no;no
2025-09-20;REA;Actuadores;3140CA029;02:20;02:25;5;Equipment Fault;Main conveyor;Main conveyor;Inductive sensor;Pallet atorados;no;no
2025-09-20;REA;Actuadores;3140CA029;02:40;02:44;4;Equipment Fault;CHW;St2;SCARA Pick/Place;time out st 2;no;no
2025-09-20;REA;Actuadores;3140CA029;02:52;02:57;5;Equipment Fault;730;730;Bowl/Lineal feeder;colision al bajar por pin;no;no
2025-09-20;REA;Actuadores;3140CA029;03:15;03:21;6;Equipment Fault;EOL;St4;CRIO NOK;Se reinicia crio;no;no
2025-09-20;REA;Actuadores;3140CA029;03:32;03:35;3;Equipment Fault;Main conveyor;Main conveyor;Inductive sensor;Pallet atorado;no;no
2025-09-20;REA;Actuadores;3140CA029;05:33;05:38;5;Equipment Fault;USW;St14;Lower Jig;Limpieza de jig;no;no
2025-09-20;REA;Actuadores;3140CA029;06:23;06:26;3;Equipment Fault;730;730;Alphamatic Module;No continua ciclo, se reinicai de hmi;no;no
2025-09-20;REA;Actuadores;3140CA029;07:10;07:12;2;Equipment Fault;Robots;R80;Gripper/tool adjustments;gripper 1 no abre al dejar pieza en st974.;no;no
2025-09-20;REA;Actuadores;3140CA029;07:19;07:20;1;Equipment Fault;731;731;Feed piston;refresh;no;no
2025-09-20;REA;Actuadores;3140CA029;07:26;07:27;1;Equipment Fault;Robots;R80;Gripper/tool adjustments;gripper no abre al dejar pieza en st974;no;no
2025-09-20;REA;Actuadores;3140CA029;07:34;07:36;2;Production;Conveyors;C31;Presence sensor;riel lleno de blister;no;no
2025-09-20;REA;Actuadores;3140CA029;08:30;08:31;1;Maintenance;CHW;Consumables;Argon;cambio de argon;no;no
2025-09-20;REA;Actuadores;3140CA029;08:45;08:46;1;Equipment Fault;Robots;R80;Gripper/tool adjustments;gripper 1 no abre al dejar pieza en st974.;no;no
2025-09-20;REA;Actuadores;3140CA029;09:38;09:40;2;Equipment Fault;730;730;Presence sensor;prensa 730 no termina ciclo se queda abajo;no;no
2025-09-20;REA;Actuadores;3140CA029;11:32;11:34;2;Equipment Fault;730;730;Feed piston;no coloca pin se alarma;no;no
2025-09-20;REA;Actuadores;3140CA029;12:08;12:10;2;Equipment Fault;Main conveyor;Main conveyor;Lock NOK;pallet atorado en es 620;no;no
2025-09-20;REA;Actuadores;3140CA029;12:45;13:00;15;Maintenance;REA;General;Checklist;checklist;si;no
2025-09-20;REA;Actuadores;3140CA029;16:37;16:38;1;Equipment Fault;730;730;Feed piston;colision por pin inclinado;no;no
2025-09-20;REA;Actuadores;3140CA029;16:55;16:58;3;Equipment Fault;915;915;Dart sensor;ogiva caida;no;no
2025-09-20;REA;Actuadores;3140CA029;17:33;17:37;4;Maintenance;CHW;Consumables;Chip reel;cambio de chip;no;no
2025-09-19;COVER LINE;Line 2;FORD;07:00;08:00;60;Maintenance;ST30 Molding;General;TBD;arranque;no;no
2025-09-19;COVER LINE;Line 2;FORD;09:50;10:20;30;Production;TBD;General;TBD;simulacro de evacuación de la nave;no;no
2025-09-19;COVER LINE;Line 2;FORD;09:43;09:48;5;Equipment Fault;ST30 Molding;General;TBD;falla de cierre de molde;no;no
2025-09-19;COVER LINE;Line 2;FORD;10:33;10:40;7;Equipment Fault;Robots;R20;Motion supervision/Joint collision;pallet atorado en conveyo por colada;no;no
2025-09-19;COVER LINE;Line 2;FORD;10:58;11:00;2;Equipment Fault;OMT;ST4;Profilometer;falla de señal;no;no
2025-09-19;COVER LINE;Line 2;FORD;11:01;11:05;4;Equipment Fault;Main conveyor;General;TBD;falla de centering st70;no;no
2025-09-19;COVER LINE;Line 2;FORD;11:08;11:50;42;Equipment Fault;Robots;R120;Gripper/tool adjustments;falla de señal en gripper;no;no
2025-09-19;COVER LINE;Line 2;FORD;11:52;14:02;130;Equipment Fault;OMT;ST4;Profilometer;;no;no
2025-09-19;COVER LINE;Line 2;FORD;12:06;12:07;1;Equipment Fault;Robots;R72;Gripper/tool adjustments;falla de gripper;no;no
2025-09-19;COVER LINE;Line 2;FORD;12:11;12:12;1;Equipment Fault;Retainer;ST76;Bowl/lineal feeder;eteiner atorado en bowl;no;no
2025-09-19;COVER LINE;Line 2;FORD;12:15;12:19;4;Equipment Fault;Main conveyor;General;TBD;pallet atorado en st63;no;no
2025-09-19;COVER LINE;Line 2;FORD;12:35;12:40;5;Equipment Fault;ST30 Molding;Camera;Inspection Tools Adjustments;terminal con tiro corto;no;no
2025-09-19;COVER LINE;Line 2;FORD;13:04;13:05;1;Equipment Fault;Main conveyor;General;TBD;falla de centering st70;no;no
2025-09-19;COVER LINE;Line 2;FORD;13:10;13:13;3;Equipment Fault;Terminal caps;ST94;Bowl/lineal feeder;fork atordo en bowl;no;no
2025-09-19;COVER LINE;Line 2;FORD;13:27;13:28;1;Equipment Fault;Lip seal;ST74;Actuator;falla de vacío;no;no
2025-09-19;COVER LINE;Line 2;FORD;14:47;14:48;1;Equipment Fault;Terminal caps;ST94;Actuator;fork no llega a posición;no;no
2025-09-19;COVER LINE;Line 2;FORD;15:08;15:12;4;Equipment Fault;Main conveyor;General;TBD;ajuste de riel en conveyo;no;no
2025-09-19;COVER LINE;Line 2;FORD;15:51;15:54;3;Equipment Fault;TBD;General;TBD;caja de scrap llena;no;no
2025-09-19;COVER LINE;Line 2;FORD;16:05;16:06;1;Equipment Fault;Lip seal;ST74;Actuator;falla de vacío;no;no
2025-09-19;COVER LINE;Line 2;FORD;16:34;16:44;10;Equipment Fault;Robots;R20;Motion supervision/Joint collision;colició con pallet st61;no;no
2025-09-19;COVER LINE;Line 2;FORD;17:15;17:17;2;Equipment Fault;Terminal caps;ST95;Turntable;;no;no
2025-09-19;COVER LINE;Line 2;FORD;17:30;18:50;80;Equipment Fault;Terminal caps;ST94;Bowl/lineal feeder;fork atorado acumulado en turno;no;no
2025-09-19;COVER LINE;Line 2;FORD;19:15;19:30;15;Equipment Fault;Terminal caps;ST94;Gripper;gripper no detecta fork cuando cierra;no;no
2025-09-19;COVER LINE;Line 2;FORD;20:10;20:18;8;Equipment Fault;ST30 Molding;Injection system;Actuator;;no;no
2025-09-19;COVER LINE;Line 2;FORD;21:00;21:25;25;Equipment Fault;OMT;ST4;Profilometer;falla de st4;no;no
2025-09-20;COVER LINE;Line 2;FORD;00:10;00:50;40;Equipment Fault;OMT;General;TBD;tiempo exedido en la revisión de st4 por terminal hacia un lado;no;no
2025-09-22;COVER LINE;Line 2;FORD;07:00;07:30;30;Maintenance;TBD;General;TBD;inicio de RW;no;no
2025-09-22;COVER LINE;Line 2;FORD;08:03;08:13;10;Equipment Fault;Main conveyor;General;PLC ;falla de centering st70;no;no
2025-09-22;COVER LINE;Line 2;FORD;08:15;08:20;5;Equipment Fault;Main conveyor;General;TBD;falla de centering st80;no;no
2025-09-22;COVER LINE;Line 2;FORD;08:30;08:35;5;Maintenance;Main conveyor;General;TBD;ajute de riel en conveyo st70;no;no
2025-09-22;COVER LINE;Line 2;FORD;09:34;09:36;2;Equipment Fault;Retainer;ST76;Bowl/lineal feeder;reteiner atorado en bowl;no;no
2025-09-22;COVER LINE;Line 2;FORD;10:05;10:07;2;Equipment Fault;Terminal caps;ST94;Gripper;falla de gripper;no;no
2025-09-22;COVER LINE;Line 2;FORD;10:27;10:28;1;Equipment Fault;Terminal caps;ST94;Bowl/lineal feeder;fork atorado en riel;no;no
2025-09-22;COVER LINE;Line 2;FORD;12:20;12:50;30;Maintenance;TBD;General;TBD;fin de RW inicio de producción;no;no
2025-09-22;COVER LINE;Line 2;FORD;13:22;13:23;1;Equipment Fault;OMT;ST4;Profilometer;;no;no
2025-09-22;COVER LINE;Line 2;FORD;13:51;13:52;1;Equipment Fault;Terminal caps;ST94;Bowl/lineal feeder;fork atorado en bowl;no;no
2025-09-22;REA;Actuadores;3140CA028;15:00;15:10;10;Equipment Fault;EOL;St6;Laser module/Samlight;Cambio de reseta SAMLIGHT;no;no
2025-09-22;REA;Actuadores;3140CA028;15:20;15:30;10;Equipment Fault;CHW;St4;Pressor;Ajuste de pressor por mala soldadura;no;no
2025-09-22;REA;Actuadores;3140CA028;15:40;16:00;20;Equipment Fault;MAT;St4;CRIO App;No funciona CRIO se hace reset a PC;no;no
2025-09-22;REA;Actuadores;3140CA028;16:10;16:25;15;Quality;REA;General;Change Over;Pase de master, debido a eso se tiene que reiniciar CAW y se batalla para que arranque debido al bug;no;no
2025-09-22;REA;Actuadores;3140CA028;19:00;20:30;90;Quality;REA;General;Change Over;Cambio de PPAP Stellantis 042 a Stellantis 028;no;no
2025-09-22;REA;Actuadores;3140CA028;20:40;20:45;5;Maintenance;MAT;St6;Grease sensor;Falla sensor y no pone bien grasa, se purga y queda ok;no;no
2025-09-22;REA;Actuadores;3140CA028;20:59;21:04;5;Quality;CCC;General;Scrapbox full;Scrapbox full;no;no
2025-09-22;REA;Actuadores;3140CA028;21:10;21:12;2;Maintenance;730;730;Tool ;Herramienta choca contra pin chueco;no;no
2025-09-22;REA;Actuadores;3140CA028;21:20;21:25;5;Equipment Fault;Robots;R70;Vacuum system;Vacuum off;no;no
2025-09-22;REA;Actuadores;3140CA028;21:30;21:32;2;Equipment Fault;620;620;Tool ;Se alarma por fuerza fuera de rango;no;no
2025-09-22;REA;Actuadores;3140CA028;21:58;22:00;2;Equipment Fault;Aux;805;Pneumatic System;No baja gear completamente;no;no
2025-09-22;REA;Actuadores;3140CA028;22:02;22:07;5;Maintenance;EOL;St4;CRIO NOK;Reset CRIO;no;no
2025-09-22;REA;Actuadores;3140CA029;22:30;23:59;90;Equipment Fault;CAW;Jig/Index;Blade orienter actuator;Fallo de blade orienter en pos 2 y 3, se revisa y  se ajusta posicion de mesa y sistema de vision, ya que el mismo paro genera movimiento en la mesa  [Paro cruza medianoche - Parte 1];no;no
2025-09-22;REA;Actuadores;3140CA029;00:00;00:07;7;Equipment Fault;CAW;Jig/Index;Blade orienter actuator;Fallo de blade orienter en pos 2 y 3, se revisa y  se ajusta posicion de mesa y sistema de vision, ya que el mismo paro genera movimiento en la mesa  [Paro cruza medianoche - Parte 2];no;no
2025-09-23;REA;Actuadores;3140CA029;01:39;02:38;59;Equipment Fault;USW;SCARA;Gripper/Tool;Gripper danado, se pone repuesto temporal;no;no
2025-09-23;REA;Actuadores;3140CA029;03:02;03:05;3;Equipment Fault;Robots;R80;Gripper/tool adjustments;Gripper no abre al tirar scrap;no;no
2025-09-23;REA;Actuadores;3140CA029;03:15;03:18;3;Equipment Fault;Main conveyor;Main conveyor;Inductive sensor;Pallet atorado;no;no
2025-09-23;REA;Actuadores;3140CA029;03:28;03:35;7;Equipment Fault;Main conveyor;Main conveyor;RFID Reader;Se ajusta rfid por paros constante en st 730;no;no
2025-09-23;REA;Actuadores;3140CA029;04:33;04:45;12;Equipment Fault;USW;St14;;Se revisa goma y se detecta que cover trae flash y por eso scrapea, tambien se revisa esponja de branson para verificar que este en beun estado;no;no
2025-09-23;REA;Actuadores;3140CA029;05:25;05:35;10;Equipment Fault;MAT;St6;Dispensation system;SE alarmaba driver del dispensador;no;no
2025-09-23;REA;Actuadores;3140CA029;05:30;05:39;9;Equipment Fault;EOL;St2;Gripper NOK;Overload;no;no
2025-09-23;REA;Actuadores;3140CA029;05:49;05:54;5;Equipment Fault;EOL;St4;CRIO NOK;Se reinicia crio;no;no
2025-09-23;REA;Actuadores;3140CA028;06:41;06:52;11;Equipment Fault;730;730;Presence sensor;Limites nok, detecta sin pin en nido, causa scrap consecutivo 20+ piezas, se detecta cuando empieza a tirarlas en 980.;no;no
2025-09-23;REA;Actuadores;3140CA029;06:51;06:54;3;Equipment Fault;EOL;St2;Gripper NOK;Overload;no;no
2025-09-22;COVER LINE;Line 2;FORD;13:59;14:01;2;Equipment Fault;Terminal caps;ST94;Gripper;;no;no
2025-09-22;COVER LINE;Line 2;FORD;14:10;14:12;2;Equipment Fault;Terminal caps;ST95;Turntable;;no;no
2025-09-22;COVER LINE;Line 2;FORD;13:48;13:49;1;Equipment Fault;ST30 Molding;General;TBD;TERMINAL DOBLADA;no;no
2025-09-22;COVER LINE;Line 2;FORD;14:30;14:34;4;Quality;TBD;General;TBD;retiro de scrap;no;no
2025-09-22;COVER LINE;Line 2;FORD;15:32;15:45;13;Equipment Fault;Robots;R20;Motion supervision/Joint collision;collision con palet st61;no;no
2025-09-22;COVER LINE;Line 2;FORD;16:21;16:26;5;Equipment Fault;ST30 Molding;General;TBD;terminal doblada;no;no
2025-09-22;COVER LINE;Line 2;FORD;16:15;16:20;5;Quality;TBD;General;TBD;retiro de scrap en OMT;no;no
2025-09-22;COVER LINE;Line 2;FORD;17:40;18:00;20;Equipment Fault;Terminal caps;ST95;Turntable;;no;no
2025-09-22;COVER LINE;Line 2;FORD;18:15;19:00;45;Equipment Fault;Terminal caps;ST94;Bowl/lineal feeder;fork atorado;no;no
2025-09-22;COVER LINE;Line 2;FORD;19:00;20:00;60;Equipment Fault;Robots;R20;Motion supervision/Joint collision;collision con pallet st61;no;no
2025-09-22;COVER LINE;Line 2;FORD;20:17;20:30;13;Equipment Fault;Retainer;ST76;Bowl/lineal feeder;reteiner atorado en bowl;no;no
2025-09-22;COVER LINE;Line 2;FORD;21:15;21:32;17;Equipment Fault;OMT;ST4;Profilometer;;no;no
2025-09-22;COVER LINE;Line 2;FORD;23:17;23:37;20;Equipment Fault;Terminal caps;ST94;Bowl/lineal feeder;fork atorado en bowl;no;no
2025-09-23;REA;Actuadores;3140CA029;10:35;10:45;10;Equipment Fault;EOL;General;Software/PC;No continuo ciclo, stop cycle aun cuando arranca en automático línea, force start;no;no
2025-09-18;REA;Actuadores;3140CA029;20:54;21:00;6;Equipment Fault;CHW;St4;Pressor;Cambio de puntas por alto scrap;no;no
2025-09-18;REA;Actuadores;3140CA029;20:52;20:54;2;Equipment Fault;USW;St14;Lower Jig;Limpieza rebaba plastica por scrap;no;no
2025-09-18;REA;Actuadores;3140CA029;18:09;18:11;2;Equipment Fault;CHW;St4;Pressor;limpieza de puntas del pressor;no;no
2025-09-22;REA;Actuadores;3140CA028;20:50;20:54;4;Equipment Fault;USW;St14;Lower Jig;Limpieza de jig;no;no
2025-04-24;REA;Actuadores;3140CA029;06:05;06:07;2;Equipment Fault;USW;St14;Lower Jig;Se revisa jig por alto scrap usw, se hace limpieza,,,,,;no;no
2025-09-18;REA;Actuadores;3140CA029;13:29;13:32;3;Equipment Fault;Robots;R80;Gripper/tool adjustments;se coloca cinta por falta de agarre;no;no
2025-09-20;REA;Actuadores;3140CA029;07:50;07:52;2;Equipment Fault;Main conveyor;Main conveyor;Lock NOK;pallet se atora con locking de prensa 620;no;no
2025-09-22;REA;Actuadores;3140CA043;07:00;15:00;480;Quality;REA;General;Change Over;PPAP liberacion 043, fallas CAW alentan muestras, sin planos e informacion necesaria para set up alentan muestras y creacion de recetas;no;no
2025-09-23;REA;Actuadores;3140CA028;10:50;10:53;3;Equipment Fault;CAW;CPA;Feeder;crank atorado, no llega a posición.;no;no
2025-09-23;REA;Actuadores;3140CA028;10:58;11:00;2;Equipment Fault;USW;St14;Lower Jig;se limpia st14 de rebaba por alto scrap.;no;no
2025-09-23;REA;Actuadores;3140CA028;11:21;11:24;3;Equipment Fault;CAW;CPA;Feeder;crank se atora y no llega a position.;no;no
2025-09-23;REA;Actuadores;3140CA028;11:35;11:38;3;Equipment Fault;USW;St14;Lower Jig;limpieza de at14 por rebaba;no;no
2025-09-23;REA;Actuadores;3140CA028;11:40;11:41;1;Equipment Fault;731;731;Bowl/Lineal feeder;refresh;no;no
2025-09-20;REA;Actuadores;3140CA029;09:56;09:57;1;Equipment Fault;730;730;Presence sensor;se alarma y no coloca pin;no;no
2025-09-18;REA;Actuadores;3140CA029;14:40;15:00;20;Equipment Fault;CAW;CPA;SCARA;sensores fallan;no;no
2025-09-22;REA;Actuadores;3140CA029;21:50;21:53;3;Equipment Fault;620;620;Tool ;Se alarma por fuerza fuera de rango;no;no
2025-09-23;REA;Actuadores;3140CA028;10:12;10:13;1;Maintenance;CHW;Consumables;Argon;cambio tanque de argon;no;no
2025-09-23;REA;Actuadores;3140CA028;11:58;12:00;2;Equipment Fault;Main conveyor;Main conveyor;Lock NOK;pallet avanza y se atorra en locking de st915;no;no
2025-09-23;REA;Actuadores;3140CA028;10:47;10:49;2;Equipment Fault;Main conveyor;Main conveyor;Lock NOK;pallet se adelanta y queda atorado en locking;no;no
2025-09-23;REA;Actuadores;3140CA028;07:10;07:20;10;Maintenance;REA;General;Checklist;Checklist;si;no
2025-09-23;REA;Actuadores;3140CA028;13:20;13:22;2;Production;REA;General;NOK material;disecante tapando sensor de 910, no deja colocar en posición el motor.;no;no
2025-09-23;REA;Actuadores;3140CA028;07:20;07:50;30;Equipment Fault;CHW;St4;Pressor;Pressor suelto, scraps continuos;no;no
2025-09-23;REA;Actuadores;3140CA028;08:00;09:00;60;Equipment Fault;CHW;St5;Vision system;Falla sistema de vision falsos rechazos, piezas ok, se ajusta area y binarizado pin 1 y 2;no;no
2025-09-23;REA;Actuadores;3140CA028;13:33;13:35;2;Quality;Main conveyor;Main conveyor;Lock NOK;se atorra pallet en locking de st620;no;no
2025-09-23;REA;Actuadores;3140CA028;13:48;13:54;6;Maintenance;CHW;Consumables;Chip reel;cambio de chip.;no;no
2025-09-23;REA;Actuadores;3140CA028;14:02;14:03;1;Quality;CAW;General;Scrapbox full;scrapbox full;no;no
2025-09-23;REA;Actuadores;3140CA028;14:09;14:13;4;Quality;CHW;General;Scrapbox full;scrapbnox full;no;no
2025-09-23;REA;Actuadores;3140CA028;14:14;14:16;2;Equipment Fault;Main conveyor;Main conveyor;Lock NOK;pallet de atora en locking de St915.;no;no
2025-09-23;REA;Actuadores;3140CA028;14:19;14:21;2;Equipment Fault;USW;St14;Lower Jig;limpieza de rebaba en St14;no;no
2025-09-23;REA;Actuadores;3140CA028;14:33;14:35;2;Equipment Fault;Main conveyor;Main conveyor;Lock NOK;pallet se atora en locking de st915;no;no
2025-09-23;REA;Actuadores;3140CA028;14:39;14:40;1;Equipment Fault;Robots;R70;Vacuum system;vacuum off;no;no
2025-09-23;COVER LINE;Line 2;FORD;07:00;07:45;45;Maintenance;ST30 Molding;General;TBD;arranque;no;no
2025-09-23;COVER LINE;Line 2;FORD;07:48;07:50;2;Equipment Fault;Robots;R72;Incorrect pick/place;incongruencia;no;no
2025-09-23;COVER LINE;Line 2;FORD;08:10;08:12;2;Equipment Fault;Terminal caps;ST94;Bowl/lineal feeder;fork no llega aposición;no;no
2025-09-23;COVER LINE;Line 2;FORD;08:17;08:21;4;Equipment Fault;Terminal caps;ST95;Turntable;;no;no
2025-09-23;COVER LINE;Line 2;FORD;08:23;08:26;3;Equipment Fault;Terminal caps;ST94;Bowl/lineal feeder;frok no llega a posición;no;no
2025-09-23;COVER LINE;Line 2;FORD;08:33;08:53;20;Maintenance;OMT;General;TBD;descargando información;no;no
2025-09-23;COVER LINE;Line 2;FORD;08:54;08:56;2;Equipment Fault;Terminal caps;ST94;Bowl/lineal feeder;fork atorado en riel;no;no
2025-09-23;COVER LINE;Line 2;FORD;09:40;15:00;320;Equipment Fault;ST30 Molding;Injection system;Actuator;molde se abre en ciclo de inyección;no;no
2025-09-23;REA;Actuadores;3140CA028;20:35;20:38;3;Maintenance;USW;St14;Lower Jig;cambio de goma;no;no
2025-09-23;REA;Actuadores;3140CA028;21:50;21:52;2;Equipment Fault;Robots;R80;Gripper/tool adjustments;no abrio gripper 1;no;no
2025-09-23;REA;Actuadores;3140CA028;21:57;21:59;2;Equipment Fault;730;730;Tool ;collision pick pin;no;no
2025-09-23;REA;Actuadores;3140CA028;22:30;22:40;10;Equipment Fault;REA;General;Checklist;Checklist;si;no
2025-09-23;REA;Actuadores;3140CA028;22:45;22:48;3;Equipment Fault;Robots;R80;Gripper/tool adjustments;gripper no abre correctamente;no;no
2025-09-23;REA;Actuadores;3140CA028;23:03;23:07;4;Equipment Fault;620;620;Alphamatic Module;Maxima fuerza exceded;no;no
2025-09-23;REA;Actuadores;3140CA028;23:12;23:16;4;Equipment Fault;730;730;Feed piston;Colision al bajar por pin;no;no
2025-09-23;REA;Actuadores;3140CA028;00:00;00:07;7;Equipment Fault;Robots;R80;Gripper/tool adjustments;Piston de gripper con mucho juego mecanico, se hace ajuste temporal  [Paro cruza medianoche - Parte 2];no;no
2025-09-24;REA;Actuadores;3140CA028;00:11;00:17;6;Equipment Fault;CAW;CPA;Feeder;Crank atorado;no;no
2025-09-24;REA;Actuadores;3140CA028;01:16;01:32;16;Equipment Fault;Robots;R80;Gripper/tool adjustments;Gripper muy flojo, suelta pieza al llegar a EOL y se activa el safety, se ajusta gripper, y se reinicia ciclo de eol ya que marcaba error de los jig;no;no
2025-09-24;REA;Actuadores;3140CA028;01:32;01:35;3;Maintenance;CHW;Consumables;Argon;cambio de argon;no;no
2025-09-24;REA;Actuadores;3140CA028;05:10;05:14;4;Equipment Fault;Robots;R65;Vacuum system;cambio de ventosas;no;no
2025-09-23;COVER LINE;Line 2;FORD;15:38;15:40;2;Equipment Fault;Terminal caps;ST94;Bowl/lineal feeder;fork atorado en bowl;no;no
2025-09-23;COVER LINE;Line 2;FORD;16:20;16:23;3;Equipment Fault;Terminal caps;ST94;Bowl/lineal feeder;fork atorado en riel;no;no
2025-09-23;COVER LINE;Line 2;FORD;16:48;16:50;2;Equipment Fault;Terminal caps;ST94;Bowl/lineal feeder;fork atorado en riel;no;no
2025-09-23;COVER LINE;Line 2;FORD;16:54;16:56;2;Equipment Fault;Terminal caps;ST95;Turntable;;no;no
2025-09-23;COVER LINE;Line 2;FORD;16:59;17:00;1;Equipment Fault;ST30 Molding;General;TBD;terminal doblada;no;no
2025-09-23;COVER LINE;Line 2;FORD;17:15;17:50;35;Equipment Fault;Terminal caps;ST95;Turntable;;no;no
2025-09-23;COVER LINE;Line 2;FORD;18:20;19:00;40;Equipment Fault;Terminal caps;ST94;Bowl/lineal feeder;fork atorado;no;no
2025-09-23;COVER LINE;Line 2;FORD;19:20;19:35;15;Equipment Fault;Terminal caps;ST94;Bowl/lineal feeder;fork atorado en bowl;no;no
2025-09-23;COVER LINE;Line 2;FORD;20:20;20:40;20;Equipment Fault;Lip seal;ST74;Actuator;falla de vacío;no;no
2025-09-23;COVER LINE;Line 2;FORD;21:10;21:50;40;Equipment Fault;ST30 Molding;Injection system;Actuator;;no;no
2025-09-23;COVER LINE;Line 2;FORD;22:40;23:25;45;Equipment Fault;Robots;R20;Motion supervision/Joint collision;collision con palett st61;no;no
2025-09-24;REA;Actuadores;3140CA027;22:06;22:09;3;Maintenance;CCC;Consumables;Resin;Cambio de bote resina;no;no
2025-09-24;REA;Actuadores;3140CA027;21:00;21:10;10;Maintenance;EOL;St2;Gripper NOK;Calibracion NOK;no;no
2025-09-24;REA;Actuadores;3140CA027;21:35;21:45;10;Maintenance;EOL;St4;Gripper NOK;Calibracion gripper NOK;no;no
2025-09-24;REA;Actuadores;3140CA042;17:20;17:30;10;Equipment Fault;CAW;LSW;Vision system;Ajuste sistema de vision por alto scrap;no;no
2025-09-24;REA;Actuadores;3140CA042;04:45;04:52;7;Equipment Fault;MSA;MSA;Driver;Driver alarmado;no;no
2025-09-24;REA;Actuadores;3140CA042;04:54;04:57;3;Equipment Fault;Robots;R65;Vacuum system;vacuum off;no;no
2025-09-24;REA;Actuadores;3140CA042;05:04;05:07;3;Equipment Fault;Robots;R65;Vacuum system;vacuum off;no;no
2025-09-24;REA;Actuadores;3140CA028;22:43;22:45;2;Equipment Fault;Main conveyor;Main conveyor;Inductive sensor;pallet atorado;no;no
2025-09-24;REA;Actuadores;3140CA028;22:50;22:53;3;Equipment Fault;730;730;Feed piston;Colision al bajar por pin;no;no
2025-09-24;REA;Actuadores;3140CA028;22:55;22:57;2;Equipment Fault;Robots;R80;Gripper/tool adjustments;Gripper no abre correctamente;no;no
2025-09-24;REA;Actuadores;3140CA028;23:12;23:16;4;Equipment Fault;730;730;Feed piston;Colision al bajar por pin;no;no
2025-09-24;REA;Actuadores;3140CA028;23:20;23:25;5;Equipment Fault;Robots;R80;Gripper/tool adjustments;Se pone cinta doble cara por fallo constante al abrir gripper 1;no;no
2025-09-24;REA;Actuadores;3140CA028;23:27;23:32;5;Equipment Fault;730;730;Feed piston;Colision al bajar por pin;no;no
2025-09-24;REA;Actuadores;3140CA028;23:36;23:38;2;Equipment Fault;Robots;R80;Gripper/tool adjustments;No abre gripper 1;no;no
2025-09-25;REA;Actuadores;3140CA028;00:29;00:34;5;Equipment Fault;730;730;Feed piston;Colision al bajan por pin;no;no
2025-09-25;REA;Actuadores;3140CA028;00:37;00:41;4;Equipment Fault;Main conveyor;Main conveyor;Inductive sensor;Sensor no detecta pallet;no;no
2025-09-25;REA;Actuadores;3140CA028;01:32;01:36;4;Equipment Fault;620;620;Feed piston;queda abajo por scrap;no;no
2025-09-25;REA;Actuadores;3140CA028;01:53;01:57;4;Quality;730;730;Bowl/Lineal feeder;Colision al bajar por pin;no;no
2025-09-25;REA;Actuadores;3140CA028;02:14;02:23;9;Equipment Fault;731;731;Alphamatic Module;Furza marcaba 3.3 en reposos, se revisa qur marque 0;no;no
2025-09-25;REA;Actuadores;3140CA028;03:31;03:34;3;Equipment Fault;Robots;R80;Gripper/tool adjustments;gripper no abrio;no;no
2025-09-25;REA;Actuadores;3140CA028;03:34;03:36;2;Equipment Fault;EOL;St2;CRIO NOK;overload;no;no
2025-09-25;REA;Actuadores;3140CA028;03:26;03:39;13;Equipment Fault;Robots;R80;Gripper/tool adjustments;GRIPPER 1 NO ABRIA;no;no
2025-09-25;REA;Actuadores;3140CA028;04:01;04:03;2;Equipment Fault;Robots;R80;Gripper/tool adjustments;GRIPPER NO ABRE;no;no
2025-09-25;REA;Actuadores;3140CA028;04:06;04:09;3;Equipment Fault;730;730;Bowl/Lineal feeder;COLISION AL BAJA POR PIN;no;no
2025-09-25;REA;Actuadores;3140CA028;04:09;04:11;2;Equipment Fault;Robots;R80;Gripper/tool adjustments;NO  ABRE GRIPPER;no;no
2025-09-25;REA;Actuadores;3140CA028;04:10;04:14;4;Equipment Fault;Robots;R80;Gripper/tool adjustments;cAMBIO DE CINTA POR PARO CONSTANTE QUE NO ABRIA GRIPPER;no;no
2025-09-25;REA;Actuadores;3140CA028;04:14;04:17;3;Equipment Fault;CHW;Consumables;Argon;CAMBIO DE ARGON;no;no
2025-09-25;REA;Actuadores;3140CA028;04:22;04:26;4;Quality;730;730;Bowl/Lineal feeder;COLISION AL BAJAR POR PIN;no;no
2025-09-25;REA;Actuadores;3140CA028;04:37;04:40;3;Equipment Fault;730;730;Bowl/Lineal feeder;COLISION AL BAJAR POR PIN;no;no
2025-09-25;REA;Actuadores;3140CA028;04:44;04:47;3;Equipment Fault;Robots;R80;Gripper/tool adjustments;GRIPPER NO ABRE;no;no
2025-09-25;REA;Actuadores;3140CA028;04:28;16:32;724;Equipment Fault;Main conveyor;Main conveyor;Lock NOK;pALLET ATORADO;no;no
2025-09-25;REA;Actuadores;3140CA028;05:20;05:24;4;Equipment Fault;730;730;Bowl/Lineal feeder;colision al bajar por pin;no;no
2025-09-25;REA;Actuadores;3140CA028;05:24;05:28;4;Equipment Fault;Robots;R80;Pneumatic System;Se revisa gripper por paro constante;no;no
2025-09-25;REA;Actuadores;3140CA028;05:49;05:53;4;Equipment Fault;730;730;Bowl/Lineal feeder;colision al bajar por pin;no;no
2025-09-25;REA;Actuadores;3140CA028;06:16;06:21;5;Equipment Fault;730;730;Bowl/Lineal feeder;Colision al bajar por pin;no;no
2025-09-25;REA;Actuadores;3140CA028;06:21;06:24;3;Equipment Fault;EOL;St2;CRIO NOK;overload;no;no
2025-09-25;REA;Actuadores;3140CA028;06:28;06:32;4;Equipment Fault;730;730;Bowl/Lineal feeder;Colision al bajan por el pin;no;no
2025-09-25;REA;Actuadores;3140CA028;06:36;06:40;4;Equipment Fault;730;730;Bowl/Lineal feeder;colision al bajar por el pin;no;no
2025-09-25;REA;Actuadores;3140CA028;06:41;06:45;4;Equipment Fault;730;730;Bowl/Lineal feeder;colision al bajar por el pin;no;no
2025-09-25;REA;Actuadores;3140CA028;06:51;06:55;4;Equipment Fault;730;730;Bowl/Lineal feeder;colision al bajar por el pin;no;no
2025-09-25;REA;Actuadores;3140CA027;07:05;07:20;15;Maintenance;Main conveyor;General;Checklist;Checklist;si;no
2025-09-25;REA;Actuadores;3140CA027;07:51;07:53;2;Quality;730;730;Tool ;Bloque base de pin en feeder lineal dañado;no;no
2025-09-25;REA;Actuadores;3140CA027;07:28;07:30;2;Equipment Fault;730;730;Tool ;Bloque base de pin en feeder lineal dañado;no;no
2025-09-25;REA;Actuadores;3140CA027;09:50;09:52;2;Equipment Fault;730;730;Tool ;Bloque base de pin en feeder lineal dañado;no;no
2025-09-24;COVER LINE;Line 2;FORD;07:00;07:20;20;Maintenance;TBD;General;TBD;inicio de RW;no;no
2025-09-24;COVER LINE;Line 2;FORD;07:30;07:33;3;Equipment Fault;Lip seal;ST74;Actuator;falla de vacío;no;no
2025-09-24;COVER LINE;Line 2;FORD;08:30;08:45;15;Production;Output Conveyor;ST150;Belt;operador no surtio de blisters el conveyo;no;no
2025-09-24;COVER LINE;Line 2;FORD;09:30;10:00;30;Maintenance;OMT;General;TBD;descarga de archivos;no;no
2025-09-24;COVER LINE;Line 2;FORD;10:00;10:50;50;Maintenance;TBD;General;TBD;cambio de RW a producción;no;no
2025-09-24;COVER LINE;Line 2;FORD;10:57;11:00;3;Equipment Fault;Lip seal;ST74;Actuator;falla de vacumm;no;no
2025-09-24;COVER LINE;Line 2;FORD;11:00;11:05;5;Equipment Fault;Lip seal;ST74;Actuator;vacumm;no;no
2025-09-24;COVER LINE;Line 2;FORD;11:23;11:25;2;Equipment Fault;Terminal caps;ST94;Bowl/lineal feeder;fork atorado en bowl;no;no
2025-09-24;COVER LINE;Line 2;FORD;11:28;11:34;6;Equipment Fault;Terminal caps;ST94;Actuator;fork atorado en bowl;no;no
2025-09-24;COVER LINE;Line 2;FORD;11:35;11:40;5;Equipment Fault;Lip seal;ST74;Actuator;vacumm;no;no
2025-09-24;COVER LINE;Line 2;FORD;11:37;11:41;4;Equipment Fault;ST30 Molding;Injection system;Actuator;;no;no
2025-09-24;COVER LINE;Line 2;FORD;12:10;12:20;10;Maintenance;Lip seal;ST74;Actuator;limpieza de filtro;no;no
2025-09-10;REA;Actuadores;3140CA029;03:10;03:12;2;Equipment Fault;Robots;R80;Gripper/tool adjustments;gripper 1 no abre;no;no
2025-09-10;REA;Actuadores;3140CA029;03:19;03:20;1;Equipment Fault;731;731;Feed piston;refresh;no;no
2025-09-10;REA;Actuadores;3140CA029;03:26;03:27;1;Equipment Fault;Robots;R80;Gripper/tool adjustments;gripper 1 no abre;no;no
2025-09-10;REA;Actuadores;3140CA029;03:34;03:36;2;Production;Conveyors;C31;Presence sensor;blister atorado;no;no
2025-09-10;REA;Actuadores;3140CA029;04:30;04:31;1;Maintenance;CHW;Consumables;Argon;cambio de argon;no;no
2025-09-10;REA;Actuadores;3140CA029;04:45;04:46;1;Equipment Fault;Robots;R80;Gripper/tool adjustments;gripper 1 no abre;no;no
2025-09-10;REA;Actuadores;3140CA029;16:51;16:53;2;Equipment Fault;Main conveyor;Main conveyor;Lock NOK;pallet se atora en lockimg;no;no
2025-09-10;REA;Actuadores;3140CA029;17:10;17:12;2;Equipment Fault;915;915;Missing ogive;se cae ogiva;no;no
2025-09-10;REA;Actuadores;3140CA029;17:23;17:25;2;Quality;730;730;Feed piston;no termina ciclo;no;no
2025-09-10;REA;Actuadores;3140CA029;17:48;17:50;2;Equipment Fault;Main conveyor;Main conveyor;Lock NOK;pallet atorado en locking;no;no
2025-09-10;REA;Actuadores;3140CA029;18:12;18:13;1;Equipment Fault;Robots;R70;Vacuum system;vacuum off;no;no
2025-09-10;REA;Actuadores;3140CA029;18:20;18:22;2;Equipment Fault;731;731;Presence sensor;pin chueco;no;no
2025-09-10;REA;Actuadores;3140CA029;18:28;18:29;1;Equipment Fault;Robots;R80;Gripper/tool adjustments;gripper 1 no abre;no;no
2025-09-10;REA;Actuadores;3140CA029;18:47;18:49;2;Quality;CHW;General;Scrapbox full;alto scrap;no;no
2025-09-10;REA;Actuadores;3140CA029;19:08;19:10;2;Production;Conveyors;C85;Presence sensor;sin blister;no;no
2025-09-10;REA;Actuadores;3140CA029;19:21;19:23;2;Equipment Fault;750;750;Feed piston;se queda abajo no termina ciclo;no;no
2025-09-10;REA;Actuadores;3140CA029;19:34;19:36;2;Equipment Fault;MAT;St3;Feeder;tornillo atorado;no;no
2025-09-10;REA;Actuadores;3140CA029;19:52;19:57;5;Maintenance;CHW;Consumables;Chip reel;cambio de chip;no;no
2025-09-10;REA;Actuadores;3140CA029;20:00;20:30;30;Production;REA;General;No staff;todo el personal en break;no;no
2025-09-10;REA;Actuadores;3140CA029;20:47;20:50;3;Equipment Fault;Robots;R80;Gripper/tool adjustments;sensor suelto de griper 1 y 2 se aprietan y se coloca cinta.;no;no
2025-09-25;REA;Actuadores;3140CA027;08:20;08:23;3;Equipment Fault;EOL;St4;CRIO NOK;Crio nok, falla st4, gira mesa;no;no
2025-09-25;REA;Actuadores;3140CA027;09:30;09:32;2;Equipment Fault;730;730;Feed piston;falla no regresa a posición;no;no
2025-09-24;COVER LINE;Line 2;FORD;12:40;12:43;3;Equipment Fault;Robots;R20;Module error;ALARMA EN EJE DE GIRO;no;no
2025-09-25;REA;Actuadores;3140CA027;09:36;09:39;3;Equipment Fault;731;731;Bowl/Lineal feeder;ajuste bloque base de feeder;no;no
2025-09-24;COVER LINE;Line 2;FORD;12:55;13:05;10;Equipment Fault;ST30 Molding;Injection system;Actuator;;no;no
2025-09-25;REA;Actuadores;3140CA027;12:02;12:08;6;Equipment Fault;EOL;Jigs;Jig actuator;revisión de jig 1 por alto scrap;no;no
2025-09-24;COVER LINE;Line 2;FORD;13:35;13:38;3;Equipment Fault;ST30 Molding;Injection system;Actuator;;no;no
2025-09-24;COVER LINE;Line 2;FORD;13:35;13:42;7;Maintenance;Lip seal;ST74;Actuator;limpieza de filtro;no;no
2025-09-24;COVER LINE;Line 2;FORD;14:07;14:10;3;Equipment Fault;Retainer;ST76;Bowl/lineal feeder;reteiner atorado en bowl;no;no
2025-09-24;COVER LINE;Line 2;FORD;14:15;14:16;1;Equipment Fault;Terminal caps;ST94;Gripper;;no;no
2025-09-24;COVER LINE;Line 2;FORD;14:24;14:27;3;Equipment Fault;Lip seal;ST74;Actuator;vacumm;no;no
2025-09-24;COVER LINE;Line 2;FORD;14:49;14:54;5;Quality;ST30 Molding;Injection system;Actuator;;no;no
2025-09-25;REA;Actuadores;3140CA027;12:20;12:22;2;Maintenance;REA;General;Scheduled maintenance;revisar número de parte de R80;no;no
2025-09-24;REA;Actuadores;3140CA028;07:00;07:10;10;Maintenance;REA;General;Checklist;Checklist;si;no
2025-09-25;REA;Actuadores;3140CA027;12:24;12:26;2;Equipment Fault;Main conveyor;Main conveyor;Lock NOK;pallet atorado en locking de St620;no;no
2025-09-24;REA;Actuadores;3140CA028;09:10;09:30;20;Quality;EOL;General;Scrapbox full;Material mezclado del 27, mientras se retrabajaba 28;no;no
2025-09-24;REA;Actuadores;3140CA028;07:10;07:20;10;Equipment Fault;REA;General;Change Over;Preparacion Rework;no;no
2025-09-23;REA;Actuadores;3140CA028;23:29;23:59;30;Equipment Fault;Robots;R80;Gripper/tool adjustments;Piston de gripper con mucho juego mecanico, se hace ajuste temporal  [Paro cruza medianoche - Parte 1];no;no
2025-09-24;REA;Actuadores;3140CA028;10:00;11:00;60;Maintenance;REA;General;Change Over;Setup 42;si;no
2025-09-24;REA;Actuadores;3140CA028;23:43;23:45;2;Equipment Fault;Main conveyor;Main conveyor;Lock NOK;pallet atorado;no;no
2025-09-24;COVER LINE;Line 2;FORD;14:59;15:06;7;Equipment Fault;ST30 Molding;Injection system;Actuator;;no;no
2025-09-24;COVER LINE;Line 2;FORD;15:12;15:16;4;Equipment Fault;ST30 Molding;Injection system;Actuator;;no;no
2025-09-24;REA;Actuadores;3140CA042;11:00;14:00;180;Quality;REA;General;Change Over;Liberacion PPAP 042;no;no
2025-09-24;COVER LINE;Line 2;FORD;15:19;15:23;4;Equipment Fault;ST30 Molding;Injection system;Actuator;;no;no
2025-09-24;COVER LINE;Line 2;FORD;15:24;15:25;1;Equipment Fault;Lip seal;ST74;Actuator;VACUMM;no;no
2025-09-24;COVER LINE;Line 2;FORD;15:27;15:30;3;Equipment Fault;ST30 Molding;Injection system;Actuator;;no;no
2025-09-24;COVER LINE;Line 2;FORD;15:32;15:38;6;Equipment Fault;ST30 Molding;Injection system;Actuator;;no;no
2025-09-24;COVER LINE;Line 2;FORD;15:43;15:46;3;Equipment Fault;ST30 Molding;Injection system;Actuator;;no;no
2025-09-25;REA;Actuadores;3140CA027;12:21;12:23;2;Equipment Fault;731;731;Presence sensor;pin chueco;no;no
2025-09-25;REA;Actuadores;3140CA027;12:51;12:53;2;Equipment Fault;Robots;R80;Electrical system;sensor flojo de gripper 2;no;no
2025-09-25;REA;Actuadores;3140CA027;13:30;13:33;3;Equipment Fault;USW;St14;Lower Jig;limpieza por scrap;no;no
2025-09-24;COVER LINE;Line 2;FORD;15:50;15:51;1;Equipment Fault;Lip seal;ST74;Actuator;VACUMM;no;no
2025-09-24;COVER LINE;Line 2;FORD;15:52;15:57;5;Equipment Fault;ST30 Molding;Injection system;Actuator;;no;no
2025-09-24;COVER LINE;Line 2;FORD;16:06;16:09;3;Equipment Fault;ST30 Molding;Injection system;Actuator;;no;no
2025-09-24;COVER LINE;Line 2;FORD;16:12;16:15;3;Equipment Fault;ST30 Molding;Injection system;Actuator;;no;no
2025-09-24;COVER LINE;Line 2;FORD;16:19;16:23;4;Equipment Fault;ST30 Molding;Injection system;Actuator;;no;no
2025-09-24;COVER LINE;Line 2;FORD;16:25;17:00;35;Equipment Fault;ST30 Molding;Injection system;Actuator;;no;no
2025-09-24;COVER LINE;Line 2;FORD;17:20;17:32;12;Equipment Fault;OMT;ST3;Actuator;cambio de pogos;no;no
2025-09-24;COVER LINE;Line 2;FORD;18:19;18:42;23;Equipment Fault;Terminal caps;ST94;Bowl/lineal feeder;fork atorado en riel;no;no
2025-09-24;COVER LINE;Line 2;FORD;19:18;19:47;29;Equipment Fault;Lip seal;ST74;Actuator;vacumm;no;no
2025-09-24;COVER LINE;Line 2;FORD;21:50;22:10;20;Equipment Fault;Output Conveyor;ST150;Lift;;no;no
2025-09-25;COVER LINE;Line 2;FORD;00:22;00:30;8;Equipment Fault;ST30 Molding;General;TBD;terminal mal insrtada;no;no
2025-09-25;COVER LINE;Line 2;FORD;01:16;01:30;14;Equipment Fault;Robots;R20;Motion supervision/Joint collision;collision st61;no;no
2025-09-25;REA;Actuadores;3140CA027;14:16;14:18;2;Equipment Fault;730;730;Bowl/Lineal feeder;se alarma y no coloca pin;no;no
2025-09-25;REA;Actuadores;3140CA027;15:10;15:12;2;Maintenance;CHW;Consumables;Chip reel;cambio de chip;no;no
2025-09-25;REA;Actuadores;3140CA027;15:15;15:41;26;Maintenance;CHW;St5;Vision system;ajuste sistema de vision por alto scrap;no;no
2025-09-25;REA;Actuadores;3140CA027;16:05;16:12;7;Equipment Fault;CAW;CPA;Feeder;crank invertido / checklist;si;no
2025-09-25;REA;Actuadores;3140CA027;17:15;17:16;1;Maintenance;CHW;Consumables;Argon;cambio de gas;no;no
2025-09-25;REA;Actuadores;3140CA027;17:18;17:20;2;Equipment Fault;730;730;Tool ;collision al recoger pin;no;no
2025-09-24;REA;Actuadores;3140CA027;19:54;20:16;22;Quality;REA;General;Change Over;Liberacion;no;no
2025-09-25;REA;Actuadores;3140CA027;18:41;18:43;2;Equipment Fault;730;730;Tool ;Herramienta choca con pin;no;no
2025-09-25;REA;Actuadores;3140CA027;18:50;18:52;2;Quality;730;730;Tool ;Herramienta choca con pin;no;no
2025-09-25;REA;Actuadores;3140CA027;19:11;19:13;2;Equipment Fault;730;730;Tool ;Herramienta choca con pin;no;no
2025-09-25;REA;Actuadores;3140CA027;19:18;19:21;3;Equipment Fault;730;730;Tool ;Herramienta choca con pin;no;no
2025-09-25;REA;Actuadores;3140CA027;16:01;16:03;2;Maintenance;CHW;St4;Pressor;Limpieza pressor;no;no
2025-09-25;REA;Actuadores;3140CA027;19:15;19:18;3;Maintenance;MSA;MSA;Sensor de presencia;Limpieza de jig;no;no
2025-09-25;REA;Actuadores;3140CA027;16:31;16:33;2;Maintenance;USW;St14;Lower Jig;Limpieza a jig;no;no
2025-09-25;REA;Actuadores;3140CA027;16:36;16:39;3;Quality;Main conveyor;Main conveyor;RFID Reader;Se atora pallet;no;no
2025-09-25;REA;Actuadores;3140CA027;17:33;17:36;3;Equipment Fault;Main conveyor;Main conveyor;RFID Reader;Se atora pallet;no;no
2025-09-25;REA;Actuadores;3140CA027;19:24;19:26;2;Equipment Fault;Robots;R80;Gripper/tool adjustments;Gripper 1 nok;no;no
2025-09-25;REA;Actuadores;3140CA027;19:30;19:33;3;Maintenance;USW;St14;Lower Jig;Cambio de goma blanca;no;no
2025-09-25;REA;Actuadores;3140CA027;19:39;19:42;3;Equipment Fault;730;730;Tool ;Choca con pin;no;no
2025-09-25;REA;Actuadores;3140CA027;19:44;19:47;3;Equipment Fault;730;730;Alphamatic Module;Choca con pin;no;no
2025-09-25;REA;Actuadores;3140CA027;19:52;19:55;3;Quality;Main conveyor;Main conveyor;RFID Reader;Se atora pallet;no;no
2025-09-25;REA;Actuadores;3140CA027;20:17;20:20;3;Equipment Fault;Main conveyor;Main conveyor;RFID Reader;Se atora pallet;no;no
2025-09-25;REA;Actuadores;3140CA027;20:58;21:00;2;Maintenance;EOL;St2;CRIO NOK;Alto scrap por st2, se reinicia CRIO y ya no tira;no;no
2025-09-25;REA;Actuadores;3140CA027;21:00;21:04;4;Quality;EOL;General;Scrapbox full;Scrapbox full;no;no
2025-09-25;REA;Actuadores;3140CA027;21:15;21:18;3;Maintenance;EOL;St4;Gripper NOK;Se pone a zero gripper 4 por alto scrap;no;no
2025-09-25;REA;Actuadores;3140CA027;21:19;21:20;1;Maintenance;EOL;St4;Gripper NOK;Se calibra gripper 4 con la rotacion a zero;no;no
2025-09-25;REA;Actuadores;3140CA027;21:20;21:21;1;Equipment Fault;Main conveyor;Main conveyor;Lift;Lift z4 se queda abajo después del paro por calibración en EOL.;no;no
2025-09-25;REA;Actuadores;3140CA027;21:30;21:32;2;Equipment Fault;730;730;Tool ;Herramienta choca con pin;no;no
2025-09-25;REA;Actuadores;3140CA027;21:42;21:44;2;Equipment Fault;730;730;Tool ;Herramienta choca con pin;no;no
2025-09-25;REA;Actuadores;3140CA027;21:47;21:49;2;Equipment Fault;730;730;Tool ;Herramienta choca con pin;no;no
2025-09-25;REA;Actuadores;3140CA027;22:00;22:03;3;Equipment Fault;730;730;Tool ;Herramienta choca con pin;no;no
2025-09-25;REA;Actuadores;3140CA027;22:15;22:17;2;Equipment Fault;730;730;Tool ;Herramienta choca con pin;no;no
2025-09-25;REA;Actuadores;3140CA027;22:30;22:41;11;Equipment Fault;REA;General;Checklist;Checklist;si;no
2025-09-25;REA;Actuadores;3140CA027;22:42;22:46;4;Equipment Fault;730;730;Bowl/Lineal feeder;colision al bajar por pin;no;no
2025-09-25;REA;Actuadores;3140CA027;22:52;22:55;3;Equipment Fault;CHW;General;Scrapbox full;Scrap box full;no;no
2025-09-25;REA;Actuadores;3140CA027;23:08;23:12;4;Equipment Fault;CAW;CPA;Feeder;crank atorado;no;no
2025-09-25;REA;Actuadores;3140CA027;23:19;23:21;2;Equipment Fault;Robots;R80;Gripper/tool adjustments;gripper no abre;no;no
2025-09-25;REA;Actuadores;3140CA027;23:20;23:22;2;Equipment Fault;EOL;St4;CRIO NOK;time out;no;no
2025-09-25;REA;Actuadores;3140CA027;23:22;23:26;4;Equipment Fault;CHW;St4;Pressor;se revisa pressor por scrap consecutivo;no;no
2025-09-25;REA;Actuadores;3140CA027;23:28;23:31;3;Equipment Fault;730;730;Bowl/Lineal feeder;colision al bajar pin;no;no
2025-09-26;REA;Actuadores;3140CA027;00:05;00:09;4;Equipment Fault;MSA;MSA;Lector de Datamatrix;se hace limpieza de lente;no;no
2025-09-26;REA;Actuadores;3140CA027;00:12;00:36;24;Equipment Fault;CHW;St2;SCARA Pick/Place;Ajuste de pick and place de scara;no;no
2025-09-26;REA;Actuadores;3140CA028;01:15;01:25;10;Production;Conveyors;General;Blister NOK/Wrong PN;Blister con el gear invertido (alt en blister std) causa accion repetitiva de robot moviendolo a 805, causa colisiones con el overturn, se mueve y desajusta sensor de presencia;no;no
2025-09-26;REA;Actuadores;3140CA027;01:46;01:49;3;Quality;EOL;General;Scrapbox full;scrap box full;no;no
2025-09-25;COVER LINE;Line 2;FORD;07:00;07:30;30;Maintenance;TBD;General;TBD;inicio de retrabajo;no;no
2025-09-25;COVER LINE;Line 2;FORD;08:10;08:25;15;Maintenance;TBD;General;TBD;inicio de produccion;no;no
2025-09-25;COVER LINE;Line 2;FORD;09:00;09:07;7;Equipment Fault;OMT;General;Software/PC;falla de comunicacion;no;no
2025-09-25;COVER LINE;Line 2;FORD;10:35;10:47;12;Equipment Fault;Robots;R20;Module error;eje alarmado;no;no
2025-09-25;COVER LINE;Line 2;FORD;11:05;11:08;3;Equipment Fault;Lip seal;ST74;Actuator;falla de vacio;no;no
2025-09-25;COVER LINE;Line 2;FORD;11:15;11:22;7;Equipment Fault;Terminal caps;ST94;Bowl/lineal feeder;fork atorado bowl;no;no
2025-09-25;COVER LINE;Line 2;FORD;11:45;11:50;5;Maintenance;Lip seal;ST74;Actuator;limpieza de filtro;no;no
2025-09-25;COVER LINE;Line 2;FORD;13:00;13:03;3;Equipment Fault;Lip seal;ST74;Actuator;vacumm;no;no
2025-09-25;COVER LINE;Line 2;FORD;13:43;13:45;2;Equipment Fault;Lip seal;ST74;Actuator;vacumm;no;no
2025-09-25;COVER LINE;Line 2;FORD;13:54;13:59;5;Equipment Fault;Lip seal;ST74;Actuator;vacumm;no;no
2025-09-25;COVER LINE;Line 2;FORD;14:04;14:06;2;Equipment Fault;Robots;R120;Incorrect pick/place;;no;no
2025-09-25;COVER LINE;Line 2;FORD;14:30;14:36;6;Equipment Fault;Robots;R120;Incorrect pick/place;;no;no
2025-09-25;COVER LINE;Line 2;FORD;15:00;15:03;3;Equipment Fault;Lip seal;ST74;Actuator;vacumm;no;no
2025-09-25;COVER LINE;Line 2;FORD;15:04;15:05;1;Equipment Fault;Robots;R120;Module error;alarma en eje vertical;no;no
2025-09-25;COVER LINE;Line 2;FORD;15:15;15:18;3;Equipment Fault;Lip seal;ST74;Actuator;vacumm;no;no
2025-09-25;COVER LINE;Line 2;FORD;15:20;18:00;160;Maintenance;ST30 Molding;General;TBD;CALIBRACION DE TRASDUCTOR;no;no
2025-09-26;REA;Actuadores;3140CA030;08:00;13:15;315;Maintenance;REA;General;Change Over;Set up Ford 30, entrenamiento tecnico Jesus;no;no
2025-09-26;REA;Actuadores;3140CA030;13:15;15:00;105;Quality;REA;General;Change Over;Esperando liberacion;si;no
2025-09-26;COVER LINE;Line 2;FORD;14:01;14:08;7;Quality;OMT;General;TBD;Recopilar informacion, equipo en paro para evitar este se trabe;no;no
2025-09-26;COVER LINE;Line 2;FORD;14:30;14:35;5;Equipment Fault;Main conveyor;Main conveyor;Inductive sensor;Pallet avanza, robot 72 colisiona, reestablecer;no;no
2025-09-26;REA;Actuadores;3140CA027;22:30;22:40;10;Equipment Fault;REA;General;Checklist;checklist;si;no
2025-09-26;REA;Actuadores;3140CA027;22:43;22:48;5;Equipment Fault;MAT;St1;Presence sensor;no detectaba pieza el sensor;no;no
2025-09-26;REA;Actuadores;3140CA030;23:17;23:21;4;Equipment Fault;Robots;R80;Gripper/tool adjustments;Se cambia cinta en gripper por fallo constante en st974;no;no
2025-09-26;REA;Actuadores;3140CA030;23:52;23:58;6;Equipment Fault;MSA;MSA;Driver;MSA alarmada;no;no
2025-09-27;REA;Actuadores;3140CA030;00:05;00:10;5;Equipment Fault;Main conveyor;Main conveyor;Lock NOK;Se ajusta tornilleria de locking ya qeu atoraba los pallet;no;no
2025-09-27;REA;Actuadores;3140CA030;00:16;00:20;4;Equipment Fault;CAW;CPA;Feeder;Crank atorado, time out;no;no
2025-09-27;REA;Actuadores;3140CA030;00:28;00:32;4;Equipment Fault;CAW;Jig/Index;Blade orienter actuator;tOPE FLOJO, SE AJUSTA A POSICION;no;no
2025-09-27;REA;Actuadores;3140CA030;00:32;00:37;5;Maintenance;CHW;Consumables;Chip reel;Cambio de chip;no;no
2025-09-27;REA;Actuadores;3140CA030;00:42;00:46;4;Equipment Fault;MSA;MSA;Driver;alarmada;no;no
2025-09-27;REA;Actuadores;3140CA030;00:58;01:03;5;Equipment Fault;CAW;LSW;Vision system;Se revisa sistema de vision por scrap consecutivo;no;no
2025-09-27;REA;Actuadores;3140CA030;01:30;02:30;60;Equipment Fault;EOL;General;TBD;St 2 scrap constante por overload, se calibra a zero;no;no
2025-09-27;REA;Actuadores;3140CA030;02:47;02:50;3;Equipment Fault;CAW;Jig/Index;Blade orienter actuator;alarma por blade orienter;no;no
2025-09-27;REA;Actuadores;3140CA030;03:09;03:11;2;Equipment Fault;EOL;General;TBD;alarma por overload;no;no
2025-09-27;REA;Actuadores;3140CA030;03:17;03:22;5;Equipment Fault;CAW;Jig/Index;Blade orienter actuator;Alarma por crank orienter;no;no
2025-09-27;REA;Actuadores;3140CA030;03:23;03:29;6;Maintenance;CAW;LSW;Vision system;Scrap alto, piezas con mucho humo causa falla en SV.;no;no
Limpieza profunda canal de dispensacion de nitro;No;No
2025-09-27;REA;Actuadores;3140CA030;03:52;03:59;7;Equipment Fault;CAW;Jig/Index;Ingun actuator;alarmdo por crank orienter, se revisa y tenia un crank es mal posicion;no;no
2025-09-27;REA;Actuadores;3140CA030;04:05;04:07;2;Equipment Fault;Robots;R70;Gripper/tool adjustments;gripper no abria;no;no
2025-09-27;REA;Actuadores;3140CA030;04:18;04:23;5;Equipment Fault;CAW;Jig/Index;Blade orienter actuator;blade orienter 1 alarmado,;no;no
2025-09-27;REA;Actuadores;3140CA030;04:30;04:35;5;Equipment Fault;CAW;CPA;SCARA;Robot mueve un poco el crank al insertar en actuador y hace que blade queden mal;no;no
2025-09-27;REA;Actuadores;3140CA030;04:45;04:47;2;Equipment Fault;EOL;General;TBD;alarma de overload;no;no
2025-09-27;REA;Actuadores;3140CA030;04:49;04:53;4;Equipment Fault;CHW;St4;Pressor;se hcae limpieza de pressor;no;no
2025-09-27;REA;Actuadores;3140CA030;04:54;04:56;2;Equipment Fault;EOL;General;TBD;alarma de overload;no;no
2025-09-27;REA;Actuadores;3140CA030;05:09;05:22;13;Equipment Fault;USW;SCARA;Motion supervision/Joint collision;Robot colisiona causando dano en el griper, se ajusta tornilleria;no;no
2025-09-27;REA;Actuadores;3140CA030;05:28;05:32;4;Equipment Fault;Robots;R80;Gripper/tool adjustments;se cambia cinta de robot por paro constante;no;no
2025-09-27;REA;Actuadores;3140CA030;07:10;07:14;4;Equipment Fault;EOL;St2;CRIO NOK;reset de crio;no;no
2025-09-27;REA;Actuadores;3140CA030;07:15;07:17;2;Equipment Fault;Main conveyor;Main conveyor;Singulator NOK;falla no abren lockings ni singu.;no;no
2025-09-27;REA;Actuadores;3140CA030;07:20;07:22;2;Equipment Fault;915;915;Missing ogive;se cae ogiva y se remplaza por nueva;no;no
2025-09-27;REA;Actuadores;3140CA030;07:27;07:32;5;Quality;REA;General;SOP;se sacan piezas para SOP;no;no
2025-09-27;REA;Actuadores;3140CA030;07:54;07:57;3;Equipment Fault;CAW;CPA;Feeder;se atora crank en feeder de vibro;no;no
2025-09-27;REA;Actuadores;3140CA030;08:13;08:16;3;Equipment Fault;EOL;St2;Gripper NOK;St2 overlob;no;no
2025-09-27;REA;Actuadores;3140CA030;09:00;09:02;2;Equipment Fault;Main conveyor;Main conveyor;Lock NOK;palet atorado en licking st915;no;no
2025-09-27;REA;Actuadores;3140CA030;08:46;08:48;2;Equipment Fault;EOL;St2;Gripper NOK;St2 overload;no;no
2025-09-27;REA;Actuadores;3140CA030;08:56;08:57;1;Equipment Fault;EOL;St2;Gripper NOK;St2 overload;no;no
2025-09-27;REA;Actuadores;3140CA030;09:08;09:09;1;Equipment Fault;Robots;R80;Gripper/tool adjustments;Se atora R80 Een St974;no;no
2025-09-27;REA;Actuadores;3140CA030;09:14;09:16;2;Equipment Fault;CHW;St4;Pressor;limpieza de pines por fallo;no;no
2025-09-27;REA;Actuadores;3140CA030;09:45;09:48;3;Equipment Fault;CHW;St5;Vision system;Falla sistema de vision, area de inspeccion de area terminal pin 3, se desplaza hacia la derecha;no;no
2025-09-27;REA;Actuadores;3140CA030;10:10;10:12;2;Equipment Fault;Robots;R80;Gripper/tool adjustments;R80 se atora en Sr974;no;no
2025-09-27;REA;Actuadores;3140CA030;10:17;10:18;1;Equipment Fault;USW;St14;Lower Jig;limpieza de jig por rebaba;no;no
2025-09-27;REA;Actuadores;3140CA030;10:18;10:20;2;Equipment Fault;Main conveyor;Main conveyor;Lock NOK;pallet atorado en locking de 915;no;no
2025-09-27;REA;Actuadores;3140CA030;10:21;10:22;1;Equipment Fault;Robots;R80;Motion supervision/Joint collision;R80 choca con blister al dejar pieza;no;no
2025-09-27;REA;Actuadores;3140CA030;10:30;10:31;1;Equipment Fault;Robots;R80;Gripper/tool adjustments;no abre gripper 1;no;no
2025-09-27;REA;Actuadores;3140CA030;10:37;10:38;1;Equipment Fault;Robots;R80;Gripper/tool adjustments;gripper 1 falla;no;no
2025-09-27;REA;Actuadores;3140CA030;10:55;11:01;6;Equipment Fault;EOL;St2;Gripper NOK;fallas continuas de St2 Overload;no;no
2025-09-27;REA;Actuadores;3140CA030;11:38;11:40;2;Equipment Fault;Main conveyor;Main conveyor;Lock NOK;pallet atorado en locking de St915;no;no
2025-09-27;REA;Actuadores;3140CA030;12:10;12:30;20;Equipment Fault;CAW;LSW;Laser module;pruebas por ajuste de laser;no;no
2025-09-27;REA;Actuadores;3140CA030;12:42;12:44;2;Equipment Fault;Robots;R80;Gripper/tool adjustments;gripper 1 se queda atorado;no;no
2025-09-27;REA;Actuadores;3140CA030;13:18;13:20;2;Maintenance;CHW;Consumables;Argon;cambio de argon;no;no
2025-09-27;REA;Actuadores;3140CA030;13:35;13:37;2;Equipment Fault;USW;St14;Lower Jig;limpieza st14;no;no
2025-09-27;REA;Actuadores;3140CA030;13:45;13:46;1;Equipment Fault;Robots;R80;Gripper/tool adjustments;gripper 1 no abre;no;no
2025-09-27;REA;Actuadores;3140CA030;13:57;13:59;2;Equipment Fault;EOL;St2;Gripper NOK;falla st2;no;no
2025-09-27;REA;Actuadores;3140CA030;14:12;14:14;2;Equipment Fault;Aux;974;Actuator NOK;no cierra bien y se queda R80 en espera;no;no
2025-09-27;REA;Actuadores;3140CA030;14:18;14:19;1;Equipment Fault;EOL;St2;Gripper NOK;falla st2;no;no
2025-09-27;REA;Actuadores;3140CA030;14:34;14:36;2;Equipment Fault;Aux;974;Actuator NOK;no cierra bien y se queda R80 en espera;no;no
2025-09-27;REA;Actuadores;3140CA030;14:43;14:44;1;Equipment Fault;Robots;R80;Gripper/tool adjustments;gripper 1 no abre;no;no
2025-09-27;REA;Actuadores;3140CA030;14:56;14:57;1;Equipment Fault;Aux;974;Actuator NOK;no cierra bien y se queda R80 en espera;no;no
2025-09-27;REA;Actuadores;3140CA030;15:35;15:37;2;Maintenance;MAT;Consumables;Grease;cambio de grasa;no;no
2025-09-27;REA;Actuadores;3140CA030;19:50;19:58;8;Equipment Fault;CAW;CPA;Feeder;cranks atorados en riel de feeder/checklist;si;no
2025-09-27;REA;Actuadores;3140CA030;20:50;20:55;5;Equipment Fault;CAW;CPA;Feeder;cranks atorados en feeder;no;no
2025-09-24;REA;Actuadores;3140CA042;18:50;19:54;64;Equipment Fault;EOL;St3;Gripper NOK;Falla de posicion (Bug);no;no
2025-09-26;REA;Actuadores;3140CA030;15:00;16:29;89;Quality;REA;General;Change Over;Liberacion;no;no
2025-09-26;REA;Actuadores;3140CA030;17:48;17:58;10;Quality;EOL;St6;Laser module/Samlight;Calidad reporta grabado faltante, se comprueba que esta ok;no;no
2025-09-26;REA;Actuadores;3140CA030;16:35;16:38;3;Equipment Fault;620;620;Alphamatic Module;Mala insercion;no;no
2025-09-26;REA;Actuadores;3140CA030;16:48;16:51;3;Maintenance;620;620;Alphamatic Module;Mala insercion;no;no
2025-09-26;REA;Actuadores;3140CA030;17:03;17:06;3;Maintenance;620;620;Alphamatic Module;Mala insercion;no;no
2025-09-26;REA;Actuadores;3140CA030;17:25;17:28;3;Maintenance;620;620;Presence sensor;Mala insercion;no;no
2025-09-26;REA;Actuadores;3140CA030;17:40;17:42;2;Maintenance;620;620;Presence sensor;Mala insercion;no;no
2025-09-26;REA;Actuadores;3140CA030;20:12;20:15;3;Maintenance;620;620;Alphamatic Module;Mala insercion;no;no
2025-09-26;REA;Actuadores;3140CA030;16:41;16:43;2;Equipment Fault;730;730;Alphamatic Module;Colision con pin;no;no
2025-09-26;REA;Actuadores;3140CA030;20:24;20:29;5;Equipment Fault;730;730;Alphamatic Module;Colision con pin;no;no
2025-09-26;REA;Actuadores;3140CA030;18:12;18:15;3;Equipment Fault;Robots;R80;Gripper/tool adjustments;Gripper 1 nok no abre;no;no
2025-09-26;REA;Actuadores;3140CA030;18:20;18:22;2;Equipment Fault;Robots;R80;Gripper/tool adjustments;Gripper 1 nok no abre;no;no
2025-09-26;REA;Actuadores;3140CA030;19:28;19:30;2;Equipment Fault;620;620;Alphamatic Module;mala insercion;no;no
2025-09-26;REA;Actuadores;3140CA030;19:38;19:40;2;Equipment Fault;Robots;R80;Gripper/tool adjustments;Gripper 1 nok no abre;no;no
2025-09-26;REA;Actuadores;3140CA030;20:47;20:49;2;Equipment Fault;Robots;R80;Gripper/tool adjustments;Gripper 1 nok no abre;no;no
2025-09-26;REA;Actuadores;3140CA030;21:00;21:02;2;Equipment Fault;Robots;R80;Gripper/tool adjustments;Gripper 1 nok no abre;no;no
2025-09-26;REA;Actuadores;3140CA030;21:12;21:14;2;Equipment Fault;Robots;R80;Gripper/tool adjustments;Gripper 1 nok no abre;no;no
2025-09-26;REA;Actuadores;3140CA030;19:46;19:50;4;Maintenance;EOL;St2;Gripper NOK;Alto scrap por pieza crank pegado a lip seal retainer;no;no
2025-09-26;REA;Actuadores;3140CA030;20:02;20:07;5;Maintenance;EOL;St2;Gripper NOK;Alto scrap por pieza crank pegado a lip seal retainer;no;no
2025-09-26;REA;Actuadores;3140CA030;20:34;20:39;5;Maintenance;CHW;St4;Pressor;Limpieza pressor;no;no
2025-09-26;REA;Actuadores;3140CA030;20:56;20:58;2;Production;EOL;St2;Gripper NOK;Alto scrap por pieza crank pegado a lip seal retainer;no;no
2025-09-26;REA;Actuadores;3140CA030;21:20;21:27;7;Maintenance;CAW;Jig/Index;Blade orienter actuator;Blade st 2 nok;no;no
2025-09-29;REA;Actuadores;3140CA030;07:00;07:10;10;Maintenance;REA;General;SOP;Preparacion de muestras;no;no
2025-09-26;REA;Actuadores;3140CA030;16:57;16:59;2;Equipment Fault;730;730;Tool ;Colision con pin;no;no
2025-09-26;REA;Actuadores;3140CA030;17:10;17:12;2;Equipment Fault;730;730;Tool ;Colision con pin;no;no
2025-09-27;REA;Actuadores;3140CA030;03:47;03:52;5;Equipment Fault;CAW;Jig/Index;Blade orienter actuator;blade orinter se revisa sensores, jig pero tod en buen estado;no;no
2025-09-26;REA;Actuadores;3140CA027;22:53;22:58;5;Equipment Fault;CHW;St4;Pressor;Se revisa pressor porque no soldaba cover;no;no
2025-09-27;REA;Actuadores;3140CA030;14:12;14:13;1;Quality;Conveyors;C85;Belt;blister atorado en piston;no;no
2025-09-29;REA;Actuadores;3140CA030;15:00;15:02;2;Equipment Fault;Robots;R70;Vacuum system;cambio de ventosas;no;no
2025-09-26;COVER LINE;Line 2;FORD;07:00;07:30;30;Maintenance;ST30 Molding;General;TBD;retrabajo;no;no
2025-09-26;COVER LINE;Line 2;FORD;09:30;09:50;20;Maintenance;ST30 Molding;General;TBD;fin de RW inicio de produccion;no;no
2025-09-26;COVER LINE;Line 2;FORD;11:30;11:55;25;Equipment Fault;Lip seal;ST74;Actuator;falla de vacío;no;no
2025-09-26;COVER LINE;Line 2;FORD;12:00;12:10;10;Maintenance;Lip seal;ST74;Actuator;limpieza de filtro;no;no
2025-09-26;COVER LINE;Line 2;FORD;14:10;15:00;50;Equipment Fault;TBD;General;TBD;falla de comunicación;no;no
2025-09-26;COVER LINE;Line 2;FORD;15:05;15:20;15;Equipment Fault;Terminal caps;ST94;Bowl/lineal feeder;fork atorado;no;no
2025-09-26;COVER LINE;Line 2;FORD;15:40;16:00;20;Equipment Fault;Robots;R20;Motion supervision/Joint collision;st61;no;no
2025-09-26;COVER LINE;Line 2;FORD;17:10;18:15;65;Equipment Fault;Lip seal;ST74;Actuator;falla de vacío;no;no
2025-09-26;COVER LINE;Line 2;FORD;18:25;19:00;35;Equipment Fault;Terminal caps;ST94;Bowl/lineal feeder;fork atorado;no;no
2025-09-26;COVER LINE;Line 2;FORD;21:18;21:30;12;Equipment Fault;OMT;ST3;Actuator;;no;no
2025-09-26;COVER LINE;Line 2;FORD;23:16;23:28;12;Equipment Fault;Retainer;ST76;Bowl/lineal feeder;reteiner atorado en bowl;no;no
2025-09-29;COVER LINE;Line 2;FORD;07:00;08:35;95;Maintenance;TBD;General;TBD;inicio de RW;no;no
2025-09-29;COVER LINE;Line 2;FORD;09:00;09:10;10;Equipment Fault;TBD;General;TBD;falla de comunicación en toda la línea;no;no
2025-09-29;COVER LINE;Line 2;FORD;10:00;10:20;20;Maintenance;TBD;General;TBD;fin de RW inicio de producción;no;no
2025-09-29;COVER LINE;Line 2;FORD;11:18;11:20;2;Equipment Fault;Lip seal;ST74;Actuator;falla de vacío;no;no
2025-09-29;COVER LINE;Line 2;FORD;12:10;12:40;30;Maintenance;Lip seal;ST74;Actuator;falla y limpieza de filtro;no;no
2025-09-29;COVER LINE;Line 2;FORD;13:25;13:40;15;Equipment Fault;Terminal caps;ST94;Bowl/lineal feeder;fork atorado en riel;no;no
2025-09-29;COVER LINE;Line 2;FORD;14:30;14:45;15;Equipment Fault;Lip seal;ST74;Bowl/lineal feeder;lip seal no ressvala en riel;no;no
2025-09-29;REA;Actuadores;3140CA029;17:05;17:39;34;Quality;REA;General;Change Over;Liberación por Change over 029;si;no
2025-09-29;REA;Actuadores;3140CA029;18:25;18:27;2;Equipment Fault;Robots;R80;Gripper/tool adjustments;Gripper 1 no abre;no;no
2025-09-29;REA;Actuadores;3140CA029;18:30;18:34;4;Equipment Fault;CAW;CPA;Feeder;Se atora crank y se alarma por timeout;no;no
2025-09-29;REA;Actuadores;3140CA029;18:37;18:40;3;Maintenance;USW;St14;Lower Jig;Cambio de goma blanca y limpieza de jig por alto scrap;no;no
2025-09-29;REA;Actuadores;3140CA029;19:12;19:14;2;Quality;915;915;Dart sensor;Se cae ogiva;no;no
2025-09-29;REA;Actuadores;3140CA029;19:25;19:27;2;Equipment Fault;Robots;R65;Vacuum system;Vacuum off;no;no
2025-09-29;REA;Actuadores;3140CA029;19:58;19:59;1;Equipment Fault;620;620;Alphamatic Module;no continuo ciclo;no;no
2025-09-29;REA;Actuadores;3140CA029;20:57;20:59;2;Equipment Fault;915;915;Dart sensor;ogiva caida;no;no
2025-09-29;REA;Actuadores;3140CA029;21:00;21:01;1;Equipment Fault;620;620;Alphamatic Module;fureza minima nok;no;no
2025-09-29;REA;Actuadores;3140CA029;21:15;21:17;2;Equipment Fault;915;915;Dart sensor;ogiva caida;no;no
2025-09-29;REA;Actuadores;3140CA029;21:45;21:46;1;Equipment Fault;915;915;Dart sensor;ogiva caida;no;no
2025-09-29;REA;Actuadores;3140CA029;22:00;22:05;5;Equipment Fault;EOL;St4;CRIO NOK;reinicio de crio;no;no
2025-09-29;REA;Actuadores;3140CA029;22:10;22:13;3;Equipment Fault;MAT;St6;Dispensation system;cambio de grasa;no;no
2025-09-29;REA;Actuadores;3140CA029;22:18;22:19;1;Equipment Fault;620;620;Alphamatic Module;fuerza minima nok;no;no
2025-09-29;REA;Actuadores;3140CA029;22:20;22:22;2;Equipment Fault;915;915;Dart sensor;ogiva caida;no;no
2025-09-29;REA;Actuadores;3140CA030;22:48;22:51;3;Equipment Fault;915;915;Missing ogive;ojiva caida;no;no
2025-09-29;REA;Actuadores;3140CA030;23:42;23:49;7;Equipment Fault;915;915;Missing ogive;ojiva caida;no;no
2025-09-30;REA;Actuadores;3140CA029;01:11;01:13;2;Equipment Fault;Conveyors;C85;Guides ;blister atorado;no;no
2025-09-30;REA;Actuadores;3140CA029;01:14;01:17;3;Equipment Fault;Main conveyor;Main conveyor;Singulator NOK;pallet atorado;no;no
2025-09-30;REA;Actuadores;3140CA029;01:26;01:30;4;Quality;Robots;R80;Gripper/tool adjustments;gripper no abre correctamente;no;no
2025-09-30;REA;Actuadores;3140CA029;01:34;01:40;6;Equipment Fault;750;750;Bowl/Lineal feeder;bearing atorado en bowl feeder;no;no
2025-09-30;REA;Actuadores;3140CA029;01:49;01:52;3;Equipment Fault;915;915;Missing ogive;ojiva caida;no;no
2025-09-30;REA;Actuadores;3140CA029;01:54;01:58;4;Equipment Fault;Main conveyor;Main conveyor;Singulator NOK;pallet atorado;no;no
2025-09-30;REA;Actuadores;3140CA029;01:58;02:02;4;Equipment Fault;750;750;Alphamatic Module;no continua ciclo;no;no
2025-09-30;REA;Actuadores;3140CA029;02:40;02:45;5;Equipment Fault;620;620;Alphamatic Module;no continua ciclo;no;no
2025-09-30;REA;Actuadores;3140CA029;03:29;03:32;3;Equipment Fault;620;620;Alphamatic Module;no continua ciclo;no;no
2025-09-30;REA;Actuadores;3140CA029;03:34;03:38;4;Equipment Fault;EOL;St4;CRIO NOK;se reinicia crio;no;no
2025-09-30;REA;Actuadores;3140CA029;03:38;03:41;3;Equipment Fault;620;620;Bowl/Lineal feeder;cilisiona lineal feeder con prensa;no;no
2025-09-30;REA;Actuadores;3140CA029;04:15;04:19;4;Equipment Fault;Main conveyor;Main conveyor;Singulator NOK;pallet atorado;no;no
2025-09-30;REA;Actuadores;3140CA029;04:40;04:43;3;Equipment Fault;Main conveyor;Main conveyor;Singulator NOK;pallet atorado;no;no
2025-09-30;REA;Actuadores;3140CA029;05:42;05:45;3;Equipment Fault;620;620;Alphamatic Module;queda abajo al tirar scrap, no continua ciclo;no;no
2025-09-30;REA;Actuadores;3140CA029;05:45;05:48;3;Equipment Fault;Robots;R80;Gripper/tool adjustments;gripper no abrio correctamente;no;no
2025-09-30;REA;Actuadores;3140CA029;06:05;06:09;4;Equipment Fault;CHW;St2;SCARA Pick/Place;vacuum off;no;no
2025-09-30;REA;Actuadores;3140CA029;06:10;06:12;2;Equipment Fault;Main conveyor;Main conveyor;Singulator NOK;pallet atorado;no;no
2025-09-30;REA;Actuadores;3140CA029;06:12;06:14;2;Equipment Fault;Robots;R80;Gripper/tool adjustments;gripper no abrio;no;no
2025-09-30;REA;Actuadores;3140CA029;06:28;06:31;3;Equipment Fault;CAW;CPA;Feeder;crank queda mal posicionado y hace time out caw;no;no
2025-09-30;REA;Actuadores;3140CA029;06:49;06:52;3;Equipment Fault;Robots;R80;Gripper/tool adjustments;gripper no abre;no;no
2025-09-30;REA;Actuadores;3140CA030;07:00;07:03;3;Equipment Fault;Robots;R80;Gripper/tool adjustments;Falta de gripper se agrega cinta;no;no
2025-09-30;REA;Actuadores;3140CA029;07:03;07:27;24;Quality;USW;General;TBD;Pruebas de leak test a piezas scrapeadas turnos anteriores;no;no
2025-09-30;REA;Actuadores;3140CA029;07:27;07:37;10;Maintenance;Main conveyor;General;Checklist;Diario;no;no
2025-09-30;REA;Actuadores;3140CA029;07:50;07:51;1;Production;Conveyors;C31;Actuator NOK;blister al revés;no;no
2025-09-30;REA;Actuadores;3140CA029;07:53;07:55;2;Equipment Fault;620;620;Feed piston;se queda atorado piston en cover;no;no
2025-09-30;REA;Actuadores;3140CA029;07:58;07:59;1;Equipment Fault;731;731;Bowl/Lineal feeder;refresh a prensa 731;no;no
2025-09-29;COVER LINE;Line 2;FORD;14:30;14:45;15;Equipment Fault;Lip seal;ST74;Bowl/lineal feeder;lip seal atorado en riel;no;no
2025-09-29;COVER LINE;Line 2;FORD;17:10;17:40;30;Equipment Fault;Lip seal;ST74;Actuator;vacumm;no;no
2025-09-29;COVER LINE;Line 2;FORD;18:15;18:35;20;Equipment Fault;Terminal caps;ST94;Bowl/lineal feeder;fork atorado en bowl;no;no
2025-09-29;COVER LINE;Line 2;FORD;18:40;19:05;25;Equipment Fault;Robots;General;TBD;falla de ejector data;no;no
2025-09-29;COVER LINE;Line 2;FORD;20:09;21:00;51;Equipment Fault;Output Conveyor;ST150;Actuator NOK;falla de posición del segundo blíster;no;no
2025-09-29;COVER LINE;Line 2;FORD;23:30;23:50;20;Equipment Fault;OMT;ST3;Actuator;;no;no
2025-09-29;REA;Actuadores;3140CA029;22:35;22:45;10;Maintenance;REA;General;Checklist;checklist;si;no
2025-09-27;REA;Actuadores;3140CA030;12:50;13:28;38;Equipment Fault;730;730;Bowl/Lineal feeder;Orlando agrega laina y loctite provisional a bloque de feeder lineal, pendiente repuesto;no;no
2025-09-30;REA;Actuadores;3140CA029;09:20;09:23;3;Maintenance;CAW;Consumables;Nitrogen;cambio de tambo de nitro;no;no
2025-09-30;REA;Actuadores;3140CA029;09:25;09:30;5;Equipment Fault;Main conveyor;Main conveyor;Lock NOK;pallets atorados en lockings;no;no
2025-09-30;REA;Actuadores;3140CA029;09:40;09:43;3;Equipment Fault;USW;St14;Lower Jig;limpieza por scrap;no;no
2025-09-30;REA;Actuadores;3140CA029;10:11;11:13;62;Equipment Fault;Main conveyor;Main conveyor;Lock NOK;pallet atorado en locking;no;no
2025-09-30;REA;Actuadores;3140CA029;10:30;10:36;6;Equipment Fault;USW;St11;Jig;Soporte de area conector nok, reemplazar espuma provisional y limpieza general en estacion;no;no
2025-09-30;REA;Actuadores;3140CA029;10:56;11:00;4;Equipment Fault;915;915;SMC module;Se pierde ojiva, se requirio buscar, y desatorar pallets despues por que avanzaron y quedaron atorados con singulator;no;no
2025-09-29;REA;Actuadores;3140CA030;10:08;10:11;3;Equipment Fault;EOL;General;Safety system;falla system;no;no
2025-09-29;REA;Actuadores;3140CA030;10:15;10:21;6;Equipment Fault;CAW;CPA;Feeder;crank atorado en feeder de vibro;no;no
2025-09-29;REA;Actuadores;3140CA030;10:40;10:42;2;Equipment Fault;730;730;Feed piston;se queda abajo y se alarma.;no;no
2025-09-29;REA;Actuadores;3140CA030;11:00;11:05;5;Maintenance;CHW;Consumables;Chip reel;cambio de chip;no;no
2025-09-29;REA;Actuadores;3140CA030;11:47;11:48;1;Equipment Fault;730;730;Presence sensor;se queda abajo alarmada;no;no
2025-09-29;REA;Actuadores;3140CA030;10:50;10:54;4;Equipment Fault;CAW;Jig/Index;Blade orienter actuator;ajuste por falla;no;no
2025-09-29;REA;Actuadores;3140CA030;11:05;11:30;25;Equipment Fault;EOL;St2;Gripper NOK;se recalibro St2, se ajusto.;no;no
2025-09-29;REA;Actuadores;3140CA030;03:37;03:39;2;Equipment Fault;EOL;General;TBD;alarma por overload;no;no
2025-09-29;REA;Actuadores;3140CA030;11:58;11:59;1;Equipment Fault;MSA;MSA;Sensor de presencia;no detecta magne;no;no
2025-09-29;REA;Actuadores;3140CA030;12:24;12:25;1;Equipment Fault;730;730;Bowl/Lineal feeder;pin chueco;no;no
2025-09-29;REA;Actuadores;3140CA030;12:36;12:37;1;Equipment Fault;Conveyors;C85;Presence sensor;blister atorado en piston vertical;no;no
2025-09-29;REA;Actuadores;3140CA030;13:54;13:55;1;Equipment Fault;620;620;Feed piston;piston queda atorado en cover;no;no
2025-09-29;REA;Actuadores;3140CA030;14:00;14:01;1;Equipment Fault;CHW;St3;Thermodo;alarma por temperatura;no;no
2025-09-29;REA;Actuadores;3140CA030;14:05;14:07;2;Equipment Fault;Conveyors;C56;Belt;blister atorado con piston vertical;no;no
2025-09-29;REA;Actuadores;3140CA030;14:50;14:52;2;Production;620;620;Bowl/Lineal feeder;falta de material;no;no
2025-09-30;REA;Actuadores;3140CA029;11:28;11:31;3;Equipment Fault;915;915;Missing ogive;se cae ogiva;no;no
2025-09-27;REA;Actuadores;3140CA030;08:50;08:51;1;Equipment Fault;EOL;St2;Gripper NOK;St2 overload;no;no
2025-09-30;REA;Actuadores;3140CA029;11:37;11:39;2;Equipment Fault;Main conveyor;Main conveyor;Lock NOK;pallet atorado en locking de 620 y ccc.;no;no
2025-09-29;REA;Actuadores;3140CA030;07:30;08:30;60;Equipment Fault;CAW;General;Electrical system;Sensores encoder de posicion indexadora, mesa giratoria, fallan, discrepancia en logica;no;no
2025-09-30;REA;Actuadores;3140CA029;11:49;11:51;2;Equipment Fault;750;750;Bowl/Lineal feeder;balero atorado en vibro;no;no
2025-09-30;REA;Actuadores;3140CA029;13:04;13:06;2;Equipment Fault;730;General;TBD;Scraps continuos, revisar grafico, interfaz nok;no;no
2025-09-30;REA;Actuadores;3140CA029;13:35;13:37;2;Equipment Fault;Main conveyor;Main conveyor;Lock NOK;pallet atorado en locking de 915;no;no
2025-09-30;REA;Actuadores;3140CA029;13:42;13:45;3;Equipment Fault;Main conveyor;Main conveyor;Lock NOK;pallets atorados en locking 915 y 910;no;no
2025-09-30;REA;Actuadores;3140CA029;13:50;13:52;2;Equipment Fault;730;730;Bowl/Lineal feeder;se queda abajo y se alarma;no;no
2025-09-30;REA;Actuadores;3140CA029;14:40;14:42;2;Production;REA;General;Empty rack;Se vacia conveyor parcialmente, se crea discrepancia y se atora blister;no;no
2025-09-30;REA;Actuadores;3140CA029;15:15;15:20;5;Equipment Fault;Main conveyor;Main conveyor;RFID Reader;Se atora pallet con locking;no;no
2025-09-30;REA;Actuadores;3140CA029;15:22;15:24;2;Equipment Fault;Robots;R80;Gripper/tool adjustments;Gripper 1 nok;no;no
2025-09-30;REA;Actuadores;3140CA029;15:39;15:50;11;Maintenance;USW;SCARA;Gripper/Tool;Se daña gripper tornillos capados, se reemplaza tornilleria y soporte;no;no
2025-09-30;REA;Actuadores;3140CA029;15:51;15:53;2;Quality;Robots;R80;Gripper/tool adjustments;Gripper 1 nok;no;no
2025-09-30;REA;Actuadores;3140CA029;15:53;15:57;4;Quality;CAW;General;Software/PC;Falla y no continua;no;no
2025-09-30;REA;Actuadores;3140CA029;16:20;16:22;2;Equipment Fault;Main conveyor;Main conveyor;RFID Reader;Se atora pallet con locking;no;no
2025-09-30;REA;Actuadores;3140CA029;16:45;17:15;30;Production;REA;General;Scheduled production stop;Convivio cumpleaños mes;no;no
2025-09-30;REA;Actuadores;3140CA029;17:20;17:25;5;Maintenance;CCC;Consumables;Resin;Cambio de resina;no;no
2025-09-30;REA;Actuadores;3140CA029;17:25;17:28;3;Quality;CCC;General;Scrapbox full;Scrapbox full;no;no
2025-09-30;REA;Actuadores;3140CA029;17:52;17:55;3;Maintenance;CHW;Consumables;Argon;Cambio de tanque Argon;no;no
2025-09-30;REA;Actuadores;3140CA029;18:12;18:20;8;Maintenance;CAW;Jig/Index;Index not in home;Mesa desalineada provoca scrap por diametro en soldadura NOK;no;no
2025-09-30;REA;Actuadores;3140CA029;18:40;18:42;2;Maintenance;EOL;St1;Presence sensor;Limpieza a sensor de presencia y de QR;no;no
2025-09-30;REA;Actuadores;3140CA029;19:38;19:40;2;Quality;Main conveyor;Main conveyor;RFID Reader;Se atora pallet con locking;no;no
2025-09-30;REA;Actuadores;3140CA029;20:15;20:17;2;Equipment Fault;Main conveyor;Main conveyor;RFID Reader;Se atora pallet con locking;no;no
2025-09-30;REA;Actuadores;3140CA029;22:30;22:38;8;Equipment Fault;REA;General;Checklist;checklist;si;no
2025-09-30;REA;Actuadores;3140CA029;22:56;23:02;6;Maintenance;CHW;Consumables;Chip reel;cambio de chip;no;no
2025-09-30;REA;Actuadores;3140CA029;23:06;23:09;3;Equipment Fault;Robots;R80;Gripper/tool adjustments;cambio de cinta por falla al colocar pieza en st 974;no;no
2025-09-30;REA;Actuadores;3140CA029;00:00;00:02;2;Equipment Fault;Main conveyor;Main conveyor;Singulator NOK;pallet atorado  [Paro cruza medianoche - Parte 2];no;no
2025-10-01;REA;Actuadores;3140CA030;03:47;03:52;5;Equipment Fault;CAW;CPA;Feeder;Avanza muy lento el crnak, timeout;no;no
2025-10-01;REA;Actuadores;3140CA029;04:08;04:16;8;Equipment Fault;CAW;CPA;Feeder;Timeout, tarda en moverse el crank, desalineado;no;no
2025-10-01;REA;Actuadores;3140CA029;04:22;04:32;10;Equipment Fault;Main conveyor;Main conveyor;Singulator NOK;Multiples y continuos fallas en sing, los toma a medio camino, varios puntos;no;no
2025-10-01;REA;Actuadores;3140CA029;06:06;06:10;4;Maintenance;CHW;Consumables;Argon;Ambos tanques vacios;no;no
2025-09-30;REA;Actuadores;3140CA029;08:00;08:02;2;Equipment Fault;730;730;Bowl/Lineal feeder;falla prensa 730 no coloca pin;no;no
2025-09-30;REA;Actuadores;3140CA029;08:12;08:14;2;Equipment Fault;Main conveyor;Main conveyor;Lock NOK;pallet atorado en St730;no;no
2025-09-30;REA;Actuadores;3140CA029;08:18;08:19;1;Equipment Fault;Main conveyor;Main conveyor;Lock NOK;pallet atorado en locking de ccc;no;no
2025-09-30;REA;Actuadores;3140CA029;08:29;08:30;1;Equipment Fault;Robots;R80;Gripper/tool adjustments;gripper 1 no abre;no;no
2025-09-30;REA;Actuadores;3140CA029;08:31;08:34;3;Equipment Fault;Robots;R80;Gripper/tool adjustments;gripper 1 no abre, se coloca cinta en gripper.;no;no
2025-09-30;REA;Actuadores;3140CA029;08:36;08:37;1;Equipment Fault;915;915;Missing ogive;ogive se cae;no;no
2025-09-30;REA;Actuadores;3140CA029;08:51;08:52;1;Equipment Fault;CHW;St3;Thermodo;falla de temperatura;no;no
2025-09-30;REA;Actuadores;3140CA029;08:57;08:58;1;Equipment Fault;USW;St14;Lower Jig;limpieza de st14 por rebaba;no;no
2025-10-01;REA;Actuadores;3140CA029;09:00;09:10;10;Equipment Fault;USW;St11;Jig;Soldadura NOK, por falta de soporte, fuga, se cambia esponja provisional;no;no
2025-10-01;REA;Actuadores;3140CA029;09:20;09:22;2;Equipment Fault;730;730;Feed piston;Material atorado en laina con loctite, pendiente spare part de base feeder lineal;no;no
2025-09-30;REA;Actuadores;3140CA029;09:57;10:00;3;Quality;USW;St14;Lower Jig;sensor de conector flojo;no;no
2025-09-30;REA;Actuadores;3140CA029;09:54;09:56;2;Equipment Fault;REA;General;Change Over;compresor alarmado;no;no
2025-10-01;REA;Actuadores;3140CA029;10:13;10:26;13;Equipment Fault;USW;St14;Lower Jig;falla sensor del conector;no;no
2025-10-01;REA;Actuadores;3140CA029;10:36;10:39;3;Equipment Fault;MSA;MSA;Sensor de presencia;falla no detecta magne;no;no
2025-10-01;REA;Actuadores;3140CA029;10:29;10:33;4;Equipment Fault;USW;St14;Lower Jig;falla sensor de conector;no;no
2025-10-01;REA;Actuadores;3140CA029;11:57;11:58;1;Equipment Fault;Main conveyor;Main conveyor;Lock NOK;pallet atorado en locking de 915;no;no
2025-10-01;REA;Actuadores;3140CA029;12:00;12:01;1;Equipment Fault;Robots;R80;Gripper/tool adjustments;gripper 1 no abre;no;no
2025-10-01;REA;Actuadores;3140CA029;12:08;12:09;1;Equipment Fault;Main conveyor;Main conveyor;Lock NOK;pallet atorado en 620;no;no
2025-10-01;REA;Actuadores;3140CA029;12:14;12:15;1;Equipment Fault;USW;St14;Lower Jig;limpieza por rebaba;no;no
2025-10-01;REA;Actuadores;3140CA029;13:29;13:32;3;Equipment Fault;730;730;Bowl/Lineal feeder;basura atorada en feeder de vibro (no deja avanzar pin);no;no
2025-10-01;REA;Actuadores;3140CA029;13:48;13:50;2;Equipment Fault;Robots;R70;Vacuum system;vacuum off (cambio de ventosas);no;no
2025-10-01;REA;Actuadores;3140CA029;14:28;14:32;4;Maintenance;MAT;Consumables;Grease;se cambia jeringa de grasa y se purga St6.;no;no
2025-10-01;REA;Actuadores;3140CA029;14:38;15:00;22;Equipment Fault;Main conveyor;Main conveyor;Lock NOK;Tornilleria dañada, tornillos capados, pendientes spare parts, paro continua despues de turno;no;no
2025-10-01;REA;Actuadores;3140CA029;13:02;13:10;8;Equipment Fault;CHW;St4;IPG/Samlight;Se revisan scraps USW, perforados por soldadura en CHW, se ajusta samlight pin 3 de 3.3 a 3.35;no;no
2025-10-01;REA;Actuadores;3140CA029;07:00;07:03;3;Equipment Fault;USW;St14;Lower Jig;Rebaba en jig, limpieza;no;no
2025-10-01;REA;Actuadores;3140CA029;07:37;07:58;21;Maintenance;REA;General;Checklist;Diario;no;no
2025-10-01;REA;Actuadores;3140CA029;07:20;07:30;10;Quality;REA;General;TBD;Pruebas leak test manuales diarias;no;no
2025-10-01;REA;Actuadores;3140CA029;15:00;17:52;172;Maintenance;Main conveyor;Main conveyor;Lock NOK;Locking NOK tornillos capados, se hace reparacion;no;no
2025-10-01;REA;Actuadores;3140CA029;18:00;18:02;2;Equipment Fault;CHW;St2;SCARA Pick/Place;Doble chip;no;no
2025-10-01;REA;Actuadores;3140CA029;18:04;18:06;2;Equipment Fault;MAT;St6;Dispensation system;Alarma st.6;no;no
2025-10-01;REA;Actuadores;3140CA029;18:15;18:17;2;Equipment Fault;Main conveyor;Main conveyor;RFID Reader;Pallet atorado;no;no
2025-10-01;REA;Actuadores;3140CA029;18:20;18:22;2;Equipment Fault;Main conveyor;Main conveyor;RFID Reader;Pallet atorado;no;no
2025-10-01;REA;Actuadores;3140CA029;18:28;18:30;2;Equipment Fault;MAT;St6;Dispensation system;Falla st.6;no;no
2025-10-01;REA;Actuadores;3140CA029;18:47;18:53;6;Equipment Fault;Main conveyor;Main conveyor;RFID Reader;Pallet atorado;no;no
2025-10-01;REA;Actuadores;3140CA029;19:10;19:17;7;Maintenance;EOL;St2;Gripper NOK;Calibracion de st.2;no;no
2025-10-01;REA;Actuadores;3140CA029;19:50;20:43;53;Equipment Fault;MAT;St6;Dispensation system;Falla en st.6 se alarma por sensor de presion y error en tablilla (Comunicacion PLC), se reinicia estacion y se calibra presion de aire y valvula lateral;no;no
2025-10-01;REA;Actuadores;3140CA029;20:56;21:00;4;Equipment Fault;Main conveyor;Main conveyor;RFID Reader;Pallet atorado;no;no
2025-10-01;REA;Actuadores;3140CA029;21:13;21:17;4;Equipment Fault;Main conveyor;Main conveyor;RFID Reader;Pallet atorado;no;no
2025-10-01;REA;Actuadores;3140CA029;21:25;21:28;3;Equipment Fault;Main conveyor;Main conveyor;Inductive sensor;Pallet atorado, se encuentra sensor inductivo muy abajo, tambien se sube la altura de RFID;no;no
2025-10-01;REA;Actuadores;3140CA029;21:30;21:38;8;Quality;CCC;General;Scrapbox full;Scrapbox full;no;no
2025-10-01;REA;Actuadores;3140CA029;21:50;21:52;2;Maintenance;CHW;Consumables;Chip reel;Cambio de chip;no;no
2025-10-01;REA;Actuadores;3140CA029;22:13;22:15;2;Maintenance;CHW;Consumables;Argon;Cambio de tanque Argon;no;no
2025-10-02;REA;Actuadores;3140CA029;01:20;01:24;4;Production;Aux;710;TBD;motor trae plastico de blister y no lo detectaba sensor;no;no
2025-10-02;REA;Actuadores;3140CA029;01:30;01:34;4;Equipment Fault;620;620;Alphamatic Module;Ajuste en prensa por scrap constante;no;no
2025-10-02;REA;Actuadores;3140CA029;01:46;01:49;3;Equipment Fault;CHW;St2;SCARA Pick/Place;vacuum off;no;no
2025-10-02;REA;Actuadores;3140CA029;05:02;05:05;3;Equipment Fault;EOL;General;Scrapbox full;scrap box full;no;no
2025-10-02;REA;Actuadores;3140CA029;06:39;06:43;4;Equipment Fault;Robots;R80;Gripper/tool adjustments;Sensor de grippe 2 desconectado, de vuelve a conectar;no;no
2025-10-02;REA;Actuadores;3140CA029;07:50;07:55;5;Equipment Fault;Main conveyor;Main conveyor;Lock NOK;pallet atorado en locking de prensa 730;no;no
2025-10-02;REA;Actuadores;3140CA029;08:17;08:19;2;Equipment Fault;Robots;R65;Gripper/tool adjustments;se queda atorado en blister;no;no
2025-10-02;REA;Actuadores;3140CA029;08:44;08:47;3;Equipment Fault;Conveyors;C55;Guides ;ajuste de guisa de conveyors, mal alineado;no;no
2025-10-02;REA;Actuadores;3140CA029;09:30;09:34;4;Quality;MAT;General;Scrapbox full;alto scrap;no;no
2025-10-02;REA;Actuadores;3140CA029;10:19;10:23;4;Equipment Fault;730;730;Bowl/Lineal feeder;pin fuera de dimensiones atorado en feeder de vibro;no;no
2025-10-02;REA;Actuadores;3140CA029;10:23;10:33;10;Equipment Fault;EOL;St2;Gripper NOK;puesta 0 de gripper, actualización de mc1;no;no
2025-10-02;REA;Actuadores;3140CA029;10:50;10:52;2;Maintenance;CHW;Consumables;Argon;cambio de argon;no;no
2025-10-02;REA;Actuadores;3140CA029;11:00;11:04;4;Equipment Fault;EOL;St4;CRIO NOK;reset de crio;no;no
2025-10-02;REA;Actuadores;3140CA029;11:05;11:07;2;Equipment Fault;MSA;MSA;Sensor de presencia;no detecta magne;no;no
2025-10-02;REA;Actuadores;3140CA029;11:46;12:50;64;Equipment Fault;USW;St14;Lower Jig;se reparó piston de gij st14 de USW, presentaba daño por tornillo capado los que sujetan la ceja para la goma de leak tes;no;no
2025-10-02;REA;Actuadores;3140CA029;13:12;13:14;2;Equipment Fault;MSA;MSA;Sensor de presencia;falla no detecta magne;no;no
2025-10-02;REA;Actuadores;3140CA029;13:28;13:30;2;Equipment Fault;MSA;MSA;Sensor de presencia;no detecta magne;no;no
2025-10-02;REA;Actuadores;3140CA029;13:32;13:34;2;Equipment Fault;Robots;R70;Vacuum system;cambio de ventosas;no;no
2025-10-02;REA;Actuadores;3140CA029;13:38;13:40;2;Equipment Fault;MSA;MSA;Sensor de presencia;no detecta mange;no;no
2025-10-02;REA;Actuadores;3140CA029;18:00;19:00;60;Quality;REA;General;Change Over;Cambio a 030 + Liberacion;no;no
2025-10-02;REA;Actuadores;3140CA029;19:07;19:10;3;Equipment Fault;EOL;St2;Gripper NOK;St.2 falla;no;no
2025-10-02;REA;Actuadores;3140CA029;20:27;20:30;3;Equipment Fault;Main conveyor;Main conveyor;RFID Reader;Pallet atorado;no;no
2025-10-02;REA;Actuadores;3140CA029;20:43;20:46;3;Equipment Fault;730;730;Bowl/Lineal feeder;Pin chueco;no;no
2025-10-02;REA;Actuadores;3140CA029;20:46;20:50;4;Equipment Fault;731;731;Bowl/Lineal feeder;Pin chueco;no;no
2025-10-02;REA;Actuadores;3140CA030;22:00;22:02;2;Maintenance;CHW;Consumables;Chip reel;cambio de chip;no;no
2025-10-02;REA;Actuadores;3140CA029;21:30;21:33;3;Equipment Fault;Robots;R80;Gripper/tool adjustments;No abre gripper 1;no;no
2025-10-02;REA;Actuadores;3140CA029;21:50;21:53;3;Equipment Fault;Robots;R80;Gripper/tool adjustments;Gripper 1 no abre;no;no
2025-10-02;REA;Actuadores;3140CA029;22:18;22:20;2;Equipment Fault;Main conveyor;Main conveyor;RFID Reader;No inicia proceso en presa por no leer RFID;no;no
2025-10-02;REA;Actuadores;3140CA029;22:23;22:25;2;Equipment Fault;Robots;R80;Gripper/tool adjustments;Gripper 1 no abre;no;no
2025-10-02;REA;Actuadores;3140CA030;03:04;03:08;4;Maintenance;MAT;Consumables;Grease;cambio de grasa;no;no
2025-10-02;REA;Actuadores;3140CA030;03:02;03:05;3;Equipment Fault;Robots;R80;Gripper/tool adjustments;cambio de cinta del gripper;no;no
2025-10-02;REA;Actuadores;3140CA030;03:09;03:13;4;Equipment Fault;Main conveyor;Main conveyor;Singulator NOK;pallet atorado;no;no
2025-10-03;REA;Actuadores;3140CA030;04:10;04:16;6;Equipment Fault;CAW;CPA;SCARA;Fallaba al insertar crank;no;no
2025-10-03;REA;Actuadores;3140CA030;04:50;04:54;4;Equipment Fault;EOL;St2;Gripper NOK;Gripper error de senal;no;no
2025-10-03;REA;Actuadores;3140CA030;04:59;05:03;4;Equipment Fault;USW;St14;Lower Jig;Se limpia jig por rebaba;no;no
2025-10-03;REA;Actuadores;3140CA030;05:09;05:13;4;Maintenance;CHW;Consumables;Argon;Cambio de argon;no;no
2025-10-03;REA;Actuadores;3140CA030;06:38;06:42;4;Equipment Fault;730;730;Bowl/Lineal feeder;falla constante por desgaste en base, laina danada;no;no
2025-10-03;REA;Actuadores;3140CA030;06:47;06:53;6;Equipment Fault;730;730;Bowl/Lineal feeder;laina se cae y empieza a colisionar piston con pin, se vuelve a color;no;no
2025-10-03;REA;Actuadores;3140CA030;06:55;06:58;3;Equipment Fault;730;730;Feed piston;pin atorado en piston, se levanta con todo y body;no;no
2025-10-03;REA;Actuadores;3140CA030;07:59;08:01;2;Equipment Fault;Main conveyor;Main conveyor;Inductive sensor;no detecta que pallet que paso anteriormente;no;no
2025-10-03;REA;Actuadores;3140CA030;07:17;07:27;10;Quality;REA;General;TBD;retrabajo, test de piezas scrapeadas, prueba manual solo leak test;no;no
2025-10-03;REA;Actuadores;3140CA030;07:27;07:39;12;Maintenance;REA;General;Checklist;diario;no;no
2025-10-03;REA;Actuadores;3140CA030;09:01;09:06;5;Equipment Fault;CAW;Jig/Index;Index not in home;se desalinea causando insercion nok de crank, jig 2;no;no
2025-10-03;REA;Actuadores;3140CA030;09:09;09:10;1;Equipment Fault;Aux;974;Safety system;no abre gripper de st974.;no;no
2025-10-03;REA;Actuadores;3140CA030;09:24;09:25;1;Equipment Fault;730;730;Bowl/Lineal feeder;pin no llega a posición;no;no
2025-10-03;REA;Actuadores;3140CA030;09:43;09:48;5;Quality;EOL;St4;CRIO NOK;reset de crio, fallo de comunicación al dar inicio.;no;no
2025-10-03;REA;Actuadores;3140CA030;10:24;10:39;15;Equipment Fault;EOL;Jigs;Ingun actuator;se repara ingun de jig 1;no;no
2025-10-03;REA;Actuadores;3140CA030;11:55;12:00;5;Equipment Fault;EOL;Jigs;Jig actuator;se coloca ingun reparado;no;no
2025-10-03;REA;Actuadores;3140CA030;11:24;11:25;1;Equipment Fault;730;730;Presence sensor;no detecta pin;no;no
2025-10-03;REA;Actuadores;3140CA030;12:14;12:20;6;Maintenance;CCC;Consumables;Resin;se cambia resina, no arrancaba y se restablacio;no;no
2025-10-03;REA;Actuadores;3140CA030;13:00;13:04;4;Equipment Fault;730;730;Bowl/Lineal feeder;se cae laina de base del pin;no;no
2025-10-03;REA;Actuadores;3140CA030;13:04;13:24;20;Material/Logistics;REA;General;TBD;revision de material de refacción con proveedor;no;no
2025-10-03;REA;Actuadores;3140CA030;13:34;13:36;2;Equipment Fault;Robots;R80;Gripper/tool adjustments;gripper 1 se queda en ST974;no;no
2025-10-03;REA;Actuadores;3140CA030;13:40;13:42;2;Equipment Fault;Main conveyor;Main conveyor;Lock NOK;se atora pallet en locking de 915;no;no
2025-10-03;REA;Actuadores;3140CA030;13:48;13:49;1;Equipment Fault;915;915;Missing ogive;se cae ogiva;no;no
2025-10-03;REA;Actuadores;3140CA030;13:48;13:50;2;Equipment Fault;730;730;Bowl/Lineal feeder;se atora pin, no baja, sensor no detecta pin.;no;no
2025-10-03;REA;Actuadores;3140CA030;13:55;13:56;1;Equipment Fault;Robots;R70;Vacuum system;vacuum off;no;no
2025-10-03;REA;Actuadores;3140CA030;14:08;14:09;1;Equipment Fault;Robots;R80;Gripper/tool adjustments;gripper 1 no abre;no;no
2025-10-03;REA;Actuadores;3140CA030;14:12;14:14;2;Production;Conveyors;C31;Belt;sin material;no;no
2025-10-03;REA;Actuadores;3140CA030;14:20;14:21;1;Production;Aux;910;Presence sensor;motor invertido;no;no
2025-10-03;REA;Actuadores;3140CA030;14:26;14:27;1;Equipment Fault;EOL;St2;Gripper NOK;falla de st2 alarma de gripper;no;no
2025-10-03;REA;Actuadores;3140CA030;20:41;20:47;6;Equipment Fault;CAW;General;Software/PC;no continuo ciclo / checklist;si;no
2025-10-03;REA;Actuadores;3140CA029;15:10;15:12;2;Equipment Fault;Robots;R80;Gripper/tool adjustments;Gripper 1 nok;no;no
2025-10-03;REA;Actuadores;3140CA029;15:32;15:34;2;Equipment Fault;Robots;R80;Gripper/tool adjustments;Gripper 1 nok;no;no
2025-10-03;REA;Actuadores;3140CA029;16:03;16:08;5;Maintenance;CHW;Consumables;Chip reel;Cambio de chip;no;no
2025-10-03;REA;Actuadores;3140CA029;17:03;17:07;4;Material/Logistics;730;730;Bowl/Lineal feeder;Falla equipo por material fuera de dimenciones de especificacion;no;no
2025-10-03;REA;Actuadores;3140CA029;18:10;18:12;2;Equipment Fault;Robots;R80;Gripper/tool adjustments;Gripper 1 nok;no;no
2025-10-03;REA;Actuadores;3140CA029;18:49;18:51;2;Equipment Fault;Robots;R80;Gripper/tool adjustments;Gripper 1 nok;no;no
2025-10-03;REA;Actuadores;3140CA029;19:22;19:25;3;Equipment Fault;915;915;Missing ogive;Ogiva caida;no;no
2025-10-03;REA;Actuadores;3140CA029;19:58;20:03;5;Maintenance;EOL;St4;CRIO NOK;Reset CRIO;no;no
2025-10-03;REA;Actuadores;3140CA029;20:17;20:21;4;Equipment Fault;EOL;St1;Presence sensor;Se reinicia APP;no;no
2025-10-03;REA;Actuadores;3140CA029;20:39;20:49;10;Maintenance;REA;General;Checklist;CHecklist mtto;si;no
2025-10-03;REA;Actuadores;3140CA030;22:30;22:39;9;Equipment Fault;REA;General;Checklist;Checklist;si;no
2025-10-04;REA;Actuadores;3140CA030;02:25;02:40;15;Equipment Fault;Robots;R40;Gripper/tool adjustments;robot no continua secuencia, manda alarma de sensor abierto, revisa tablilla y se ajusta conexiones;no;no
2025-10-04;REA;Actuadores;3140CA030;04:07;04:13;6;Maintenance;MAT;Consumables;Grease;cambio de grasa;no;no
2025-10-04;REA;Actuadores;3140CA030;07:46;07:48;2;Equipment Fault;EOL;St4;CRIO NOK;reset de crio;no;no
2025-10-04;REA;Actuadores;3140CA030;08:40;08:45;5;Maintenance;CHW;Consumables;Chip reel;cambio de chip;no;no
2025-10-04;REA;Actuadores;3140CA030;09:08;09:18;10;Equipment Fault;USW;St11;Weld NOK;Revision scrap, cambio de espuma, limpieza general, falta de personal;no;no
2025-10-04;REA;Actuadores;3140CA030;07:15;07:25;10;Quality;REA;General;TBD;Pruebas manuales, leak test, retrabajo manual;no;no
2025-10-04;REA;Actuadores;3140CA030;09:47;09:48;1;Equipment Fault;915;915;Missing ogive;se cae ogive, se coloca manual.;no;no
2025-10-04;REA;Actuadores;3140CA030;09:40;09:50;10;Equipment Fault;730;730;Feed piston;base dañada, pin se atora en laina provisional, fallo logica se tuvo que restaurar;no;no
2025-10-02;REA;Actuadores;3140CA029;07:20;07:26;6;Quality;REA;General;TBD;pruebas manuales de USW, leak test;no;no
2025-10-02;REA;Actuadores;3140CA029;07:30;07:45;15;Maintenance;REA;General;Checklist;checklist diario, CAW,EOL,CHW,CCC.;si;no
2025-10-02;REA;Actuadores;3140CA029;13:40;15:00;80;Equipment Fault;MSA;MSA;Driver;guia lineal de slider, carrito posicionador de magnet dañado;no;no
2025-10-02;REA;Actuadores;3140CA029;15:00;18:00;180;Equipment Fault;MSA;MSA;Driver;Riel plastico dañado;no;no
2025-10-02;REA;Actuadores;3140CA029;10:54;11:01;7;Maintenance;CCC;Consumables;Resin;se cambia resina, problemas con la comunicación al momento de volver arrancar.;no;no
2025-10-04;REA;Actuadores;3140CA029;12:57;14:07;70;Production;REA;General;Change Over;En espera de CSL1 termine de revisar PN anterior 030, para evitar mezclar material, y cambio de;no;no
2025-10-04;REA;Actuadores;3140CA029;14:28;14:29;1;Equipment Fault;730;730;Feed piston;pin choca con laina temporal de base y se atora.;no;no
2025-10-04;REA;Actuadores;3140CA029;14:38;14:39;1;Production;Conveyors;C36;Guides ;blister de body se atora en riel de abajo.;no;no
2025-10-04;REA;Actuadores;3140CA029;14:58;14:59;1;Equipment Fault;CHW;St3;Thermodo;temperatura error;no;no
2025-10-04;REA;Actuadores;3140CA029;16:06;16:08;2;Equipment Fault;Robots;R70;Vacuum system;cambio de ventosas;no;no
2025-10-04;REA;Actuadores;3140CA029;16:21;16:28;7;Equipment Fault;CAW;Jig/Index;Index not in home;mesa desalineada;no;no
2025-10-04;REA;Actuadores;3140CA029;16:45;16:50;5;Equipment Fault;CAW;LSW;Vision system;scrap consecutivo;no;no
2025-10-04;REA;Actuadores;3140CA029;15:05;15:08;3;Maintenance;CHW;Consumables;Argon;Cambio de tanque Argon;no;no
2025-10-04;REA;Actuadores;3140CA029;17:12;17:14;2;Equipment Fault;Robots;R80;Gripper/tool adjustments;Gripper 1 NOK;no;no
2025-10-04;REA;Actuadores;3140CA029;19:17;19:20;3;Equipment Fault;Main conveyor;General;TBD;Pallet caido;no;no
2025-10-04;REA;Actuadores;3140CA029;19:24;19:26;2;Equipment Fault;Robots;R80;Gripper/tool adjustments;Gripper 1 NOK;no;no
2025-10-04;REA;Actuadores;3140CA029;19:44;19:46;2;Equipment Fault;Robots;R80;Gripper/tool adjustments;Gripper 1 NOK;no;no
2025-10-04;REA;Actuadores;3140CA029;19:55;19:58;3;Maintenance;CAW;LSW;Vision system;Alto scrap sistema de vision;no;no
2025-10-04;REA;Actuadores;3140CA029;20:20;20:23;3;Equipment Fault;Robots;R75;Motion supervision/Joint collision;;no;no
2025-10-04;REA;Actuadores;3140CA029;20:40;20:43;3;Equipment Fault;Main conveyor;;Belt;pallets atprados en main conveyor;no;no
2025-10-05;REA;Actuadores;3140CA029;07:00;07:38;38;Quality;REA;General;SOP;liberacion;no;no
2025-10-05;REA;Actuadores;3140CA029;07:38;07:50;12;Equipment Fault;Robots;R40;Electrical system;no le llegaba señal del sensor, conector en tablilla flojo;no;no
2025-10-05;REA;Actuadores;3140CA029;08:05;08:10;5;Equipment Fault;CAW;CPA;Feeder;cranks atorados en feeder;no;no
2025-10-05;REA;Actuadores;3140CA029;08:10;08:27;17;Equipment Fault;CAW;Jig/Index;Blade orienter actuator;falla por orienter state p3;no;no
2025-10-05;REA;Actuadores;3140CA029;08:30;08:44;14;Equipment Fault;730;730;Feed piston;falla al caer pin por fixture;no;no
2025-10-05;REA;Actuadores;3140CA029;09:00;09:58;58;Equipment Fault;CAW;Jig/Index;Blade orienter actuator;falla por orienter state p3 no dejaba continuar;no;no
2025-10-05;REA;Actuadores;3140CA029;11:10;11:15;5;Equipment Fault;CAW;LSW;Pressor;pressor se quedo abajo;no;no
2025-10-05;REA;Actuadores;3140CA029;11:19;11:22;3;Equipment Fault;REA;General;Pneumatic System;compresor alarmado;no;no
2025-10-05;REA;Actuadores;3140CA029;11:40;11:41;1;Equipment Fault;915;915;Dart sensor;ogiva caida;no;no
2025-10-05;REA;Actuadores;3140CA029;12:45;12:49;4;Quality;730;730;Bowl/Lineal feeder;material nok;no;no
2025-10-05;REA;Actuadores;3140CA029;12:52;12:55;3;Maintenance;CHW;Consumables;Argon;cambio de argon;no;no
2025-10-05;REA;Actuadores;3140CA029;14:00;14:30;30;Production;REA;General;No staff;paro por comida;no;no
2025-10-05;REA;Actuadores;3140CA029;14:55;14:58;3;Maintenance;CHW;Consumables;Chip reel;cambio de chip;no;no
2025-10-05;REA;Actuadores;3140CA029;15:49;15:51;2;Equipment Fault;750;750;Alphamatic Module;no continuo ciclo;no;no
2025-10-05;REA;Actuadores;3140CA029;16:41;16:42;1;Equipment Fault;915;915;Dart sensor;ogiva caida;no;no
2025-10-06;REA;Actuadores;3140CA029;08:22;08:24;2;Equipment Fault;915;915;Missing ogive;cae ojiva, se busca;no;no
2025-10-06;REA;Actuadores;3140CA029;08:30;08:33;3;Equipment Fault;CAW;CPA;Feeder;Cranks atorados, se requiere restaurar maquina;no;no
2025-10-06;REA;Actuadores;3140CA029;08:33;08:48;15;Equipment Fault;CAW;General;Software/PC;No continua ciclo, discrepancia orientadores, bulkhead cierra antes de girar mesa;no;no
2025-10-06;REA;Actuadores;3140CA029;12:01;12:05;4;Equipment Fault;620;620;Alphamatic Module;Fuerza minima no alcanzada, sospecha de cover;no;no
2025-10-06;REA;Actuadores;3140CA029;12:55;12:59;4;Equipment Fault;Conveyors;C37;Presence sensor;Sensor no detectaba correctamente blister, se crea discrepancia en conveyor, se ajusta posicion de sensor y se restaura;no;no
2025-10-06;REA;Actuadores;3140CA029;07:00;07:10;10;Maintenance;REA;General;Checklist;diario;no;no
2025-10-06;REA;Actuadores;3140CA029;07:10;07:30;20;Equipment Fault;CAW;Jig/Index;Index not in home;Discrepancia estaciones, no se puede restaurar;no;no
2025-10-06;REA;Actuadores;3140CA029;08:30;10:30;120;Equipment Fault;CAW;Jig/Index;Index not in home;Discrepancia estaciones, no se puede restaurar, empaque corta filos dañado, genera mesa giratoria se desfase, se retira, posicion home a mesa, ajuste de sv por falsos scraps continuos, se requirio restaurar repetidas veces por la discrepancia de los orientadores;no;no
2025-10-06;REA;Actuadores;3140CA029;15:20;15:25;5;Equipment Fault;CAW;LSW;Pressor;no continuo ciclo /pressor abajo;no;no
2025-10-06;REA;Actuadores;3140CA029;15:30;15:32;2;Maintenance;MAT;Consumables;Grease;cambio de grasa;no;no
2025-10-06;REA;Actuadores;3140CA029;15:50;15:56;6;Production;CAW;CPA;Feeder;sin cranks en feeder;no;no
2025-10-06;REA;Actuadores;3140CA029;15:52;15:55;3;Maintenance;CCC;Consumables;Resin;cambio de resina;no;no
2025-10-06;REA;Actuadores;3140CA029;16:30;16:33;3;Equipment Fault;Conveyors;C37;Presence sensor;no detectaba sensor de presencia;no;no
2025-10-06;REA;Actuadores;3140CA029;16:34;16:36;2;Equipment Fault;731;731;Feed piston;pin inclinado;no;no
2025-10-06;REA;Actuadores;3140CA029;16:40;16:42;2;Maintenance;CHW;Consumables;Argon;Cambio tanque argon;no;no
2025-10-06;REA;Actuadores;3140CA029;17:25;17:27;2;Equipment Fault;Conveyors;C37;Presence sensor;se ajusto braquet del sensor;no;no
2025-10-06;REA;Actuadores;3140CA029;17:42;17:44;2;Production;Conveyors;C37;Presence sensor;BLISTER DE MOTOR DOBLADO NO DETECTA SENSOR;no;no
2025-10-06;REA;Actuadores;3140CA029;18:48;18:50;2;Equipment Fault;Conveyors;C37;Presence sensor;ajuste de sensor;no;no
2025-10-06;REA;Actuadores;3140CA029;22:30;22:40;10;Maintenance;REA;General;Checklist;checklist;si;no
2025-10-06;REA;Actuadores;3140CA029;22:46;22:49;3;Equipment Fault;750;750;Feed piston;no continua ciclo despues debajar por bearing;no;no
2025-10-06;REA;Actuadores;3140CA029;23:16;23:20;4;Equipment Fault;MAT;St6;Dispensation system;Driver alarmado;no;no
2025-10-06;REA;Actuadores;3140CA029;23:28;23:34;6;Equipment Fault;MAT;St6;Dispensation system;Se alarma driver, se reinicia;no;no
2025-10-07;REA;Actuadores;3140CA029;00:24;00:27;3;Equipment Fault;915;915;Missing ogive;ojiva caida;no;no
2025-10-07;REA;Actuadores;3140CA029;00:34;00:40;6;Maintenance;CHW;Consumables;Chip reel;cambio de chip;no;no
2025-10-07;REA;Actuadores;3140CA029;02:53;02:57;4;Equipment Fault;730;730;Presence sensor;Sensor detectaba pieza por suciedad;no;no
2025-10-07;REA;Actuadores;3140CA029;04:04;04:07;3;Equipment Fault;620;620;Bowl/Lineal feeder;lineal feeder sale y choca con prensa;no;no
2025-10-07;REA;Actuadores;3140CA029;04:15;04:19;4;Equipment Fault;731;731;Bowl/Lineal feeder;lineal feeder sale y choca con prensa pallet 105;no;no
2025-10-07;REA;Actuadores;3140CA029;04:27;04:30;3;Equipment Fault;620;620;Bowl/Lineal feeder;Lineal feeder choca con piston cuando esta abajo palet 34;no;no
2025-10-07;REA;Actuadores;3140CA029;04:36;04:40;4;Equipment Fault;Main conveyor;Main conveyor;Lock NOK;Se atoraba con un tornillo flojo;no;no
2025-10-07;REA;Actuadores;3140CA029;04:41;04:44;3;Equipment Fault;Robots;R75;Motion supervision/Joint collision;Colisiona al ensamblar cover;no;no
2025-10-07;REA;Actuadores;3140CA029;06:01;06:04;3;Equipment Fault;CAW;Consumables;Nitrogen;Cambio nitrogeno;no;no
2025-10-07;REA;Actuadores;3140CA029;07:51;07:56;5;Equipment Fault;CAW;CPA;Feeder;crank invertido, se aprovecha paro y se realiza checklist.;si;no
2025-10-07;REA;Actuadores;3140CA029;08:07;08:10;3;Equipment Fault;730;730;Bowl/Lineal feeder;pin atorado;no;no
2025-10-07;REA;Actuadores;3140CA029;09:10;09:11;1;Equipment Fault;730;730;Bowl/Lineal feeder;pin atorado en manguera;no;no
2025-10-07;REA;Actuadores;3140CA029;09:13;09:15;2;Equipment Fault;Main conveyor;Main conveyor;Lock NOK;pallet atorado en locking de St915;no;no
2025-10-07;REA;Actuadores;3140CA029;09:40;09:42;2;Equipment Fault;Robots;R75;Motion supervision/Joint collision;no coloca bien el cover en body;no;no
2025-10-07;REA;Actuadores;3140CA029;09:51;09:52;1;Equipment Fault;915;915;Missing ogive;se cae ogiva;no;no
2025-10-06;COVER LINE;Line 2;FORD;16:50;16:55;5;Equipment Fault;ST30 Molding;General;TBD;terminal doblada;no;no
2025-10-06;COVER LINE;Line 2;FORD;16:58;17:00;2;Equipment Fault;Terminal caps;ST94;Bowl/lineal feeder;fork atorado en bowl;no;no
2025-10-06;COVER LINE;Line 2;FORD;17:01;17:20;19;Equipment Fault;Robots;R20;Module error;falla de alarma de eje;no;no
2025-10-06;COVER LINE;Line 2;FORD;17:30;18:10;40;Equipment Fault;Terminal caps;ST94;Bowl/lineal feeder;fork atorado en riel;no;no
2025-10-06;COVER LINE;Line 2;FORD;18:50;19:05;15;Equipment Fault;Lip seal;ST74;Actuator;falla de vacío;no;no
2025-10-06;COVER LINE;Line 2;FORD;20:00;20:40;40;Equipment Fault;OMT;General;TBD;falla de comunicación;no;no
2025-10-06;COVER LINE;Line 2;FORD;21:10;21:12;2;Equipment Fault;ST30 Molding;General;TBD;terminal mal insertada;no;no
2025-10-06;COVER LINE;Line 2;FORD;23:10;23:22;12;Equipment Fault;OMT;ST3;Actuator;;no;no
2025-10-07;COVER LINE;Line 2;FORD;00:00;00:07;7;Quality;TBD;General;TBD;retiro de scrap;no;no
2025-10-07;COVER LINE;Line 2;FORD;01:10;01:15;5;Equipment Fault;Robots;R20;Gripper/tool adjustments;se le cae una pueza al robot;no;no
2025-09-30;COVER LINE;Line 2;FORD;09:50;10:00;10;Equipment Fault;Terminal caps;ST94;Bowl/lineal feeder;fork atorado en riel;no;no
2025-09-30;COVER LINE;Line 2;FORD;10:20;10:28;8;Equipment Fault;OMT;ST7;Laser;;no;no
2025-09-30;COVER LINE;Line 2;FORD;16:45;17:30;45;Production;TBD;General;TBD;paro programado;no;no
2025-09-30;COVER LINE;Line 2;FORD;17:40;17:55;15;Equipment Fault;Terminal caps;ST95;Turntable;;no;no
2025-09-30;COVER LINE;Line 2;FORD;18:15;18:18;3;Equipment Fault;Lip seal;ST74;Actuator;falla de vacío;no;no
2025-09-30;COVER LINE;Line 2;FORD;20:19;20:22;3;Equipment Fault;Terminal caps;ST94;Bowl/lineal feeder;fork atorado en bowl;no;no
2025-09-30;COVER LINE;Line 2;FORD;23:40;23:59;20;Equipment Fault;OMT;ST3;Actuator;  [Paro cruza medianoche - Parte 1];no;no
2025-09-30;COVER LINE;Line 2;FORD;00:00;00:20;20;Equipment Fault;OMT;ST3;Actuator;  [Paro cruza medianoche - Parte 2];no;no
2025-10-07;COVER LINE;Line 2;FORD;07:00;08:20;80;Maintenance;ST30 Molding;General;TBD;arranque;no;no
2025-10-07;COVER LINE;Line 2;FORD;08:32;08:35;3;Equipment Fault;Terminal caps;ST94;Bowl/lineal feeder;fork atorado en bowl;no;no
2025-10-07;COVER LINE;Line 2;FORD;09:15;09:25;10;Quality;ST30 Molding;General;TBD;se paró para probar cámara para inspeccionar cavidad;no;no
2025-10-07;COVER LINE;Line 2;FORD;10:06;10:09;3;Equipment Fault;Terminal caps;ST94;Bowl/lineal feeder;fork atorado en bowl;no;no
2025-10-07;COVER LINE;Line 2;FORD;10:30;10:33;3;Equipment Fault;Terminal caps;ST94;Bowl/lineal feeder;fork atorado en bowl;no;no
2025-10-07;COVER LINE;Line 2;FORD;10:41;10:46;5;Equipment Fault;Lip seal;General;TBD;pieza atorada por colada pegada a cover;no;no
2025-10-07;COVER LINE;Line 2;FORD;10:54;10:59;5;Equipment Fault;Lip seal;General;TBD;falla por incongruencia en estación;no;no
2025-10-07;COVER LINE;Line 2;FORD;11:19;11:24;5;Equipment Fault;ST30 Molding;General;TBD;falla de core puller;no;no
2025-10-07;COVER LINE;Line 2;FORD;11:30;11:34;4;Equipment Fault;Lip seal;ST74;Bowl/lineal feeder;lip seal no llega a posición;no;no
2025-10-07;COVER LINE;Line 2;FORD;11:37;11:40;3;Equipment Fault;TBD;General;TBD;;no;no
2025-10-07;COVER LINE;Line 2;FORD;11:40;11:45;5;Equipment Fault;OMT;ST4;Profilometer;;no;no
2025-10-07;COVER LINE;Line 2;FORD;12:03;12:05;2;Equipment Fault;Main conveyor;General;PLC ;falla de centering st85;no;no
2025-10-07;COVER LINE;Line 2;FORD;12:07;12:08;1;Equipment Fault;OMT;General;TBD;error de axis;no;no
2025-10-07;COVER LINE;Line 2;FORD;12:10;12:12;2;Equipment Fault;Main conveyor;General;TBD;error de centering st80;no;no
2025-10-07;COVER LINE;Line 2;FORD;12:13;12:14;1;Equipment Fault;Main conveyor;General;TBD;pieeza atorada en st63 por colada pegada al cover;no;no
2025-10-07;COVER LINE;Line 2;FORD;12:16;12:17;1;Equipment Fault;OMT;ST3;Actuator;;no;no
2025-10-07;COVER LINE;Line 2;FORD;12:18;12:20;2;Equipment Fault;Main conveyor;General;TBD;falla de centering st80;no;no
2025-10-07;COVER LINE;Line 2;FORD;13:41;13:45;4;Equipment Fault;Lip seal;ST74;Actuator;falla de vacío;no;no
2025-10-07;COVER LINE;Line 2;FORD;14:10;14:14;4;Equipment Fault;Robots;R120;Gripper/tool adjustments;falla de gripper;no;no
2025-10-07;REA;Actuadores;3140CA029;10:48;13:30;162;Maintenance;REA;General;Change Over;set up de FORD029 a GM022;no;no
2025-10-07;REA;Actuadores;3140CS022;15:00;17:00;120;Quality;REA;General;Change Over;Liberacion GM022;no;no
2025-10-07;REA;Actuadores;3140CS022;17:03;17:05;2;Equipment Fault;MSA;MSA;Sensor de presencia;Se va pallet sin magnetshaft;no;no
2025-10-07;REA;Actuadores;3140CS022;17:09;17:11;2;Equipment Fault;CHW;St2;SCARA Pick/Place;Chip doble;no;no
2025-10-07;REA;Actuadores;3140CS022;17:13;17:15;2;Equipment Fault;Robots;R80;Gripper/tool adjustments;Gripper 1 nok;no;no
2025-10-07;REA;Actuadores;3140CS022;17:20;17:23;3;Maintenance;CAW;General;TBD;Extractor dañado;no;no
2025-10-07;REA;Actuadores;3140CS022;17:37;17:39;2;Maintenance;USW;St14;Lower Jig;Limpieza a jig;no;no
2025-10-07;REA;Actuadores;3140CS022;17:41;17:43;2;Equipment Fault;Main conveyor;Main conveyor;Lift;Lift z4 se queda abajo;no;no
2025-10-07;REA;Actuadores;3140CS022;17:43;17:45;2;Equipment Fault;Main conveyor;Main conveyor;RFID Reader;Pallet en estación no hace proceso;no;no
2025-10-07;REA;Actuadores;3140CS022;17:46;17:47;1;Equipment Fault;USW;St11;Weld NOK;Pieza mala soldadura;no;no
2025-10-07;REA;Actuadores;3140CS022;17:48;17:50;2;Equipment Fault;Robots;R75;Incorrect pick/place;Place incorrecto en EOL;no;no
2025-10-07;REA;Actuadores;3140CS022;17:52;17:54;2;Equipment Fault;Conveyors;C31;Presence sensor;Blister atorado;no;no
2025-10-07;REA;Actuadores;3140CS022;18:02;18:06;4;Equipment Fault;CHW;St2;SCARA Pick/Place;Doble chip;no;no
2025-10-07;REA;Actuadores;3140CS022;19:30;19:35;5;Equipment Fault;EOL;St5;Vision system;Scrap falso SV;no;no
2025-10-07;REA;Actuadores;3140CS022;19:57;20:00;3;Equipment Fault;Robots;R80;Incorrect pick/place;Robot pone mal pieza en ST1 en EOL;no;no
2025-10-07;REA;Actuadores;3140CS022;20:05;20:07;2;Equipment Fault;CHW;St2;SCARA Pick/Place;Doble chip;no;no
2025-10-07;REA;Actuadores;3140CS022;20:48;20:51;3;Equipment Fault;Robots;R75;Incorrect pick/place;Robot pone mal pieza en ST11 USW;no;no
2025-10-07;REA;Actuadores;3140CS022;20:57;21:00;3;Quality;Robots;R80;Incorrect pick/place;Robot pone mal pieza en ST1 en EOL;no;no
2025-10-07;REA;Actuadores;3140CS022;21:03;21:06;3;Equipment Fault;Robots;R80;Incorrect pick/place;Robot pone mal pieza en ST1 en EOL;no;no
2025-10-07;REA;Actuadores;3140CS022;21:08;21:10;2;Quality;Robots;R75;Incorrect pick/place;Robot pone mal pieza en ST11 usw;no;no
2025-10-07;REA;Actuadores;3140CS022;21:14;21:16;2;Maintenance;USW;St14;Lower Jig;Limpieza jig alto scrap;no;no
2025-10-07;REA;Actuadores;3140CS022;21:31;21:36;5;Equipment Fault;CAW;CPA;Vision system;Rechaza crank ok, se verifica las piezas de scrap y el SV da todas ok;no;no
2025-10-07;REA;Actuadores;3140CS022;21:50;21:52;2;Equipment Fault;Robots;R70;Vacuum system;Vacuum off;no;no
2025-10-07;REA;Actuadores;3140CS022;21:52;21:54;2;Equipment Fault;CHW;St2;SCARA Pick/Place;Doble chip;no;no
2025-10-07;REA;Actuadores;3140CS022;22:10;22:25;15;Equipment Fault;MAT;St6;Dispensation system;No inyectaba grasa, se activa manualmente y no inyecta, se aplica jog varias veces hasta que se destapa.;no;no
2025-10-07;REA;Actuadores;3140CS022;22:30;22:40;10;Maintenance;REA;General;Checklist;checklist;si;no
2025-10-07;REA;Actuadores;3140CS022;22:43;22:45;2;Equipment Fault;Robots;R70;Vacuum system;vacuum off;no;no
2025-10-07;REA;Actuadores;3140CS022;22:47;22:50;3;Equipment Fault;USW;St11;Branson;alarmada por una terminal doblada;no;no
2025-10-07;REA;Actuadores;3140CS022;11:12;11:26;14;Equipment Fault;USW;St11;Jig;Se ajusta jig de branson ya que chocaba con actuador;no;no
2025-10-07;REA;Actuadores;3140CS022;23:26;23:59;34;Equipment Fault;Robots;R75;Gripper/tool adjustments;Se ajusta gripper ya que doblaba la terminal  [Paro cruza medianoche - Parte 1];no;no
2025-10-07;REA;Actuadores;3140CS022;00:00;00:06;6;Equipment Fault;Robots;R75;Gripper/tool adjustments;Se ajusta gripper ya que doblaba la terminal  [Paro cruza medianoche - Parte 2];no;no
2025-10-07;REA;Actuadores;3140CS022;00:06;00:26;20;Equipment Fault;CHW;St4;Pressor;Se ajusta pressor por soldadura nok;no;no
2025-10-07;REA;Actuadores;3140CS022;00:26;00:58;32;Equipment Fault;CHW;St3;Transductor/Amp;Se ajusta transductor;no;no
2025-10-07;REA;Actuadores;3140CS022;01:03;01:18;15;Production;730;730;Bowl/Lineal feeder;material mezclado, se cambia material;no;no
2025-10-07;REA;Actuadores;3140CS022;02:33;05:19;166;Equipment Fault;Robots;R70;Incorrect pick/place;Piston de ojiva danado y al tomar la ojiva levantar el cover, causando da;no;no
2025-10-07;REA;Actuadores;3140CS022;05:24;05:34;10;Equipment Fault;CAW;Jig/Index;Index not in home;error en driver de mesa giratoria,se mueve y no inserta crank, al reiniciar driver estaba alarmado;no;no
2025-10-07;REA;Actuadores;3140CS022;05:45;05:52;7;Equipment Fault;Robots;R80;Gripper/tool adjustments;robot pone pieza en eol mal, causando que no cierre los jig;no;no
2025-10-07;REA;Actuadores;3140CS022;06:12;06:17;5;Equipment Fault;Robots;R80;Gripper/tool adjustments;robot pone mal la pieza causando que se atore en jig;no;no
2025-10-07;REA;Actuadores;3140CS022;06:43;06:53;10;Equipment Fault;730;730;Presence sensor;sensor detectapieza por poca diferencia de rango;no;no
2025-10-07;REA;Actuadores;3140CS022;06:53;06:56;3;Quality;730;General;NOK material;pin nok,es mas largo de la medida;no;no
2025-10-07;REA;Actuadores;3140CS022;07:08;07:22;14;Quality;REA;General;Change Over;muestras de lick test;no;no
2025-10-07;REA;Actuadores;3140CS022;07:22;07:35;13;Maintenance;REA;General;Checklist;checklist diario;si;no
2025-10-07;REA;Actuadores;3140CS022;07:43;07:45;2;Equipment Fault;Robots;R80;Gripper/tool adjustments;gripper 1 no abre;no;no
2025-10-07;REA;Actuadores;3140CS022;07:50;07:51;1;Equipment Fault;731;731;Feed piston;refresh, no competo ciclo.;no;no
2025-10-08;REA;Actuadores;3140CS022;08:02;08:10;8;Quality;REA;General;SOP;calidad pide nueva pieza de bostes;no;no
2025-10-07;COVER LINE;Line 2;FORD;14:16;14:18;2;Equipment Fault;OMT;General;TBD;error de axis;no;no
2025-10-08;REA;Actuadores;3140CS022;08:29;09:32;63;Equipment Fault;CAW;CPA;Feeder;crank no llegaba a position y se alrmaba;no;no
2025-10-07;COVER LINE;Line 2;FORD;14:40;14:44;4;Equipment Fault;Lip seal;ST74;Actuator;incongruencia error de presencia;no;no
2025-10-07;COVER LINE;Line 2;FORD;15:10;15:12;2;Equipment Fault;Output Conveyor;ST150;Actuator NOK;blíster atorado;no;no
2025-10-07;COVER LINE;Line 2;FORD;16:10;16:12;2;Quality;TBD;General;TBD;retiro de scrap de omt;no;no
2025-10-07;COVER LINE;Line 2;FORD;16:29;16:31;2;Equipment Fault;ST30 Molding;General;TBD;terminal mal insertada;no;no
2025-10-07;COVER LINE;Line 2;FORD;17:00;19:00;120;Equipment Fault;OMT;ST3;Actuator;falla de comunicación;no;no
2025-10-07;COVER LINE;Line 2;FORD;19:20;19:39;19;Equipment Fault;Terminal caps;ST94;Bowl/lineal feeder;fork atorado en bowl;no;no
2025-10-07;COVER LINE;Line 2;FORD;20:50;21:20;30;Equipment Fault;Output Conveyor;ST150;Lift;no bajaba la banda con blister lleno;no;no
2025-10-07;COVER LINE;Line 2;FORD;22:10;22:30;20;Equipment Fault;Robots;R20;Motion supervision/Joint collision;collision con st62 por colada pegada a cover;no;no
2025-10-07;COVER LINE;Line 2;FORD;23:50;23:59;10;Equipment Fault;ST30 Molding;General;TBD;terminal mal insertada [Paro cruza medianoche - Parte 1];no;no
2025-10-07;COVER LINE;Line 2;FORD;00:00;00:03;3;Equipment Fault;ST30 Molding;General;TBD;terminal mal insertada [Paro cruza medianoche - Parte 2];no;no
2025-10-08;REA;Actuadores;3140CS022;08:38;08:40;2;Equipment Fault;EOL;St5;Vision system;reinicio de St5;no;no
2025-10-08;REA;Actuadores;3140CS022;09:36;09:42;6;Equipment Fault;EOL;Jigs;Jig actuator;actuador en posición nok;no;no
2025-10-08;REA;Actuadores;3140CS022;09:42;09:43;1;Equipment Fault;Robots;R80;Gripper/tool adjustments;gripper 1 de R80 no abre;no;no
2025-10-08;REA;Actuadores;3140CS022;09:45;09:48;3;Quality;730;730;Bowl/Lineal feeder;pin atorado en linea de feeder (pin fuera de dimensión);no;no
2025-10-08;REA;Actuadores;3140CS022;11:18;11:20;2;Production;Conveyors;C36;Presence sensor;op. comenta que se atora blister y el empuja para que pase, al empujar el blister hace que se desacomoden los bodys y para línea para poder acomodar de nuevo.;no;no
2025-10-08;REA;Actuadores;3140CS022;11:28;11:29;1;Equipment Fault;Robots;R80;Gripper/tool adjustments;gripper 1 de R80 no abre;no;no
2025-10-08;REA;Actuadores;3140CS022;12:58;13:03;5;Maintenance;CCC;Consumables;Resin;cambio de resina;no;no
2025-10-08;REA;Actuadores;3140CS022;13:15;13:18;3;Equipment Fault;CHW;St2;SCARA Pick/Place;robot colisiona;no;no
2025-10-08;REA;Actuadores;3140CS022;14:08;14:24;16;Equipment Fault;CHW;St3;Thermodo;ajuste de thermodo;no;no
2025-10-08;REA;Actuadores;3140CS022;14:29;14:30;1;Equipment Fault;Robots;R70;Vacuum system;se queda imntentando colocar gear en body.;no;no
2025-10-08;REA;Actuadores;3140CS022;14:34;14:35;1;Equipment Fault;CHW;St2;SCARA Pick/Place;St2 doble chip en jig;no;no
2025-10-08;REA;Actuadores;3140CS022;14:55;14:57;2;Equipment Fault;CHW;St2;SCARA Pick/Place;chip doble en jig st2;no;no
2025-10-08;COVER LINE;Line 2;FORD;07:00;07:30;30;Equipment Fault;TBD;General;TBD;paro programado;no;no
2025-10-08;COVER LINE;Line 2;FORD;07:30;10:40;190;Equipment Fault;TBD;General;TBD;producción con piezas de RW;no;no
2025-10-08;COVER LINE;Line 2;FORD;10:41;15:00;259;Equipment Fault;Robots;R20;Module error;falla de módulo de seguridad axis 6;no;no
2025-10-08;REA;Actuadores;3140CS022;15:34;15:36;2;Equipment Fault;CHW;St2;SCARA Pick/Place;Doble chip;no;no
2025-10-08;REA;Actuadores;3140CS022;16:05;16:07;2;Equipment Fault;CHW;St2;SCARA Pick/Place;Doble chip;no;no
2025-10-08;REA;Actuadores;3140CS022;16:25;16:27;2;Equipment Fault;CHW;St2;SCARA Pick/Place;Doble chip;no;no
2025-10-08;REA;Actuadores;3140CS022;16:30;16:32;2;Equipment Fault;Main conveyor;Main conveyor;RFID Reader;RFID no detecta no inicia ciclo de prensa;no;no
2025-10-08;REA;Actuadores;3140CS022;16:51;16:55;4;Maintenance;CHW;Consumables;Chip reel;Cambio de rollo chip;no;no
2025-10-08;REA;Actuadores;3140CS022;18:38;18:40;2;Equipment Fault;Robots;R80;Gripper/tool adjustments;Gripper 1 NOK;no;no
2025-10-08;REA;Actuadores;3140CS022;18:50;18:52;2;Equipment Fault;Robots;R80;Gripper/tool adjustments;Gripper 1 NOK;no;no
2025-10-08;REA;Actuadores;3140CS022;19:08;19:10;2;Equipment Fault;Robots;R80;Gripper/tool adjustments;Gripper 1 NOK;no;no
2025-10-08;REA;Actuadores;3140CS022;19:26;19:28;2;Equipment Fault;Robots;R70;Gripper/tool adjustments;No pone gear;no;no
2025-10-08;REA;Actuadores;3140CS022;19:29;19:31;2;Equipment Fault;Robots;R80;Gripper/tool adjustments;Gripper 1 NOK;no;no
2025-10-08;REA;Actuadores;3140CS022;19:43;19:47;4;Equipment Fault;CAW;Jig/Index;Index not in home;Mesa fuera de posicion;no;no
2025-10-08;REA;Actuadores;3140CS022;19:51;19:54;3;Equipment Fault;730;730;Presence sensor;Sensor NOK;no;no
2025-10-08;REA;Actuadores;3140CS022;21:00;21:04;4;Equipment Fault;Main conveyor;Main conveyor;RFID Reader;Pallet no detectado no avanza proceso en prensa 731;no;no
2025-10-08;REA;Actuadores;3140CS023;21:29;22:30;61;Quality;REA;General;Change Over;Cambio a GM023;no;no
2025-10-08;REA;Actuadores;3140CS022;22:30;23:59;90;Quality;REA;General;Change Over;Esperando liberacion  [Paro cruza medianoche - Parte 1];si;no
2025-10-08;REA;Actuadores;3140CS022;00:00;02:33;153;Quality;REA;General;Change Over;Esperando liberacion  [Paro cruza medianoche - Parte 2];si;no
2025-10-09;REA;Actuadores;3140CS022;02:33;03:50;77;Equipment Fault;620;General;TBD;Se alinea posicion en cover, ya que colisionaba al bajar, de igual manera prensa 731;no;no
2025-10-09;REA;Actuadores;3140CS022;05:22;05:26;4;Equipment Fault;730;730;Bowl/Lineal feeder;Colision por dano en base de ba;no;no
2025-10-09;REA;Actuadores;3140CS022;05:32;06:01;29;Equipment Fault;730;730;Bowl/Lineal feeder;Se pone una laina provisional en base de balero lineal por paros constantes al colisionar con pin;no;no
2025-10-09;REA;Actuadores;3140CS022;06:14;06:18;4;Equipment Fault;730;730;Bowl/Lineal feeder;pin no cae correctamente;no;no
2025-10-09;REA;Actuadores;3140CS022;06:36;06:42;6;Equipment Fault;730;730;Bowl/Lineal feeder;Pin no llegaba ya que se atoraba con laina puesta;no;no
2025-10-08;COVER LINE;Line 2;FORD;16:34;16:37;3;Equipment Fault;OMT;ST3;Pogopins;;no;no
2025-10-08;COVER LINE;Line 2;FORD;16:53;16:55;2;Equipment Fault;ST30 Molding;General;TBD;terminal mal insertada;no;no
2025-10-08;COVER LINE;Line 2;FORD;17:20;17:35;15;Equipment Fault;OMT;ST3;Pogopins;;no;no
2025-10-08;COVER LINE;Line 2;FORD;19:15;19:40;25;Equipment Fault;Terminal caps;ST94;Bowl/lineal feeder;fork atorado en bowl;no;no
2025-10-08;COVER LINE;Line 2;FORD;20:05;20:15;10;Equipment Fault;Lip seal;ST74;Actuator;falla de vacío;no;no
2025-10-08;COVER LINE;Line 2;FORD;21:10;21:18;8;Equipment Fault;ST30 Molding;General;TBD;terminal mal insertada;no;no
2025-10-08;COVER LINE;Line 2;FORD;23:15;23:25;10;Equipment Fault;ST30 Molding;General;TBD;terminal con tiro corto;no;no
2025-10-09;REA;Actuadores;3140CS022;07:08;07:13;5;Equipment Fault;730;730;Bowl/Lineal feeder;se coloca laina temporal en base de pin (se usa para sostener en posición el pin);no;no
2025-10-09;REA;Actuadores;3140CS022;07:13;07:28;15;Maintenance;REA;General;Checklist;checklist diario;si;no
2025-10-09;REA;Actuadores;3140CS022;07:28;07:38;10;Production;REA;General;TBD;se realizan pruebas de seguridad en línea, solicitadas por el area de SEH.;no;no
2025-10-09;REA;Actuadores;3140CS022;07:40;07:42;2;Equipment Fault;730;730;Bowl/Lineal feeder;piston se queda abajo al colocar pin.;no;no
2025-10-09;REA;Actuadores;3140CS022;07:54;07:57;3;Maintenance;CHW;Consumables;Argon;cambio de argon;no;no
2025-10-09;REA;Actuadores;3140CS022;08:10;08:13;3;Equipment Fault;CHW;St4;Argon dispensatio;falla de flujo de argon.;no;no
2025-10-09;REA;Actuadores;3140CS022;08:21;08:23;2;Equipment Fault;CHW;St2;SCARA Pick/Place;robot colisiona;no;no
2025-10-09;REA;Actuadores;3140CS022;10:15;10:18;3;Equipment Fault;CHW;St4;Argon dispensatio;falla flujo de argon, se eleva solo.;no;no
2025-10-09;REA;Actuadores;3140CS022;10:20;10:22;2;Equipment Fault;EOL;St4;Gripper NOK;falla por tiempo de ciclo.;no;no
2025-10-09;REA;Actuadores;3140CS022;10:42;10:44;2;Equipment Fault;Robots;R75;Motion supervision/Joint collision;R75 falla al colocar cover, lo deja fuera de posición, se abre griper 4 y se acomoda manual.;no;no
2025-10-09;REA;Actuadores;3140CS022;10:47;10:49;2;Equipment Fault;Robots;R70;Vacuum system;cambio de ventosas;no;no
2025-10-09;REA;Actuadores;3140CS022;08:43;08:48;5;Equipment Fault;CHW;St4;Argon dispensatio;falla st4 flujo de argon;no;no
2025-10-07;REA;Actuadores;3140CA029;13:30;15:00;90;Quality;REA;General;Change Over;continua 2do turno Liberacion.;no;no
2025-10-09;REA;Actuadores;3140CA029;11:38;11:40;2;Equipment Fault;CHW;St2;Vacuum system;chip atorado en jig auxiliar;no;no
2025-10-09;REA;Actuadores;3140CA029;11:58;11:59;1;Equipment Fault;CHW;St2;Vacuum system;chip atorado en jig auxiliar;no;no
2025-10-09;REA;Actuadores;3140CA029;12:54;12:59;5;Equipment Fault;EOL;St3;Gripper NOK;falla gripper, nok aun despues de reconexion;no;no
2025-10-09;REA;Actuadores;3140CA029;12:30;12:35;5;Equipment Fault;CAW;General;Software/PC;No continua ciclo, r80 dejando pieza, mas lento proceso para restaurar;no;no
2025-10-02;REA;Actuadores;3140CA029;08:22;08:24;2;Equipment Fault;Main conveyor;Main conveyor;Lock NOK;se ajusta sensor de locking 5;no;no
2025-10-02;REA;Actuadores;3140CA029;09:10;09:12;2;Equipment Fault;USW;St14;Lower Jig;limpieza por rebaba;no;no
2025-10-09;REA;Actuadores;3140CS022;14:02;14:05;3;Production;Aux;710;NOK material;motor invertido;no;no
2025-10-09;REA;Actuadores;3140CS022;14:18;14:21;3;Quality;EOL;General;Scrapbox full;scrap lleno;no;no
2025-10-09;REA;Actuadores;3140CS022;14:35;15:00;25;Equipment Fault;REA;General;Change Over;cambio de base de pin St731;no;no
2025-10-09;REA;Actuadores;3140CS023;15:10;15:13;3;Maintenance;730;730;Bowl/Lineal feeder;Ajuste de fixture por atoramiento de pines;no;no
2025-10-09;REA;Actuadores;3140CS023;15:00;15:05;5;Maintenance;730;730;Bowl/Lineal feeder;Reemplazo de fixture en prensa 730;no;no
2025-10-09;REA;Actuadores;3140CS023;15:34;15:38;4;Equipment Fault;CAW;CPA;Feeder;Se atora crank en feeder;no;no
2025-10-09;REA;Actuadores;3140CS023;16:50;16:53;3;Maintenance;CHW;Consumables;Chip reel;cambio de chip;no;no
2025-10-09;REA;Actuadores;3140CS023;17:30;17:32;2;Maintenance;MAT;Consumables;Grease;cambio de grasa;no;no
2025-10-09;REA;Actuadores;3140CS023;17:48;17:54;6;Equipment Fault;CAW;CPA;Vision system;falla en sistema de vision crank / se reinicio aplicacion;no;no
2025-10-09;REA;Actuadores;3140CS023;17:00;17:03;3;Equipment Fault;CAW;CPA;Vision system;Alarma por crank incorrecto en SV, falsa alarma, se reestablece equipo;no;no
2025-10-09;REA;Actuadores;3140CS023;18:00;18:05;5;Equipment Fault;CAW;CPA;Vision system;Alarma por limite de intentos de crank, se revisa y es falsa alarma, se reestablece;no;no
2025-10-09;REA;Actuadores;3140CS023;18:13;18:15;2;Equipment Fault;Robots;R80;Gripper/tool adjustments;Gripper 1 nok;no;no
2025-10-09;REA;Actuadores;3140CS023;18:20;18:25;5;Production;Robots;R38;Module error;Falla en robot al chocar con un body chueco mal acomodado en el blister, se pierde secuencia del robot, se manda a PP to main y se reincian contadores de blister;no;no
2025-10-09;REA;Actuadores;3140CS023;19:15;19:18;3;Equipment Fault;730;730;Bowl/Lineal feeder;Alto scrap se revisa prensa;no;no
2025-10-09;REA;Actuadores;3140CS023;19:18;19:21;3;Equipment Fault;Robots;R70;Gripper/tool adjustments;No ensambla gear;no;no
2025-10-09;REA;Actuadores;3140CS023;19:22;19:24;2;Equipment Fault;CAW;CPA;Vision system;Falla SV, se alarma por exceso de crank NOK, pero el crank si esta presente, trigger SV desincronizado, se reinicia;no;no
2025-10-09;REA;Actuadores;3140CS023;20:06;20:11;5;Maintenance;730;730;Bowl/Lineal feeder;Se ajusta fixture 730 por alto scrap por no poner pin en la barra para que lo tome la prensa;no;no
2025-10-09;REA;Actuadores;3140CS023;20:20;20:23;3;Equipment Fault;CAW;CPA;Vision system;Falla SV, se alarma por exceso de crank NOK, pero el crank si esta presente, trigger SV desincronizado, se reinicia;no;no
2025-10-09;REA;Actuadores;3140CS023;20:36;20:40;4;Equipment Fault;CAW;General;Software/PC;Maquina se queda sin avanzar;no;no
2025-10-09;REA;Actuadores;3140CS023;21:06;21:09;3;Equipment Fault;CAW;CPA;Vision system;Falla SV, se alarma por exceso de crank NOK, pero el crank si esta presente, trigger SV desincronizado, se reinicia;no;no
2025-10-09;REA;Actuadores;3140CS023;21:17;21:20;3;Equipment Fault;CAW;CPA;Vision system;Falla SV, se alarma por exceso de crank NOK, pero el crank si esta presente, trigger SV desincronizado, se reinicia;no;no
2025-10-09;REA;Actuadores;3140CS023;21:34;21:40;6;Equipment Fault;CAW;CPA;Vision system;Falla SV, se alarma por exceso de crank NOK, pero el crank si esta presente, trigger SV desincronizado, se reinicia;no;no
2025-10-09;REA;Actuadores;3140CS023;21:50;22:05;15;Equipment Fault;CAW;CPA;Vision system;Falla SV, se alarma por exceso de crank NOK, pero el crank si esta presente, trigger SV desincronizado, se reinicia;no;no
2025-10-09;REA;Actuadores;3140CS023;22:10;22:30;20;Equipment Fault;CAW;CPA;Vision system;Fallo SV;no;no
2025-10-09;REA;Actuadores;3140CS023;22:30;22:38;8;Equipment Fault;CAW;CPA;Vision system;Se ajusta sistema de vision por falso scrap contante;no;no
2025-10-09;REA;Actuadores;3140CS023;22:38;22:45;7;Maintenance;REA;General;Checklist;Checklist;si;no
2025-10-09;REA;Actuadores;3140CS023;23:19;23:22;3;Maintenance;CHW;Consumables;Argon;cambio de argon;no;no
2025-10-09;COVER LINE;Line 2;FORD;17:19;17:49;30;Equipment Fault;OMT;General;TBD;falla de OMT;no;no
2025-10-09;COVER LINE;Line 2;FORD;18:18;18:30;12;Equipment Fault;Lip seal;ST74;Actuator;falla de vacío;no;no
2025-10-09;COVER LINE;Line 2;FORD;19:10;19:19;9;Equipment Fault;Terminal caps;ST94;Bowl/lineal feeder;fork atorado en bowl;no;no
2025-10-09;COVER LINE;Line 2;FORD;20:15;20:25;10;Equipment Fault;Main conveyor;General;TBD;falla de centering st70;no;no
2025-10-09;COVER LINE;Line 2;FORD;21:10;21:25;15;Equipment Fault;TBD;General;TBD;cortina alarmada st11;no;no
2025-10-09;COVER LINE;Line 2;FORD;23:15;23:29;14;Equipment Fault;ST30 Molding;General;TBD;terminal mal insertada;no;no
2025-10-10;COVER LINE;Line 2;FORD;08:30;08:33;3;Equipment Fault;Lip seal;ST74;Actuator;falla de vacío;no;no
2025-10-10;COVER LINE;Line 2;FORD;09:00;09:20;20;Maintenance;Lip seal;ST74;Actuator;limpieza de filtro;no;no
2025-10-10;COVER LINE;Line 2;FORD;09:40;09:41;1;Equipment Fault;Lip seal;ST74;Actuator;LIP SEAL INVERTIDO;no;no
2025-10-10;COVER LINE;Line 2;FORD;10:18;10:20;2;Equipment Fault;Retainer;ST76;Bowl/lineal feeder;reteiners atorados en bowl;no;no
2025-10-10;REA;Actuadores;3140CA029;10:08;10:09;1;Equipment Fault;Robots;R75;Gripper/tool adjustments;gripper 4 no coloca bien body, se acomodó manual.;no;no
2025-10-10;REA;Actuadores;3140CA029;10:15;10:19;4;Equipment Fault;EOL;St4;CRIO NOK;resete de crio;no;no
2025-10-10;REA;Actuadores;3140CA029;10:19;10:20;1;Equipment Fault;915;915;Missing ogive;se cae ogive;no;no
2025-10-10;COVER LINE;Line 2;FORD;11:18;11:19;1;Equipment Fault;ST30 Molding;General;TBD;terminal mal insertada;no;no
2025-10-10;REA;Actuadores;3140CA029;10:57;11:20;23;Equipment Fault;730;730;Presence sensor;no detecta pin, falla prensa continuo, restaurar secuencia/pallets;no;no
2025-10-10;REA;Actuadores;3140CA029;10:35;10:43;8;Equipment Fault;730;730;Presence sensor;no colocaba pin y dejaba pasar body;no;no
2025-10-10;REA;Actuadores;3140CA029;12:01;12:08;7;Equipment Fault;CAW;CPA;SCARA;mesa desalineada, se ajusta.;no;no
2025-10-10;COVER LINE;Line 2;FORD;11:38;11:42;4;Equipment Fault;Terminal caps;ST94;Bowl/lineal feeder;fork no llega a posición final;no;no
2025-10-10;COVER LINE;Line 2;FORD;11:58;12:00;2;Equipment Fault;OMT;ST2;Actuator;;no;no
2025-10-10;COVER LINE;Line 2;FORD;12:00;12:15;15;Equipment Fault;OMT;General;TBD;falla de comunicación;no;no
2025-10-10;COVER LINE;Line 2;FORD;12:25;12:28;3;Equipment Fault;OMT;ST3;Pogopins;;no;no
2025-10-10;COVER LINE;Line 2;FORD;12:40;12:41;1;Equipment Fault;Lip seal;ST74;Bowl/lineal feeder;lip seal invertido;no;no
2025-10-10;REA;Actuadores;3140CA029;14:24;14:26;2;Equipment Fault;CHW;St4;Pressor;Limpieza de puntas por falla en la soldadura (exceso de rebaba);no;no
2025-10-10;REA;Actuadores;3140CA029;14:29;14:33;4;Quality;CHW;General;Scrapbox full;scrap alto;no;no
2025-10-10;REA;Actuadores;3140CA029;07:00;07:15;15;Quality;REA;General;Change Over;Pasando masters, cuando ya se habian pasado masters, falla de comunicacion dept calidad;no;no
2025-10-10;REA;Actuadores;3140CA029;07:15;07:30;15;Maintenance;REA;General;Change Over;Sacando muestras actuadores completos/bodies pendientes;no;no
2025-10-10;COVER LINE;Line 2;FORD;13:48;13:50;2;Equipment Fault;Lip seal;ST74;Actuator;falla de vacío;no;no
2025-10-10;COVER LINE;Line 2;FORD;13:52;13:56;4;Equipment Fault;ST30 Molding;General;TBD;;no;no
2025-10-10;COVER LINE;Line 2;FORD;14:12;14:15;3;Equipment Fault;Lip seal;ST74;Actuator;falla de vacío;no;no
2025-10-10;REA;Actuadores;3140CA029;07:30;09:05;95;Quality;REA;General;Change Over;Liberacion larga;no;no
2025-10-10;REA;Actuadores;3140CA029;09:13;09:18;5;Equipment Fault;Robots;R75;Gripper/tool adjustments;tooling nok, falta de gripper;no;no
2025-10-10;REA;Actuadores;3140CA029;09:22;09:25;3;Equipment Fault;730;730;Alphamatic Module;se ajusta posicion final por fuerza minima no alcanzada de x.45 a x.60;no;no
2025-10-10;REA;Actuadores;3140CA029;14:38;14:47;9;Equipment Fault;CHW;St3;Thermodo;Revision, limpieza y ajuste de collapse;no;no
2025-10-10;REA;Actuadores;3140CA029;11:00;11:11;11;Equipment Fault;Main conveyor;Main conveyor;Inductive sensor;Altura sensor de presencia NOk;no;no
2025-10-10;REA;Actuadores;3140CA029;11:13;11:21;8;Equipment Fault;730;730;Alphamatic Module;prensa nok scraps continuos, posible falla de sensor detectando pin cuando no, o controlador nok;no;no
2025-10-10;REA;Actuadores;3140CA029;11:23;11:26;3;Equipment Fault;CHW;St4;IPG/Samlight;Se ajusta posicion samlight 3.3 nok por actuadores perforados anteriormente se ajusta a 3.5 de pin 1;no;no
2025-10-10;REA;Actuadores;3140CA029;12:24;12:40;16;Equipment Fault;USW;St11;Jig;Revision de alineacion por marcas y rechinido de sonotrodo;no;no
2025-10-10;REA;Actuadores;3140CA029;13:15;13:30;15;Equipment Fault;Robots;R75;Gripper/tool adjustments;Se quitan lainas, se ajusta posicion de cilindro, se agrega grip, tooling nok;no;no
2025-10-10;COVER LINE;Line 2;FORD;14:42;14:45;3;Equipment Fault;Terminal caps;ST94;Bowl/lineal feeder;fork atorado en bowl;no;no
2025-10-10;REA;Actuadores;3140CA029;18:30;18:37;7;Production;Robots;R38;NOK material;blister en posicion incorrecta, colision de robot se mando a main;no;no
2025-10-10;REA;Actuadores;3140CA029;18:58;19:01;3;Equipment Fault;EOL;St4;CRIO NOK;reinicio de crio;no;no
2025-10-10;REA;Actuadores;3140CS023;15:33;15:37;4;Equipment Fault;USW;SCARA;Gripper/Tool;Tornillos capados;no;no
2025-10-10;REA;Actuadores;3140CS023;16:35;16:45;10;Equipment Fault;EOL;General;NOK material;Se ajusta presion de aire para cilindro por daño encontrado en actuador terminado, se encuentran dos jigs que cierran muy rapido ocacionando que empuje la pieza cuando R80 la toma en la st1 para llevarla al blister.;no;no
2025-10-10;REA;Actuadores;3140CS023;17:33;17:37;4;Maintenance;CHW;Consumables;Chip reel;Cambio de chip;no;no
2025-10-10;REA;Actuadores;3140CA029;22:30;22:40;10;Equipment Fault;REA;General;Checklist;checklist;si;no
2025-10-10;REA;Actuadores;3140CA029;02:30;02:33;3;Equipment Fault;620;620;Alphamatic Module;scrap por maxima fuerza excedida;no;no
2025-10-11;REA;Actuadores;3140CA029;03:22;04:52;90;Equipment Fault;USW;General;TBD;se escucha un sonido fuerte en sonotrodo se revisan diferentes todas las posbiles falla pero llegamos a la pisiblidad que el robot ponia mal la pieza en jig y causaba el sonido, sin embargo tambien se hiceron otros ajustes que pudieron haber afectado;no;no
ajuste de tornilleria y limpieza de jig;No;No
- cambio de esponja del jig;No;No
lubricacion de guias de jig;No;No
-modificacion de posicion de robot al poner pieza;No;No
2025-10-11;REA;Actuadores;3140CA029;05:26;05:28;2;Equipment Fault;Main conveyor;Main conveyor;Lock NOK;pallet atorado;no;no
2025-10-11;REA;Actuadores;3140CA029;05:47;05:50;3;Equipment Fault;750;750;Alphamatic Module;Prensa queda atorada en lineal feeder y no permite que piston salga despues de tomar bearing;no;no
2025-10-11;REA;Actuadores;3140CA029;06:24;06:38;14;Equipment Fault;620;620;Alphamatic Module;se ajusta valores de posicion final por scrap consecutivo de fuerza excedida;no;no
2025-10-09;REA;Actuadores;3140CS023;04:15;05:50;95;Maintenance;REA;General;Change Over;Cambio SETUP, ajustes, llenado secuencia;si;no
2025-10-09;REA;Actuadores;3140CS023;05:50;06:20;30;Quality;REA;General;Change Over;Esperando calidad para pasar masters;no;no
2025-10-09;REA;Actuadores;3140CA029;06:20;07:00;40;Maintenance;REA;General;Change Over;Masters, SOP;no;no
2025-10-11;REA;Actuadores;3140CA029;07:00;07:16;16;Maintenance;REA;General;Checklist;checklist diario;si;no
2025-10-11;REA;Actuadores;3140CA029;07:16;07:36;20;Quality;REA;General;TBD;pruebas manuales de usw st14.;no;no
2025-10-11;REA;Actuadores;3140CA029;07:42;07:50;8;Equipment Fault;USW;St14;Ateq;revisión de pieza;no;no
2025-10-11;REA;Actuadores;3140CA029;08:45;09:00;15;Equipment Fault;EOL;General;Electrical system;revision de conexiones jig 1 por scraps continuos st4 en este jig;no;no
2025-10-11;REA;Actuadores;3140CA029;09:20;09:25;5;Equipment Fault;USW;St11;Weld NOK;revision de actuadores scrapeados, algunos falsos rechazos y otros se mandan a pruebas con calidad;no;no
2025-10-11;REA;Actuadores;3140CA029;08:10;08:12;2;Quality;USW;St14;Ateq;falla por fuga;no;no
2025-10-11;REA;Actuadores;3140CA029;08:37;08:40;3;Maintenance;MAT;Consumables;Grease;cambio de grasa;no;no
2025-10-11;REA;Actuadores;3140CA029;09:33;09:34;1;Equipment Fault;Robots;R75;Gripper/tool adjustments;gripper 4 no abre;no;no
2025-10-11;REA;Actuadores;3140CA029;12:47;12:51;4;Equipment Fault;CAW;CPA;SCARA;robot no continua ciclo, restaurar;no;no
2025-10-11;REA;Actuadores;3140CA029;09:52;09:54;2;Maintenance;CHW;Consumables;Argon;cambio de argon;no;no
2025-10-11;REA;Actuadores;3140CA029;09:58;10:02;4;Equipment Fault;EOL;St4;Gripper NOK;falla st4;no;no
2025-10-11;REA;Actuadores;3140CA029;10:34;10:42;8;Equipment Fault;USW;St11;Jig;cambio de esponja, se cambia esponja para descartar que sea causa de scrap;no;no
2025-10-11;REA;Actuadores;3140CA029;11:39;11:41;2;Equipment Fault;USW;St14;Lower Jig;scrap por rebaba;no;no
2025-10-11;REA;Actuadores;3140CA029;11:43;11:47;4;Equipment Fault;USW;St14;Ateq;se revisa pieza por scrap;no;no
2025-10-11;REA;Actuadores;3140CA029;12:00;12:05;5;Maintenance;CCC;Consumables;Resin;cambio de resina;no;no
2025-10-11;REA;Actuadores;3140CA029;00:37;00:41;4;Maintenance;CHW;Consumables;Chip reel;cambio de chip;no;no
2025-10-11;REA;Actuadores;3140CA029;01:47;01:49;2;Equipment Fault;Robots;R75;Motion supervision/Joint collision;no termina ciclo, deja cover a medio ensamblar;no;no
2025-10-11;REA;Actuadores;3140CA029;13:50;13:52;2;Production;Conveyors;C31;Guides ;riel lleno de blister (no retiran blister, tapan lectura de sensor y no deja subir elevador.;no;no
2025-10-11;REA;Actuadores;3140CA029;13:56;14:00;4;Equipment Fault;USW;St14;Ateq;pruebas manuales de st14 por scrap;no;no
2025-10-11;REA;Actuadores;3140CA029;16:36;16:38;2;Equipment Fault;Robots;R70;Vacuum system;cambio de ventosas;no;no
2025-10-12;REA;Actuadores;3140CA029;07:00;19:43;763;Quality;REA;General;SOP;entrega de muestras / liberacion;no;no
2025-10-11;REA;Actuadores;3140CA029;07:00;07:10;10;Maintenance;REA;General;Checklist;checklist diario;si;no
2025-10-11;REA;Actuadores;3140CA029;07:10;07:43;33;Quality;REA;General;SOP;liberación;no;no
2025-10-11;REA;Actuadores;3140CA029;07:44;07:46;2;Equipment Fault;Robots;R75;Gripper/tool adjustments;no abre gripper;no;no
2025-10-11;REA;Actuadores;3140CA029;07:57;07:59;2;Equipment Fault;USW;St14;Lower Jig;limpieza de St14;no;no
2025-10-11;REA;Actuadores;3140CA029;08:05;08:06;1;Equipment Fault;Robots;R70;Vacuum system;vacuum off;no;no
2025-10-11;REA;Actuadores;3140CA029;08:18;08:21;3;Equipment Fault;USW;St14;Ateq;se revisa st14 por scrap;no;no
2025-10-11;REA;Actuadores;3140CA029;08:28;08:29;1;Equipment Fault;Robots;R70;Motion supervision/Joint collision;R70 se queda insertando gear.;no;no
2025-10-11;REA;Actuadores;3140CA029;09:28;10:02;34;Equipment Fault;MAT;St4;CRIO App;reset de crio;no;no
2025-10-11;REA;Actuadores;3140CA029;10:18;10:25;7;Equipment Fault;CAW;General;TBD;CAW pierde señal de comunicación y R80 no avanza se queda esperando.;no;no
2025-10-11;REA;Actuadores;3140CA029;10:43;10:46;3;Equipment Fault;USW;SCARA;Gripper/Tool;se sueltan pinza de gripper (tornillos capados);no;no
2025-10-11;REA;Actuadores;3140CA029;11:03;11:10;7;Equipment Fault;CHW;St4;Pressor;ajuste de alineación;no;no
2025-10-11;REA;Actuadores;3140CA029;13:36;13:40;4;Equipment Fault;Main conveyor;Main conveyor;Lock NOK;pallet atorado en locking de 915;no;no
2025-10-12;REA;Actuadores;3140CA029;14:48;14:50;2;Maintenance;CHW;Consumables;Chip reel;cambio de chip;no;no
2025-10-12;REA;Actuadores;3140CA029;14:45;14:47;2;Equipment Fault;915;915;Dart sensor;ogiva caida;no;no
2025-10-10;COVER LINE;Line 1;FORD;17:20;17:40;20;Equipment Fault;Robots;R10;Gripper/tool adjustments;falla de sensor de gripper 5;no;no
2025-10-10;COVER LINE;Line 1;FORD;18:10;18:40;30;Equipment Fault;Robots;R10;Incorrect pick/place;falla de snesor del cilindro 3 en conveyo pick up;no;no
2025-10-10;COVER LINE;Line 1;FORD;19:10;19:18;8;Production;ST80;Output Conveyor;Belt;falta de blister;no;no
2025-10-10;COVER LINE;Line 1;FORD;20:05;20:15;10;Equipment Fault;Robots;R10;Incorrect pick/place;falla en inserción de bloque en molde;no;no
2025-10-13;REA;Actuadores;3140CA029;11:51;12:32;41;Equipment Fault;EOL;St1;DM reader;no detecta qp en st 1;no;no
2025-10-13;REA;Actuadores;3140CA029;07:00;08:20;80;Quality;REA;General;SOP;liberacion;no;no
2025-10-13;REA;Actuadores;3140CA029;08:20;09:36;76;Maintenance;CHW;St3;Electrodes;mantenimiento electrodos;no;no
2025-10-13;REA;Actuadores;3140CA029;10:33;10:35;2;Maintenance;CHW;St3;Transductor/Amp;ajustes de colapso;no;no
2025-10-13;COVER LINE;Line 2;FORD;10:10;10:15;5;Equipment Fault;Robots;R20;Incorrect pick/place;error en pick up st61;no;no
2025-10-13;COVER LINE;Line 2;FORD;10:30;10:35;5;Equipment Fault;OMT;ST3;Actuator;;no;no
2025-10-13;COVER LINE;Line 2;FORD;10:40;10:45;5;Equipment Fault;Lip seal;ST74;Actuator;falla de vacío;no;no
2025-10-13;REA;Actuadores;3140CA029;12:58;13:00;2;Equipment Fault;USW;St11;Weld NOK;Revision parametros, ajuste collapse de 0.9 a 0.88;no;no
2025-10-13;REA;Actuadores;3140CA029;13:09;13:11;2;Equipment Fault;USW;St11;Weld NOK;Revision parametros, ajuste collapse de 0.88 a 0.89;no;no
2025-10-13;COVER LINE;Line 2;FORD;10:50;10:54;4;Equipment Fault;Terminal caps;ST94;Bowl/lineal feeder;fork atorado en riel;no;no
2025-10-13;REA;Actuadores;3140CA029;13:20;13:22;2;Maintenance;CHW;St4;Pressor;Limpieza pines;no;no
2025-10-13;COVER LINE;Line 2;FORD;11:05;11:09;4;Equipment Fault;Lip seal;ST74;Actuator;falla de vacío;no;no
2025-10-13;REA;Actuadores;3140CA029;13:27;13:30;3;Equipment Fault;USW;St11;Weld NOK;Cambio de hule espuma;no;no
2025-10-13;REA;Actuadores;3140CA029;13:35;13:37;2;Quality;USW;St11;Weld NOK;Revision parametros, ajuste collapse de 0.89 a 0.90;no;no
2025-10-13;COVER LINE;Line 2;FORD;11:30;11:35;5;Equipment Fault;Robots;R20;Module error;falla de eje;no;no
2025-10-13;REA;Actuadores;3140CA029;14:30;14:31;1;Maintenance;CHW;Consumables;Argon;Cambio tanque gas;no;no
2025-10-13;REA;Actuadores;3140CA029;14:55;14:58;3;Equipment Fault;USW;St11;Weld NOK;Se prueba con cinta;no;no
2025-10-13;COVER LINE;Line 2;FORD;12:45;12:50;5;Equipment Fault;Lip seal;ST74;Actuator;falla de vacío;no;no
2025-10-13;COVER LINE;Line 2;FORD;13:16;13:19;3;Equipment Fault;Lip seal;ST74;Actuator;falla de vacío;no;no
2025-10-13;COVER LINE;Line 2;FORD;13:21;13:24;3;Equipment Fault;ST30 Molding;General;TBD;terminal mal insertada;no;no
2025-10-13;COVER LINE;Line 2;FORD;13:54;14:00;6;Equipment Fault;Lip seal;ST74;Actuator;falla de vacío;no;no
2025-10-13;COVER LINE;Line 2;FORD;14:45;14:50;5;Equipment Fault;OMT;ST7;Laser;;no;no
2025-10-13;COVER LINE;Line 2;FORD;15:03;15:08;5;Equipment Fault;Robots;R20;Motion supervision/Joint collision;collision con st61;no;no
2025-10-13;COVER LINE;Line 2;FORD;15:14;15:16;2;Equipment Fault;OMT;ST7;Laser barrier;;no;no
2025-10-13;COVER LINE;Line 2;FORD;15:41;15:45;4;Equipment Fault;Lip seal;ST74;Actuator;falla de vacío;no;no
2025-10-13;COVER LINE;Line 2;FORD;16:00;16:07;7;Equipment Fault;Lip seal;ST74;Actuator;falla de vacío;no;no
2025-10-13;REA;Actuadores;3140CA029;15:00;15:10;10;Maintenance;REA;General;Checklist;Checklist;si;no
2025-10-13;REA;Actuadores;3140CA029;15:10;15:20;10;Equipment Fault;CHW;St3;Thermodo;se ajusta mecanicamente por scrap constante;no;no
2025-10-13;REA;Actuadores;3140CA029;15:20;17:40;140;Equipment Fault;USW;St11;Weld NOK;se revisan y se hacen ajustes por soldadura nok;no;no
se ajusta nivelacion de jig;No;No
se revisan parametros;No;No
se cambia esponja;No;No
2025-10-13;REA;Actuadores;3140CA030;20:30;21:20;50;Maintenance;REA;General;Change Over;CHO.;no;no
Problemas en ST3 axis lineal EOL no responde.;No;No
Corrida de masters, SOP.;No;No
2025-10-13;REA;Actuadores;3140CA029;18:25;19:00;35;Quality;USW;General;NOK material;Scrap alto, body con mucho flash, poroso. Se cambia el batch, se nota un gran cambio en los resultados de USW, se estabiliza en OK consecutivas;no;no
2025-10-13;REA;Actuadores;3140CA030;21:20;22:30;70;Quality;REA;General;Change Over;Esperando liberacion;si;no
2025-10-13;REA;Actuadores;3140CA030;22:30;23:07;37;Quality;REA;General;SOP;liberacion por cambio de 029 a 030 FORD.;no;no
2025-10-13;REA;Actuadores;3140CA030;23:10;23:13;3;Equipment Fault;Conveyors;C85;Presence sensor;sensor no detectaba blister, se queda esperando señal.;no;no
2025-10-14;REA;Actuadores;3140CA030;00:01;00:04;3;Equipment Fault;CHW;St4;Argon dispensatio;se limpia puntas de preso;no;no
2025-10-14;REA;Actuadores;3140CA030;00:05;00:06;1;Equipment Fault;EOL;St2;Gripper NOK;falla de griper st2;no;no
2025-10-14;REA;Actuadores;3140CA030;00:07;00:09;2;Equipment Fault;CHW;St2;SCARA Pick/Place;chip doble;no;no
2025-10-14;REA;Actuadores;3140CA030;00:14;00:17;3;Equipment Fault;EOL;St4;Gripper NOK;falla de St4;no;no
2025-10-14;REA;Actuadores;3140CA030;00:46;01:50;64;Equipment Fault;USW;St11;Jig;se cambia esponja, se regresan parámetros, se entrega nueva pieza burs test.;no;no
2025-09-12;REA;Actuadores;3140CA029;21:10;21:45;35;Equipment Fault;USW;SCARA;Gripper/Tool;pinza de gripper dañado;no;no
2025-10-14;REA;Actuadores;3140CA030;03:14;03:19;5;Equipment Fault;USW;St14;Ateq;se repiten pruebas manuales por alto scrap;no;no
2025-10-14;REA;Actuadores;3140CA030;03:35;03:38;3;Equipment Fault;Robots;R75;Gripper/tool adjustments;no abre grippe 4;no;no
2025-10-14;REA;Actuadores;3140CA030;03:48;03:50;2;Equipment Fault;Main conveyor;Main conveyor;Lock NOK;pallet se atora en locking;no;no
2025-10-14;REA;Actuadores;3140CA030;06:25;06:27;2;Equipment Fault;USW;St14;Ateq;falla st14, se revisa y se repite manual.;no;no
2025-10-14;COVER LINE;Line 2;FORD;08:20;08:25;5;Equipment Fault;ST30 Molding;Injection system;Actuator;retardo en recarga;no;no
2025-10-14;COVER LINE;Line 2;FORD;08:37;08:38;1;Equipment Fault;ST30 Molding;General;TBD;terminal en tiro corto;no;no
2025-10-14;COVER LINE;Line 2;FORD;08:49;08:52;3;Equipment Fault;OMT;ST7;Laser barrier;falla;no;no
2025-10-14;COVER LINE;Line 2;FORD;08:54;08:55;1;Equipment Fault;ST30 Molding;General;TBD;terminal mal insertada;no;no
2025-10-14;COVER LINE;Line 2;FORD;10:15;10:17;2;Equipment Fault;OMT;ST4;Profilometer;;no;no
2025-10-14;COVER LINE;Line 2;FORD;10:25;10:28;3;Equipment Fault;OMT;General;TBD;reinicio de programa;no;no
2025-10-14;COVER LINE;Line 2;FORD;10:44;10:46;2;Equipment Fault;Robots;R20;Incorrect pick/place;falla al tomar terminal en st12;no;no
2025-10-14;COVER LINE;Line 2;FORD;10:47;10:52;5;Equipment Fault;OMT;General;TBD;;no;no
2025-10-14;COVER LINE;Line 2;FORD;10:53;10:55;2;Equipment Fault;Robots;R20;Incorrect pick/place;fall en dejar pieza en palet st63;no;no
2025-10-14;COVER LINE;Line 2;FORD;10:58;11:00;2;Equipment Fault;Lip seal;ST74;Actuator;falla de vacío;no;no
2025-10-14;COVER LINE;Line 2;FORD;11:01;11:05;4;Equipment Fault;OMT;ST7;Laser barrier;falla de axis;no;no
2025-10-14;COVER LINE;Line 2;FORD;11:09;11:11;2;Equipment Fault;OMT;ST4;Profilometer;;no;no
2025-10-14;COVER LINE;Line 2;FORD;11:12;11:14;2;Equipment Fault;Lip seal;ST74;Actuator;falla de vacío;no;no
2025-10-14;COVER LINE;Line 2;FORD;11:16;11:19;3;Equipment Fault;ST30 Molding;General;TBD;terminal doblada;no;no
2025-10-14;COVER LINE;Line 2;FORD;12:28;12:32;4;Equipment Fault;Retainer;ST76;Bowl/lineal feeder;retenedor atorado en bowl;no;no
2025-10-14;COVER LINE;Line 2;FORD;12:15;12:17;2;Equipment Fault;Lip seal;General;TBD;lip seal invertido;no;no
2025-10-14;COVER LINE;Line 2;FORD;12:43;12:45;2;Equipment Fault;Terminal caps;ST95;Turntable;;no;no
2025-10-14;COVER LINE;Line 2;FORD;13:10;13:12;2;Quality;TBD;General;TBD;retiro de scrap OMT;no;no
2025-10-14;COVER LINE;Line 2;FORD;13:43;13:45;2;Equipment Fault;ST30 Molding;General;TBD;terminal doblada;no;no
2025-10-14;COVER LINE;Line 2;FORD;13:48;13:50;2;Equipment Fault;Lip seal;ST74;Actuator;falla de vacío;no;no
2025-10-14;REA;Actuadores;3140CA027;08:00;15:00;420;Quality;REA;General;Change Over;Cambio a 027, master y liberacion, se vuelve a crear una master en mal estado de calibracion NOK.;no;no
2025-10-14;REA;Actuadores;3140CA030;07:05;07:09;4;Maintenance;CHW;Consumables;Chip reel;Cambio chip;no;no
2025-10-14;COVER LINE;Line 2;FORD;15:34;15:44;10;Equipment Fault;OMT;General;Software/PC;falla de tblilla principal;no;no
2025-10-14;COVER LINE;Line 2;FORD;16:25;16:27;2;Equipment Fault;ST30 Molding;General;TBD;terminal mal insertada;no;no
2025-10-14;COVER LINE;Line 2;FORD;16:39;16:47;8;Maintenance;OMT;ST4;Profilometer;ajuste;no;no
2025-10-14;REA;Actuadores;3140CA030;20:22;20:33;11;Equipment Fault;CHW;St2;SCARA Pick/Place;Ajuste robtarget;no;no
2025-10-14;REA;Actuadores;3140CA030;15:11;15:19;8;Equipment Fault;CHW;St4;Pressor;Scrap constante por saldadura, se revisa pressor y se hace limpieza;no;no
2025-10-14;REA;Actuadores;3140CA030;21:25;21:35;10;Equipment Fault;CHW;St3;Thermodo;Se hace limpieza de termodo por acumulacion de plastico y se inspecciona la causa;no;no
2025-10-14;REA;Actuadores;3140CA030;21:41;21:52;11;Equipment Fault;USW;St11;Weld NOK;Pico de scrap en usw, se revisa limpieza de gomas;no;no
2025-10-14;REA;Actuadores;3140CA030;15:58;16:39;41;Equipment Fault;CHW;St3;Thermodo;Ajuste en st 3 por scrap constante de terminales;no;no
2025-10-14;REA;Actuadores;3140CA030;16:41;16:55;14;Equipment Fault;CHW;St4;Pressor;ajuste de pressor y sistema de vision;no;no
2025-10-14;REA;Actuadores;3140CA030;16:59;17:11;12;Equipment Fault;EOL;General;Safety system;cortina de seguridad se alarma y causa error en la mesa giratorio, se revisa cortina de seguridad se encuentre en un buen estado;no;no
2025-10-14;REA;Actuadores;3140CA030;17:31;17:40;9;Equipment Fault;USW;St11;Weld NOK;revision de scrap;no;no
2025-10-14;REA;Actuadores;3140CA030;18:20;18:41;21;Equipment Fault;USW;St11;Weld NOK;Pico de scrap en usw, se re manda a revisar piezas, se ajusta en jig se agega cinta y se baja collapso;no;no
2025-10-14;REA;Actuadores;3140CA030;18:44;18:53;9;Equipment Fault;CAW;Jig/Index;Ingun actuator;time out por sensor de ingun no detectaba;no;no
2025-10-14;REA;Actuadores;3140CA030;19:11;19:41;30;Equipment Fault;CHW;St2;SCARA Pick/Place;se revisa st 2 por falla constante por pick and place;no;no
2025-10-14;REA;Actuadores;3140CA030;21:28;21:46;18;Equipment Fault;CHW;St2;SCARA Pick/Place;se ajusta posicion de robot al poner en chip por falla constante;no;no
2025-10-14;REA;Actuadores;3140CA027;22:36;22:37;1;Equipment Fault;Robots;R80;Gripper/tool adjustments;no abre gripper 3;no;no
2025-10-14;REA;Actuadores;3140CA027;22:40;22:46;6;Equipment Fault;Robots;R80;Motion supervision/Joint collision;ajuste de sensor;no;no
2025-10-14;REA;Actuadores;3140CA027;22:54;22:55;1;Equipment Fault;CHW;St2;SCARA Pick/Place;chip se recorre y se salta una posición.;no;no
2025-10-14;REA;Actuadores;3140CA027;22:55;22:58;3;Quality;USW;General;Scrapbox full;se pide a calidad que retiren scrap;no;no
2025-10-14;REA;Actuadores;3140CA027;23:01;23:04;3;Equipment Fault;CAW;General;Scheduled maintenance;falla y no avanza, se restablece.;no;no
2025-10-14;REA;Actuadores;3140CA027;23:06;23:07;1;Equipment Fault;Robots;R80;Gripper/tool adjustments;se queda esperando señal;no;no
2025-10-14;REA;Actuadores;3140CA027;23:09;23:15;6;Equipment Fault;USW;St14;Ateq;alto scrap se prueban manual las pzs. que tiro leak test;no;no
2025-10-14;REA;Actuadores;3140CA027;23:19;23:20;1;Equipment Fault;Robots;R75;Motion supervision/Joint collision;no coloca cover;no;no
2025-10-14;REA;Actuadores;3140CA027;23:23;23:24;1;Equipment Fault;Robots;R80;Gripper/tool adjustments;no abre gripper 3 y se queda esperndo señal de St710;no;no
2025-10-14;REA;Actuadores;3140CA027;23:25;23:32;7;Equipment Fault;USW;St14;Ateq;se revisa pzs. de scrap manual y se cambia esponja de St11;no;no
2025-10-14;REA;Actuadores;3140CA027;23:36;23:40;4;Equipment Fault;Robots;R75;Motion supervision/Joint collision;falla al quitar pieza, se queda agarrando body, se cambia ventosas a R70;no;no
2025-10-14;REA;Actuadores;3140CA027;23:42;23:43;1;Equipment Fault;Robots;R80;Gripper/tool adjustments;R80 se queda esperando señal de St710;no;no
2025-10-14;REA;Actuadores;3140CA027;23:44;23:48;4;Equipment Fault;USW;St11;Jig;ajuste, se coloca cinta para ayuda de soldadura;no;no
2025-10-15;REA;Actuadores;3140CA027;23:50;23:59;10;Equipment Fault;USW;St11;Jig;alto scrap, se revisan con calidad por fugas. [Paro cruza medianoche - Parte 1];no;no
2025-10-15;REA;Actuadores;3140CA027;00:00;00:35;35;Equipment Fault;USW;St11;Jig;alto scrap, se revisan con calidad por fugas. [Paro cruza medianoche - Parte 2];no;no
2025-10-15;REA;Actuadores;3140CA027;00:45;00:56;11;Quality;USW;St14;Ateq;se revisan piezas por alto scrap.;no;no
2025-10-15;REA;Actuadores;3140CA027;01:33;01:36;3;Equipment Fault;USW;St14;Upper Jig;cambio de goma;no;no
2025-10-15;REA;Actuadores;3140CA027;01:40;01:52;12;Equipment Fault;Robots;R75;Motion supervision/Joint collision;no avanza se queda esperando señal;no;no
2025-10-15;REA;Actuadores;3140CA027;02:07;02:10;3;Equipment Fault;USW;St14;Ateq;revision de scrap;no;no
2025-10-15;REA;Actuadores;3140CA027;02:10;02:12;2;Equipment Fault;915;915;Missing ogive;se le cae Ogiva;no;no
2025-10-15;REA;Actuadores;3140CA027;02:54;03:40;46;Equipment Fault;USW;St14;Ateq;se revisa scrap manual, se ajusta st11 colocando cinta y nueva esponja.;no;no
2025-10-15;REA;Actuadores;3140CA027;04:28;04:31;3;Equipment Fault;CHW;St2;SCARA Pick/Place;chip adelantado;no;no
2025-10-15;REA;Actuadores;3140CA027;04:33;04:40;7;Equipment Fault;CHW;St2;Vision system;falla sistema de visión;no;no
2025-10-15;REA;Actuadores;3140CA027;04:40;04:44;4;Quality;CHW;General;Scrapbox full;scrap full;no;no
2025-10-15;REA;Actuadores;3140CA027;04:50;04:55;5;Equipment Fault;CHW;St4;Pressor;ajuste de puntas;no;no
2025-10-15;REA;Actuadores;3140CA027;05:00;05:05;5;Equipment Fault;CAW;CPA;Feeder;crank invertido;no;no
2025-10-15;REA;Actuadores;3140CA027;05:07;05:12;5;Equipment Fault;CAW;Jig/Index;Blade orienter actuator;mesa desalineada;no;no
2025-10-15;REA;Actuadores;3140CA027;05:17;05:19;2;Equipment Fault;CHW;St2;SCARA Pick/Place;chip adelantado;no;no
2025-10-15;REA;Actuadores;3140CA027;05:20;05:25;5;Equipment Fault;CAW;General;Safety system;línea apagada,;no;no
2025-10-15;REA;Actuadores;3140CA027;05:27;05:31;4;Equipment Fault;731;731;Feed piston;presión de piston falla al colocar pin;no;no
2025-10-15;REA;Actuadores;3140CA027;05:33;05:34;1;Equipment Fault;Main conveyor;Main conveyor;Lock NOK;pallet atorado en locking;no;no
2025-10-15;REA;Actuadores;3140CA027;05:37;05:38;1;Equipment Fault;CHW;St2;SCARA Pick/Place;chip adelantado;no;no
2025-10-15;REA;Actuadores;3140CA027;05:58;06:02;4;Equipment Fault;731;731;Tool ;revisión de la prensa por falla.;no;no
2025-10-15;REA;Actuadores;3140CA027;06:09;06:11;2;Production;Conveyors;C31;Belt;piston aplasta blister con covers.;no;no
2025-10-15;REA;Actuadores;3140CA027;06:17;06:18;1;Equipment Fault;CHW;St2;SCARA Pick/Place;chip se adelanta;no;no
2025-10-15;REA;Actuadores;3140CA027;06:31;06:36;5;Quality;USW;General;Scrapbox full;scrap full;no;no
2025-10-15;REA;Actuadores;3140CA027;07:00;08:13;73;Quality;REA;General;Scheduled production stop;Se hace retrabajo leak test 027;no;no
2025-10-15;REA;Actuadores;3140CA027;07:00;08:20;80;Maintenance;CHW;St4;Argon dispensatio;cambio de regulador de gas;no;no
2025-10-15;REA;Actuadores;3140CA027;08:43;08:45;2;Equipment Fault;USW;St11;Weld NOK;cambio de cinta en jig;no;no
2025-10-15;REA;Actuadores;3140CA027;09:11;09:13;2;Equipment Fault;USW;St11;Branson;ajuste de collapso de 0.85 a 0.86;no;no
2025-10-15;REA;Actuadores;3140CA027;09:25;09:30;5;Equipment Fault;CAW;CPA;Vision system;crank limit fail nok;no;no
2025-10-15;REA;Actuadores;3140CA027;09:35;09:40;5;Equipment Fault;Robots;R40;Motion supervision/Joint collision;colision con pallet que ya traia body y le intento poner otro;no;no
2025-10-15;REA;Actuadores;3140CA027;09:43;09:45;2;Equipment Fault;Main conveyor;Main conveyor;RFID Reader;pallet nb¿o avanza por rfid;no;no
2025-10-15;REA;Actuadores;3140CA027;10:00;10:05;5;Equipment Fault;CAW;CPA;Vision system;crank limit fail nok;no;no
2025-10-15;REA;Actuadores;3140CA027;10:06;10:07;1;Equipment Fault;CHW;St2;SCARA Pick/Place;pick nok se alarmo driver;no;no
2025-10-15;REA;Actuadores;3140CA027;10:10;10:12;2;Maintenance;CAW;Consumables;Nitrogen;cambio de gas nitrogeno;no;no
2025-10-15;COVER LINE;Line 2;FORD;08:00;08:12;12;Equipment Fault;OMT;ST4;Profilometer;;no;no
2025-10-15;COVER LINE;Line 2;FORD;09:00;09:20;20;Maintenance;TBD;General;TBD;arranque de produccion;no;no
2025-10-15;COVER LINE;Line 2;FORD;09:22;09:26;4;Equipment Fault;Terminal caps;ST94;Bowl/lineal feeder;fork atorado en riel;no;no
2025-10-15;COVER LINE;Line 2;FORD;09:24;09:26;2;Equipment Fault;Lip seal;ST74;Actuator;falla de vacío;no;no
2025-10-15;COVER LINE;Line 2;FORD;09:48;09:51;3;Equipment Fault;Terminal caps;ST94;Bowl/lineal feeder;fork atorado en bowl;no;no
2025-10-15;COVER LINE;Line 2;FORD;10:13;10:15;2;Equipment Fault;Robots;R20;Module error;alarma de axis;no;no
2025-10-15;COVER LINE;Line 2;FORD;11:45;12:30;45;Production;TBD;General;TBD;paro programado;no;no
2025-10-15;REA;Actuadores;3140CA027;13:03;13:04;1;Maintenance;CHW;Consumables;Argon;cambio de gas argon;no;no
2025-10-15;REA;Actuadores;3140CA027;13:06;13:07;1;Equipment Fault;915;915;Dart sensor;ogiva caida;no;no
2025-10-15;COVER LINE;Line 2;FORD;13:17;13:20;3;Equipment Fault;Terminal caps;ST94;Bowl/lineal feeder;fork atorado en bowl;no;no
2025-10-15;COVER LINE;Line 2;FORD;13:21;13:30;9;Equipment Fault;Lip seal;ST74;Actuator;falla de vacío;no;no
2025-10-15;REA;Actuadores;3140CA027;15:10;15:18;8;Equipment Fault;REA;General;Checklist;Checklist;si;no
2025-10-15;REA;Actuadores;3140CA027;15:45;15:50;5;Equipment Fault;CCC;Consumables;Resin;se rellana resina;no;no
2025-10-15;REA;Actuadores;3140CA027;16:00;16:03;3;Equipment Fault;CHW;St2;Vision system;se hace limpieza a jig 4 por scarp consetivo en st 2;no;no
2025-10-15;REA;Actuadores;3140CA027;19:35;19:57;22;Equipment Fault;CHW;St2;Vision system;Se ajusta sistema de vision por tornilleria floja;no;no
2025-10-15;REA;Actuadores;3140CA027;23:25;23:30;5;Equipment Fault;CAW;LSW;Vision system;Scraps continuos, sv falla al detectar correctamente diametro interior;no;no
2025-10-15;REA;Actuadores;3140CA027;22:40;22:55;15;Maintenance;REA;General;Checklist;checklist diario (USW,CAW,EOL,CHW);si;no
2025-10-15;REA;Actuadores;3140CA027;23:46;23:59;14;Equipment Fault;USW;St14;Ateq;Se hacen pruebas manuales y se revisan pzs. que fugaron (prueba de burbuja)  [Paro cruza medianoche - Parte 1];no;no
2025-10-15;REA;Actuadores;3140CA027;00:00;00:17;17;Equipment Fault;USW;St14;Ateq;Se hacen pruebas manuales y se revisan pzs. que fugaron (prueba de burbuja)  [Paro cruza medianoche - Parte 2];no;no
2025-10-16;REA;Actuadores;3140CA027;01:00;01:06;6;Equipment Fault;CAW;CPA;Vision system;ANOMALY crc MAXUM.;no;no
2025-10-16;REA;Actuadores;3140CA027;02:20;02:47;27;Equipment Fault;EOL;Jigs;Jig actuator;se repara cable de ingun dañado;no;no
2025-10-16;REA;Actuadores;3140CA027;03:04;03:14;10;Equipment Fault;USW;St14;Ateq;se revisa pieza por fuga en leak test;no;no
2025-10-16;REA;Actuadores;3140CA027;03:14;03:18;4;Equipment Fault;EOL;Jigs;Ingun actuator;se repara conector;no;no
2025-10-16;REA;Actuadores;3140CA027;03:27;03:30;3;Maintenance;CHW;Consumables;Argon;cambio de argon;no;no
2025-10-16;REA;Actuadores;3140CA027;04:58;05:00;2;Equipment Fault;Robots;R70;Vacuum system;se cae gear;no;no
2025-10-16;REA;Actuadores;3140CA027;02:00;02:05;5;Maintenance;MAT;Consumables;Grease;cambio de grasa;no;no
2025-10-16;REA;Actuadores;3140CA027;05:22;05:24;2;Equipment Fault;915;915;Missing ogive;ogive se cae;no;no
2025-10-16;REA;Actuadores;3140CA027;06:08;06:13;5;Equipment Fault;CAW;CPA;SCARA;No continua ciclo, se despues de colocar crank (2 veces);no;no
2025-10-16;REA;Actuadores;3140CA027;05:40;05:55;15;Equipment Fault;REA;General;Checklist;checklist 500 pzs.;si;no
2025-10-16;REA;Actuadores;3140CA027;05:55;06:03;8;Equipment Fault;CAW;Jig/Index;Presence sensor;fallo en sensor de presensia;no;no
2025-10-16;REA;Actuadores;3140CA027;06:33;06:35;2;Equipment Fault;Main conveyor;Main conveyor;Lock NOK;pallet se atora en locking;no;no
2025-10-16;REA;Actuadores;3140CA027;06:36;06:38;2;Equipment Fault;Main conveyor;Main conveyor;Lock NOK;pallet se atora con locking de st915;no;no
2025-10-16;REA;Actuadores;3140CA027;03:40;03:43;3;Equipment Fault;Main conveyor;Main conveyor;Lock NOK;pallet atorado en locking;no;no
2025-10-15;COVER LINE;Line 2;FORD;12:59;13:00;1;Equipment Fault;Lip seal;ST74;Actuator;falla de vacío;no;no
2025-10-15;COVER LINE;Line 2;FORD;13:17;13:20;3;Equipment Fault;Terminal caps;ST94;Bowl/lineal feeder;fork atorado en bowl;no;no
2025-10-15;COVER LINE;Line 2;FORD;13:21;13:31;10;Equipment Fault;Lip seal;ST74;Actuator;falla de vacio;no;no
2025-10-15;COVER LINE;Line 2;FORD;14:40;14:45;5;Equipment Fault;Terminal caps;ST95;Turntable;;no;no
2025-10-15;COVER LINE;Line 2;FORD;15:05;15:08;3;Equipment Fault;Terminal caps;ST94;Bowl/lineal feeder;fork atorado en riel;no;no
2025-10-15;COVER LINE;Line 2;FORD;15:20;15:24;4;Equipment Fault;Lip seal;ST74;Actuator;vacumm;no;no
2025-10-15;COVER LINE;Line 2;FORD;16:15;16:19;4;Equipment Fault;Terminal caps;ST94;Bowl/lineal feeder;fork atorado en riel;no;no
2025-10-15;COVER LINE;Line 2;FORD;16:20;16:21;1;Equipment Fault;Robots;R20;Motion supervision/Joint collision;collisionn en st61;no;no
2025-10-15;COVER LINE;Line 2;FORD;16:22;16:23;1;Equipment Fault;Robots;R20;Incorrect pick/place;st12;no;no
2025-10-15;COVER LINE;Line 2;FORD;16:24;16:26;2;Equipment Fault;ST30 Molding;General;TBD;;no;no
2025-10-15;COVER LINE;Line 2;FORD;16:34;16:38;4;Equipment Fault;Lip seal;ST74;Actuator;vacumm;no;no
2025-10-16;COVER LINE;Line 2;FORD;07:00;07:30;30;Maintenance;ST30 Molding;General;TBD;arranque;no;no
2025-10-16;COVER LINE;Line 2;FORD;07:35;07:36;1;Equipment Fault;Lip seal;ST74;Actuator;lip seal invertido;no;no
2025-10-16;COVER LINE;Line 2;FORD;07:37;07:38;1;Equipment Fault;Output Conveyor;ST150;Belt;blister atorado en conveyo;no;no
2025-10-16;COVER LINE;Line 2;FORD;07:40;07:43;3;Equipment Fault;OMT;ST7;Laser barrier;;no;no
2025-10-16;COVER LINE;Line 2;FORD;07:45;07:46;1;Equipment Fault;Lip seal;ST74;Actuator;vacumm;no;no
2025-10-16;COVER LINE;Line 2;FORD;07:58;08:00;2;Equipment Fault;Lip seal;ST74;Actuator;vacumm;no;no
2025-10-16;COVER LINE;Line 2;FORD;08:07;08:13;6;Maintenance;Lip seal;ST74;Actuator;limpieza de filtro;no;no
2025-10-16;COVER LINE;Line 2;FORD;08:21;08:24;3;Equipment Fault;Terminal caps;ST94;Bowl/lineal feeder;fork atorado en bowl;no;no
2025-10-16;REA;Actuadores;3140CA027;09:50;09:52;2;Maintenance;CHW;Consumables;Chip reel;cambio de chip;no;no
2025-10-16;COVER LINE;Line 2;FORD;10:40;10:42;2;Equipment Fault;Lip seal;ST74;Actuator;vacumm;no;no
2025-10-16;COVER LINE;Line 2;FORD;11:00;12:30;90;Production;TBD;General;TBD;paro programado;no;no
2025-10-16;COVER LINE;Line 2;FORD;13:47;13:49;2;Equipment Fault;Lip seal;ST74;Actuator;vacumm;no;no
2025-10-16;COVER LINE;Line 2;FORD;13:50;13:57;7;Maintenance;Lip seal;ST74;Actuator;limpieza de filtro;no;no
2025-10-16;COVER LINE;Line 2;FORD;14:39;14:45;6;Equipment Fault;Lip seal;ST74;Actuator;vacumm;no;no
2025-10-16;REA;Actuadores;3140CA028;23:13;23:25;12;Maintenance;REA;General;Checklist;checklist diario (CAW,EOL);si;no
2025-10-16;REA;Actuadores;3140CA028;22:15;22:17;2;Equipment Fault;Main conveyor;Main conveyor;Lock NOK;pallet atorado en locking de St915;no;no
2025-10-16;REA;Actuadores;3140CA028;23:48;23:59;12;Equipment Fault;EOL;St2;CRIO NOK;reset de crio y ajuste de St2 [Paro cruza medianoche - Parte 1];no;no
2025-10-16;REA;Actuadores;3140CA028;00:00;00:30;30;Equipment Fault;EOL;St2;CRIO NOK;reset de crio y ajuste de St2 [Paro cruza medianoche - Parte 2];no;no
2025-10-17;REA;Actuadores;3140CA028;00:30;00:47;17;Quality;REA;General;Scheduled maintenance;se piden pruebas a calidad;no;no
2025-10-17;REA;Actuadores;3140CA028;00:47;02:00;73;Equipment Fault;CAW;Jig/Index;Ingun actuator;ajuste de ángulo;no;no
2025-10-17;REA;Actuadores;3140CA028;02:00;02:35;35;Quality;REA;General;SOP;liberación por ajuste;no;no
2025-10-17;REA;Actuadores;3140CA028;03:08;03:16;8;Equipment Fault;EOL;General;Pneumatic System;fallo general en todas las ST.;no;no
2025-10-17;REA;Actuadores;3140CA028;04:07;04:14;7;Quality;EOL;General;Scrapbox full;Scrap full;no;no
2025-10-17;REA;Actuadores;3140CA028;04:19;04:25;6;Equipment Fault;EOL;St2;Gripper NOK;calibración de gripper St2;no;no
2025-10-17;REA;Actuadores;3140CA028;04:25;04:30;5;Equipment Fault;EOL;St4;CRIO NOK;se restablece crio por falla de la St4;no;no
2025-10-17;REA;Actuadores;3140CA028;04:37;04:40;3;Equipment Fault;USW;St14;Ateq;se revisa y limpia st14;no;no
2025-10-17;REA;Actuadores;3140CA028;04:48;05:50;62;Equipment Fault;USW;St14;Ateq;fuga muy alta se revisa posible rebaba.;no;no
2025-10-17;REA;Actuadores;3140CA028;06:02;06:05;3;Equipment Fault;CHW;St4;Argon dispensatio;se sube la presión de argon.;no;no
2025-10-17;REA;Actuadores;3140CA028;06:08;06:24;16;Equipment Fault;EOL;General;Electrical system;falla en st6, se alarma;no;no
2025-10-16;COVER LINE;Line 2;FORD;15:19;15:21;2;Equipment Fault;Lip seal;ST74;Actuator;VACUMM;no;no
2025-10-16;COVER LINE;Line 2;FORD;16:30;16:32;2;Equipment Fault;Lip seal;ST74;Actuator;VACUMM;no;no
2025-10-16;COVER LINE;Line 2;FORD;16:46;16:51;5;Equipment Fault;Robots;R72;Motion supervision/Joint collision;COLISSION CON PALET;no;no
2025-10-16;REA;Actuadores;3140CA027;07:15;07:17;2;Equipment Fault;Robots;R75;Gripper/tool adjustments;Gripper coloca mal la pieza en st 940;no;no
2025-10-16;REA;Actuadores;3140CA027;07:33;07:35;2;Equipment Fault;Robots;R75;Gripper/tool adjustments;Gripper coloca mal la pieza en st 940;no;no
2025-10-16;REA;Actuadores;3140CA027;07:48;07:50;2;Equipment Fault;Robots;R75;Gripper/tool adjustments;Gripper coloca mal la pieza en st 940;no;no
2025-10-16;REA;Actuadores;3140CA027;08:00;08:02;2;Equipment Fault;Robots;R70;Gripper/tool adjustments;Gripper coloca mal la pieza en st 940;no;no
2025-10-16;REA;Actuadores;3140CA027;08:17;08:19;2;Equipment Fault;Main conveyor;Main conveyor;RFID Reader;Pallet se atora en locking bajo camara conveyor;no;no
2025-10-16;REA;Actuadores;3140CA027;09:23;09:25;2;Equipment Fault;Main conveyor;Main conveyor;RFID Reader;Pallet se atora en locking bajo camara conveyor;no;no
2025-10-16;REA;Actuadores;3140CA027;09:40;09:44;4;Maintenance;CHW;Consumables;Chip reel;Cambio de rollo chip;no;no
2025-10-16;REA;Actuadores;3140CA027;10:03;10:05;2;Maintenance;CHW;Consumables;Argon;Cambio tanque Argón;no;no
2025-10-16;REA;Actuadores;3140CA027;10:39;10:41;2;Equipment Fault;Main conveyor;Main conveyor;Inductive sensor;Pallet se atora en locking bajo camara conveyor;no;no
2025-10-16;REA;Actuadores;3140CA027;11:33;11:37;4;Equipment Fault;CAW;CPA;Vision system;Sistema de vision falla;no;no
2025-10-16;REA;Actuadores;3140CA027;12:00;12:08;8;Equipment Fault;Robots;R38;TBD;Robot se queda sin moverse y sin alarmas en pantalla y en la linea;no;no
2025-10-16;REA;Actuadores;3140CA027;12:21;12:23;2;Equipment Fault;Main conveyor;Main conveyor;Inductive sensor;Pallet se atora en locking bajo camara conveyor;no;no
2025-10-16;REA;Actuadores;3140CA027;13:24;13:27;3;Equipment Fault;Robots;R75;Gripper/tool adjustments;Se mueve pieza en gripper y falla al colocar en la estación para entregar al R80.;no;no
2025-10-16;REA;Actuadores;3140CA027;13:36;13:38;2;Equipment Fault;Robots;R75;Gripper/tool adjustments;Se mueve pieza en gripper y falla al colocar en la estación para entregar al R80.;no;no
2025-10-16;REA;Actuadores;3140CA027;13:49;13:51;2;Equipment Fault;Robots;R75;Gripper/tool adjustments;Se mueve pieza en gripper y falla al colocar en la estación para entregar al R80.;no;no
2025-10-16;REA;Actuadores;3140CA028;13:53;15:00;67;Quality;REA;General;Change Over;Change Over de 027 a 028.;si;no
2025-10-17;COVER LINE;Line 2;FORD;08:45;08:52;7;Equipment Fault;OMT;ST3;Pogopins;;no;no
2025-10-17;COVER LINE;Line 2;FORD;09:30;09:32;2;Equipment Fault;ST30 Molding;General;TBD;terminal doblada;no;no
2025-10-17;COVER LINE;Line 2;FORD;10:15;10:17;2;Equipment Fault;Terminal caps;ST94;Bowl/lineal feeder;fork atorado en bowl;no;no
2025-10-17;COVER LINE;Line 2;FORD;10:40;22:44;724;Equipment Fault;Lip seal;ST74;Actuator;vacumm;no;no
2025-10-17;COVER LINE;Line 2;FORD;11:20;11:22;2;Equipment Fault;Terminal caps;ST94;Bowl/lineal feeder;fork atorado en bowl;no;no
2025-10-16;REA;Actuadores;3140CA027;07:05;07:07;2;Quality;Robots;R80;Gripper/tool adjustments;Pallet se atora en locking bajo camara conveyor;no;no
2025-10-17;REA;Actuadores;3140CA028;07:05;07:08;3;Quality;EOL;General;Scrapbox full;Scrapbox full;no;no
2025-10-17;REA;Actuadores;3140CA028;07:08;07:10;2;Quality;USW;General;Scrapbox full;Scrapbox full;no;no
2025-10-17;REA;Actuadores;3140CA028;07:50;08:00;10;Equipment Fault;EOL;St2;Gripper NOK;Alto scrap st2, ajuste gripper;no;no
2025-10-17;REA;Actuadores;3140CA028;08:11;08:12;1;Equipment Fault;Main conveyor;Main conveyor;RFID Reader;pallet atorado;no;no
2025-10-17;REA;Actuadores;3140CA028;08:14;08:16;2;Equipment Fault;USW;St14;Lower Jig;jig sucio;no;no
2025-10-17;REA;Actuadores;3140CA028;08:33;09:27;54;Equipment Fault;EOL;St2;CRIO NOK;alto scrap en st2;no;no
2025-10-17;REA;Actuadores;3140CA028;09:27;09:30;3;Equipment Fault;CAW;CPA;Feeder;cranks atorados en feeder;no;no
2025-10-17;REA;Actuadores;3140CA028;10:10;10:25;15;Maintenance;EOL;General;Software/PC;revisión de italia;no;no
2025-10-17;REA;Actuadores;3140CA028;10:40;10:42;2;Equipment Fault;CHW;St2;Vacuum system;falla en sensor chip;no;no
2025-10-17;REA;Actuadores;3140CA028;10:42;10:45;3;Equipment Fault;EOL;St2;Gripper NOK;zero a gripper 2;no;no
2025-10-17;REA;Actuadores;3140CA028;11:28;11:30;2;Equipment Fault;CHW;St1;Presence sensor;sensor sucio;no;no
2025-10-17;REA;Actuadores;3140CA028;11:30;11:35;5;Quality;EOL;General;Scrapbox full;scrapbox full;no;no
2025-10-17;REA;Actuadores;3140CA028;12:40;12:50;10;Equipment Fault;EOL;General;Safety system;ajuste en cortina de seguridad;no;no
2025-10-17;REA;Actuadores;3140CA028;13:07;13:15;8;Equipment Fault;EOL;General;Safety system;ajuste cortina de seguridad;no;no
2025-10-17;REA;Actuadores;3140CA028;13:32;13:35;3;Equipment Fault;REA;General;Pneumatic System;compresor off;no;no
2025-10-17;REA;Actuadores;3140CA028;13:49;13:54;5;Quality;EOL;General;Scrapbox full;scrapbox full;no;no
2025-10-17;REA;Actuadores;3140CA028;14:10;14:11;1;Production;Aux;710;NOK material;motor en mala posición;no;no
2025-10-17;REA;Actuadores;3140CA028;14:30;14:31;1;Equipment Fault;USW;St14;Lower Jig;limpieza de rebaba;no;no
2025-10-17;REA;Actuadores;3140CA028;15:10;15:20;10;Maintenance;REA;General;Checklist;Checklist;si;no
2025-10-17;REA;Actuadores;3140CA028;15:33;15:43;10;Equipment Fault;CHW;St4;Pressor;Se revisa pressor y sistema de vision por scrap en chw;no;no
2025-10-17;REA;Actuadores;3140CA028;15:48;15:52;4;Equipment Fault;EOL;St2;Gripper NOK;Se calibra st por scrap;no;no
2025-10-17;REA;Actuadores;3140CA028;16:07;16:12;5;Equipment Fault;EOL;General;Software/PC;Se revisan parametros y se ajusta;no;no
2025-10-17;REA;Actuadores;3140CA028;16:20;16:33;13;Maintenance;CHW;St4;Pressor;Se cambian puntas de pressor por scrap constante de un lado;no;no
2025-10-17;REA;Actuadores;3140CA028;16:33;16:41;8;Maintenance;EOL;General;Software/PC;Se reinicia crio y software por scrap constante;no;no
2025-10-17;REA;Actuadores;3140CA028;16:50;16:53;3;Equipment Fault;Robots;R40;TBD;Robot no ponia body, pallet continuaban secuencia sin body, unicamente se para la linea y se inicia;no;no
2025-10-17;REA;Actuadores;3140CA028;18:56;19:02;6;Equipment Fault;EOL;General;Software/PC;se reinicia software;no;no
2025-10-17;REA;Actuadores;3140CA028;22:14;22:30;16;Equipment Fault;CHW;St5;Vision system;Pieza sospechosa pasa OK, ajuste SV, pasar masters;no;no
2025-10-17;REA;Actuadores;3140CA028;22:30;23:40;70;Equipment Fault;EOL;St2;Gripper NOK;ajuste de St2 por alto scrap;no;no
2025-10-17;REA;Actuadores;3140CA028;23:08;23:10;2;Equipment Fault;CHW;St5;Vision system;fallo st5;no;no
2025-10-17;REA;Actuadores;3140CA028;23:21;23:23;2;Equipment Fault;Main conveyor;Main conveyor;Lock NOK;pallet atorado en locking;no;no
2025-10-17;REA;Actuadores;3140CA028;23:29;23:30;1;Equipment Fault;730;730;Bowl/Lineal feeder;pin atorado en manguera;no;no
2025-10-17;REA;Actuadores;3140CA028;23:36;23:37;1;Production;Aux;710;NOK material;motor invertido;no;no
2025-10-17;REA;Actuadores;3140CA028;23:40;23:50;10;Equipment Fault;CHW;St4;Pressor;AJUSTE EN ST4, POSICION DE PRESSOR;no;no
2025-10-17;REA;Actuadores;3140CA028;01:40;01:46;6;Equipment Fault;915;915;Missing ogive;se cae ogive;no;no
2025-10-16;REA;Actuadores;3140CA028;02:18;02:25;7;Quality;EOL;Jigs;Ingun actuator;cilindro no cierra por rebaba acumulada.;no;no
2025-10-16;REA;Actuadores;3140CA028;02:37;02:43;6;Equipment Fault;USW;St11;Jig;cambio de cinta, y se revisa pieza de scrap;no;no
2025-10-18;REA;Actuadores;3140CA028;00:22;00:26;4;Equipment Fault;USW;St11;Jig;se revisa por scrap;no;no
2025-10-18;REA;Actuadores;3140CA028;02:18;02:25;7;Equipment Fault;EOL;Jigs;Jig actuator;falla jig, se ajusta;no;no
2025-10-18;REA;Actuadores;3140CA028;04:00;04:12;12;Equipment Fault;Robots;R33;Gripper/tool adjustments;falla gripper 1;no;no
2025-10-18;REA;Actuadores;3140CA028;04:12;05:15;63;Equipment Fault;Robots;R40;Gripper/tool adjustments;reruteo de cable de sensor, se ajusta sensores de gripper 3 por paro continuos;no;no
2025-10-18;REA;Actuadores;3140CA028;05:42;05:47;5;Equipment Fault;CHW;St4;Pressor;limpeza de puntas y se regula argo (flujo alto);no;no
2025-10-18;REA;Actuadores;3140CA028;05:57;06:00;3;Quality;CHW;General;Scrapbox full;scrap boxfull;no;no
2025-10-18;REA;Actuadores;3140CA028;06:00;06:05;5;Quality;EOL;General;Scrapbox full;scrap full;no;no
2025-10-18;REA;Actuadores;3140CA028;06:08;06:12;4;Equipment Fault;CAW;General;NOK material;crank no llega a posicion;no;no
2025-10-18;REA;Actuadores;3140CA028;06:12;06:14;2;Equipment Fault;CHW;St5;Vision system;falla vicion punto de soldarura nok;no;no
2025-10-18;REA;Actuadores;3140CA028;07:17;07:19;2;Maintenance;CHW;St4;Pressor;Limpieza pines por mala soldadura;no;no
2025-10-18;REA;Actuadores;3140CA028;07:27;07:32;5;Maintenance;CHW;St4;Pressor;Cambio de pines y ajuste de Samlight terminal 1 se mueve de 3.5 a 3.49 por alto scrap y soldadura pequeña.;no;no
2025-10-18;REA;Actuadores;3140CA028;08:03;08:05;2;Quality;Robots;R75;Gripper/tool adjustments;Robot coloca mal pieza en st940 por mal pick de pieza, se acomoda manual la pieza en st940;no;no
2025-10-18;REA;Actuadores;3140CA028;09:30;09:40;10;Equipment Fault;MAT;St6;Dispensation system;Piezas salidas de MAT sin grasa, se revisa y tiene nivel ok de grasa, se purga manualmente desde jog en modo manual hasta que saca el aire.;no;no
2025-10-18;REA;Actuadores;3140CA028;08:12;08:22;10;Maintenance;REA;General;Checklist;Checklist mtto;si;no
2025-10-18;REA;Actuadores;3140CA028;10:56;11:00;4;Maintenance;USW;St14;Lower Jig;Cambio de goma blanca por pico de scrap.;no;no
2025-10-18;REA;Actuadores;3140CA028;11:23;11:25;2;Maintenance;CHW;St4;Pressor;Limpieza de pressor por 2pz scrap;no;no
2025-10-18;REA;Actuadores;3140CA028;11:33;11:35;2;Equipment Fault;Robots;R38;TBD;Robot no avanza se queda detenido, se para y se arranca linea y funciona ok.;no;no
2025-10-18;REA;Actuadores;3140CA028;11:36;11:40;4;Equipment Fault;EOL;St4;CRIO NOK;Reinicio CRIO alarma st4.;no;no
2025-10-18;REA;Actuadores;3140CA028;11:53;11:57;4;Maintenance;Robots;R80;Gripper/tool adjustments;Sensor close gripper 3, fuera de rango de detección, se ajusta posición.;no;no
2025-10-18;REA;Actuadores;3140CA028;12:09;12:39;30;Production;REA;General;Scheduled production stop;Paro por hora de comida;no;no
2025-10-18;REA;Actuadores;3140CA028;13:05;13:08;3;Maintenance;Robots;R70;Vacuum system;Cambio de ventosas;no;no
2025-10-18;REA;Actuadores;3140CA028;13:24;13:27;3;Maintenance;CHW;Consumables;Argon;Cambio tanque Argon;no;no
2025-10-18;REA;Actuadores;3140CA028;14:18;14:21;3;Quality;EOL;General;Scrapbox full;Scrapbox full;no;no
2025-10-18;REA;Actuadores;3140CA028;15:40;15:45;5;Equipment Fault;USW;St14;Lower Jig;Limpieza de jig por rebaba acumulada;no;no
2025-10-18;REA;Actuadores;3140CA028;18:04;18:12;8;Equipment Fault;CAW;CPA;Feeder;Crank atorados en vibrofeeder;no;no
2025-10-18;REA;Actuadores;3140CA028;18:29;18:39;10;Equipment Fault;CAW;Jig/Index;Index not in home;Mesa giratoria pierde posicion de home, se ajusta y se reinicia;no;no
2025-10-18;REA;Actuadores;3140CA028;18:50;19:20;30;Production;REA;General;No staff;paro por comida;no;no
2025-10-18;REA;Actuadores;3140CA028;19:38;19:42;4;Equipment Fault;Main conveyor;Main conveyor;Lock NOK;pallet atorado;no;no
2025-10-18;REA;Actuadores;3140CA028;20:20;20:25;5;Equipment Fault;Robots;R75;Incorrect pick/place;robot no tira scrap de body, causando colision en otra estacion ya qye el pallet no tenia registro de body y aun lo tenia fisicamente;no;no
2025-10-18;REA;Actuadores;3140CA028;21:03;21:06;3;Equipment Fault;USW;St14;Lower Jig;Limpieza de jig por rebaba;no;no
2025-10-18;REA;Actuadores;3140CA028;21:56;21:58;2;Equipment Fault;USW;St11;Jig;se revisa jig por scrap consecutivo;no;no
2025-10-18;REA;Actuadores;3140CA028;22:03;22:07;4;Equipment Fault;USW;St11;Weld NOK;se cambia cinta de jig por constante scrap;no;no
2025-10-18;REA;Actuadores;3140CA028;22:14;22:17;3;Equipment Fault;Main conveyor;Main conveyor;Lock NOK;Pallet atorados;no;no
2025-10-17;COVER LINE;Line 2;FORD;12:04;12:06;2;Equipment Fault;Lip seal;ST74;Actuator;vacumm;no;no
2025-10-17;COVER LINE;Line 2;FORD;12:20;12:21;1;Equipment Fault;OMT;ST2;Pogopins;;no;no
2025-10-17;COVER LINE;Line 2;FORD;12:35;12:36;1;Equipment Fault;ST30 Molding;General;TBD;terminal doblada;no;no
2025-10-17;COVER LINE;Line 2;FORD;13:32;13:39;7;Equipment Fault;TBD;General;TBD;falla de compresor;no;no
2025-10-17;COVER LINE;Line 2;FORD;13:51;13:54;3;Equipment Fault;Lip seal;ST74;Actuator;vacumm;no;no
2025-10-17;COVER LINE;Line 2;FORD;14:08;14:09;1;Equipment Fault;OMT;ST4;Profilometer;;no;no
2025-10-17;COVER LINE;Line 2;FORD;14:10;14:15;5;Equipment Fault;Lip seal;ST74;Actuator;vacumm;no;no
2025-10-17;COVER LINE;Line 2;FORD;15:25;15:30;5;Equipment Fault;Output Conveyor;ST150;Belt;blister atorado;no;no
2025-10-17;COVER LINE;Line 2;FORD;15:31;15:34;3;Equipment Fault;OMT;ST4;Axis;;no;no
2025-10-20;COVER LINE;Line 2;FORD;09:01;09:06;5;Equipment Fault;Terminal caps;ST94;Bowl/lineal feeder;fork no llega a posición final;no;no
2025-10-20;COVER LINE;Line 2;FORD;09:07;09:08;1;Equipment Fault;Robots;R20;Module error;fallo por alarma en mesa st11;no;no
2025-10-20;COVER LINE;Line 2;FORD;09:35;09:36;1;Equipment Fault;Lip seal;ST74;Bowl/lineal feeder;lip seal invertido;no;no
2025-10-20;COVER LINE;Line 2;FORD;09:39;09:41;2;Equipment Fault;Robots;R20;Incorrect pick/place;st12;no;no
2025-10-20;COVER LINE;Line 2;FORD;10:00;10:02;2;Equipment Fault;TBD;General;TBD;falla de ejector st12;no;no
2025-10-20;COVER LINE;Line 2;FORD;11:30;11:32;2;Equipment Fault;Lip seal;ST74;Actuator;falla de vacío;no;no
2025-10-20;COVER LINE;Line 2;FORD;11:40;11:42;2;Equipment Fault;OMT;ST3;Pogopins;;no;no
2025-10-20;COVER LINE;Line 2;FORD;12:15;12:17;2;Equipment Fault;ST30 Molding;General;TBD;terminal doblada;no;no
2025-10-20;COVER LINE;Line 2;FORD;12:30;12:32;2;Equipment Fault;OMT;ST3;Pogopins;;no;no
2025-10-20;COVER LINE;Line 2;FORD;13:35;13:38;3;Equipment Fault;Terminal caps;ST94;Bowl/lineal feeder;fork atorado en riel;no;no
2025-10-20;COVER LINE;Line 2;FORD;13:46;13:50;4;Equipment Fault;Lip seal;ST74;Actuator;falla de vacío;no;no
2025-10-20;COVER LINE;Line 2;FORD;14:07;14:08;1;Equipment Fault;ST30 Molding;General;TBD;terminal doblada;no;no
2025-10-20;COVER LINE;Line 2;FORD;14:28;14:30;2;Equipment Fault;Lip seal;ST74;Bowl/lineal feeder;lip seal no llega a posición;no;no
2025-10-20;COVER LINE;Line 2;FORD;15:14;15:15;1;Equipment Fault;Lip seal;ST74;Actuator;VACUMM;no;no
2025-10-20;COVER LINE;Line 2;FORD;15:17;15:19;2;Equipment Fault;Terminal caps;ST95;Turntable;;no;no
2025-10-20;COVER LINE;Line 2;FORD;16:19;16:27;8;Equipment Fault;Lip seal;ST74;Actuator;falla de vacío;no;no
2025-10-20;COVER LINE;Line 2;FORD;16:32;16:34;2;Equipment Fault;Terminal caps;ST95;Turntable;;no;no
2025-10-16;REA;Actuadores;3140CA028;15:00;18:20;200;Quality;REA;General;Change Over;Espernado liberacion;no;no
2025-10-16;REA;Actuadores;3140CA028;19:10;22:00;170;Equipment Fault;EOL;General;TBD;Scrap 33-60% st4, st2, repetitivo;no;no
2025-10-20;REA;Actuadores;3140CA030;23:00;23:35;35;Equipment Fault;730;730;Feed piston;ajuste de base de pin desalineada y se tomba rebaba de base.;no;no
2025-10-20;REA;Actuadores;3140CA030;23:35;23:40;5;Maintenance;CHW;Consumables;Argon;cambio de argon y se regulariza presión;no;no
2025-10-20;REA;Actuadores;3140CA030;23:42;23:44;2;Equipment Fault;CHW;St3;Thermodo;colapso nok;no;no
2025-10-20;REA;Actuadores;3140CA030;23:44;23:46;2;Equipment Fault;CCC;General;Pneumatic System;no continuo ciclo.;no;no
2025-10-20;REA;Actuadores;3140CA030;23:47;23:49;2;Equipment Fault;730;730;Bowl/Lineal feeder;doble pin.;no;no
2025-10-21;REA;Actuadores;3140CA030;00:04;00:07;3;Equipment Fault;750;750;Feed piston;piston se queda abajo;no;no
2025-10-21;REA;Actuadores;3140CA030;00:52;00:54;2;Equipment Fault;Robots;R40;Gripper/tool adjustments;falla sensor de gripper 3;no;no
2025-10-21;REA;Actuadores;3140CA030;01:06;01:11;5;Maintenance;MAT;Consumables;Grease;cambio de grasa;no;no
2025-10-21;REA;Actuadores;3140CA030;01:25;01:29;4;Equipment Fault;730;730;Bowl/Lineal feeder;pin fuera de dimensiones se atora;no;no
2025-10-21;REA;Actuadores;3140CA030;01:29;01:32;3;Equipment Fault;Robots;R38;Motion supervision/Joint collision;no avanza al iniciar ciclo.;no;no
2025-10-21;REA;Actuadores;3140CA030;00:57;00:59;2;Equipment Fault;620;620;Feed piston;piston se queda atorado en riel.;no;no
2025-10-21;REA;Actuadores;3140CA030;02:30;02:32;2;Equipment Fault;730;730;Bowl/Lineal feeder;pin fuera de dimension atorado;no;no
2025-10-21;REA;Actuadores;3140CA030;03:55;04:20;25;Equipment Fault;Main conveyor;General;PLC ;se borra todos los pallets en el sistema (body cargado);no;no
2025-10-21;REA;Actuadores;3140CA030;05:37;05:39;2;Equipment Fault;Robots;R65;Vacuum system;facuum off;no;no
2025-10-21;REA;Actuadores;3140CA030;05:40;05:45;5;Maintenance;CCC;Consumables;Resin;cambio de resina;no;no
2025-10-21;REA;Actuadores;3140CA030;01:35;01:50;15;Maintenance;REA;General;Checklist;checklist diario;si;no
2025-10-23;REA;Actuadores;3140CA029;06:11;07:11;60;Material/Logística;Press_750;General;Feed piston;dsf;si;no
2026-01-01;REA;Actuadores;WG REA FORD CA030;15:33;15:34;1;Mantenimiento;CHW;General;Electrical system;test;si;no
2026-02-23;REA;Actuadores;WG REA FORD CA030;15:46;15:47;1;Fallo;Press_750;General;Tool;test;no;no
2026-01-08;REA;Actuadores;WG REA FORD CA030;01:59;02:59;60;Calidad;Press_750;General;Presence sensor;test;no;no
2026-01-08;REA;Actuadores;WG REA FORD CA030;01:00;02:00;60;Fallo;Press_730;General;Tool;test;no;no
